ℹ [775/882] Replayed Kobon.Geometry
info: Kobon/Geometry.lean:144:0: 'Kobon.validate_sound' depends on axioms: [propext, Classical.choice, Quot.sound]
info: Kobon/Geometry.lean:145:0: 'Kobon.orientedEval_affine' depends on axioms: [propext, Classical.choice, Quot.sound]
ℹ [776/882] Replayed Kobon.Simple
info: Kobon/Simple.lean:49:0: 'Kobon.validate_simple_sound' depends on axioms: [propext, Classical.choice, Quot.sound]
ℹ [857/882] Replayed Kobon.Euclidean
info: Kobon/Euclidean.lean:147:0: 'Kobon.supporting_triangle_nondegenerate' depends on axioms: [propext, Classical.choice, Quot.sound]
info: Kobon/Euclidean.lean:148:0: 'Kobon.same_halfplane_barycenter' depends on axioms: [propext, Classical.choice, Quot.sound]
info: Kobon/Euclidean.lean:149:0: 'Kobon.triangle_interior_uncut' depends on axioms: [propext, Classical.choice, Quot.sound]
ℹ [1216/1265] Replayed Kobon.BoundaryExtension
info: Kobon/BoundaryExtension.lean:122:0: 'KobonBoundary.cap_mass' depends on axioms: [propext, Classical.choice, Quot.sound]
info: Kobon/BoundaryExtension.lean:123:0: 'KobonBoundary.exists_average' depends on axioms: [propext, Classical.choice, Quot.sound]
info: Kobon/BoundaryExtension.lean:124:0: 'KobonBoundary.odd_full_gain' depends on axioms: [propext, Classical.choice, Quot.sound]
info: Kobon/BoundaryExtension.lean:125:0: 'KobonBoundary.even_full_gain' depends on axioms: [propext, Classical.choice, Quot.sound]
info: Kobon/BoundaryExtension.lean:126:0: 'KobonBoundary.charging_bound' depends on axioms: [propext, Quot.sound]
info: Kobon/BoundaryExtension.lean:127:0: 'KobonBoundary.defect_extension_bound' depends on axioms: [propext, Classical.choice, Quot.sound]
info: Kobon/BoundaryExtension.lean:128:0: 'KobonBoundary.near_perfect_odd_extension' depends on axioms: [propext, Classical.choice, Quot.sound]
info: Kobon/BoundaryExtension.lean:129:0: 'KobonBoundary.full_step_iff_both_parities' depends on axioms: [propext, Quot.sound]
info: Kobon/BoundaryExtension.lean:140:0: 'KobonBoundary.seven_profile_limited' depends on axioms: [propext, Classical.choice, Quot.sound]
ℹ [1218/1265] Replayed Kobon.RationalExamples
info: Kobon/RationalExamples.lean:62:0: 'KobonExamples.bad6_count' depends on axioms: [propext, Classical.choice, Quot.sound]
info: Kobon/RationalExamples.lean:63:0: 'KobonExamples.good7_count' depends on axioms: [propext, Classical.choice, Quot.sound]
info: Kobon/RationalExamples.lean:64:0: 'KobonExamples.good7_simple' depends on axioms: [propext, Classical.choice, Quot.sound]
ℹ [1219/1265] Replayed Kobon.Families
info: Kobon/Families.lean:62:0: 'Kobon.Families.triple_count' depends on axioms: [propext, Classical.choice, Quot.sound]
info: Kobon/Families.lean:63:0: 'Kobon.Families.one_triangle_gap' depends on axioms: [propext, Classical.choice, Quot.sound]
info: Kobon/Families.lean:64:0: 'Kobon.Families.extra_family_identity' depends on axioms: [propext, Classical.choice, Quot.sound]
info: Kobon/Families.lean:65:0: 'Kobon.Families.samples' depends on axioms: [propext]
ℹ [1220/1265] Replayed Kobon.AffineLemmas
info: Kobon/AffineLemmas.lean:40:0: 'Kobon.AffineLemmas.positive_between_endpoints' depends on axioms: [propext, Classical.choice, Quot.sound]
info: Kobon/AffineLemmas.lean:41:0: 'Kobon.AffineLemmas.exterior_preserves_triangle' depends on axioms: [propext, Classical.choice, Quot.sound]
ℹ [1222/1265] Replayed Kobon.Parametric
info: Kobon/Parametric.lean:183:0: 'Kobon.Parametric.triangle_sound' depends on axioms: [propext, Classical.choice, Quot.sound]
info: Kobon/Parametric.lean:184:0: 'Kobon.Parametric.simple_sound' depends on axioms: [propext, Classical.choice, Quot.sound]
ℹ [1924/2032] Replayed Kobon.TangentBounds
info: Kobon/TangentBounds.lean:95:0: 'Kobon.TangentBounds.tan_tenth_bounds' depends on axioms: [propext, Classical.choice, Quot.sound]
info: Kobon/TangentBounds.lean:96:0: 'Kobon.TangentBounds.tan_two_fifths_bounds' depends on axioms: [propext, Classical.choice, Quot.sound]
ℹ [1925/2032] Replayed Kobon.SeedFamily
info: Kobon/SeedFamily.lean:133:0: 'Kobon.SeedFamily.arbitrarily_small' depends on axioms: [propext, Classical.choice, Quot.sound]
info: Kobon/SeedFamily.lean:134:0: 'Kobon.SeedFamily.simple_lower_bound' depends on axioms: [propext, Classical.choice, Quot.sound]
ℹ [1926/2032] Replayed Kobon.Exterior
info: Kobon/Exterior.lean:207:0: 'Kobon.Exterior.extension' depends on axioms: [propext, Classical.choice, Quot.sound]
info: Kobon/Exterior.lean:208:0: 'Kobon.Exterior.safeHeight_beyond' depends on axioms: [propext, Classical.choice, Quot.sound]
ℹ [1927/2032] Replayed Kobon.Iteration
info: Kobon/Iteration.lean:125:0: 'Kobon.Iteration.gainPrefix_closed' depends on axioms: [propext, Classical.choice, Quot.sound]
info: Kobon/Iteration.lean:126:0: 'Kobon.Iteration.full_step_iteration' depends on axioms: [propext, Classical.choice, Quot.sound]
info: Kobon/Iteration.lean:127:0: 'Kobon.Iteration.from_49_conditional' depends on axioms: [propext, Classical.choice, Quot.sound]
info: Kobon/Iteration.lean:128:0: 'Kobon.Iteration.no_infinite_full_gain_budget' depends on axioms: [propext, Quot.sound]
ℹ [1928/2032] Replayed Kobon.Iteration49
info: Kobon/Iteration49.lean:51:0: 'Kobon.Iteration49.profile_bound_50' depends on axioms: [propext, Classical.choice, Quot.sound]
info: Kobon/Iteration49.lean:52:0: 'Kobon.Iteration49.profile_attains_50' depends on axioms: [propext, Classical.choice, Quot.sound]
ℹ [2979/3021] Replayed Kobon.FurediPalasti
info: Kobon/FurediPalasti.lean:345:0: 'Kobon.FurediPalasti.lower_bound' depends on axioms: [propext, Classical.choice, Quot.sound]
ℹ [2980/3021] Replayed Kobon.ShiftedCount
info: Kobon/ShiftedCount.lean:67:0: 'Kobon.ShiftedCount.ordered_bound_plus' depends on axioms: [propext, Classical.choice, Quot.sound]
ℹ [2981/3021] Replayed Kobon.ShiftedFurediPalasti
info: Kobon/ShiftedFurediPalasti.lean:321:0: 'Kobon.ShiftedFurediPalasti.simple_lower_bound' depends on axioms: [propext, Classical.choice, Quot.sound]
info: Kobon/ShiftedFurediPalasti.lean:322:0: 'Kobon.ShiftedFurediPalasti.lower_bound' depends on axioms: [propext, Classical.choice, Quot.sound]
ℹ [2982/3021] Replayed Kobon.Projective
info: Kobon/Projective.lean:165:0: 'Kobon.Projective.triangle_preserved' depends on axioms: [propext, Classical.choice, Quot.sound]
⚠ [2983/3021] Replayed Kobon.FurediPalastiChart
warning: Kobon/FurediPalastiChart.lean:31:65: This simp argument is unused:
  add_left_comm

Hint: Omit it from the simp argument list.
  simp [̵v̵e̵r̵t̵e̵x̵X̵,̵a̵d̵d̵_̵c̵o̵m̵m̵,̵a̵d̵d̵_̵l̵e̵f̵t̵_̵c̵o̵m̵m̵]̵[̲v̲e̲r̲t̲e̲x̲X̲,̲ ̲a̲d̲d̲_̲c̲o̲m̲m̲]̲

Note: This linter can be disabled with `set_option linter.unusedSimpArgs false`
warning: Kobon/FurediPalastiChart.lean:32:65: This simp argument is unused:
  add_left_comm

Hint: Omit it from the simp argument list.
  simp [̵v̵e̵r̵t̵e̵x̵Y̵,̵a̵d̵d̵_̵c̵o̵m̵m̵,̵a̵d̵d̵_̵l̵e̵f̵t̵_̵c̵o̵m̵m̵]̵[̲v̲e̲r̲t̲e̲x̲Y̲,̲ ̲a̲d̲d̲_̲c̲o̲m̲m̲]̲

Note: This linter can be disabled with `set_option linter.unusedSimpArgs false`
ℹ [2984/3021] Replayed Kobon.FurediPalastiWrap
info: Kobon/FurediPalastiWrap.lean:235:0: 'Kobon.FurediPalastiWrap.wrap_triangle' depends on axioms: [propext, Classical.choice, Quot.sound]
info: Kobon/FurediPalastiWrap.lean:236:0: 'Kobon.FurediPalastiWrap.one_cap_simple_lower_bound' depends on axioms: [propext, Classical.choice, Quot.sound]
⚠ [2985/3021] Replayed Kobon.FurediPalastiCaps
warning: Kobon/FurediPalastiCaps.lean:113:47: Variable name `ha'` is not explicitly referenced.

The binding can be removed (if unused) or named `_` (if used implicitly).

Note: This linter can be disabled with `set_option linter.unusedVariables false`
warning: Kobon/FurediPalastiCaps.lean:275:71: This simp argument is unused:
  LeftCaps

Hint: Omit it from the simp argument list.
  simp_all ̵[̵L̵e̵f̵t̵C̵a̵p̵s̵]̵

Note: This linter can be disabled with `set_option linter.unusedSimpArgs false`
info: Kobon/FurediPalastiCaps.lean:332:0: 'Kobon.FurediPalastiCaps.above_left_caps' depends on axioms: [propext, Classical.choice, Quot.sound]
info: Kobon/FurediPalastiCaps.lean:333:0: 'Kobon.FurediPalastiCaps.exists_left_cut' depends on axioms: [propext, Classical.choice, Quot.sound]
ℹ [2986/3021] Replayed Kobon.FurediPalastiTwoCaps
info: Kobon/FurediPalastiTwoCaps.lean:345:0: 'Kobon.FurediPalastiTwoCaps.upper_triangle' depends on axioms: [propext, Classical.choice, Quot.sound]
info: Kobon/FurediPalastiTwoCaps.lean:346:0: 'Kobon.FurediPalastiTwoCaps.lower_triangle' depends on axioms: [propext, Classical.choice, Quot.sound]
info: Kobon/FurediPalastiTwoCaps.lean:347:0: 'Kobon.FurediPalastiTwoCaps.two_cap_simple_lower_bound' depends on axioms: [propext, Classical.choice, Quot.sound]
ℹ [2987/3021] Replayed Kobon.HybridBoundary
info: Kobon/HybridBoundary.lean:164:0: 'Kobon.HybridBoundary.seed_exterior' depends on axioms: [propext, Classical.choice, Quot.sound]
ℹ [2988/3021] Replayed Kobon.BBLExtrema
info: Kobon/BBLExtrema.lean:205:0: 'Kobon.BBLExtrema.extremal_visible' depends on axioms: [propext, Classical.choice, Quot.sound]
info: Kobon/BBLExtrema.lean:206:0: 'Kobon.BBLExtrema.extremal_preserved' depends on axioms: [propext, Classical.choice, Quot.sound]
info: Kobon/BBLExtrema.lean:207:0: 'Kobon.BBLExtrema.visible_extremal_right' depends on axioms: [propext, Classical.choice, Quot.sound]
⚠ [2991/3021] Replayed Kobon.BBLTangentBounds
warning: Kobon/BBLTangentBounds.lean:11:47: Variable name `hL` is not explicitly referenced.

The binding can be removed (if unused) or named `_` (if used implicitly).

Note: This linter can be disabled with `set_option linter.unusedVariables false`
warning: Kobon/BBLTangentBounds.lean:11:58: Variable name `hU` is not explicitly referenced.

The binding can be removed (if unused) or named `_` (if used implicitly).

Note: This linter can be disabled with `set_option linter.unusedVariables false`
info: Kobon/BBLTangentBounds.lean:160:0: 'Kobon.BBLTangentBounds.tan_1_bounds' depends on axioms: [propext, Classical.choice, Quot.sound]
info: Kobon/BBLTangentBounds.lean:161:0: 'Kobon.BBLTangentBounds.tan_9_bounds' depends on axioms: [propext, Classical.choice, Quot.sound]
ℹ [2992/3021] Replayed Kobon.BBLSeed21
info: Kobon/BBLSeed21.lean:190:0: 'Kobon.BBLSeed21.simple_lower_bound' depends on axioms: [propext,
 Classical.choice,
 Quot.sound,
 directions._native.native_decide.ax_1_1,
 simple._native.native_decide.ax_1_1,
 triangle_checks._native.native_decide.ax_1_1]
info: Kobon/BBLSeed21.lean:191:0: 'Kobon.BBLSeed21.exterior_lower_bound' depends on axioms: [propext,
 Classical.choice,
 Quot.sound,
 admissible_check._native.native_decide.ax_1_1,
 directions._native.native_decide.ax_1_1,
 simple._native.native_decide.ax_1_1,
 triangle_checks._native.native_decide.ax_1_1,
 visible_checks._native.native_decide.ax_1_1]
info: Kobon/BBLSeed21.lean:192:0: 'Kobon.BBLSeed21.arbitrarily_small' depends on axioms: [propext,
 Classical.choice,
 Quot.sound,
 admissible_check._native.native_decide.ax_1_1,
 directions._native.native_decide.ax_1_1,
 simple._native.native_decide.ax_1_1,
 triangle_checks._native.native_decide.ax_1_1,
 visible_checks._native.native_decide.ax_1_1]
info: Kobon/BBLSeed21.lean:193:0: 'Kobon.BBLSeed21.rightmost_last' depends on axioms: [propext,
 Classical.choice,
 Quot.sound,
 admissible_check._native.native_decide.ax_1_1,
 directions._native.native_decide.ax_1_1,
 visible_checks._native.native_decide.ax_1_1]
ℹ [2993/3021] Replayed Kobon.BBLMaximization
info: Kobon/BBLMaximization.lean:101:0: 'Kobon.BBLMaximization.sine_grid_separation' depends on axioms: [propext, Classical.choice, Quot.sound]
info: Kobon/BBLMaximization.lean:102:0: 'Kobon.BBLMaximization.stable_maximum' depends on axioms: [propext, Classical.choice, Quot.sound]
⚠ [3108/3171] Replayed Kobon.BBLAnalytic
warning: Kobon/BBLAnalytic.lean:106:100: Used `tac1 <;> tac2` where `(tac1; tac2)` would suffice

Note: This linter can be disabled with `set_option linter.unnecessarySeqFocus false`
info: Kobon/BBLAnalytic.lean:113:0: 'Kobon.BBLAnalytic.beta_cot_bound' depends on axioms: [propext, Classical.choice, Quot.sound]
info: Kobon/BBLAnalytic.lean:114:0: 'Kobon.BBLAnalytic.beta_tan_bound' depends on axioms: [propext, Classical.choice, Quot.sound]
ℹ [3110/3171] Replayed Kobon.BBLTriangles
info: Kobon/BBLTriangles.lean:128:0: 'Kobon.BBLTriangles.triangle_of_two_sides' depends on axioms: [propext, Classical.choice, Quot.sound]
info: Kobon/BBLTriangles.lean:194:0: 'Kobon.BBLTriangles.triangle_of_last_two_sides' depends on axioms: [propext, Classical.choice, Quot.sound]
ℹ [3111/3171] Replayed Kobon.BBLPersistence
info: Kobon/BBLPersistence.lean:105:0: 'Kobon.BBLPersistence.visible_test_eventually' depends on axioms: [propext, Classical.choice, Quot.sound]
info: Kobon/BBLPersistence.lean:158:0: 'Kobon.BBLPersistence.visible_preserved_eventually' depends on axioms: [propext, Classical.choice, Quot.sound]
info: Kobon/BBLPersistence.lean:159:0: 'Kobon.BBLPersistence.triangle_test_eventually' depends on axioms: [propext, Classical.choice, Quot.sound]
info: Kobon/BBLPersistence.lean:213:0: 'Kobon.BBLPersistence.triangle_preserved_eventually' depends on axioms: [propext, Classical.choice, Quot.sound]
⚠ [3112/3171] Replayed Kobon.BBLAlternation
warning: Kobon/BBLAlternation.lean:17:36: Variable name `hms` is not explicitly referenced.

The binding can be removed (if unused) or named `_` (if used implicitly).

Note: This linter can be disabled with `set_option linter.unusedVariables false`
warning: Kobon/BBLAlternation.lean:74:8: 'ring' tactic does nothing

Note: This linter can be disabled with `set_option linter.unusedTactic false`
warning: Kobon/BBLAlternation.lean:74:8: this tactic is never executed

Note: This linter can be disabled with `set_option linter.unreachableTactic false`
info: Kobon/BBLAlternation.lean:191:0: 'Kobon.BBLAlternation.consecutive_apices' depends on axioms: [propext, Classical.choice, Quot.sound]
info: Kobon/BBLAlternation.lean:192:0: 'Kobon.BBLAlternation.saturated_alternation' depends on axioms: [propext, Classical.choice, Quot.sound]
⚠ [3113/3171] Replayed Kobon.BBLRowOrder
warning: Kobon/BBLRowOrder.lean:32:34: Variable name `hne` is not explicitly referenced.

The binding can be removed (if unused) or named `_` (if used implicitly).

Note: This linter can be disabled with `set_option linter.unusedVariables false`
warning: Kobon/BBLRowOrder.lean:50:34: Variable name `hik` is not explicitly referenced.

The binding can be removed (if unused) or named `_` (if used implicitly).

Note: This linter can be disabled with `set_option linter.unusedVariables false`
warning: Kobon/BBLRowOrder.lean:51:34: Variable name `hil` is not explicitly referenced.

The binding can be removed (if unused) or named `_` (if used implicitly).

Note: This linter can be disabled with `set_option linter.unusedVariables false`
warning: Kobon/BBLRowOrder.lean:60:34: Variable name `hik` is not explicitly referenced.

The binding can be removed (if unused) or named `_` (if used implicitly).

Note: This linter can be disabled with `set_option linter.unusedVariables false`
warning: Kobon/BBLRowOrder.lean:61:34: Variable name `hil` is not explicitly referenced.

The binding can be removed (if unused) or named `_` (if used implicitly).

Note: This linter can be disabled with `set_option linter.unusedVariables false`
warning: Kobon/BBLRowOrder.lean:70:48: Variable name `hjl` is not explicitly referenced.

The binding can be removed (if unused) or named `_` (if used implicitly).

Note: This linter can be disabled with `set_option linter.unusedVariables false`
info: Kobon/BBLRowOrder.lean:78:0: 'Kobon.BBLRowOrder.newKey_injective' depends on axioms: [propext, Classical.choice, Quot.sound]
info: Kobon/BBLRowOrder.lean:79:0: 'Kobon.BBLRowOrder.auxiliary_outside_of_close' depends on axioms: [propext, Classical.choice, Quot.sound]
⚠ [3114/3171] Replayed Kobon.BBLCount
warning: Kobon/BBLCount.lean:50:12: This simp argument is unused:
  hdne

Hint: Omit it from the simp argument list.
  simp [̵h̵e̵q̵,̵h̵d̵n̵e̵,̵o̵u̵t̵s̵i̵d̵e̵,̵h̵l̵,̵h̵h̵]̵[̲h̲e̲q̲,̲ ̲o̲u̲t̲s̲i̲d̲e̲,̲ ̲h̲l̲,̲ ̲h̲h̲]̲

Note: This linter can be disabled with `set_option linter.unusedSimpArgs false`
warning: Kobon/BBLCount.lean:153:33: Used `tac1 <;> tac2` where `(tac1; tac2)` would suffice

Note: This linter can be disabled with `set_option linter.unnecessarySeqFocus false`
warning: Kobon/BBLCount.lean:210:32: Used `tac1 <;> tac2` where `(tac1; tac2)` would suffice

Note: This linter can be disabled with `set_option linter.unnecessarySeqFocus false`
warning: Kobon/BBLCount.lean:210:46: Used `tac1 <;> tac2` where `(tac1; tac2)` would suffice

Note: This linter can be disabled with `set_option linter.unnecessarySeqFocus false`
info: Kobon/BBLCount.lean:226:0: 'Kobon.BBLCount.mixed_count' depends on axioms: [propext, Classical.choice, Quot.sound]
⚠ [3115/3171] Replayed Kobon.BBLRowGeometry
warning: Kobon/BBLRowGeometry.lean:50:12: Used `tac1 <;> tac2` where `(tac1; tac2)` would suffice

Note: This linter can be disabled with `set_option linter.unnecessarySeqFocus false`
info: Kobon/BBLRowGeometry.lean:112:0: 'Kobon.BBLRowGeometry.mixed_triangle' depends on axioms: [propext, Classical.choice, Quot.sound]
info: Kobon/BBLRowGeometry.lean:113:0: 'Kobon.BBLRowGeometry.mixed_witness' depends on axioms: [propext, Classical.choice, Quot.sound]
⚠ [3116/3171] Replayed Kobon.BBLCaps
warning: Kobon/BBLCaps.lean:23:34: Variable name `hr` is not explicitly referenced.

The binding can be removed (if unused) or named `_` (if used implicitly).

Note: This linter can be disabled with `set_option linter.unusedVariables false`
warning: Kobon/BBLCaps.lean:36:53: Variable name `hj` is not explicitly referenced.

The binding can be removed (if unused) or named `_` (if used implicitly).

Note: This linter can be disabled with `set_option linter.unusedVariables false`
warning: Kobon/BBLCaps.lean:56:30: 'push_cast' tactic does nothing

Note: This linter can be disabled with `set_option linter.unusedTactic false`
warning: Kobon/BBLCaps.lean:57:31: 'push_cast' tactic does nothing

Note: This linter can be disabled with `set_option linter.unusedTactic false`
warning: Kobon/BBLCaps.lean:62:62: 'push_cast' tactic does nothing

Note: This linter can be disabled with `set_option linter.unusedTactic false`
info: Kobon/BBLCaps.lean:78:0: 'Kobon.BBLCaps.cap_no_aux_between' depends on axioms: [propext, Classical.choice, Quot.sound]
info: Kobon/BBLCaps.lean:79:0: 'Kobon.BBLCaps.cap_side' depends on axioms: [propext, Classical.choice, Quot.sound]
ℹ [3117/3171] Replayed Kobon.BBLAssembly
info: Kobon/BBLAssembly.lean:79:0: 'Kobon.BBLAssembly.replace_injective_on' depends on axioms: [propext, Classical.choice, Quot.sound]
info: Kobon/BBLAssembly.lean:80:0: 'Kobon.BBLAssembly.doubling_bound' depends on axioms: [propext, Classical.choice, Quot.sound]
⚠ [3118/3171] Replayed Kobon.BBLIntersection
warning: Kobon/BBLIntersection.lean:23:2: Used `tac1 <;> tac2` where `(tac1; tac2)` would suffice

Note: This linter can be disabled with `set_option linter.unnecessarySeqFocus false`
warning: Kobon/BBLIntersection.lean:30:2: Used `tac1 <;> tac2` where `(tac1; tac2)` would suffice

Note: This linter can be disabled with `set_option linter.unnecessarySeqFocus false`
warning: Kobon/BBLIntersection.lean:52:6: 'ring' tactic does nothing

Note: This linter can be disabled with `set_option linter.unusedTactic false`
warning: Kobon/BBLIntersection.lean:52:6: this tactic is never executed

Note: This linter can be disabled with `set_option linter.unreachableTactic false`
warning: Kobon/BBLIntersection.lean:71:8: 'ring' tactic does nothing

Note: This linter can be disabled with `set_option linter.unusedTactic false`
warning: Kobon/BBLIntersection.lean:75:6: 'ring' tactic does nothing

Note: This linter can be disabled with `set_option linter.unusedTactic false`
warning: Kobon/BBLIntersection.lean:71:8: this tactic is never executed

Note: This linter can be disabled with `set_option linter.unreachableTactic false`
warning: Kobon/BBLIntersection.lean:75:6: this tactic is never executed

Note: This linter can be disabled with `set_option linter.unreachableTactic false`
warning: Kobon/BBLIntersection.lean:84:2: Used `tac1 <;> tac2` where `(tac1; tac2)` would suffice

Note: This linter can be disabled with `set_option linter.unnecessarySeqFocus false`
info: Kobon/BBLIntersection.lean:102:0: 'Kobon.BBLIntersection.pencil_crossing_x' depends on axioms: [propext, Classical.choice, Quot.sound]
info: Kobon/BBLIntersection.lean:103:0: 'Kobon.BBLIntersection.crossing_displacement' depends on axioms: [propext, Classical.choice, Quot.sound]
⚠ [3119/3171] Replayed Kobon.BBLGrid
warning: Kobon/BBLGrid.lean:113:6: 'ring' tactic does nothing

Note: This linter can be disabled with `set_option linter.unusedTactic false`
warning: Kobon/BBLGrid.lean:113:6: this tactic is never executed

Note: This linter can be disabled with `set_option linter.unreachableTactic false`
warning: Kobon/BBLGrid.lean:119:6: 'ring' tactic does nothing

Note: This linter can be disabled with `set_option linter.unusedTactic false`
warning: Kobon/BBLGrid.lean:119:6: this tactic is never executed

Note: This linter can be disabled with `set_option linter.unreachableTactic false`
info: Kobon/BBLGrid.lean:228:0: 'Kobon.BBLGrid.beta_tan_strictMono' depends on axioms: [propext, Classical.choice, Quot.sound]
info: Kobon/BBLGrid.lean:229:0: 'Kobon.BBLGrid.sum_tangent' depends on axioms: [propext, Classical.choice, Quot.sound]
info: Kobon/BBLGrid.lean:230:0: 'Kobon.BBLGrid.factor_trigonometric' depends on axioms: [propext, Classical.choice, Quot.sound]
ℹ [3120/3171] Replayed Kobon.BBLProfiles
info: Kobon/BBLProfiles.lean:99:0: 'Kobon.BBLProfiles.profile_strict_order' depends on axioms: [propext, Classical.choice, Quot.sound]
info: Kobon/BBLProfiles.lean:100:0: 'Kobon.BBLProfiles.finite_order_persistence' depends on axioms: [propext, Classical.choice, Quot.sound]
ℹ [3121/3171] Replayed Kobon.BBLGridCuts
info: Kobon/BBLGridCuts.lean:190:0: 'Kobon.BBLGridCuts.cut_increasing' depends on axioms: [propext, Classical.choice, Quot.sound]
info: Kobon/BBLGridCuts.lean:191:0: 'Kobon.BBLGridCuts.rational_sum_anchor' depends on axioms: [propext, Classical.choice, Quot.sound]
⚠ [3122/3171] Replayed Kobon.BBLPencilLimits
warning: Kobon/BBLPencilLimits.lean:29:6: 'ring' tactic does nothing

Note: This linter can be disabled with `set_option linter.unusedTactic false`
warning: Kobon/BBLPencilLimits.lean:29:6: this tactic is never executed

Note: This linter can be disabled with `set_option linter.unreachableTactic false`
warning: Kobon/BBLPencilLimits.lean:61:6: 'ring' tactic does nothing

Note: This linter can be disabled with `set_option linter.unusedTactic false`
warning: Kobon/BBLPencilLimits.lean:61:6: this tactic is never executed

Note: This linter can be disabled with `set_option linter.unreachableTactic false`
info: Kobon/BBLPencilLimits.lean:179:0: 'Kobon.BBLPencilLimits.crossing_right_eventually' depends on axioms: [propext, Classical.choice, Quot.sound]
info: Kobon/BBLPencilLimits.lean:180:0: 'Kobon.BBLPencilLimits.crossing_left_eventually' depends on axioms: [propext, Classical.choice, Quot.sound]
info: Kobon/BBLPencilLimits.lean:181:0: 'Kobon.BBLPencilLimits.old_new_crossing_tendsto' depends on axioms: [propext, Classical.choice, Quot.sound]
⚠ [3123/3171] Replayed Kobon.BBLLiftedKeys
warning: Kobon/BBLLiftedKeys.lean:20:5: Variable name `hi` is not explicitly referenced.

The binding can be removed (if unused) or named `_` (if used implicitly).

Note: This linter can be disabled with `set_option linter.unusedVariables false`
warning: Kobon/BBLLiftedKeys.lean:20:18: Variable name `hk` is not explicitly referenced.

The binding can be removed (if unused) or named `_` (if used implicitly).

Note: This linter can be disabled with `set_option linter.unusedVariables false`
warning: Kobon/BBLLiftedKeys.lean:27:5: Variable name `hi` is not explicitly referenced.

The binding can be removed (if unused) or named `_` (if used implicitly).

Note: This linter can be disabled with `set_option linter.unusedVariables false`
warning: Kobon/BBLLiftedKeys.lean:27:18: Variable name `hk` is not explicitly referenced.

The binding can be removed (if unused) or named `_` (if used implicitly).

Note: This linter can be disabled with `set_option linter.unusedVariables false`
warning: Kobon/BBLLiftedKeys.lean:28:34: Variable name `hil` is not explicitly referenced.

The binding can be removed (if unused) or named `_` (if used implicitly).

Note: This linter can be disabled with `set_option linter.unusedVariables false`
warning: Kobon/BBLLiftedKeys.lean:69:31: Variable name `hj` is not explicitly referenced.

The binding can be removed (if unused) or named `_` (if used implicitly).

Note: This linter can be disabled with `set_option linter.unusedVariables false`
warning: Kobon/BBLLiftedKeys.lean:78:31: Variable name `hj` is not explicitly referenced.

The binding can be removed (if unused) or named `_` (if used implicitly).

Note: This linter can be disabled with `set_option linter.unusedVariables false`
info: Kobon/BBLLiftedKeys.lean:86:0: 'Kobon.BBLLiftedKeys.lifted_new_le_iff' depends on axioms: [propext, Classical.choice, Quot.sound]
info: Kobon/BBLLiftedKeys.lean:87:0: 'Kobon.BBLLiftedKeys.lifted_old_le_iff' depends on axioms: [propext, Classical.choice, Quot.sound]
info: Kobon/BBLLiftedKeys.lean:88:0: 'Kobon.BBLLiftedKeys.lifted_le_old_iff' depends on axioms: [propext, Classical.choice, Quot.sound]
info: Kobon/BBLLiftedKeys.lean:109:0: 'Kobon.BBLLiftedKeys.lifted_anchor' depends on axioms: [propext, Classical.choice, Quot.sound]
ℹ [3124/3171] Replayed Kobon.BBLPencilProfiles
info: Kobon/BBLPencilProfiles.lean:160:0: 'Kobon.BBLPencilProfiles.pair_profile_eventually' depends on axioms: [propext, Classical.choice, Quot.sound]
ℹ [3125/3171] Replayed Kobon.BBLPencilRegularity
info: Kobon/BBLPencilRegularity.lean:87:0: 'Kobon.BBLPencilRegularity.good_delta_exists' depends on axioms: [propext, Classical.choice, Quot.sound]
⚠ [3126/3171] Replayed Kobon.BBLCapSigns
warning: Kobon/BBLCapSigns.lean:23:2: 'push_cast' tactic does nothing

Note: This linter can be disabled with `set_option linter.unusedTactic false`
info: Kobon/BBLCapSigns.lean:35:0: 'Kobon.BBLCapSigns.cap_key_signs' depends on axioms: [propext, Classical.choice, Quot.sound]
⚠ [3127/3171] Replayed Kobon.BBLCapEnvelope
warning: Kobon/BBLCapEnvelope.lean:73:4: Used `tac1 <;> tac2` where `(tac1; tac2)` would suffice

Note: This linter can be disabled with `set_option linter.unnecessarySeqFocus false`
warning: Kobon/BBLCapEnvelope.lean:167:18: 'push_cast' tactic does nothing

Note: This linter can be disabled with `set_option linter.unusedTactic false`
warning: Kobon/BBLCapEnvelope.lean:172:16: 'push_cast' tactic does nothing

Note: This linter can be disabled with `set_option linter.unusedTactic false`
warning: Kobon/BBLCapEnvelope.lean:167:14: Used `tac1 <;> tac2` where `(tac1; tac2)` would suffice

Note: This linter can be disabled with `set_option linter.unnecessarySeqFocus false`
warning: Kobon/BBLCapEnvelope.lean:167:28: Used `tac1 <;> tac2` where `(tac1; tac2)` would suffice

Note: This linter can be disabled with `set_option linter.unnecessarySeqFocus false`
warning: Kobon/BBLCapEnvelope.lean:172:12: Used `tac1 <;> tac2` where `(tac1; tac2)` would suffice

Note: This linter can be disabled with `set_option linter.unnecessarySeqFocus false`
warning: Kobon/BBLCapEnvelope.lean:172:26: Used `tac1 <;> tac2` where `(tac1; tac2)` would suffice

Note: This linter can be disabled with `set_option linter.unnecessarySeqFocus false`
info: Kobon/BBLCapEnvelope.lean:186:0: 'Kobon.BBLCapEnvelope.cap_left_endpoint' depends on axioms: [propext, Classical.choice, Quot.sound]
info: Kobon/BBLCapEnvelope.lean:240:0: 'Kobon.BBLCapEnvelope.cap_right_endpoint' depends on axioms: [propext, Classical.choice, Quot.sound]
⚠ [3128/3171] Replayed Kobon.BBLCrossingCoordinates
warning: Kobon/BBLCrossingCoordinates.lean:75:61: This simp argument is unused:
  if_pos rfl

Hint: Omit it from the simp argument list.
  simp only [̵r̵o̵w̵C̵o̵o̵r̵d̵i̵n̵a̵t̵e̵,̵i̵f̵_̵n̵e̵g̵[̲r̲o̲w̲C̲o̲o̲r̲d̲i̲n̲a̲t̲e̲,̲ ̲i̲f̲_̲n̲e̲g̲ (show ¬̵8̵*̵r̵<̵4̵*̵r̵¬̲8̲ ̲*̲ ̲r̲ ̲<̲ ̲4̲ ̲*̲ ̲r̲ by o̵m̵e̵g̵a̵)̵,̵i̵f̵_̵p̵o̵s̵ ̵r̵f̵l̵]̵o̲m̲e̲g̲a̲)̲]̲

Note: This linter can be disabled with `set_option linter.unusedSimpArgs false`
info: Kobon/BBLCrossingCoordinates.lean:102:0: 'Kobon.BBLCrossingCoordinates.coordinate_eq_crossing' depends on axioms: [propext, Classical.choice, Quot.sound]
info: Kobon/BBLCrossingCoordinates.lean:103:0: 'Kobon.BBLCrossingCoordinates.old_slope_separation_eventually' depends on axioms: [propext,
 Classical.choice,
 Quot.sound]
ℹ [3129/3171] Replayed Kobon.BBLLiftedRows
info: Kobon/BBLLiftedRows.lean:53:0: 'Kobon.BBLLiftedRows.liftedCrossKey_le_iff' depends on axioms: [propext, Classical.choice, Quot.sound]
info: Kobon/BBLLiftedRows.lean:54:0: 'Kobon.BBLLiftedRows.liftedCrossKey_injective' depends on axioms: [propext, Classical.choice, Quot.sound]
ℹ [3130/3171] Replayed Kobon.BBLSimple
info: Kobon/BBLSimple.lean:94:0: 'Kobon.BBLSimple.canonical_no_concurrent' depends on axioms: [propext, Classical.choice, Quot.sound]
⚠ [3131/3171] Replayed Kobon.BBLRealization
warning: Kobon/BBLRealization.lean:52:76: This simp argument is unused:
  if_pos rfl

Hint: Omit it from the simp argument list.
  simp only [̵l̵i̵f̵t̵e̵d̵C̵r̵o̵s̵s̵K̵e̵y̵,̵r̵o̵w̵C̵o̵o̵r̵d̵i̵n̵a̵t̵e̵,̵i̵f̵_̵n̵e̵g̵[̲l̲i̲f̲t̲e̲d̲C̲r̲o̲s̲s̲K̲e̲y̲,̲ ̲r̲o̲w̲C̲o̲o̲r̲d̲i̲n̲a̲t̲e̲,̲ ̲i̲f̲_̲n̲e̲g̲ (show ¬̵8̵*̵r̵<̵4̵*̵r̵¬̲8̲ ̲*̲ ̲r̲ ̲<̲ ̲4̲ ̲*̲ ̲r̲ by o̵m̵e̵g̵a̵)̵,̵i̵f̵_̵p̵o̵s̵ ̵r̵f̵l̵]̵o̲m̲e̲g̲a̲)̲]̲

Note: This linter can be disabled with `set_option linter.unusedSimpArgs false`
warning: Kobon/BBLRealization.lean:53:60: Used `tac1 <;> tac2` where `(tac1; tac2)` would suffice

Note: This linter can be disabled with `set_option linter.unnecessarySeqFocus false`
warning: Kobon/BBLRealization.lean:128:24: Used `tac1 <;> tac2` where `(tac1; tac2)` would suffice

Note: This linter can be disabled with `set_option linter.unnecessarySeqFocus false`
warning: Kobon/BBLRealization.lean:128:36: Used `tac1 <;> tac2` where `(tac1; tac2)` would suffice

Note: This linter can be disabled with `set_option linter.unnecessarySeqFocus false`
warning: Kobon/BBLRealization.lean:128:50: Used `tac1 <;> tac2` where `(tac1; tac2)` would suffice

Note: This linter can be disabled with `set_option linter.unnecessarySeqFocus false`
info: Kobon/BBLRealization.lean:190:0: 'Kobon.BBLRealization.strict_new_rows_eventually' depends on axioms: [propext, Classical.choice, Quot.sound]
info: Kobon/BBLRealization.lean:191:0: 'Kobon.BBLRealization.crossing_order_eventually' depends on axioms: [propext, Classical.choice, Quot.sound]
info: Kobon/BBLRealization.lean:192:0: 'Kobon.BBLRealization.new_rows_injective_eventually' depends on axioms: [propext, Classical.choice, Quot.sound]
ℹ [3132/3171] Replayed Kobon.BBLRegularity
info: Kobon/BBLRegularity.lean:66:0: 'Kobon.BBLRegularity.canonical_no_parallel_eventually' depends on axioms: [propext, Classical.choice, Quot.sound]
ℹ [3133/3171] Replayed Kobon.BBLRealizedPencil
info: Kobon/BBLRealizedPencil.lean:120:0: 'Kobon.BBLRealizedPencil.realized_pencil_exists' depends on axioms: [propext, Classical.choice, Quot.sound]
ℹ [3134/3171] Replayed Kobon.Reindex
info: Kobon/Reindex.lean:127:0: 'Kobon.Reindex.rotate_visible' depends on axioms: [propext, Classical.choice, Quot.sound]
info: Kobon/Reindex.lean:128:0: 'Kobon.Reindex.rotate_triangle' depends on axioms: [propext, Classical.choice, Quot.sound]
info: Kobon/Reindex.lean:129:0: 'Kobon.Reindex.rotate_zero_triangle' depends on axioms: [propext, Classical.choice, Quot.sound]
info: Kobon/Reindex.lean:130:0: 'Kobon.Reindex.rotate_no_concurrent' depends on axioms: [propext, Classical.choice, Quot.sound]
⚠ [3135/3171] Replayed Kobon.BBLCanonicalPencil
warning: Kobon/BBLCanonicalPencil.lean:63:59: This simp argument is unused:
  if_pos rfl

Hint: Omit it from the simp argument list.
  simp only [̵a̵r̵r̵a̵n̵g̵e̵m̵e̵n̵t̵,̵i̵f̵_̵n̵e̵g̵ ̵h̵j̵,̵i̵f̵_̵p̵o̵s̵ ̵h̵j̵'̵,̵R̵e̵i̵n̵d̵e̵x̵.̵r̵o̵t̵a̵t̵e̵,̵R̵e̵i̵n̵d̵e̵x̵.̵s̵h̵i̵f̵t̵,̵[̲a̲r̲r̲a̲n̲g̲e̲m̲e̲n̲t̲,̲ ̲i̲f̲_̲n̲e̲g̲ ̲h̲j̲,̲ if_pos h̲j̲'̲,̲ ̲R̲e̲i̲n̲d̲e̲x̲.̲r̲o̲t̲a̲t̲e̲,̲ ̲R̲e̲i̲n̲d̲e̲x̲.̲s̲h̲i̲f̲t̲,̲
  ̲ ̲ ̲ ̲ ̲ ̲ ̲i̲f̲_̲p̲o̲s̲ ̲(show j̵+̵1̵<̵8̵*̵r̵+̵1̵j̲ ̲+̲ ̲1̲ ̲<̲ ̲8̲ ̲*̲ ̲r̲ ̲+̲ ̲1̲ by o̵m̵e̵g̵a̵)̵,̵p̵e̵n̵c̵i̵l̵A̵p̵p̵e̵n̵d̵,̵o̲m̲e̲g̲a̲)̲,̲ ̲p̲e̲n̲c̲i̲l̲A̲p̲p̲e̲n̲d̲,̲
        if_neg (show ¬̵j̵+̵1̵<̵4̵*̵r̵+̵1̵¬̲j̲ ̲+̲ ̲1̲ ̲<̲ ̲4̲ ̲*̲ ̲r̲ ̲+̲ ̲1̲ by o̵m̵e̵g̵a̵)̵,̵h̵e̵q̵,̵o̵l̵d̵A̵r̵r̵a̵n̵g̵e̵m̵e̵n̵t̵,̵i̵f̵_̵p̵o̵s̵ ̵r̵f̵l̵]̵o̲m̲e̲g̲a̲)̲,̲ ̲h̲e̲q̲,̲ ̲o̲l̲d̲A̲r̲r̲a̲n̲g̲e̲m̲e̲n̲t̲]̲

Note: This linter can be disabled with `set_option linter.unusedSimpArgs false`
info: Kobon/BBLCanonicalPencil.lean:68:0: 'Kobon.BBLCanonicalPencil.arrangement_eq_rotate_pencil' depends on axioms: [propext, Classical.choice, Quot.sound]
⚠ [3136/3171] Replayed Kobon.BBLCapHeight
warning: Kobon/BBLCapHeight.lean:62:18: 'push_cast' tactic does nothing

Note: This linter can be disabled with `set_option linter.unusedTactic false`
warning: Kobon/BBLCapHeight.lean:62:14: Used `tac1 <;> tac2` where `(tac1; tac2)` would suffice

Note: This linter can be disabled with `set_option linter.unnecessarySeqFocus false`
warning: Kobon/BBLCapHeight.lean:62:28: Used `tac1 <;> tac2` where `(tac1; tac2)` would suffice

Note: This linter can be disabled with `set_option linter.unnecessarySeqFocus false`
info: Kobon/BBLCapHeight.lean:108:0: 'Kobon.BBLCapHeight.cap_endpoint_height' depends on axioms: [propext, Classical.choice, Quot.sound]
ℹ [3137/3171] Replayed Kobon.BBLCapReplacement
info: Kobon/BBLCapReplacement.lean:183:0: 'Kobon.BBLCapReplacement.cap_replacement_eventually' depends on axioms: [propext, Classical.choice, Quot.sound]
ℹ [3138/3171] Replayed Kobon.BBLCapBridge
info: Kobon/BBLCapBridge.lean:91:0: 'Kobon.BBLCapBridge.canonical_endpoint_signs' depends on axioms: [propext, Classical.choice, Quot.sound]
info: Kobon/BBLCapBridge.lean:135:0: 'Kobon.BBLCapBridge.endpointSigns_of_canonical' depends on axioms: [propext, Classical.choice, Quot.sound]
info: Kobon/BBLCapBridge.lean:163:0: 'Kobon.BBLCapBridge.cap_replaced_eventually' depends on axioms: [propext, Classical.choice, Quot.sound]
⚠ [3139/3171] Replayed Kobon.BBLCentralEnvelope
warning: Kobon/BBLCentralEnvelope.lean:43:18: 'push_cast' tactic does nothing

Note: This linter can be disabled with `set_option linter.unusedTactic false`
warning: Kobon/BBLCentralEnvelope.lean:46:4: 'push_cast' tactic does nothing

Note: This linter can be disabled with `set_option linter.unusedTactic false`
warning: Kobon/BBLCentralEnvelope.lean:43:14: Used `tac1 <;> tac2` where `(tac1; tac2)` would suffice

Note: This linter can be disabled with `set_option linter.unnecessarySeqFocus false`
warning: Kobon/BBLCentralEnvelope.lean:43:28: Used `tac1 <;> tac2` where `(tac1; tac2)` would suffice

Note: This linter can be disabled with `set_option linter.unnecessarySeqFocus false`
info: Kobon/BBLCentralEnvelope.lean:84:0: 'Kobon.BBLCentralEnvelope.central_endpoint' depends on axioms: [propext, Classical.choice, Quot.sound]
⚠ [3140/3171] Replayed Kobon.BBLCentralPersistence
warning: Kobon/BBLCentralPersistence.lean:13:26: Variable name `n` is not explicitly referenced.

The binding can be removed (if unused) or named `_` (if used implicitly).

Note: This linter can be disabled with `set_option linter.unusedVariables false`
info: Kobon/BBLCentralPersistence.lean:114:0: 'Kobon.BBLCentralPersistence.central_retained_eventually' depends on axioms: [propext, Classical.choice, Quot.sound]
info: Kobon/BBLCentralPersistence.lean:115:0: 'Kobon.BBLCentralPersistence.canonical_central_signs' depends on axioms: [propext, Classical.choice, Quot.sound]
info: Kobon/BBLCentralPersistence.lean:116:0: 'Kobon.BBLCentralPersistence.centralSigns_of_canonical' depends on axioms: [propext, Classical.choice, Quot.sound]
info: Kobon/BBLCentralPersistence.lean:137:0: 'Kobon.BBLCentralPersistence.central_replaced_eventually' depends on axioms: [propext, Classical.choice, Quot.sound]
ℹ [3141/3171] Replayed Kobon.BBLConsecutive
info: Kobon/BBLConsecutive.lean:58:0: 'Kobon.BBLConsecutive.supports_consecutive' depends on axioms: [propext, Classical.choice, Quot.sound]
ℹ [3142/3171] Replayed Kobon.BBLCapRetention
info: Kobon/BBLCapRetention.lean:53:0: 'Kobon.BBLCapRetention.cap_retained_eventually' depends on axioms: [propext, Classical.choice, Quot.sound]
⚠ [3143/3171] Replayed Kobon.BBLCentral
warning: Kobon/BBLCentral.lean:30:2: Used `tac1 <;> tac2` where `(tac1; tac2)` would suffice

Note: This linter can be disabled with `set_option linter.unnecessarySeqFocus false`
warning: Kobon/BBLCentral.lean:117:2: Used `tac1 <;> tac2` where `(tac1; tac2)` would suffice

Note: This linter can be disabled with `set_option linter.unnecessarySeqFocus false`
info: Kobon/BBLCentral.lean:154:0: 'Kobon.BBLCentral.perturbed_strict_maximum' depends on axioms: [propext, Classical.choice, Quot.sound]
info: Kobon/BBLCentral.lean:155:0: 'Kobon.BBLCentral.corrected_strict_maximum' depends on axioms: [propext, Classical.choice, Quot.sound]
info: Kobon/BBLCentral.lean:156:0: 'Kobon.BBLCentral.eventual_rightmost_central_maximum' depends on axioms: [propext, Classical.choice, Quot.sound]
⚠ [3144/3171] Replayed Kobon.BBLOldRetention
warning: Kobon/BBLOldRetention.lean:24:27: Used `tac1 <;> tac2` where `(tac1; tac2)` would suffice

Note: This linter can be disabled with `set_option linter.unnecessarySeqFocus false`
info: Kobon/BBLOldRetention.lean:71:0: 'Kobon.BBLOldRetention.all_replaced_positive_eventually' depends on axioms: [propext, Classical.choice, Quot.sound]
info: Kobon/BBLOldRetention.lean:72:0: 'Kobon.BBLOldRetention.noncap_eventually' depends on axioms: [propext, Classical.choice, Quot.sound]
info: Kobon/BBLOldRetention.lean:73:0: 'Kobon.BBLOldRetention.all_replaced_eventually' depends on axioms: [propext, Classical.choice, Quot.sound]
ℹ [3145/3171] Replayed Kobon.BBLDoubling
info: Kobon/BBLDoubling.lean:96:0: 'Kobon.BBLDoubling.doubling' depends on axioms: [propext, Classical.choice, Quot.sound]
⚠ [3146/3171] Replayed Kobon.BBLGridReindex
warning: Kobon/BBLGridReindex.lean:24:30: Variable name `hi` is not explicitly referenced.

The binding can be removed (if unused) or named `_` (if used implicitly).

Note: This linter can be disabled with `set_option linter.unusedVariables false`
info: Kobon/BBLGridReindex.lean:62:0: 'Kobon.BBLGridReindex.perm_injective' depends on axioms: [propext, Quot.sound]
info: Kobon/BBLGridReindex.lean:63:0: 'Kobon.BBLGridReindex.next_cut' depends on axioms: [propext, Classical.choice, Quot.sound]
⚠ [3147/3171] Replayed Kobon.BBLNextSaturation
warning: Kobon/BBLNextSaturation.lean:36:27: Used `tac1 <;> tac2` where `(tac1; tac2)` would suffice

Note: This linter can be disabled with `set_option linter.unnecessarySeqFocus false`
warning: Kobon/BBLNextSaturation.lean:36:39: Used `tac1 <;> tac2` where `(tac1; tac2)` would suffice

Note: This linter can be disabled with `set_option linter.unnecessarySeqFocus false`
info: Kobon/BBLNextSaturation.lean:58:0: 'Kobon.BBLNextSaturation.next_saturated' depends on axioms: [propext, Classical.choice, Quot.sound]
⚠ [3148/3171] Replayed Kobon.BBLRowMax
warning: Kobon/BBLRowMax.lean:11:5: Variable name `hik` is not explicitly referenced.

The binding can be removed (if unused) or named `_` (if used implicitly).

Note: This linter can be disabled with `set_option linter.unusedVariables false`
warning: Kobon/BBLRowMax.lean:51:12: Used `tac1 <;> tac2` where `(tac1; tac2)` would suffice

Note: This linter can be disabled with `set_option linter.unnecessarySeqFocus false`
info: Kobon/BBLRowMax.lean:92:0: 'Kobon.BBLRowMax.max_pair_visible' depends on axioms: [propext, Classical.choice, Quot.sound]
⚠ [3149/3171] Replayed Kobon.BBLVisible
warning: Kobon/BBLVisible.lean:27:44: 'push_cast' tactic does nothing

Note: This linter can be disabled with `set_option linter.unusedTactic false`
warning: Kobon/BBLVisible.lean:30:20: Variable name `hk` is not explicitly referenced.

The binding can be removed (if unused) or named `_` (if used implicitly).

Note: This linter can be disabled with `set_option linter.unusedVariables false`
warning: Kobon/BBLVisible.lean:30:35: Variable name `hik` is not explicitly referenced.

The binding can be removed (if unused) or named `_` (if used implicitly).

Note: This linter can be disabled with `set_option linter.unusedVariables false`
warning: Kobon/BBLVisible.lean:92:2: 'push_cast' tactic does nothing

Note: This linter can be disabled with `set_option linter.unusedTactic false`
info: Kobon/BBLVisible.lean:160:0: 'Kobon.BBLVisible.aux_visible' depends on axioms: [propext, Classical.choice, Quot.sound]
info: Kobon/BBLVisible.lean:161:0: 'Kobon.BBLVisible.new_visible_witness' depends on axioms: [propext, Classical.choice, Quot.sound]
ℹ [3150/3171] Replayed Kobon.BBLVisibleRetention
info: Kobon/BBLVisibleRetention.lean:77:0: 'Kobon.BBLVisibleRetention.zero_visible_unique' depends on axioms: [propext, Classical.choice, Quot.sound]
info: Kobon/BBLVisibleRetention.lean:78:0: 'Kobon.BBLVisibleRetention.retain_all_but_one' depends on axioms: [propext, Classical.choice, Quot.sound]
ℹ [3151/3171] Replayed Kobon.BBLVisibleAssembly
info: Kobon/BBLVisibleAssembly.lean:71:0: 'Kobon.BBLVisibleAssembly.visible_gain' depends on axioms: [propext, Classical.choice, Quot.sound]
ℹ [3152/3171] Replayed Kobon.Cells
info: Kobon/Cells.lean:510:0: 'Kobon.Cells.overlap_forces_same_triple' depends on axioms: [propext, Classical.choice, Quot.sound]
info: Kobon/Cells.lean:511:0: 'Kobon.Cells.distinct_interiors_disjoint' depends on axioms: [propext, Classical.choice, Quot.sound]
info: Kobon/Cells.lean:512:0: 'Kobon.Cells.interior_eq_signCell' depends on axioms: [propext, Classical.choice, Quot.sound]
ℹ [3153/3171] Replayed Kobon.FanGeometry
info: Kobon/FanGeometry.lean:171:0: 'Kobon.FanGeometry.ordinary_nonradial_unique' depends on axioms: [propext, Classical.choice, Quot.sound]
info: Kobon/FanGeometry.lean:172:0: 'Kobon.FanGeometry.FanStrip.all_opposites_eq' depends on axioms: [propext, Classical.choice, Quot.sound]
info: Kobon/FanGeometry.lean:173:0: 'Kobon.FanGeometry.FanStrip.center_not_affine_combination' depends on axioms: [propext, Classical.choice, Quot.sound]
info: Kobon/FanGeometry.lean:174:0: 'Kobon.FanGeometry.no_opposite_end_fan' depends on axioms: [propext, Classical.choice, Quot.sound]
ℹ [3154/3171] Replayed Kobon.FanCount
info: Kobon/FanCount.lean:71:0: 'Kobon.FanCount.ordinary_shared_ray_bound' depends on axioms: [propext, Classical.choice, Quot.sound]
ℹ [3155/3171] Replayed Kobon.CyclicFan
info: Kobon/CyclicFan.lean:108:0: 'Kobon.CyclicFan.Geometry.no_long_run' depends on axioms: [propext, Classical.choice, Quot.sound]
info: Kobon/CyclicFan.lean:109:0: 'Kobon.CyclicFan.Geometry.selected_card_le' depends on axioms: [propext, Classical.choice, Quot.sound]
ℹ [3156/3171] Replayed Kobon.SharedFan
info: Kobon/SharedFan.lean:121:0: 'Kobon.SharedFan.six_shared_sides' depends on axioms: [propext, Classical.choice, Quot.sound]
info: Kobon/SharedFan.lean:122:0: 'Kobon.SharedFan.center_is_triple' depends on axioms: [propext, Classical.choice, Quot.sound]
info: Kobon/SharedFan.lean:123:0: 'Kobon.SharedFan.interiors_disjoint' depends on axioms: [propext, Classical.choice, Quot.sound]
info: Kobon/SharedFan.lean:124:0: 'Kobon.SharedFan.radial_segments_injective' depends on axioms: [propext, Classical.choice, Quot.sound]
info: Kobon/SharedFan.lean:125:0: 'Kobon.SharedFan.radial_elementary' depends on axioms: [propext, Classical.choice, Quot.sound]
⚠ [3157/3171] Replayed Kobon.TamuraSeed5
warning: Kobon/TamuraSeed5.lean:82:6: 'ring' tactic does nothing

Note: This linter can be disabled with `set_option linter.unusedTactic false`
warning: Kobon/TamuraSeed5.lean:82:6: this tactic is never executed

Note: This linter can be disabled with `set_option linter.unreachableTactic false`
info: Kobon/TamuraSeed5.lean:140:0: 'Kobon.TamuraSeed5.simple_lower_bound' depends on axioms: [propext, Classical.choice, Quot.sound]
info: Kobon/TamuraSeed5.lean:141:0: 'Kobon.TamuraSeed5.exterior_lower_bound' depends on axioms: [propext, Classical.choice, Quot.sound]
info: Kobon/TamuraSeed5.lean:142:0: 'Kobon.TamuraSeed5.arbitrarily_small' depends on axioms: [propext, Classical.choice, Quot.sound]
info: Kobon/TamuraSeed5.lean:143:0: 'Kobon.TamuraSeed5.rightmost_last' depends on axioms: [propext, Classical.choice, Quot.sound]
ℹ [3158/3171] Replayed Kobon.TamuraTangentBounds
info: Kobon/TamuraTangentBounds.lean:203:0: 'Kobon.TamuraTangentBounds.tan_32_1_bounds' depends on axioms: [propext, Classical.choice, Quot.sound]
info: Kobon/TamuraTangentBounds.lean:204:0: 'Kobon.TamuraTangentBounds.tan_32_15_bounds' depends on axioms: [propext, Classical.choice, Quot.sound]
ℹ [3159/3171] Replayed Kobon.Certificates.N003T00001H05c82de6
info: Kobon/Certificates/N003T00001H05c82de6.lean:23:0: 'Kobon.Certificates.N003T00001H05c82de6.checked' depends on axioms: [propext, checked._native.native_decide.ax_1_1]
info: Kobon/Certificates/N003T00001H05c82de6.lean:24:0: 'Kobon.Certificates.N003T00001H05c82de6.lower_bound' depends on axioms: [propext,
 Classical.choice,
 Quot.sound,
 checked._native.native_decide.ax_1_1]
ℹ [3160/3171] Replayed Kobon.SimpleCertificates.N003T00001H05c82de6
info: Kobon/SimpleCertificates/N003T00001H05c82de6.lean:13:0: 'Kobon.Certificates.N003T00001H05c82de6.simple_lower_bound' depends on axioms: [propext,
 Classical.choice,
 Quot.sound,
 checked._native.native_decide.ax_1_1,
 no_concurrent._native.native_decide.ax_1_1]
ℹ [3161/3171] Replayed Kobon.Certificates.N004T00002H0e541bd5
info: Kobon/Certificates/N004T00002H0e541bd5.lean:25:0: 'Kobon.Certificates.N004T00002H0e541bd5.checked' depends on axioms: [propext, checked._native.native_decide.ax_1_1]
info: Kobon/Certificates/N004T00002H0e541bd5.lean:26:0: 'Kobon.Certificates.N004T00002H0e541bd5.lower_bound' depends on axioms: [propext,
 Classical.choice,
 Quot.sound,
 checked._native.native_decide.ax_1_1]
ℹ [3162/3171] Replayed Kobon.SimpleCertificates.N004T00002H0e541bd5
info: Kobon/SimpleCertificates/N004T00002H0e541bd5.lean:13:0: 'Kobon.Certificates.N004T00002H0e541bd5.simple_lower_bound' depends on axioms: [propext,
 Classical.choice,
 Quot.sound,
 checked._native.native_decide.ax_1_1,
 no_concurrent._native.native_decide.ax_1_1]
ℹ [3163/3171] Replayed Kobon.Certificates.N005T00005H948a0bdf
info: Kobon/Certificates/N005T00005H948a0bdf.lean:29:0: 'Kobon.Certificates.N005T00005H948a0bdf.checked' depends on axioms: [propext, checked._native.native_decide.ax_1_1]
info: Kobon/Certificates/N005T00005H948a0bdf.lean:30:0: 'Kobon.Certificates.N005T00005H948a0bdf.lower_bound' depends on axioms: [propext,
 Classical.choice,
 Quot.sound,
 checked._native.native_decide.ax_1_1]
ℹ [3164/3171] Replayed Kobon.SimpleCertificates.N005T00005H948a0bdf
info: Kobon/SimpleCertificates/N005T00005H948a0bdf.lean:13:0: 'Kobon.Certificates.N005T00005H948a0bdf.simple_lower_bound' depends on axioms: [propext,
 Classical.choice,
 Quot.sound,
 checked._native.native_decide.ax_1_1,
 no_concurrent._native.native_decide.ax_1_1]
ℹ [3165/3171] Replayed Kobon.Certificates.N006T00007H6ea9ebaa
info: Kobon/Certificates/N006T00007H6ea9ebaa.lean:32:0: 'Kobon.Certificates.N006T00007H6ea9ebaa.checked' depends on axioms: [propext, checked._native.native_decide.ax_1_1]
info: Kobon/Certificates/N006T00007H6ea9ebaa.lean:33:0: 'Kobon.Certificates.N006T00007H6ea9ebaa.lower_bound' depends on axioms: [propext,
 Classical.choice,
 Quot.sound,
 checked._native.native_decide.ax_1_1]
ℹ [3166/3171] Replayed Kobon.SimpleCertificates.N006T00007H6ea9ebaa
info: Kobon/SimpleCertificates/N006T00007H6ea9ebaa.lean:13:0: 'Kobon.Certificates.N006T00007H6ea9ebaa.simple_lower_bound' depends on axioms: [propext,
 Classical.choice,
 Quot.sound,
 checked._native.native_decide.ax_1_1,
 no_concurrent._native.native_decide.ax_1_1]
ℹ [3167/3171] Replayed Kobon.Certificates.N007T00011He6b9a626
info: Kobon/Certificates/N007T00011He6b9a626.lean:37:0: 'Kobon.Certificates.N007T00011He6b9a626.checked' depends on axioms: [propext, checked._native.native_decide.ax_1_1]
info: Kobon/Certificates/N007T00011He6b9a626.lean:38:0: 'Kobon.Certificates.N007T00011He6b9a626.lower_bound' depends on axioms: [propext,
 Classical.choice,
 Quot.sound,
 checked._native.native_decide.ax_1_1]
ℹ [3168/3320] Replayed Kobon.SimpleCertificates.N007T00011He6b9a626
info: Kobon/SimpleCertificates/N007T00011He6b9a626.lean:13:0: 'Kobon.Certificates.N007T00011He6b9a626.simple_lower_bound' depends on axioms: [propext,
 Classical.choice,
 Quot.sound,
 checked._native.native_decide.ax_1_1,
 no_concurrent._native.native_decide.ax_1_1]
ℹ [3169/3320] Replayed Kobon.Certificates.N008T00014H2a63f4d9
info: Kobon/Certificates/N008T00014H2a63f4d9.lean:41:0: 'Kobon.Certificates.N008T00014H2a63f4d9.checked' depends on axioms: [propext, checked._native.native_decide.ax_1_1]
info: Kobon/Certificates/N008T00014H2a63f4d9.lean:42:0: 'Kobon.Certificates.N008T00014H2a63f4d9.lower_bound' depends on axioms: [propext,
 Classical.choice,
 Quot.sound,
 checked._native.native_decide.ax_1_1]
ℹ [3170/3320] Replayed Kobon.SimpleCertificates.N008T00014H2a63f4d9
info: Kobon/SimpleCertificates/N008T00014H2a63f4d9.lean:13:0: 'Kobon.Certificates.N008T00014H2a63f4d9.simple_lower_bound' depends on axioms: [propext,
 Classical.choice,
 Quot.sound,
 checked._native.native_decide.ax_1_1,
 no_concurrent._native.native_decide.ax_1_1]
ℹ [3171/3320] Replayed Kobon.Certificates.N009T00021H6ebbed82
info: Kobon/Certificates/N009T00021H6ebbed82.lean:49:0: 'Kobon.Certificates.N009T00021H6ebbed82.checked' depends on axioms: [propext, checked._native.native_decide.ax_1_1]
info: Kobon/Certificates/N009T00021H6ebbed82.lean:50:0: 'Kobon.Certificates.N009T00021H6ebbed82.lower_bound' depends on axioms: [propext,
 Classical.choice,
 Quot.sound,
 checked._native.native_decide.ax_1_1]
ℹ [3172/3320] Replayed Kobon.SimpleCertificates.N009T00021H6ebbed82
info: Kobon/SimpleCertificates/N009T00021H6ebbed82.lean:13:0: 'Kobon.Certificates.N009T00021H6ebbed82.simple_lower_bound' depends on axioms: [propext,
 Classical.choice,
 Quot.sound,
 checked._native.native_decide.ax_1_1,
 no_concurrent._native.native_decide.ax_1_1]
ℹ [3173/3320] Replayed Kobon.Certificates.N010T00025Hb767c427
info: Kobon/Certificates/N010T00025Hb767c427.lean:54:0: 'Kobon.Certificates.N010T00025Hb767c427.checked' depends on axioms: [propext, checked._native.native_decide.ax_1_1]
info: Kobon/Certificates/N010T00025Hb767c427.lean:55:0: 'Kobon.Certificates.N010T00025Hb767c427.lower_bound' depends on axioms: [propext,
 Classical.choice,
 Quot.sound,
 checked._native.native_decide.ax_1_1]
ℹ [3174/3320] Replayed Kobon.SimpleCertificates.N010T00025Hb767c427
info: Kobon/SimpleCertificates/N010T00025Hb767c427.lean:13:0: 'Kobon.Certificates.N010T00025Hb767c427.simple_lower_bound' depends on axioms: [propext,
 Classical.choice,
 Quot.sound,
 checked._native.native_decide.ax_1_1,
 no_concurrent._native.native_decide.ax_1_1]
ℹ [3175/3320] Replayed Kobon.Certificates.N011T00032Hb955e7c9
info: Kobon/Certificates/N011T00032Hb955e7c9.lean:62:0: 'Kobon.Certificates.N011T00032Hb955e7c9.checked' depends on axioms: [propext, checked._native.native_decide.ax_1_1]
info: Kobon/Certificates/N011T00032Hb955e7c9.lean:63:0: 'Kobon.Certificates.N011T00032Hb955e7c9.lower_bound' depends on axioms: [propext,
 Classical.choice,
 Quot.sound,
 checked._native.native_decide.ax_1_1]
ℹ [3176/3320] Replayed Kobon.SimpleCertificates.N011T00032Hb955e7c9
info: Kobon/SimpleCertificates/N011T00032Hb955e7c9.lean:13:0: 'Kobon.Certificates.N011T00032Hb955e7c9.simple_lower_bound' depends on axioms: [propext,
 Classical.choice,
 Quot.sound,
 checked._native.native_decide.ax_1_1,
 no_concurrent._native.native_decide.ax_1_1]
ℹ [3177/3320] Replayed Kobon.Certificates.N012T00038H38f69f38
info: Kobon/Certificates/N012T00038H38f69f38.lean:69:0: 'Kobon.Certificates.N012T00038H38f69f38.checked' depends on axioms: [propext, checked._native.native_decide.ax_1_1]
info: Kobon/Certificates/N012T00038H38f69f38.lean:70:0: 'Kobon.Certificates.N012T00038H38f69f38.lower_bound' depends on axioms: [propext,
 Classical.choice,
 Quot.sound,
 checked._native.native_decide.ax_1_1]
ℹ [3178/3320] Replayed Kobon.Certificates.N013T00047Hddec1f78
info: Kobon/Certificates/N013T00047Hddec1f78.lean:79:0: 'Kobon.Certificates.N013T00047Hddec1f78.checked' depends on axioms: [propext, checked._native.native_decide.ax_1_1]
info: Kobon/Certificates/N013T00047Hddec1f78.lean:80:0: 'Kobon.Certificates.N013T00047Hddec1f78.lower_bound' depends on axioms: [propext,
 Classical.choice,
 Quot.sound,
 checked._native.native_decide.ax_1_1]
ℹ [3179/3320] Replayed Kobon.SimpleCertificates.N013T00047Hddec1f78
info: Kobon/SimpleCertificates/N013T00047Hddec1f78.lean:13:0: 'Kobon.Certificates.N013T00047Hddec1f78.simple_lower_bound' depends on axioms: [propext,
 Classical.choice,
 Quot.sound,
 checked._native.native_decide.ax_1_1,
 no_concurrent._native.native_decide.ax_1_1]
ℹ [3180/3320] Replayed Kobon.Certificates.N014T00053H45157b2f
info: Kobon/Certificates/N014T00053H45157b2f.lean:86:0: 'Kobon.Certificates.N014T00053H45157b2f.checked' depends on axioms: [propext, checked._native.native_decide.ax_1_1]
info: Kobon/Certificates/N014T00053H45157b2f.lean:87:0: 'Kobon.Certificates.N014T00053H45157b2f.lower_bound' depends on axioms: [propext,
 Classical.choice,
 Quot.sound,
 checked._native.native_decide.ax_1_1]
ℹ [3181/3320] Replayed Kobon.SimpleCertificates.N014T00053H45157b2f
info: Kobon/SimpleCertificates/N014T00053H45157b2f.lean:13:0: 'Kobon.Certificates.N014T00053H45157b2f.simple_lower_bound' depends on axioms: [propext,
 Classical.choice,
 Quot.sound,
 checked._native.native_decide.ax_1_1,
 no_concurrent._native.native_decide.ax_1_1]
ℹ [3182/3320] Replayed Kobon.Certificates.N015T00065H4d3bf3b4
info: Kobon/Certificates/N015T00065H4d3bf3b4.lean:99:0: 'Kobon.Certificates.N015T00065H4d3bf3b4.checked' depends on axioms: [propext, checked._native.native_decide.ax_1_1]
info: Kobon/Certificates/N015T00065H4d3bf3b4.lean:100:0: 'Kobon.Certificates.N015T00065H4d3bf3b4.lower_bound' depends on axioms: [propext,
 Classical.choice,
 Quot.sound,
 checked._native.native_decide.ax_1_1]
ℹ [3183/3320] Replayed Kobon.SimpleCertificates.N015T00065H4d3bf3b4
info: Kobon/SimpleCertificates/N015T00065H4d3bf3b4.lean:13:0: 'Kobon.Certificates.N015T00065H4d3bf3b4.simple_lower_bound' depends on axioms: [propext,
 Classical.choice,
 Quot.sound,
 checked._native.native_decide.ax_1_1,
 no_concurrent._native.native_decide.ax_1_1]
ℹ [3184/3320] Replayed Kobon.Certificates.N016T00072H391cf79a
info: Kobon/Certificates/N016T00072H391cf79a.lean:107:0: 'Kobon.Certificates.N016T00072H391cf79a.checked' depends on axioms: [propext, checked._native.native_decide.ax_1_1]
info: Kobon/Certificates/N016T00072H391cf79a.lean:108:0: 'Kobon.Certificates.N016T00072H391cf79a.lower_bound' depends on axioms: [propext,
 Classical.choice,
 Quot.sound,
 checked._native.native_decide.ax_1_1]
ℹ [3185/3320] Replayed Kobon.SimpleCertificates.N016T00072H391cf79a
info: Kobon/SimpleCertificates/N016T00072H391cf79a.lean:13:0: 'Kobon.Certificates.N016T00072H391cf79a.simple_lower_bound' depends on axioms: [propext,
 Classical.choice,
 Quot.sound,
 checked._native.native_decide.ax_1_1,
 no_concurrent._native.native_decide.ax_1_1]
ℹ [3186/3320] Replayed Kobon.Certificates.N017T00085H7cf3c061
info: Kobon/Certificates/N017T00085H7cf3c061.lean:121:0: 'Kobon.Certificates.N017T00085H7cf3c061.checked' depends on axioms: [propext, checked._native.native_decide.ax_1_1]
info: Kobon/Certificates/N017T00085H7cf3c061.lean:122:0: 'Kobon.Certificates.N017T00085H7cf3c061.lower_bound' depends on axioms: [propext,
 Classical.choice,
 Quot.sound,
 checked._native.native_decide.ax_1_1]
ℹ [3187/3320] Replayed Kobon.SimpleCertificates.N017T00085H7cf3c061
info: Kobon/SimpleCertificates/N017T00085H7cf3c061.lean:13:0: 'Kobon.Certificates.N017T00085H7cf3c061.simple_lower_bound' depends on axioms: [propext,
 Classical.choice,
 Quot.sound,
 checked._native.native_decide.ax_1_1,
 no_concurrent._native.native_decide.ax_1_1]
ℹ [3188/3320] Replayed Kobon.Certificates.N018T00093Hedb6246a
info: Kobon/Certificates/N018T00093Hedb6246a.lean:130:0: 'Kobon.Certificates.N018T00093Hedb6246a.checked' depends on axioms: [propext, checked._native.native_decide.ax_1_1]
info: Kobon/Certificates/N018T00093Hedb6246a.lean:131:0: 'Kobon.Certificates.N018T00093Hedb6246a.lower_bound' depends on axioms: [propext,
 Classical.choice,
 Quot.sound,
 checked._native.native_decide.ax_1_1]
ℹ [3189/3320] Replayed Kobon.SimpleCertificates.N018T00093Hedb6246a
info: Kobon/SimpleCertificates/N018T00093Hedb6246a.lean:13:0: 'Kobon.Certificates.N018T00093Hedb6246a.simple_lower_bound' depends on axioms: [propext,
 Classical.choice,
 Quot.sound,
 checked._native.native_decide.ax_1_1,
 no_concurrent._native.native_decide.ax_1_1]
ℹ [3190/3320] Replayed Kobon.Certificates.N019T00107Ha2f32bdb
info: Kobon/Certificates/N019T00107Ha2f32bdb.lean:145:0: 'Kobon.Certificates.N019T00107Ha2f32bdb.checked' depends on axioms: [propext, checked._native.native_decide.ax_1_1]
info: Kobon/Certificates/N019T00107Ha2f32bdb.lean:146:0: 'Kobon.Certificates.N019T00107Ha2f32bdb.lower_bound' depends on axioms: [propext,
 Classical.choice,
 Quot.sound,
 checked._native.native_decide.ax_1_1]
ℹ [3191/3320] Replayed Kobon.SimpleCertificates.N019T00107Ha2f32bdb
info: Kobon/SimpleCertificates/N019T00107Ha2f32bdb.lean:13:0: 'Kobon.Certificates.N019T00107Ha2f32bdb.simple_lower_bound' depends on axioms: [propext,
 Classical.choice,
 Quot.sound,
 checked._native.native_decide.ax_1_1,
 no_concurrent._native.native_decide.ax_1_1]
ℹ [3192/3320] Replayed Kobon.Certificates.N020T00116Hadc03eed
info: Kobon/Certificates/N020T00116Hadc03eed.lean:155:0: 'Kobon.Certificates.N020T00116Hadc03eed.checked' depends on axioms: [propext, checked._native.native_decide.ax_1_1]
info: Kobon/Certificates/N020T00116Hadc03eed.lean:156:0: 'Kobon.Certificates.N020T00116Hadc03eed.lower_bound' depends on axioms: [propext,
 Classical.choice,
 Quot.sound,
 checked._native.native_decide.ax_1_1]
ℹ [3193/3320] Replayed Kobon.SimpleCertificates.N020T00116Hadc03eed
info: Kobon/SimpleCertificates/N020T00116Hadc03eed.lean:13:0: 'Kobon.Certificates.N020T00116Hadc03eed.simple_lower_bound' depends on axioms: [propext,
 Classical.choice,
 Quot.sound,
 checked._native.native_decide.ax_1_1,
 no_concurrent._native.native_decide.ax_1_1]
ℹ [3194/3320] Replayed Kobon.Certificates.N021T00133H36bae754
info: Kobon/Certificates/N021T00133H36bae754.lean:173:0: 'Kobon.Certificates.N021T00133H36bae754.checked' depends on axioms: [propext, checked._native.native_decide.ax_1_1]
info: Kobon/Certificates/N021T00133H36bae754.lean:174:0: 'Kobon.Certificates.N021T00133H36bae754.lower_bound' depends on axioms: [propext,
 Classical.choice,
 Quot.sound,
 checked._native.native_decide.ax_1_1]
ℹ [3195/3320] Replayed Kobon.SimpleCertificates.N021T00133H36bae754
info: Kobon/SimpleCertificates/N021T00133H36bae754.lean:13:0: 'Kobon.Certificates.N021T00133H36bae754.simple_lower_bound' depends on axioms: [propext,
 Classical.choice,
 Quot.sound,
 checked._native.native_decide.ax_1_1,
 no_concurrent._native.native_decide.ax_1_1]
ℹ [3196/3320] Replayed Kobon.Certificates.N022T00143H54396c64
info: Kobon/Certificates/N022T00143H54396c64.lean:184:0: 'Kobon.Certificates.N022T00143H54396c64.checked' depends on axioms: [propext, checked._native.native_decide.ax_1_1]
info: Kobon/Certificates/N022T00143H54396c64.lean:185:0: 'Kobon.Certificates.N022T00143H54396c64.lower_bound' depends on axioms: [propext,
 Classical.choice,
 Quot.sound,
 checked._native.native_decide.ax_1_1]
ℹ [3197/3320] Replayed Kobon.SimpleCertificates.N022T00143H54396c64
info: Kobon/SimpleCertificates/N022T00143H54396c64.lean:13:0: 'Kobon.Certificates.N022T00143H54396c64.simple_lower_bound' depends on axioms: [propext,
 Classical.choice,
 Quot.sound,
 checked._native.native_decide.ax_1_1,
 no_concurrent._native.native_decide.ax_1_1]
ℹ [3198/3320] Replayed Kobon.Certificates.N023T00161H969ad7d3
info: Kobon/Certificates/N023T00161H969ad7d3.lean:203:0: 'Kobon.Certificates.N023T00161H969ad7d3.checked' depends on axioms: [propext, checked._native.native_decide.ax_1_1]
info: Kobon/Certificates/N023T00161H969ad7d3.lean:204:0: 'Kobon.Certificates.N023T00161H969ad7d3.lower_bound' depends on axioms: [propext,
 Classical.choice,
 Quot.sound,
 checked._native.native_decide.ax_1_1]
ℹ [3199/3320] Replayed Kobon.SimpleCertificates.N023T00161H969ad7d3
info: Kobon/SimpleCertificates/N023T00161H969ad7d3.lean:13:0: 'Kobon.Certificates.N023T00161H969ad7d3.simple_lower_bound' depends on axioms: [propext,
 Classical.choice,
 Quot.sound,
 checked._native.native_decide.ax_1_1,
 no_concurrent._native.native_decide.ax_1_1]
ℹ [3200/3320] Replayed Kobon.Certificates.N024T00172He63e906b
info: Kobon/Certificates/N024T00172He63e906b.lean:215:0: 'Kobon.Certificates.N024T00172He63e906b.checked' depends on axioms: [propext, checked._native.native_decide.ax_1_1]
info: Kobon/Certificates/N024T00172He63e906b.lean:216:0: 'Kobon.Certificates.N024T00172He63e906b.lower_bound' depends on axioms: [propext,
 Classical.choice,
 Quot.sound,
 checked._native.native_decide.ax_1_1]
ℹ [3201/3320] Replayed Kobon.SimpleCertificates.N024T00172He63e906b
info: Kobon/SimpleCertificates/N024T00172He63e906b.lean:13:0: 'Kobon.Certificates.N024T00172He63e906b.simple_lower_bound' depends on axioms: [propext,
 Classical.choice,
 Quot.sound,
 checked._native.native_decide.ax_1_1,
 no_concurrent._native.native_decide.ax_1_1]
ℹ [3202/3320] Replayed Kobon.Certificates.N025T00191Hb568bffb
info: Kobon/Certificates/N025T00191Hb568bffb.lean:235:0: 'Kobon.Certificates.N025T00191Hb568bffb.checked' depends on axioms: [propext, checked._native.native_decide.ax_1_1]
info: Kobon/Certificates/N025T00191Hb568bffb.lean:236:0: 'Kobon.Certificates.N025T00191Hb568bffb.lower_bound' depends on axioms: [propext,
 Classical.choice,
 Quot.sound,
 checked._native.native_decide.ax_1_1]
ℹ [3203/3320] Replayed Kobon.SimpleCertificates.N025T00191Hb568bffb
info: Kobon/SimpleCertificates/N025T00191Hb568bffb.lean:13:0: 'Kobon.Certificates.N025T00191Hb568bffb.simple_lower_bound' depends on axioms: [propext,
 Classical.choice,
 Quot.sound,
 checked._native.native_decide.ax_1_1,
 no_concurrent._native.native_decide.ax_1_1]
ℹ [3204/3320] Replayed Kobon.Certificates.N026T00203He61b423c
info: Kobon/Certificates/N026T00203He61b423c.lean:248:0: 'Kobon.Certificates.N026T00203He61b423c.checked' depends on axioms: [propext, checked._native.native_decide.ax_1_1]
info: Kobon/Certificates/N026T00203He61b423c.lean:249:0: 'Kobon.Certificates.N026T00203He61b423c.lower_bound' depends on axioms: [propext,
 Classical.choice,
 Quot.sound,
 checked._native.native_decide.ax_1_1]
ℹ [3205/3320] Replayed Kobon.SimpleCertificates.N026T00203He61b423c
info: Kobon/SimpleCertificates/N026T00203He61b423c.lean:13:0: 'Kobon.Certificates.N026T00203He61b423c.simple_lower_bound' depends on axioms: [propext,
 Classical.choice,
 Quot.sound,
 checked._native.native_decide.ax_1_1,
 no_concurrent._native.native_decide.ax_1_1]
ℹ [3206/3320] Replayed Kobon.Certificates.N027T00225H7d6ae9a0
info: Kobon/Certificates/N027T00225H7d6ae9a0.lean:271:0: 'Kobon.Certificates.N027T00225H7d6ae9a0.checked' depends on axioms: [propext, checked._native.native_decide.ax_1_1]
info: Kobon/Certificates/N027T00225H7d6ae9a0.lean:272:0: 'Kobon.Certificates.N027T00225H7d6ae9a0.lower_bound' depends on axioms: [propext,
 Classical.choice,
 Quot.sound,
 checked._native.native_decide.ax_1_1]
ℹ [3207/3320] Replayed Kobon.SimpleCertificates.N027T00225H7d6ae9a0
info: Kobon/SimpleCertificates/N027T00225H7d6ae9a0.lean:13:0: 'Kobon.Certificates.N027T00225H7d6ae9a0.simple_lower_bound' depends on axioms: [propext,
 Classical.choice,
 Quot.sound,
 checked._native.native_decide.ax_1_1,
 no_concurrent._native.native_decide.ax_1_1]
ℹ [3208/3320] Replayed Kobon.Certificates.N028T00238H56ef2acb
info: Kobon/Certificates/N028T00238H56ef2acb.lean:285:0: 'Kobon.Certificates.N028T00238H56ef2acb.checked' depends on axioms: [propext, checked._native.native_decide.ax_1_1]
info: Kobon/Certificates/N028T00238H56ef2acb.lean:286:0: 'Kobon.Certificates.N028T00238H56ef2acb.lower_bound' depends on axioms: [propext,
 Classical.choice,
 Quot.sound,
 checked._native.native_decide.ax_1_1]
ℹ [3209/3320] Replayed Kobon.SimpleCertificates.N028T00238H56ef2acb
info: Kobon/SimpleCertificates/N028T00238H56ef2acb.lean:13:0: 'Kobon.Certificates.N028T00238H56ef2acb.simple_lower_bound' depends on axioms: [propext,
 Classical.choice,
 Quot.sound,
 checked._native.native_decide.ax_1_1,
 no_concurrent._native.native_decide.ax_1_1]
ℹ [3210/3320] Replayed Kobon.Certificates.N029T00261Hd4805c25
info: Kobon/Certificates/N029T00261Hd4805c25.lean:309:0: 'Kobon.Certificates.N029T00261Hd4805c25.checked' depends on axioms: [propext, checked._native.native_decide.ax_1_1]
info: Kobon/Certificates/N029T00261Hd4805c25.lean:310:0: 'Kobon.Certificates.N029T00261Hd4805c25.lower_bound' depends on axioms: [propext,
 Classical.choice,
 Quot.sound,
 checked._native.native_decide.ax_1_1]
ℹ [3211/3320] Replayed Kobon.SimpleCertificates.N029T00261Hd4805c25
info: Kobon/SimpleCertificates/N029T00261Hd4805c25.lean:13:0: 'Kobon.Certificates.N029T00261Hd4805c25.simple_lower_bound' depends on axioms: [propext,
 Classical.choice,
 Quot.sound,
 checked._native.native_decide.ax_1_1,
 no_concurrent._native.native_decide.ax_1_1]
ℹ [3212/3320] Replayed Kobon.Certificates.N030T00275Hdcfe649a
info: Kobon/Certificates/N030T00275Hdcfe649a.lean:324:0: 'Kobon.Certificates.N030T00275Hdcfe649a.checked' depends on axioms: [propext, checked._native.native_decide.ax_1_1]
info: Kobon/Certificates/N030T00275Hdcfe649a.lean:325:0: 'Kobon.Certificates.N030T00275Hdcfe649a.lower_bound' depends on axioms: [propext,
 Classical.choice,
 Quot.sound,
 checked._native.native_decide.ax_1_1]
ℹ [3213/3320] Replayed Kobon.SimpleCertificates.N030T00275Hdcfe649a
info: Kobon/SimpleCertificates/N030T00275Hdcfe649a.lean:13:0: 'Kobon.Certificates.N030T00275Hdcfe649a.simple_lower_bound' depends on axioms: [propext,
 Classical.choice,
 Quot.sound,
 checked._native.native_decide.ax_1_1,
 no_concurrent._native.native_decide.ax_1_1]
ℹ [3214/3320] Replayed Kobon.Certificates.N031T00299H70f23b94
info: Kobon/Certificates/N031T00299H70f23b94.lean:349:0: 'Kobon.Certificates.N031T00299H70f23b94.checked' depends on axioms: [propext, checked._native.native_decide.ax_1_1]
info: Kobon/Certificates/N031T00299H70f23b94.lean:350:0: 'Kobon.Certificates.N031T00299H70f23b94.lower_bound' depends on axioms: [propext,
 Classical.choice,
 Quot.sound,
 checked._native.native_decide.ax_1_1]
ℹ [3215/3320] Replayed Kobon.SimpleCertificates.N031T00299H70f23b94
info: Kobon/SimpleCertificates/N031T00299H70f23b94.lean:13:0: 'Kobon.Certificates.N031T00299H70f23b94.simple_lower_bound' depends on axioms: [propext,
 Classical.choice,
 Quot.sound,
 checked._native.native_decide.ax_1_1,
 no_concurrent._native.native_decide.ax_1_1]
ℹ [3216/3320] Replayed Kobon.Certificates.N032T00314H9ab78b00
info: Kobon/Certificates/N032T00314H9ab78b00.lean:365:0: 'Kobon.Certificates.N032T00314H9ab78b00.checked' depends on axioms: [propext, checked._native.native_decide.ax_1_1]
info: Kobon/Certificates/N032T00314H9ab78b00.lean:366:0: 'Kobon.Certificates.N032T00314H9ab78b00.lower_bound' depends on axioms: [propext,
 Classical.choice,
 Quot.sound,
 checked._native.native_decide.ax_1_1]
ℹ [3217/3320] Replayed Kobon.SimpleCertificates.N032T00314H9ab78b00
info: Kobon/SimpleCertificates/N032T00314H9ab78b00.lean:13:0: 'Kobon.Certificates.N032T00314H9ab78b00.simple_lower_bound' depends on axioms: [propext,
 Classical.choice,
 Quot.sound,
 checked._native.native_decide.ax_1_1,
 no_concurrent._native.native_decide.ax_1_1]
ℹ [3218/3320] Replayed Kobon.Certificates.N033T00341H95f3b770
info: Kobon/Certificates/N033T00341H95f3b770.lean:393:0: 'Kobon.Certificates.N033T00341H95f3b770.checked' depends on axioms: [propext, checked._native.native_decide.ax_1_1]
info: Kobon/Certificates/N033T00341H95f3b770.lean:394:0: 'Kobon.Certificates.N033T00341H95f3b770.lower_bound' depends on axioms: [propext,
 Classical.choice,
 Quot.sound,
 checked._native.native_decide.ax_1_1]
ℹ [3219/3320] Replayed Kobon.SimpleCertificates.N033T00341H95f3b770
info: Kobon/SimpleCertificates/N033T00341H95f3b770.lean:13:0: 'Kobon.Certificates.N033T00341H95f3b770.simple_lower_bound' depends on axioms: [propext,
 Classical.choice,
 Quot.sound,
 checked._native.native_decide.ax_1_1,
 no_concurrent._native.native_decide.ax_1_1]
ℹ [3220/3320] Replayed Kobon.Certificates.N034T00357Hfbde0a76
info: Kobon/Certificates/N034T00357Hfbde0a76.lean:410:0: 'Kobon.Certificates.N034T00357Hfbde0a76.checked' depends on axioms: [propext, checked._native.native_decide.ax_1_1]
info: Kobon/Certificates/N034T00357Hfbde0a76.lean:411:0: 'Kobon.Certificates.N034T00357Hfbde0a76.lower_bound' depends on axioms: [propext,
 Classical.choice,
 Quot.sound,
 checked._native.native_decide.ax_1_1]
ℹ [3221/3320] Replayed Kobon.SimpleCertificates.N034T00357Hfbde0a76
info: Kobon/SimpleCertificates/N034T00357Hfbde0a76.lean:13:0: 'Kobon.Certificates.N034T00357Hfbde0a76.simple_lower_bound' depends on axioms: [propext,
 Classical.choice,
 Quot.sound,
 checked._native.native_decide.ax_1_1,
 no_concurrent._native.native_decide.ax_1_1]
ℹ [3222/3320] Replayed Kobon.Certificates.N035T00385H9ee99af6
info: Kobon/Certificates/N035T00385H9ee99af6.lean:439:0: 'Kobon.Certificates.N035T00385H9ee99af6.checked' depends on axioms: [propext, checked._native.native_decide.ax_1_1]
info: Kobon/Certificates/N035T00385H9ee99af6.lean:440:0: 'Kobon.Certificates.N035T00385H9ee99af6.lower_bound' depends on axioms: [propext,
 Classical.choice,
 Quot.sound,
 checked._native.native_decide.ax_1_1]
ℹ [3223/3320] Replayed Kobon.SimpleCertificates.N035T00385H9ee99af6
info: Kobon/SimpleCertificates/N035T00385H9ee99af6.lean:13:0: 'Kobon.Certificates.N035T00385H9ee99af6.simple_lower_bound' depends on axioms: [propext,
 Classical.choice,
 Quot.sound,
 checked._native.native_decide.ax_1_1,
 no_concurrent._native.native_decide.ax_1_1]
ℹ [3224/3320] Replayed Kobon.Certificates.N036T00402H3fc01b7d
info: Kobon/Certificates/N036T00402H3fc01b7d.lean:457:0: 'Kobon.Certificates.N036T00402H3fc01b7d.checked' depends on axioms: [propext, checked._native.native_decide.ax_1_1]
info: Kobon/Certificates/N036T00402H3fc01b7d.lean:458:0: 'Kobon.Certificates.N036T00402H3fc01b7d.lower_bound' depends on axioms: [propext,
 Classical.choice,
 Quot.sound,
 checked._native.native_decide.ax_1_1]
ℹ [3225/3320] Replayed Kobon.SimpleCertificates.N036T00402H3fc01b7d
info: Kobon/SimpleCertificates/N036T00402H3fc01b7d.lean:13:0: 'Kobon.Certificates.N036T00402H3fc01b7d.simple_lower_bound' depends on axioms: [propext,
 Classical.choice,
 Quot.sound,
 checked._native.native_decide.ax_1_1,
 no_concurrent._native.native_decide.ax_1_1]
ℹ [3226/3320] Replayed Kobon.Certificates.N037T00431H11f0bde7
info: Kobon/Certificates/N037T00431H11f0bde7.lean:487:0: 'Kobon.Certificates.N037T00431H11f0bde7.checked' depends on axioms: [propext, checked._native.native_decide.ax_1_1]
info: Kobon/Certificates/N037T00431H11f0bde7.lean:488:0: 'Kobon.Certificates.N037T00431H11f0bde7.lower_bound' depends on axioms: [propext,
 Classical.choice,
 Quot.sound,
 checked._native.native_decide.ax_1_1]
ℹ [3227/3320] Replayed Kobon.SimpleCertificates.N037T00431H11f0bde7
info: Kobon/SimpleCertificates/N037T00431H11f0bde7.lean:13:0: 'Kobon.Certificates.N037T00431H11f0bde7.simple_lower_bound' depends on axioms: [propext,
 Classical.choice,
 Quot.sound,
 checked._native.native_decide.ax_1_1,
 no_concurrent._native.native_decide.ax_1_1]
ℹ [3228/3320] Replayed Kobon.Certificates.N038T00449H46ad5a32
info: Kobon/Certificates/N038T00449H46ad5a32.lean:506:0: 'Kobon.Certificates.N038T00449H46ad5a32.checked' depends on axioms: [propext, checked._native.native_decide.ax_1_1]
info: Kobon/Certificates/N038T00449H46ad5a32.lean:507:0: 'Kobon.Certificates.N038T00449H46ad5a32.lower_bound' depends on axioms: [propext,
 Classical.choice,
 Quot.sound,
 checked._native.native_decide.ax_1_1]
ℹ [3229/3320] Replayed Kobon.SimpleCertificates.N038T00449H46ad5a32
info: Kobon/SimpleCertificates/N038T00449H46ad5a32.lean:13:0: 'Kobon.Certificates.N038T00449H46ad5a32.simple_lower_bound' depends on axioms: [propext,
 Classical.choice,
 Quot.sound,
 checked._native.native_decide.ax_1_1,
 no_concurrent._native.native_decide.ax_1_1]
ℹ [3230/3320] Replayed Kobon.Certificates.N039T00469Hcf24d7d3
info: Kobon/Certificates/N039T00469Hcf24d7d3.lean:527:0: 'Kobon.Certificates.N039T00469Hcf24d7d3.checked' depends on axioms: [propext, checked._native.native_decide.ax_1_1]
info: Kobon/Certificates/N039T00469Hcf24d7d3.lean:528:0: 'Kobon.Certificates.N039T00469Hcf24d7d3.lower_bound' depends on axioms: [propext,
 Classical.choice,
 Quot.sound,
 checked._native.native_decide.ax_1_1]
ℹ [3231/3320] Replayed Kobon.Certificates.N040T00494H785374ca
info: Kobon/Certificates/N040T00494H785374ca.lean:553:0: 'Kobon.Certificates.N040T00494H785374ca.checked' depends on axioms: [propext, checked._native.native_decide.ax_1_1]
info: Kobon/Certificates/N040T00494H785374ca.lean:554:0: 'Kobon.Certificates.N040T00494H785374ca.lower_bound' depends on axioms: [propext,
 Classical.choice,
 Quot.sound,
 checked._native.native_decide.ax_1_1]
ℹ [3232/3320] Replayed Kobon.SimpleCertificates.N040T00494H785374ca
info: Kobon/SimpleCertificates/N040T00494H785374ca.lean:13:0: 'Kobon.Certificates.N040T00494H785374ca.simple_lower_bound' depends on axioms: [propext,
 Classical.choice,
 Quot.sound,
 checked._native.native_decide.ax_1_1,
 no_concurrent._native.native_decide.ax_1_1]
ℹ [3233/3320] Replayed Kobon.Certificates.N041T00533H01e2ef66
info: Kobon/Certificates/N041T00533H01e2ef66.lean:593:0: 'Kobon.Certificates.N041T00533H01e2ef66.checked' depends on axioms: [propext, checked._native.native_decide.ax_1_1]
info: Kobon/Certificates/N041T00533H01e2ef66.lean:594:0: 'Kobon.Certificates.N041T00533H01e2ef66.lower_bound' depends on axioms: [propext,
 Classical.choice,
 Quot.sound,
 checked._native.native_decide.ax_1_1]
ℹ [3234/3320] Replayed Kobon.SimpleCertificates.N041T00533H01e2ef66
info: Kobon/SimpleCertificates/N041T00533H01e2ef66.lean:13:0: 'Kobon.Certificates.N041T00533H01e2ef66.simple_lower_bound' depends on axioms: [propext,
 Classical.choice,
 Quot.sound,
 checked._native.native_decide.ax_1_1,
 no_concurrent._native.native_decide.ax_1_1]
ℹ [3235/3320] Replayed Kobon.Certificates.N042T00553H2bdc9d67
info: Kobon/Certificates/N042T00553H2bdc9d67.lean:614:0: 'Kobon.Certificates.N042T00553H2bdc9d67.checked' depends on axioms: [propext, checked._native.native_decide.ax_1_1]
info: Kobon/Certificates/N042T00553H2bdc9d67.lean:615:0: 'Kobon.Certificates.N042T00553H2bdc9d67.lower_bound' depends on axioms: [propext,
 Classical.choice,
 Quot.sound,
 checked._native.native_decide.ax_1_1]
ℹ [3236/3320] Replayed Kobon.SimpleCertificates.N042T00553H2bdc9d67
info: Kobon/SimpleCertificates/N042T00553H2bdc9d67.lean:13:0: 'Kobon.Certificates.N042T00553H2bdc9d67.simple_lower_bound' depends on axioms: [propext,
 Classical.choice,
 Quot.sound,
 checked._native.native_decide.ax_1_1,
 no_concurrent._native.native_decide.ax_1_1]
ℹ [3237/3320] Replayed Kobon.Certificates.N043T00587H861d8be2
info: Kobon/Certificates/N043T00587H861d8be2.lean:649:0: 'Kobon.Certificates.N043T00587H861d8be2.checked' depends on axioms: [propext, checked._native.native_decide.ax_1_1]
info: Kobon/Certificates/N043T00587H861d8be2.lean:650:0: 'Kobon.Certificates.N043T00587H861d8be2.lower_bound' depends on axioms: [propext,
 Classical.choice,
 Quot.sound,
 checked._native.native_decide.ax_1_1]
ℹ [3238/3320] Replayed Kobon.SimpleCertificates.N043T00587H861d8be2
info: Kobon/SimpleCertificates/N043T00587H861d8be2.lean:13:0: 'Kobon.Certificates.N043T00587H861d8be2.simple_lower_bound' depends on axioms: [propext,
 Classical.choice,
 Quot.sound,
 checked._native.native_decide.ax_1_1,
 no_concurrent._native.native_decide.ax_1_1]
ℹ [3239/3320] Replayed Kobon.Certificates.N044T00608Hb5277675
info: Kobon/Certificates/N044T00608Hb5277675.lean:671:0: 'Kobon.Certificates.N044T00608Hb5277675.checked' depends on axioms: [propext, checked._native.native_decide.ax_1_1]
info: Kobon/Certificates/N044T00608Hb5277675.lean:672:0: 'Kobon.Certificates.N044T00608Hb5277675.lower_bound' depends on axioms: [propext,
 Classical.choice,
 Quot.sound,
 checked._native.native_decide.ax_1_1]
ℹ [3240/3320] Replayed Kobon.SimpleCertificates.N044T00608Hb5277675
info: Kobon/SimpleCertificates/N044T00608Hb5277675.lean:13:0: 'Kobon.Certificates.N044T00608Hb5277675.simple_lower_bound' depends on axioms: [propext,
 Classical.choice,
 Quot.sound,
 checked._native.native_decide.ax_1_1,
 no_concurrent._native.native_decide.ax_1_1]
ℹ [3241/3320] Replayed Kobon.Certificates.N045T00645H3dc6e882
info: Kobon/Certificates/N045T00645H3dc6e882.lean:709:0: 'Kobon.Certificates.N045T00645H3dc6e882.checked' depends on axioms: [propext, checked._native.native_decide.ax_1_1]
info: Kobon/Certificates/N045T00645H3dc6e882.lean:710:0: 'Kobon.Certificates.N045T00645H3dc6e882.lower_bound' depends on axioms: [propext,
 Classical.choice,
 Quot.sound,
 checked._native.native_decide.ax_1_1]
ℹ [3242/3320] Replayed Kobon.SimpleCertificates.N045T00645H3dc6e882
info: Kobon/SimpleCertificates/N045T00645H3dc6e882.lean:13:0: 'Kobon.Certificates.N045T00645H3dc6e882.simple_lower_bound' depends on axioms: [propext,
 Classical.choice,
 Quot.sound,
 checked._native.native_decide.ax_1_1,
 no_concurrent._native.native_decide.ax_1_1]
ℹ [3243/3320] Replayed Kobon.Certificates.N046T00667H32b8ca2f
info: Kobon/Certificates/N046T00667H32b8ca2f.lean:732:0: 'Kobon.Certificates.N046T00667H32b8ca2f.checked' depends on axioms: [propext, checked._native.native_decide.ax_1_1]
info: Kobon/Certificates/N046T00667H32b8ca2f.lean:733:0: 'Kobon.Certificates.N046T00667H32b8ca2f.lower_bound' depends on axioms: [propext,
 Classical.choice,
 Quot.sound,
 checked._native.native_decide.ax_1_1]
ℹ [3244/3320] Replayed Kobon.SimpleCertificates.N046T00667H32b8ca2f
info: Kobon/SimpleCertificates/N046T00667H32b8ca2f.lean:13:0: 'Kobon.Certificates.N046T00667H32b8ca2f.simple_lower_bound' depends on axioms: [propext,
 Classical.choice,
 Quot.sound,
 checked._native.native_decide.ax_1_1,
 no_concurrent._native.native_decide.ax_1_1]
ℹ [3245/3320] Replayed Kobon.Certificates.N047T00690Hd8af27fc
info: Kobon/Certificates/N047T00690Hd8af27fc.lean:756:0: 'Kobon.Certificates.N047T00690Hd8af27fc.checked' depends on axioms: [propext, checked._native.native_decide.ax_1_1]
info: Kobon/Certificates/N047T00690Hd8af27fc.lean:757:0: 'Kobon.Certificates.N047T00690Hd8af27fc.lower_bound' depends on axioms: [propext,
 Classical.choice,
 Quot.sound,
 checked._native.native_decide.ax_1_1]
ℹ [3246/3320] Replayed Kobon.SimpleCertificates.N047T00690Hd8af27fc
info: Kobon/SimpleCertificates/N047T00690Hd8af27fc.lean:13:0: 'Kobon.Certificates.N047T00690Hd8af27fc.simple_lower_bound' depends on axioms: [propext,
 Classical.choice,
 Quot.sound,
 checked._native.native_decide.ax_1_1,
 no_concurrent._native.native_decide.ax_1_1]
ℹ [3247/3320] Replayed Kobon.Certificates.N048T00720H5e9767e7
info: Kobon/Certificates/N048T00720H5e9767e7.lean:787:0: 'Kobon.Certificates.N048T00720H5e9767e7.checked' depends on axioms: [propext, checked._native.native_decide.ax_1_1]
info: Kobon/Certificates/N048T00720H5e9767e7.lean:788:0: 'Kobon.Certificates.N048T00720H5e9767e7.lower_bound' depends on axioms: [propext,
 Classical.choice,
 Quot.sound,
 checked._native.native_decide.ax_1_1]
ℹ [3248/3320] Replayed Kobon.SimpleCertificates.N048T00720H5e9767e7
info: Kobon/SimpleCertificates/N048T00720H5e9767e7.lean:13:0: 'Kobon.Certificates.N048T00720H5e9767e7.simple_lower_bound' depends on axioms: [propext,
 Classical.choice,
 Quot.sound,
 checked._native.native_decide.ax_1_1,
 no_concurrent._native.native_decide.ax_1_1]
ℹ [3249/3320] Replayed Kobon.Certificates.N049T00767H957e6f15
info: Kobon/Certificates/N049T00767H957e6f15.lean:835:0: 'Kobon.Certificates.N049T00767H957e6f15.checked' depends on axioms: [propext, checked._native.native_decide.ax_1_1]
info: Kobon/Certificates/N049T00767H957e6f15.lean:836:0: 'Kobon.Certificates.N049T00767H957e6f15.lower_bound' depends on axioms: [propext,
 Classical.choice,
 Quot.sound,
 checked._native.native_decide.ax_1_1]
ℹ [3250/3320] Replayed Kobon.SimpleCertificates.N049T00767H957e6f15
info: Kobon/SimpleCertificates/N049T00767H957e6f15.lean:13:0: 'Kobon.Certificates.N049T00767H957e6f15.simple_lower_bound' depends on axioms: [propext,
 Classical.choice,
 Quot.sound,
 checked._native.native_decide.ax_1_1,
 no_concurrent._native.native_decide.ax_1_1]
ℹ [3251/3320] Replayed Kobon.Certificates.N050T00791H2ea22b55
info: Kobon/Certificates/N050T00791H2ea22b55.lean:860:0: 'Kobon.Certificates.N050T00791H2ea22b55.checked' depends on axioms: [propext, checked._native.native_decide.ax_1_1]
info: Kobon/Certificates/N050T00791H2ea22b55.lean:861:0: 'Kobon.Certificates.N050T00791H2ea22b55.lower_bound' depends on axioms: [propext,
 Classical.choice,
 Quot.sound,
 checked._native.native_decide.ax_1_1]
ℹ [3252/3320] Replayed Kobon.SimpleCertificates.N050T00791H2ea22b55
info: Kobon/SimpleCertificates/N050T00791H2ea22b55.lean:13:0: 'Kobon.Certificates.N050T00791H2ea22b55.simple_lower_bound' depends on axioms: [propext,
 Classical.choice,
 Quot.sound,
 checked._native.native_decide.ax_1_1,
 no_concurrent._native.native_decide.ax_1_1]
ℹ [3253/3320] Replayed Kobon.Certificates.N051T00817Hbd215f67
info: Kobon/Certificates/N051T00817Hbd215f67.lean:887:0: 'Kobon.Certificates.N051T00817Hbd215f67.checked' depends on axioms: [propext, checked._native.native_decide.ax_1_1]
info: Kobon/Certificates/N051T00817Hbd215f67.lean:888:0: 'Kobon.Certificates.N051T00817Hbd215f67.lower_bound' depends on axioms: [propext,
 Classical.choice,
 Quot.sound,
 checked._native.native_decide.ax_1_1]
ℹ [3254/3320] Replayed Kobon.Certificates.N052T00850H4b0d823a
info: Kobon/Certificates/N052T00850H4b0d823a.lean:921:0: 'Kobon.Certificates.N052T00850H4b0d823a.checked' depends on axioms: [propext, checked._native.native_decide.ax_1_1]
info: Kobon/Certificates/N052T00850H4b0d823a.lean:922:0: 'Kobon.Certificates.N052T00850H4b0d823a.lower_bound' depends on axioms: [propext,
 Classical.choice,
 Quot.sound,
 checked._native.native_decide.ax_1_1]
ℹ [3255/3320] Replayed Kobon.SimpleCertificates.N052T00850H4b0d823a
info: Kobon/SimpleCertificates/N052T00850H4b0d823a.lean:13:0: 'Kobon.Certificates.N052T00850H4b0d823a.simple_lower_bound' depends on axioms: [propext,
 Classical.choice,
 Quot.sound,
 checked._native.native_decide.ax_1_1,
 no_concurrent._native.native_decide.ax_1_1]
ℹ [3256/3320] Replayed Kobon.Certificates.N053T00884H723d7eff
info: Kobon/Certificates/N053T00884H723d7eff.lean:956:0: 'Kobon.Certificates.N053T00884H723d7eff.checked' depends on axioms: [propext, checked._native.native_decide.ax_1_1]
info: Kobon/Certificates/N053T00884H723d7eff.lean:957:0: 'Kobon.Certificates.N053T00884H723d7eff.lower_bound' depends on axioms: [propext,
 Classical.choice,
 Quot.sound,
 checked._native.native_decide.ax_1_1]
ℹ [3257/3320] Replayed Kobon.SimpleCertificates.N053T00884H723d7eff
info: Kobon/SimpleCertificates/N053T00884H723d7eff.lean:13:0: 'Kobon.Certificates.N053T00884H723d7eff.simple_lower_bound' depends on axioms: [propext,
 Classical.choice,
 Quot.sound,
 checked._native.native_decide.ax_1_1,
 no_concurrent._native.native_decide.ax_1_1]
ℹ [3258/3320] Replayed Kobon.Certificates.N054T00918H915abb8e
info: Kobon/Certificates/N054T00918H915abb8e.lean:991:0: 'Kobon.Certificates.N054T00918H915abb8e.checked' depends on axioms: [propext, checked._native.native_decide.ax_1_1]
info: Kobon/Certificates/N054T00918H915abb8e.lean:992:0: 'Kobon.Certificates.N054T00918H915abb8e.lower_bound' depends on axioms: [propext,
 Classical.choice,
 Quot.sound,
 checked._native.native_decide.ax_1_1]
ℹ [3259/3320] Replayed Kobon.SimpleCertificates.N054T00918H915abb8e
info: Kobon/SimpleCertificates/N054T00918H915abb8e.lean:13:0: 'Kobon.Certificates.N054T00918H915abb8e.simple_lower_bound' depends on axioms: [propext,
 Classical.choice,
 Quot.sound,
 checked._native.native_decide.ax_1_1,
 no_concurrent._native.native_decide.ax_1_1]
ℹ [3260/3320] Replayed Kobon.Certificates.N055T00954Hea7675d9
info: Kobon/Certificates/N055T00954Hea7675d9.lean:1028:0: 'Kobon.Certificates.N055T00954Hea7675d9.checked' depends on axioms: [propext, checked._native.native_decide.ax_1_1]
info: Kobon/Certificates/N055T00954Hea7675d9.lean:1029:0: 'Kobon.Certificates.N055T00954Hea7675d9.lower_bound' depends on axioms: [propext,
 Classical.choice,
 Quot.sound,
 checked._native.native_decide.ax_1_1]
ℹ [3261/3320] Replayed Kobon.SimpleCertificates.N055T00954Hea7675d9
info: Kobon/SimpleCertificates/N055T00954Hea7675d9.lean:13:0: 'Kobon.Certificates.N055T00954Hea7675d9.simple_lower_bound' depends on axioms: [propext,
 Classical.choice,
 Quot.sound,
 checked._native.native_decide.ax_1_1,
 no_concurrent._native.native_decide.ax_1_1]
ℹ [3262/3320] Replayed Kobon.Certificates.N056T00990Hde8a415c
info: Kobon/Certificates/N056T00990Hde8a415c.lean:1065:0: 'Kobon.Certificates.N056T00990Hde8a415c.checked' depends on axioms: [propext, checked._native.native_decide.ax_1_1]
info: Kobon/Certificates/N056T00990Hde8a415c.lean:1066:0: 'Kobon.Certificates.N056T00990Hde8a415c.lower_bound' depends on axioms: [propext,
 Classical.choice,
 Quot.sound,
 checked._native.native_decide.ax_1_1]
ℹ [3263/3320] Replayed Kobon.SimpleCertificates.N056T00990Hde8a415c
info: Kobon/SimpleCertificates/N056T00990Hde8a415c.lean:13:0: 'Kobon.Certificates.N056T00990Hde8a415c.simple_lower_bound' depends on axioms: [propext,
 Classical.choice,
 Quot.sound,
 checked._native.native_decide.ax_1_1,
 no_concurrent._native.native_decide.ax_1_1]
ℹ [3264/3320] Replayed Kobon.Certificates.N057T01045H9a1d337c
info: Kobon/Certificates/N057T01045H9a1d337c.lean:1121:0: 'Kobon.Certificates.N057T01045H9a1d337c.checked' depends on axioms: [propext, checked._native.native_decide.ax_1_1]
info: Kobon/Certificates/N057T01045H9a1d337c.lean:1122:0: 'Kobon.Certificates.N057T01045H9a1d337c.lower_bound' depends on axioms: [propext,
 Classical.choice,
 Quot.sound,
 checked._native.native_decide.ax_1_1]
ℹ [3265/3320] Replayed Kobon.SimpleCertificates.N057T01045H9a1d337c
info: Kobon/SimpleCertificates/N057T01045H9a1d337c.lean:13:0: 'Kobon.Certificates.N057T01045H9a1d337c.simple_lower_bound' depends on axioms: [propext,
 Classical.choice,
 Quot.sound,
 checked._native.native_decide.ax_1_1,
 no_concurrent._native.native_decide.ax_1_1]
ℹ [3266/3320] Replayed Kobon.Certificates.N058T01073Hd988db55
info: Kobon/Certificates/N058T01073Hd988db55.lean:1150:0: 'Kobon.Certificates.N058T01073Hd988db55.checked' depends on axioms: [propext, checked._native.native_decide.ax_1_1]
info: Kobon/Certificates/N058T01073Hd988db55.lean:1151:0: 'Kobon.Certificates.N058T01073Hd988db55.lower_bound' depends on axioms: [propext,
 Classical.choice,
 Quot.sound,
 checked._native.native_decide.ax_1_1]
ℹ [3267/3320] Replayed Kobon.SimpleCertificates.N058T01073Hd988db55
info: Kobon/SimpleCertificates/N058T01073Hd988db55.lean:13:0: 'Kobon.Certificates.N058T01073Hd988db55.simple_lower_bound' depends on axioms: [propext,
 Classical.choice,
 Quot.sound,
 checked._native.native_decide.ax_1_1,
 no_concurrent._native.native_decide.ax_1_1]
ℹ [3268/3320] Replayed Kobon.Certificates.N059T01102Hfd3b4280
info: Kobon/Certificates/N059T01102Hfd3b4280.lean:1180:0: 'Kobon.Certificates.N059T01102Hfd3b4280.checked' depends on axioms: [propext, checked._native.native_decide.ax_1_1]
info: Kobon/Certificates/N059T01102Hfd3b4280.lean:1181:0: 'Kobon.Certificates.N059T01102Hfd3b4280.lower_bound' depends on axioms: [propext,
 Classical.choice,
 Quot.sound,
 checked._native.native_decide.ax_1_1]
ℹ [3269/3320] Replayed Kobon.SimpleCertificates.N059T01102Hfd3b4280
info: Kobon/SimpleCertificates/N059T01102Hfd3b4280.lean:13:0: 'Kobon.Certificates.N059T01102Hfd3b4280.simple_lower_bound' depends on axioms: [propext,
 Classical.choice,
 Quot.sound,
 checked._native.native_decide.ax_1_1,
 no_concurrent._native.native_decide.ax_1_1]
ℹ [3270/3320] Replayed Kobon.Certificates.N060T01140H16af6d0b
info: Kobon/Certificates/N060T01140H16af6d0b.lean:1219:0: 'Kobon.Certificates.N060T01140H16af6d0b.checked' depends on axioms: [propext, checked._native.native_decide.ax_1_1]
info: Kobon/Certificates/N060T01140H16af6d0b.lean:1220:0: 'Kobon.Certificates.N060T01140H16af6d0b.lower_bound' depends on axioms: [propext,
 Classical.choice,
 Quot.sound,
 checked._native.native_decide.ax_1_1]
ℹ [3271/3320] Replayed Kobon.SimpleCertificates.N060T01140H16af6d0b
info: Kobon/SimpleCertificates/N060T01140H16af6d0b.lean:13:0: 'Kobon.Certificates.N060T01140H16af6d0b.simple_lower_bound' depends on axioms: [propext,
 Classical.choice,
 Quot.sound,
 checked._native.native_decide.ax_1_1,
 no_concurrent._native.native_decide.ax_1_1]
ℹ [3272/3320] Replayed Kobon.Certificates.N012T00037H8c718a33
info: Kobon/Certificates/N012T00037H8c718a33.lean:68:0: 'Kobon.Certificates.N012T00037H8c718a33.checked' depends on axioms: [propext, checked._native.native_decide.ax_1_1]
info: Kobon/Certificates/N012T00037H8c718a33.lean:69:0: 'Kobon.Certificates.N012T00037H8c718a33.lower_bound' depends on axioms: [propext,
 Classical.choice,
 Quot.sound,
 checked._native.native_decide.ax_1_1]
ℹ [3273/3320] Replayed Kobon.SimpleCertificates.N012T00037H8c718a33
info: Kobon/SimpleCertificates/N012T00037H8c718a33.lean:13:0: 'Kobon.Certificates.N012T00037H8c718a33.simple_lower_bound' depends on axioms: [propext,
 Classical.choice,
 Quot.sound,
 checked._native.native_decide.ax_1_1,
 no_concurrent._native.native_decide.ax_1_1]
ℹ [3274/3320] Replayed Kobon.Certificates.N039T00468H5c5b0b26
info: Kobon/Certificates/N039T00468H5c5b0b26.lean:526:0: 'Kobon.Certificates.N039T00468H5c5b0b26.checked' depends on axioms: [propext, checked._native.native_decide.ax_1_1]
info: Kobon/Certificates/N039T00468H5c5b0b26.lean:527:0: 'Kobon.Certificates.N039T00468H5c5b0b26.lower_bound' depends on axioms: [propext,
 Classical.choice,
 Quot.sound,
 checked._native.native_decide.ax_1_1]
ℹ [3275/3320] Replayed Kobon.SimpleCertificates.N039T00468H5c5b0b26
info: Kobon/SimpleCertificates/N039T00468H5c5b0b26.lean:13:0: 'Kobon.Certificates.N039T00468H5c5b0b26.simple_lower_bound' depends on axioms: [propext,
 Classical.choice,
 Quot.sound,
 checked._native.native_decide.ax_1_1,
 no_concurrent._native.native_decide.ax_1_1]
ℹ [3276/3320] Replayed Kobon.Certificates.N051T00816H6fa6b7d9
info: Kobon/Certificates/N051T00816H6fa6b7d9.lean:886:0: 'Kobon.Certificates.N051T00816H6fa6b7d9.checked' depends on axioms: [propext, checked._native.native_decide.ax_1_1]
info: Kobon/Certificates/N051T00816H6fa6b7d9.lean:887:0: 'Kobon.Certificates.N051T00816H6fa6b7d9.lower_bound' depends on axioms: [propext,
 Classical.choice,
 Quot.sound,
 checked._native.native_decide.ax_1_1]
ℹ [3277/3320] Replayed Kobon.SimpleCertificates.N051T00816H6fa6b7d9
info: Kobon/SimpleCertificates/N051T00816H6fa6b7d9.lean:13:0: 'Kobon.Certificates.N051T00816H6fa6b7d9.simple_lower_bound' depends on axioms: [propext,
 Classical.choice,
 Quot.sound,
 checked._native.native_decide.ax_1_1,
 no_concurrent._native.native_decide.ax_1_1]
ℹ [3278/3320] Replayed Kobon.Certificates.N005T00003H6265d6a7
info: Kobon/Certificates/N005T00003H6265d6a7.lean:27:0: 'Kobon.Certificates.N005T00003H6265d6a7.checked' depends on axioms: [propext, checked._native.native_decide.ax_1_1]
info: Kobon/Certificates/N005T00003H6265d6a7.lean:28:0: 'Kobon.Certificates.N005T00003H6265d6a7.lower_bound' depends on axioms: [propext,
 Classical.choice,
 Quot.sound,
 checked._native.native_decide.ax_1_1]
ℹ [3279/3320] Replayed Kobon.SimpleCertificates.N005T00003H6265d6a7
info: Kobon/SimpleCertificates/N005T00003H6265d6a7.lean:13:0: 'Kobon.Certificates.N005T00003H6265d6a7.simple_lower_bound' depends on axioms: [propext,
 Classical.choice,
 Quot.sound,
 checked._native.native_decide.ax_1_1,
 no_concurrent._native.native_decide.ax_1_1]
ℹ [3280/3320] Replayed Kobon.Certificates.N006T00004H7e060e9a
info: Kobon/Certificates/N006T00004H7e060e9a.lean:29:0: 'Kobon.Certificates.N006T00004H7e060e9a.checked' depends on axioms: [propext, checked._native.native_decide.ax_1_1]
info: Kobon/Certificates/N006T00004H7e060e9a.lean:30:0: 'Kobon.Certificates.N006T00004H7e060e9a.lower_bound' depends on axioms: [propext,
 Classical.choice,
 Quot.sound,
 checked._native.native_decide.ax_1_1]
ℹ [3281/3320] Replayed Kobon.SimpleCertificates.N006T00004H7e060e9a
info: Kobon/SimpleCertificates/N006T00004H7e060e9a.lean:13:0: 'Kobon.Certificates.N006T00004H7e060e9a.simple_lower_bound' depends on axioms: [propext,
 Classical.choice,
 Quot.sound,
 checked._native.native_decide.ax_1_1,
 no_concurrent._native.native_decide.ax_1_1]
ℹ [3282/3320] Replayed Kobon.Certificates.N019T00107H5d2a7588
info: Kobon/Certificates/N019T00107H5d2a7588.lean:145:0: 'Kobon.Certificates.N019T00107H5d2a7588.checked' depends on axioms: [propext, checked._native.native_decide.ax_1_1]
info: Kobon/Certificates/N019T00107H5d2a7588.lean:146:0: 'Kobon.Certificates.N019T00107H5d2a7588.lower_bound' depends on axioms: [propext,
 Classical.choice,
 Quot.sound,
 checked._native.native_decide.ax_1_1]
ℹ [3283/3320] Replayed Kobon.SimpleCertificates.N019T00107H5d2a7588
info: Kobon/SimpleCertificates/N019T00107H5d2a7588.lean:13:0: 'Kobon.Certificates.N019T00107H5d2a7588.simple_lower_bound' depends on axioms: [propext,
 Classical.choice,
 Quot.sound,
 checked._native.native_decide.ax_1_1,
 no_concurrent._native.native_decide.ax_1_1]
ℹ [3284/3320] Replayed Kobon.Certificates.N021T00126Hf18756b7
info: Kobon/Certificates/N021T00126Hf18756b7.lean:166:0: 'Kobon.Certificates.N021T00126Hf18756b7.checked' depends on axioms: [propext, checked._native.native_decide.ax_1_1]
info: Kobon/Certificates/N021T00126Hf18756b7.lean:167:0: 'Kobon.Certificates.N021T00126Hf18756b7.lower_bound' depends on axioms: [propext,
 Classical.choice,
 Quot.sound,
 checked._native.native_decide.ax_1_1]
ℹ [3285/3320] Replayed Kobon.SimpleCertificates.N021T00126Hf18756b7
info: Kobon/SimpleCertificates/N021T00126Hf18756b7.lean:13:0: 'Kobon.Certificates.N021T00126Hf18756b7.simple_lower_bound' depends on axioms: [propext,
 Classical.choice,
 Quot.sound,
 checked._native.native_decide.ax_1_1,
 no_concurrent._native.native_decide.ax_1_1]
ℹ [3286/3320] Replayed Kobon.Certificates.N005T00005Hdd0748b7
info: Kobon/Certificates/N005T00005Hdd0748b7.lean:29:0: 'Kobon.Certificates.N005T00005Hdd0748b7.checked' depends on axioms: [propext, checked._native.native_decide.ax_1_1]
info: Kobon/Certificates/N005T00005Hdd0748b7.lean:30:0: 'Kobon.Certificates.N005T00005Hdd0748b7.lower_bound' depends on axioms: [propext,
 Classical.choice,
 Quot.sound,
 checked._native.native_decide.ax_1_1]
ℹ [3287/3320] Replayed Kobon.SimpleCertificates.N005T00005Hdd0748b7
info: Kobon/SimpleCertificates/N005T00005Hdd0748b7.lean:13:0: 'Kobon.Certificates.N005T00005Hdd0748b7.simple_lower_bound' depends on axioms: [propext,
 Classical.choice,
 Quot.sound,
 checked._native.native_decide.ax_1_1,
 no_concurrent._native.native_decide.ax_1_1]
ℹ [3288/3320] Replayed Kobon.Certificates.N007T00010H4b5bb6e9
info: Kobon/Certificates/N007T00010H4b5bb6e9.lean:36:0: 'Kobon.Certificates.N007T00010H4b5bb6e9.checked' depends on axioms: [propext, checked._native.native_decide.ax_1_1]
info: Kobon/Certificates/N007T00010H4b5bb6e9.lean:37:0: 'Kobon.Certificates.N007T00010H4b5bb6e9.lower_bound' depends on axioms: [propext,
 Classical.choice,
 Quot.sound,
 checked._native.native_decide.ax_1_1]
ℹ [3289/3320] Replayed Kobon.SimpleCertificates.N007T00010H4b5bb6e9
info: Kobon/SimpleCertificates/N007T00010H4b5bb6e9.lean:13:0: 'Kobon.Certificates.N007T00010H4b5bb6e9.simple_lower_bound' depends on axioms: [propext,
 Classical.choice,
 Quot.sound,
 checked._native.native_decide.ax_1_1,
 no_concurrent._native.native_decide.ax_1_1]
ℹ [3290/3320] Replayed Kobon.Certificates.N021T00132H3d8bae2f
info: Kobon/Certificates/N021T00132H3d8bae2f.lean:172:0: 'Kobon.Certificates.N021T00132H3d8bae2f.checked' depends on axioms: [propext, checked._native.native_decide.ax_1_1]
info: Kobon/Certificates/N021T00132H3d8bae2f.lean:173:0: 'Kobon.Certificates.N021T00132H3d8bae2f.lower_bound' depends on axioms: [propext,
 Classical.choice,
 Quot.sound,
 checked._native.native_decide.ax_1_1]
ℹ [3291/3320] Replayed Kobon.SimpleCertificates.N021T00132H3d8bae2f
info: Kobon/SimpleCertificates/N021T00132H3d8bae2f.lean:13:0: 'Kobon.Certificates.N021T00132H3d8bae2f.simple_lower_bound' depends on axioms: [propext,
 Classical.choice,
 Quot.sound,
 checked._native.native_decide.ax_1_1,
 no_concurrent._native.native_decide.ax_1_1]
ℹ [3292/3320] Replayed Kobon.Certificates.N022T00142He683945e
info: Kobon/Certificates/N022T00142He683945e.lean:183:0: 'Kobon.Certificates.N022T00142He683945e.checked' depends on axioms: [propext, checked._native.native_decide.ax_1_1]
info: Kobon/Certificates/N022T00142He683945e.lean:184:0: 'Kobon.Certificates.N022T00142He683945e.lower_bound' depends on axioms: [propext,
 Classical.choice,
 Quot.sound,
 checked._native.native_decide.ax_1_1]
ℹ [3293/3320] Replayed Kobon.SimpleCertificates.N022T00142He683945e
info: Kobon/SimpleCertificates/N022T00142He683945e.lean:13:0: 'Kobon.Certificates.N022T00142He683945e.simple_lower_bound' depends on axioms: [propext,
 Classical.choice,
 Quot.sound,
 checked._native.native_decide.ax_1_1,
 no_concurrent._native.native_decide.ax_1_1]
ℹ [3294/3320] Replayed Kobon.Certificates.N041T00532H6d48a341
info: Kobon/Certificates/N041T00532H6d48a341.lean:592:0: 'Kobon.Certificates.N041T00532H6d48a341.checked' depends on axioms: [propext, checked._native.native_decide.ax_1_1]
info: Kobon/Certificates/N041T00532H6d48a341.lean:593:0: 'Kobon.Certificates.N041T00532H6d48a341.lower_bound' depends on axioms: [propext,
 Classical.choice,
 Quot.sound,
 checked._native.native_decide.ax_1_1]
ℹ [3295/3320] Replayed Kobon.SimpleCertificates.N041T00532H6d48a341
info: Kobon/SimpleCertificates/N041T00532H6d48a341.lean:13:0: 'Kobon.Certificates.N041T00532H6d48a341.simple_lower_bound' depends on axioms: [propext,
 Classical.choice,
 Quot.sound,
 checked._native.native_decide.ax_1_1,
 no_concurrent._native.native_decide.ax_1_1]
ℹ [3296/3320] Replayed Kobon.Certificates.N042T00552H7b29a6bd
info: Kobon/Certificates/N042T00552H7b29a6bd.lean:613:0: 'Kobon.Certificates.N042T00552H7b29a6bd.checked' depends on axioms: [propext, checked._native.native_decide.ax_1_1]
info: Kobon/Certificates/N042T00552H7b29a6bd.lean:614:0: 'Kobon.Certificates.N042T00552H7b29a6bd.lower_bound' depends on axioms: [propext,
 Classical.choice,
 Quot.sound,
 checked._native.native_decide.ax_1_1]
ℹ [3297/3320] Replayed Kobon.SimpleCertificates.N042T00552H7b29a6bd
info: Kobon/SimpleCertificates/N042T00552H7b29a6bd.lean:13:0: 'Kobon.Certificates.N042T00552H7b29a6bd.simple_lower_bound' depends on axioms: [propext,
 Classical.choice,
 Quot.sound,
 checked._native.native_decide.ax_1_1,
 no_concurrent._native.native_decide.ax_1_1]
ℹ [3298/3320] Replayed Kobon.Certificates.N081T02132H7bc6b303
info: Kobon/Certificates/N081T02132H7bc6b303.lean:2232:0: 'Kobon.Certificates.N081T02132H7bc6b303.checked' depends on axioms: [propext, checked._native.native_decide.ax_1_1]
info: Kobon/Certificates/N081T02132H7bc6b303.lean:2233:0: 'Kobon.Certificates.N081T02132H7bc6b303.lower_bound' depends on axioms: [propext,
 Classical.choice,
 Quot.sound,
 checked._native.native_decide.ax_1_1]
ℹ [3299/3320] Replayed Kobon.SimpleCertificates.N081T02132H7bc6b303
info: Kobon/SimpleCertificates/N081T02132H7bc6b303.lean:13:0: 'Kobon.Certificates.N081T02132H7bc6b303.simple_lower_bound' depends on axioms: [propext,
 Classical.choice,
 Quot.sound,
 checked._native.native_decide.ax_1_1,
 no_concurrent._native.native_decide.ax_1_1]
ℹ [3300/3320] Replayed Kobon.Certificates.N082T02172Hd75c9101
info: Kobon/Certificates/N082T02172Hd75c9101.lean:2273:0: 'Kobon.Certificates.N082T02172Hd75c9101.checked' depends on axioms: [propext, checked._native.native_decide.ax_1_1]
info: Kobon/Certificates/N082T02172Hd75c9101.lean:2274:0: 'Kobon.Certificates.N082T02172Hd75c9101.lower_bound' depends on axioms: [propext,
 Classical.choice,
 Quot.sound,
 checked._native.native_decide.ax_1_1]
ℹ [3301/3320] Replayed Kobon.SimpleCertificates.N082T02172Hd75c9101
info: Kobon/SimpleCertificates/N082T02172Hd75c9101.lean:13:0: 'Kobon.Certificates.N082T02172Hd75c9101.simple_lower_bound' depends on axioms: [propext,
 Classical.choice,
 Quot.sound,
 checked._native.native_decide.ax_1_1,
 no_concurrent._native.native_decide.ax_1_1]
ℹ [3302/3320] Replayed Kobon.Certificates.N161T08532H230691d5
info: Kobon/Certificates/N161T08532H230691d5.lean:8712:0: 'Kobon.Certificates.N161T08532H230691d5.checked' depends on axioms: [propext, checked._native.native_decide.ax_1_1]
info: Kobon/Certificates/N161T08532H230691d5.lean:8713:0: 'Kobon.Certificates.N161T08532H230691d5.lower_bound' depends on axioms: [propext,
 Classical.choice,
 Quot.sound,
 checked._native.native_decide.ax_1_1]
ℹ [3303/3320] Replayed Kobon.SimpleCertificates.N161T08532H230691d5
info: Kobon/SimpleCertificates/N161T08532H230691d5.lean:13:0: 'Kobon.Certificates.N161T08532H230691d5.simple_lower_bound' depends on axioms: [propext,
 Classical.choice,
 Quot.sound,
 checked._native.native_decide.ax_1_1,
 no_concurrent._native.native_decide.ax_1_1]
ℹ [3304/3320] Replayed Kobon.Certificates.N162T08612H1512e696
info: Kobon/Certificates/N162T08612H1512e696.lean:8793:0: 'Kobon.Certificates.N162T08612H1512e696.checked' depends on axioms: [propext, checked._native.native_decide.ax_1_1]
info: Kobon/Certificates/N162T08612H1512e696.lean:8794:0: 'Kobon.Certificates.N162T08612H1512e696.lower_bound' depends on axioms: [propext,
 Classical.choice,
 Quot.sound,
 checked._native.native_decide.ax_1_1]
ℹ [3305/3320] Replayed Kobon.SimpleCertificates.N162T08612H1512e696
info: Kobon/SimpleCertificates/N162T08612H1512e696.lean:13:0: 'Kobon.Certificates.N162T08612H1512e696.simple_lower_bound' depends on axioms: [propext,
 Classical.choice,
 Quot.sound,
 checked._native.native_decide.ax_1_1,
 no_concurrent._native.native_decide.ax_1_1]
ℹ [3306/3320] Replayed Kobon.Certificates.N009T00019He16410b8
info: Kobon/Certificates/N009T00019He16410b8.lean:47:0: 'Kobon.Certificates.N009T00019He16410b8.checked' depends on axioms: [propext, checked._native.native_decide.ax_1_1]
info: Kobon/Certificates/N009T00019He16410b8.lean:48:0: 'Kobon.Certificates.N009T00019He16410b8.lower_bound' depends on axioms: [propext,
 Classical.choice,
 Quot.sound,
 checked._native.native_decide.ax_1_1]
ℹ [3307/3320] Replayed Kobon.Certificates.N015T00061H7c38d54f
info: Kobon/Certificates/N015T00061H7c38d54f.lean:95:0: 'Kobon.Certificates.N015T00061H7c38d54f.checked' depends on axioms: [propext, checked._native.native_decide.ax_1_1]
info: Kobon/Certificates/N015T00061H7c38d54f.lean:96:0: 'Kobon.Certificates.N015T00061H7c38d54f.lower_bound' depends on axioms: [propext,
 Classical.choice,
 Quot.sound,
 checked._native.native_decide.ax_1_1]
ℹ [3308/3320] Replayed Kobon.Certificates.N021T00127Hb8dcff22
info: Kobon/Certificates/N021T00127Hb8dcff22.lean:167:0: 'Kobon.Certificates.N021T00127Hb8dcff22.checked' depends on axioms: [propext, checked._native.native_decide.ax_1_1]
info: Kobon/Certificates/N021T00127Hb8dcff22.lean:168:0: 'Kobon.Certificates.N021T00127Hb8dcff22.lower_bound' depends on axioms: [propext,
 Classical.choice,
 Quot.sound,
 checked._native.native_decide.ax_1_1]
ℹ [3309/3320] Replayed Kobon.Certificates.N027T00217H6670a2b1
info: Kobon/Certificates/N027T00217H6670a2b1.lean:263:0: 'Kobon.Certificates.N027T00217H6670a2b1.checked' depends on axioms: [propext, checked._native.native_decide.ax_1_1]
info: Kobon/Certificates/N027T00217H6670a2b1.lean:264:0: 'Kobon.Certificates.N027T00217H6670a2b1.lower_bound' depends on axioms: [propext,
 Classical.choice,
 Quot.sound,
 checked._native.native_decide.ax_1_1]
ℹ [3310/3320] Replayed Kobon.Certificates.N033T00331H25fd8f0c
info: Kobon/Certificates/N033T00331H25fd8f0c.lean:383:0: 'Kobon.Certificates.N033T00331H25fd8f0c.checked' depends on axioms: [propext, checked._native.native_decide.ax_1_1]
info: Kobon/Certificates/N033T00331H25fd8f0c.lean:384:0: 'Kobon.Certificates.N033T00331H25fd8f0c.lower_bound' depends on axioms: [propext,
 Classical.choice,
 Quot.sound,
 checked._native.native_decide.ax_1_1]
ℹ [3311/3320] Replayed Kobon.Certificates.N048T00715Hba6f5baa
info: Kobon/Certificates/N048T00715Hba6f5baa.lean:782:0: 'Kobon.Certificates.N048T00715Hba6f5baa.checked' depends on axioms: [propext, checked._native.native_decide.ax_1_1]
info: Kobon/Certificates/N048T00715Hba6f5baa.lean:783:0: 'Kobon.Certificates.N048T00715Hba6f5baa.lower_bound' depends on axioms: [propext,
 Classical.choice,
 Quot.sound,
 checked._native.native_decide.ax_1_1]
ℹ [3312/3320] Replayed Kobon.Certificates.N099T03169H4fef38d8
info: Kobon/Certificates/N099T03169H4fef38d8.lean:3287:0: 'Kobon.Certificates.N099T03169H4fef38d8.checked' depends on axioms: [propext, checked._native.native_decide.ax_1_1]
info: Kobon/Certificates/N099T03169H4fef38d8.lean:3288:0: 'Kobon.Certificates.N099T03169H4fef38d8.lower_bound' depends on axioms: [propext,
 Classical.choice,
 Quot.sound,
 checked._native.native_decide.ax_1_1]
ℹ [3313/3320] Replayed Kobon.Certificates.N195T12481Hcd3497db
info: Kobon/Certificates/N195T12481Hcd3497db.lean:12695:0: 'Kobon.Certificates.N195T12481Hcd3497db.checked' depends on axioms: [propext, checked._native.native_decide.ax_1_1]
info: Kobon/Certificates/N195T12481Hcd3497db.lean:12696:0: 'Kobon.Certificates.N195T12481Hcd3497db.lower_bound' depends on axioms: [propext,
 Classical.choice,
 Quot.sound,
 checked._native.native_decide.ax_1_1]
ℹ [3314/3320] Replayed Kobon.Certificates.N195T12480H1b9230fb
info: Kobon/Certificates/N195T12480H1b9230fb.lean:12694:0: 'Kobon.Certificates.N195T12480H1b9230fb.checked' depends on axioms: [propext, checked._native.native_decide.ax_1_1]
info: Kobon/Certificates/N195T12480H1b9230fb.lean:12695:0: 'Kobon.Certificates.N195T12480H1b9230fb.lower_bound' depends on axioms: [propext,
 Classical.choice,
 Quot.sound,
 checked._native.native_decide.ax_1_1]
ℹ [3315/3320] Replayed Kobon.SimpleCertificates.N195T12480H1b9230fb
info: Kobon/SimpleCertificates/N195T12480H1b9230fb.lean:13:0: 'Kobon.Certificates.N195T12480H1b9230fb.simple_lower_bound' depends on axioms: [propext,
 Classical.choice,
 Quot.sound,
 checked._native.native_decide.ax_1_1,
 no_concurrent._native.native_decide.ax_1_1]
ℹ [3316/3320] Replayed Kobon.Certificates.N044T00602H0b0250bf
info: Kobon/Certificates/N044T00602H0b0250bf.lean:665:0: 'Kobon.Certificates.N044T00602H0b0250bf.checked' depends on axioms: [propext, checked._native.native_decide.ax_1_1]
info: Kobon/Certificates/N044T00602H0b0250bf.lean:666:0: 'Kobon.Certificates.N044T00602H0b0250bf.lower_bound' depends on axioms: [propext,
 Classical.choice,
 Quot.sound,
 checked._native.native_decide.ax_1_1]
ℹ [3317/3320] Replayed Kobon.SimpleCertificates.N044T00602H0b0250bf
info: Kobon/SimpleCertificates/N044T00602H0b0250bf.lean:13:0: 'Kobon.Certificates.N044T00602H0b0250bf.simple_lower_bound' depends on axioms: [propext,
 Classical.choice,
 Quot.sound,
 checked._native.native_decide.ax_1_1,
 no_concurrent._native.native_decide.ax_1_1]
ℹ [3318/3320] Replayed Kobon.Certificates.N099T03168Ha0ea3082
info: Kobon/Certificates/N099T03168Ha0ea3082.lean:3286:0: 'Kobon.Certificates.N099T03168Ha0ea3082.checked' depends on axioms: [propext, checked._native.native_decide.ax_1_1]
info: Kobon/Certificates/N099T03168Ha0ea3082.lean:3287:0: 'Kobon.Certificates.N099T03168Ha0ea3082.lower_bound' depends on axioms: [propext,
 Classical.choice,
 Quot.sound,
 checked._native.native_decide.ax_1_1]
ℹ [3320/3406] Replayed Kobon.SimpleCertificates.N099T03168Ha0ea3082
info: Kobon/SimpleCertificates/N099T03168Ha0ea3082.lean:13:0: 'Kobon.Certificates.N099T03168Ha0ea3082.simple_lower_bound' depends on axioms: [propext,
 Classical.choice,
 Quot.sound,
 checked._native.native_decide.ax_1_1,
 no_concurrent._native.native_decide.ax_1_1]
ℹ [3321/3406] Replayed Kobon.Certificates.N039T00470H30caa6f7
info: Kobon/Certificates/N039T00470H30caa6f7.lean:528:0: 'Kobon.Certificates.N039T00470H30caa6f7.checked' depends on axioms: [propext, checked._native.native_decide.ax_1_1]
info: Kobon/Certificates/N039T00470H30caa6f7.lean:529:0: 'Kobon.Certificates.N039T00470H30caa6f7.lower_bound' depends on axioms: [propext,
 Classical.choice,
 Quot.sound,
 checked._native.native_decide.ax_1_1]
ℹ [3322/3406] Replayed Kobon.SimpleCertificates.N039T00470H30caa6f7
info: Kobon/SimpleCertificates/N039T00470H30caa6f7.lean:13:0: 'Kobon.Certificates.N039T00470H30caa6f7.simple_lower_bound' depends on axioms: [propext,
 Classical.choice,
 Quot.sound,
 checked._native.native_decide.ax_1_1,
 no_concurrent._native.native_decide.ax_1_1]
ℹ [3323/3406] Replayed Kobon.Certificates.N047T00691Hfac44af1
info: Kobon/Certificates/N047T00691Hfac44af1.lean:757:0: 'Kobon.Certificates.N047T00691Hfac44af1.checked' depends on axioms: [propext, checked._native.native_decide.ax_1_1]
info: Kobon/Certificates/N047T00691Hfac44af1.lean:758:0: 'Kobon.Certificates.N047T00691Hfac44af1.lower_bound' depends on axioms: [propext,
 Classical.choice,
 Quot.sound,
 checked._native.native_decide.ax_1_1]
ℹ [3324/3406] Replayed Kobon.SimpleCertificates.N047T00691Hfac44af1
info: Kobon/SimpleCertificates/N047T00691Hfac44af1.lean:13:0: 'Kobon.Certificates.N047T00691Hfac44af1.simple_lower_bound' depends on axioms: [propext,
 Classical.choice,
 Quot.sound,
 checked._native.native_decide.ax_1_1,
 no_concurrent._native.native_decide.ax_1_1]
ℹ [3325/3406] Replayed Kobon.Certificates.N048T00721H2fb5ef0d
info: Kobon/Certificates/N048T00721H2fb5ef0d.lean:788:0: 'Kobon.Certificates.N048T00721H2fb5ef0d.checked' depends on axioms: [propext, checked._native.native_decide.ax_1_1]
info: Kobon/Certificates/N048T00721H2fb5ef0d.lean:789:0: 'Kobon.Certificates.N048T00721H2fb5ef0d.lower_bound' depends on axioms: [propext,
 Classical.choice,
 Quot.sound,
 checked._native.native_decide.ax_1_1]
ℹ [3326/3406] Replayed Kobon.SimpleCertificates.N048T00721H2fb5ef0d
info: Kobon/SimpleCertificates/N048T00721H2fb5ef0d.lean:13:0: 'Kobon.Certificates.N048T00721H2fb5ef0d.simple_lower_bound' depends on axioms: [propext,
 Classical.choice,
 Quot.sound,
 checked._native.native_decide.ax_1_1,
 no_concurrent._native.native_decide.ax_1_1]
ℹ [3327/3406] Replayed Kobon.Certificates.N051T00818Hc18e1baf
info: Kobon/Certificates/N051T00818Hc18e1baf.lean:888:0: 'Kobon.Certificates.N051T00818Hc18e1baf.checked' depends on axioms: [propext, checked._native.native_decide.ax_1_1]
info: Kobon/Certificates/N051T00818Hc18e1baf.lean:889:0: 'Kobon.Certificates.N051T00818Hc18e1baf.lower_bound' depends on axioms: [propext,
 Classical.choice,
 Quot.sound,
 checked._native.native_decide.ax_1_1]
ℹ [3328/3406] Replayed Kobon.SimpleCertificates.N051T00818Hc18e1baf
info: Kobon/SimpleCertificates/N051T00818Hc18e1baf.lean:13:0: 'Kobon.Certificates.N051T00818Hc18e1baf.simple_lower_bound' depends on axioms: [propext,
 Classical.choice,
 Quot.sound,
 checked._native.native_decide.ax_1_1,
 no_concurrent._native.native_decide.ax_1_1]
ℹ [3329/3406] Replayed Kobon.Certificates.N053T00885H6bc5b14d
info: Kobon/Certificates/N053T00885H6bc5b14d.lean:957:0: 'Kobon.Certificates.N053T00885H6bc5b14d.checked' depends on axioms: [propext, checked._native.native_decide.ax_1_1]
info: Kobon/Certificates/N053T00885H6bc5b14d.lean:958:0: 'Kobon.Certificates.N053T00885H6bc5b14d.lower_bound' depends on axioms: [propext,
 Classical.choice,
 Quot.sound,
 checked._native.native_decide.ax_1_1]
ℹ [3330/3406] Replayed Kobon.SimpleCertificates.N053T00885H6bc5b14d
info: Kobon/SimpleCertificates/N053T00885H6bc5b14d.lean:13:0: 'Kobon.Certificates.N053T00885H6bc5b14d.simple_lower_bound' depends on axioms: [propext,
 Classical.choice,
 Quot.sound,
 checked._native.native_decide.ax_1_1,
 no_concurrent._native.native_decide.ax_1_1]
ℹ [3331/3406] Replayed Kobon.Certificates.N054T00919Ha254c1b4
info: Kobon/Certificates/N054T00919Ha254c1b4.lean:992:0: 'Kobon.Certificates.N054T00919Ha254c1b4.checked' depends on axioms: [propext, checked._native.native_decide.ax_1_1]
info: Kobon/Certificates/N054T00919Ha254c1b4.lean:993:0: 'Kobon.Certificates.N054T00919Ha254c1b4.lower_bound' depends on axioms: [propext,
 Classical.choice,
 Quot.sound,
 checked._native.native_decide.ax_1_1]
ℹ [3332/3406] Replayed Kobon.SimpleCertificates.N054T00919Ha254c1b4
info: Kobon/SimpleCertificates/N054T00919Ha254c1b4.lean:13:0: 'Kobon.Certificates.N054T00919Ha254c1b4.simple_lower_bound' depends on axioms: [propext,
 Classical.choice,
 Quot.sound,
 checked._native.native_decide.ax_1_1,
 no_concurrent._native.native_decide.ax_1_1]
ℹ [3333/3406] Replayed Kobon.Certificates.N055T00955H202625a3
info: Kobon/Certificates/N055T00955H202625a3.lean:1029:0: 'Kobon.Certificates.N055T00955H202625a3.checked' depends on axioms: [propext, checked._native.native_decide.ax_1_1]
info: Kobon/Certificates/N055T00955H202625a3.lean:1030:0: 'Kobon.Certificates.N055T00955H202625a3.lower_bound' depends on axioms: [propext,
 Classical.choice,
 Quot.sound,
 checked._native.native_decide.ax_1_1]
ℹ [3334/3406] Replayed Kobon.SimpleCertificates.N055T00955H202625a3
info: Kobon/SimpleCertificates/N055T00955H202625a3.lean:13:0: 'Kobon.Certificates.N055T00955H202625a3.simple_lower_bound' depends on axioms: [propext,
 Classical.choice,
 Quot.sound,
 checked._native.native_decide.ax_1_1,
 no_concurrent._native.native_decide.ax_1_1]
ℹ [3335/3406] Replayed Kobon.Certificates.N059T01103Hba482375
info: Kobon/Certificates/N059T01103Hba482375.lean:1181:0: 'Kobon.Certificates.N059T01103Hba482375.checked' depends on axioms: [propext, checked._native.native_decide.ax_1_1]
info: Kobon/Certificates/N059T01103Hba482375.lean:1182:0: 'Kobon.Certificates.N059T01103Hba482375.lower_bound' depends on axioms: [propext,
 Classical.choice,
 Quot.sound,
 checked._native.native_decide.ax_1_1]
ℹ [3336/3406] Replayed Kobon.SimpleCertificates.N059T01103Hba482375
info: Kobon/SimpleCertificates/N059T01103Hba482375.lean:13:0: 'Kobon.Certificates.N059T01103Hba482375.simple_lower_bound' depends on axioms: [propext,
 Classical.choice,
 Quot.sound,
 checked._native.native_decide.ax_1_1,
 no_concurrent._native.native_decide.ax_1_1]
ℹ [3337/3406] Replayed Kobon.Certificates.N060T01141H9bc5096c
info: Kobon/Certificates/N060T01141H9bc5096c.lean:1220:0: 'Kobon.Certificates.N060T01141H9bc5096c.checked' depends on axioms: [propext, checked._native.native_decide.ax_1_1]
info: Kobon/Certificates/N060T01141H9bc5096c.lean:1221:0: 'Kobon.Certificates.N060T01141H9bc5096c.lower_bound' depends on axioms: [propext,
 Classical.choice,
 Quot.sound,
 checked._native.native_decide.ax_1_1]
ℹ [3338/3406] Replayed Kobon.SimpleCertificates.N060T01141H9bc5096c
info: Kobon/SimpleCertificates/N060T01141H9bc5096c.lean:13:0: 'Kobon.Certificates.N060T01141H9bc5096c.simple_lower_bound' depends on axioms: [propext,
 Classical.choice,
 Quot.sound,
 checked._native.native_decide.ax_1_1,
 no_concurrent._native.native_decide.ax_1_1]
ℹ [3339/3406] Replayed Kobon.Certificates.N065T01365Hb1dcbeb4
info: Kobon/Certificates/N065T01365Hb1dcbeb4.lean:1449:0: 'Kobon.Certificates.N065T01365Hb1dcbeb4.checked' depends on axioms: [propext, checked._native.native_decide.ax_1_1]
info: Kobon/Certificates/N065T01365Hb1dcbeb4.lean:1450:0: 'Kobon.Certificates.N065T01365Hb1dcbeb4.lower_bound' depends on axioms: [propext,
 Classical.choice,
 Quot.sound,
 checked._native.native_decide.ax_1_1]
ℹ [3340/3406] Replayed Kobon.SimpleCertificates.N065T01365Hb1dcbeb4
info: Kobon/SimpleCertificates/N065T01365Hb1dcbeb4.lean:13:0: 'Kobon.Certificates.N065T01365Hb1dcbeb4.simple_lower_bound' depends on axioms: [propext,
 Classical.choice,
 Quot.sound,
 checked._native.native_decide.ax_1_1,
 no_concurrent._native.native_decide.ax_1_1]
ℹ [3341/3406] Replayed Kobon.Certificates.N066T01397H327ecbb9
info: Kobon/Certificates/N066T01397H327ecbb9.lean:1482:0: 'Kobon.Certificates.N066T01397H327ecbb9.checked' depends on axioms: [propext, checked._native.native_decide.ax_1_1]
info: Kobon/Certificates/N066T01397H327ecbb9.lean:1483:0: 'Kobon.Certificates.N066T01397H327ecbb9.lower_bound' depends on axioms: [propext,
 Classical.choice,
 Quot.sound,
 checked._native.native_decide.ax_1_1]
ℹ [3342/3406] Replayed Kobon.SimpleCertificates.N066T01397H327ecbb9
info: Kobon/SimpleCertificates/N066T01397H327ecbb9.lean:13:0: 'Kobon.Certificates.N066T01397H327ecbb9.simple_lower_bound' depends on axioms: [propext,
 Classical.choice,
 Quot.sound,
 checked._native.native_decide.ax_1_1,
 no_concurrent._native.native_decide.ax_1_1]
ℹ [3343/3406] Replayed Kobon.Certificates.N099T03170Hea507e2d
info: Kobon/Certificates/N099T03170Hea507e2d.lean:3288:0: 'Kobon.Certificates.N099T03170Hea507e2d.checked' depends on axioms: [propext, checked._native.native_decide.ax_1_1]
info: Kobon/Certificates/N099T03170Hea507e2d.lean:3289:0: 'Kobon.Certificates.N099T03170Hea507e2d.lower_bound' depends on axioms: [propext,
 Classical.choice,
 Quot.sound,
 checked._native.native_decide.ax_1_1]
ℹ [3344/3406] Replayed Kobon.SimpleCertificates.N099T03170Hea507e2d
info: Kobon/SimpleCertificates/N099T03170Hea507e2d.lean:13:0: 'Kobon.Certificates.N099T03170Hea507e2d.simple_lower_bound' depends on axioms: [propext,
 Classical.choice,
 Quot.sound,
 checked._native.native_decide.ax_1_1,
 no_concurrent._native.native_decide.ax_1_1]
ℹ [3345/3406] Replayed Kobon.Certificates.N129T05461H6dae0012
info: Kobon/Certificates/N129T05461H6dae0012.lean:5609:0: 'Kobon.Certificates.N129T05461H6dae0012.checked' depends on axioms: [propext, checked._native.native_decide.ax_1_1]
info: Kobon/Certificates/N129T05461H6dae0012.lean:5610:0: 'Kobon.Certificates.N129T05461H6dae0012.lower_bound' depends on axioms: [propext,
 Classical.choice,
 Quot.sound,
 checked._native.native_decide.ax_1_1]
ℹ [3346/3406] Replayed Kobon.SimpleCertificates.N129T05461H6dae0012
info: Kobon/SimpleCertificates/N129T05461H6dae0012.lean:13:0: 'Kobon.Certificates.N129T05461H6dae0012.simple_lower_bound' depends on axioms: [propext,
 Classical.choice,
 Quot.sound,
 checked._native.native_decide.ax_1_1,
 no_concurrent._native.native_decide.ax_1_1]
ℹ [3347/3406] Replayed Kobon.Certificates.N130T05525He0559b54
info: Kobon/Certificates/N130T05525He0559b54.lean:5674:0: 'Kobon.Certificates.N130T05525He0559b54.checked' depends on axioms: [propext, checked._native.native_decide.ax_1_1]
info: Kobon/Certificates/N130T05525He0559b54.lean:5675:0: 'Kobon.Certificates.N130T05525He0559b54.lower_bound' depends on axioms: [propext,
 Classical.choice,
 Quot.sound,
 checked._native.native_decide.ax_1_1]
ℹ [3348/3406] Replayed Kobon.SimpleCertificates.N130T05525He0559b54
info: Kobon/SimpleCertificates/N130T05525He0559b54.lean:13:0: 'Kobon.Certificates.N130T05525He0559b54.simple_lower_bound' depends on axioms: [propext,
 Classical.choice,
 Quot.sound,
 checked._native.native_decide.ax_1_1,
 no_concurrent._native.native_decide.ax_1_1]
ℹ [3349/3406] Replayed Kobon.Certificates.N195T12482H5413dd7b
info: Kobon/Certificates/N195T12482H5413dd7b.lean:12696:0: 'Kobon.Certificates.N195T12482H5413dd7b.checked' depends on axioms: [propext, checked._native.native_decide.ax_1_1]
info: Kobon/Certificates/N195T12482H5413dd7b.lean:12697:0: 'Kobon.Certificates.N195T12482H5413dd7b.lower_bound' depends on axioms: [propext,
 Classical.choice,
 Quot.sound,
 checked._native.native_decide.ax_1_1]
ℹ [3350/3406] Replayed Kobon.SimpleCertificates.N195T12482H5413dd7b
info: Kobon/SimpleCertificates/N195T12482H5413dd7b.lean:13:0: 'Kobon.Certificates.N195T12482H5413dd7b.simple_lower_bound' depends on axioms: [propext,
 Classical.choice,
 Quot.sound,
 checked._native.native_decide.ax_1_1,
 no_concurrent._native.native_decide.ax_1_1]
ℹ [3351/3406] Replayed Kobon.Certificates.N014T00054Hd47aea63
info: Kobon/Certificates/N014T00054Hd47aea63.lean:87:0: 'Kobon.Certificates.N014T00054Hd47aea63.checked' depends on axioms: [propext, checked._native.native_decide.ax_1_1]
info: Kobon/Certificates/N014T00054Hd47aea63.lean:88:0: 'Kobon.Certificates.N014T00054Hd47aea63.lower_bound' depends on axioms: [propext,
 Classical.choice,
 Quot.sound,
 checked._native.native_decide.ax_1_1]
ℹ [3352/3406] Replayed Kobon.Certificates.N014T00054H18bbcff4
info: Kobon/Certificates/N014T00054H18bbcff4.lean:87:0: 'Kobon.Certificates.N014T00054H18bbcff4.checked' depends on axioms: [propext, checked._native.native_decide.ax_1_1]
info: Kobon/Certificates/N014T00054H18bbcff4.lean:88:0: 'Kobon.Certificates.N014T00054H18bbcff4.lower_bound' depends on axioms: [propext,
 Classical.choice,
 Quot.sound,
 checked._native.native_decide.ax_1_1]
ℹ [3353/3406] Replayed Kobon.Certificates.N014T00054H78f750c0
info: Kobon/Certificates/N014T00054H78f750c0.lean:87:0: 'Kobon.Certificates.N014T00054H78f750c0.checked' depends on axioms: [propext, checked._native.native_decide.ax_1_1]
info: Kobon/Certificates/N014T00054H78f750c0.lean:88:0: 'Kobon.Certificates.N014T00054H78f750c0.lower_bound' depends on axioms: [propext,
 Classical.choice,
 Quot.sound,
 checked._native.native_decide.ax_1_1]
ℹ [3354/3406] Replayed Kobon.Certificates.N014T00054H912da8ec
info: Kobon/Certificates/N014T00054H912da8ec.lean:87:0: 'Kobon.Certificates.N014T00054H912da8ec.checked' depends on axioms: [propext, checked._native.native_decide.ax_1_1]
info: Kobon/Certificates/N014T00054H912da8ec.lean:88:0: 'Kobon.Certificates.N014T00054H912da8ec.lower_bound' depends on axioms: [propext,
 Classical.choice,
 Quot.sound,
 checked._native.native_decide.ax_1_1]
ℹ [3355/3406] Replayed Kobon.Certificates.N014T00054H91349990
info: Kobon/Certificates/N014T00054H91349990.lean:87:0: 'Kobon.Certificates.N014T00054H91349990.checked' depends on axioms: [propext, checked._native.native_decide.ax_1_1]
info: Kobon/Certificates/N014T00054H91349990.lean:88:0: 'Kobon.Certificates.N014T00054H91349990.lower_bound' depends on axioms: [propext,
 Classical.choice,
 Quot.sound,
 checked._native.native_decide.ax_1_1]
ℹ [3356/3406] Replayed Kobon.Certificates.N014T00054H9c871e10
info: Kobon/Certificates/N014T00054H9c871e10.lean:87:0: 'Kobon.Certificates.N014T00054H9c871e10.checked' depends on axioms: [propext, checked._native.native_decide.ax_1_1]
info: Kobon/Certificates/N014T00054H9c871e10.lean:88:0: 'Kobon.Certificates.N014T00054H9c871e10.lower_bound' depends on axioms: [propext,
 Classical.choice,
 Quot.sound,
 checked._native.native_decide.ax_1_1]
ℹ [3357/3406] Replayed Kobon.Certificates.N014T00054Hb3dcae0b
info: Kobon/Certificates/N014T00054Hb3dcae0b.lean:87:0: 'Kobon.Certificates.N014T00054Hb3dcae0b.checked' depends on axioms: [propext, checked._native.native_decide.ax_1_1]
info: Kobon/Certificates/N014T00054Hb3dcae0b.lean:88:0: 'Kobon.Certificates.N014T00054Hb3dcae0b.lower_bound' depends on axioms: [propext,
 Classical.choice,
 Quot.sound,
 checked._native.native_decide.ax_1_1]
ℹ [3358/3406] Replayed Kobon.Certificates.N014T00054H9219cdaa
info: Kobon/Certificates/N014T00054H9219cdaa.lean:87:0: 'Kobon.Certificates.N014T00054H9219cdaa.checked' depends on axioms: [propext, checked._native.native_decide.ax_1_1]
info: Kobon/Certificates/N014T00054H9219cdaa.lean:88:0: 'Kobon.Certificates.N014T00054H9219cdaa.lower_bound' depends on axioms: [propext,
 Classical.choice,
 Quot.sound,
 checked._native.native_decide.ax_1_1]
ℹ [3359/3406] Replayed Kobon.Certificates.N014T00054Hd2babc1b
info: Kobon/Certificates/N014T00054Hd2babc1b.lean:87:0: 'Kobon.Certificates.N014T00054Hd2babc1b.checked' depends on axioms: [propext, checked._native.native_decide.ax_1_1]
info: Kobon/Certificates/N014T00054Hd2babc1b.lean:88:0: 'Kobon.Certificates.N014T00054Hd2babc1b.lower_bound' depends on axioms: [propext,
 Classical.choice,
 Quot.sound,
 checked._native.native_decide.ax_1_1]
ℹ [3360/3406] Replayed Kobon.Certificates.N014T00054H2b34ca22
info: Kobon/Certificates/N014T00054H2b34ca22.lean:87:0: 'Kobon.Certificates.N014T00054H2b34ca22.checked' depends on axioms: [propext, checked._native.native_decide.ax_1_1]
info: Kobon/Certificates/N014T00054H2b34ca22.lean:88:0: 'Kobon.Certificates.N014T00054H2b34ca22.lower_bound' depends on axioms: [propext,
 Classical.choice,
 Quot.sound,
 checked._native.native_decide.ax_1_1]
ℹ [3361/3406] Replayed Kobon.Certificates.N014T00054Hfa427b3d
info: Kobon/Certificates/N014T00054Hfa427b3d.lean:87:0: 'Kobon.Certificates.N014T00054Hfa427b3d.checked' depends on axioms: [propext, checked._native.native_decide.ax_1_1]
info: Kobon/Certificates/N014T00054Hfa427b3d.lean:88:0: 'Kobon.Certificates.N014T00054Hfa427b3d.lower_bound' depends on axioms: [propext,
 Classical.choice,
 Quot.sound,
 checked._native.native_decide.ax_1_1]
ℹ [3362/3406] Replayed Kobon.Certificates.N014T00054H1ec1fd5c
info: Kobon/Certificates/N014T00054H1ec1fd5c.lean:87:0: 'Kobon.Certificates.N014T00054H1ec1fd5c.checked' depends on axioms: [propext, checked._native.native_decide.ax_1_1]
info: Kobon/Certificates/N014T00054H1ec1fd5c.lean:88:0: 'Kobon.Certificates.N014T00054H1ec1fd5c.lower_bound' depends on axioms: [propext,
 Classical.choice,
 Quot.sound,
 checked._native.native_decide.ax_1_1]
ℹ [3363/3406] Replayed Kobon.Certificates.N014T00054H3e5d182f
info: Kobon/Certificates/N014T00054H3e5d182f.lean:87:0: 'Kobon.Certificates.N014T00054H3e5d182f.checked' depends on axioms: [propext, checked._native.native_decide.ax_1_1]
info: Kobon/Certificates/N014T00054H3e5d182f.lean:88:0: 'Kobon.Certificates.N014T00054H3e5d182f.lower_bound' depends on axioms: [propext,
 Classical.choice,
 Quot.sound,
 checked._native.native_decide.ax_1_1]
ℹ [3364/3406] Replayed Kobon.Certificates.N014T00054H17f8c052
info: Kobon/Certificates/N014T00054H17f8c052.lean:87:0: 'Kobon.Certificates.N014T00054H17f8c052.checked' depends on axioms: [propext, checked._native.native_decide.ax_1_1]
info: Kobon/Certificates/N014T00054H17f8c052.lean:88:0: 'Kobon.Certificates.N014T00054H17f8c052.lower_bound' depends on axioms: [propext,
 Classical.choice,
 Quot.sound,
 checked._native.native_decide.ax_1_1]
ℹ [3365/3406] Replayed Kobon.Certificates.N014T00054Hc472f972
info: Kobon/Certificates/N014T00054Hc472f972.lean:87:0: 'Kobon.Certificates.N014T00054Hc472f972.checked' depends on axioms: [propext, checked._native.native_decide.ax_1_1]
info: Kobon/Certificates/N014T00054Hc472f972.lean:88:0: 'Kobon.Certificates.N014T00054Hc472f972.lower_bound' depends on axioms: [propext,
 Classical.choice,
 Quot.sound,
 checked._native.native_decide.ax_1_1]
ℹ [3366/3406] Replayed Kobon.Certificates.N014T00052H2eb83dc2
info: Kobon/Certificates/N014T00052H2eb83dc2.lean:85:0: 'Kobon.Certificates.N014T00052H2eb83dc2.checked' depends on axioms: [propext, checked._native.native_decide.ax_1_1]
info: Kobon/Certificates/N014T00052H2eb83dc2.lean:86:0: 'Kobon.Certificates.N014T00052H2eb83dc2.lower_bound' depends on axioms: [propext,
 Classical.choice,
 Quot.sound,
 checked._native.native_decide.ax_1_1]
ℹ [3367/3406] Replayed Kobon.SimpleCertificates.N014T00052H2eb83dc2
info: Kobon/SimpleCertificates/N014T00052H2eb83dc2.lean:13:0: 'Kobon.Certificates.N014T00052H2eb83dc2.simple_lower_bound' depends on axioms: [propext,
 Classical.choice,
 Quot.sound,
 checked._native.native_decide.ax_1_1,
 no_concurrent._native.native_decide.ax_1_1]
ℹ [3368/3406] Replayed Kobon.Certificates.N014T00053H5e6068f5
info: Kobon/Certificates/N014T00053H5e6068f5.lean:86:0: 'Kobon.Certificates.N014T00053H5e6068f5.checked' depends on axioms: [propext, checked._native.native_decide.ax_1_1]
info: Kobon/Certificates/N014T00053H5e6068f5.lean:87:0: 'Kobon.Certificates.N014T00053H5e6068f5.lower_bound' depends on axioms: [propext,
 Classical.choice,
 Quot.sound,
 checked._native.native_decide.ax_1_1]
ℹ [3369/3406] Replayed Kobon.SimpleCertificates.N014T00053H5e6068f5
info: Kobon/SimpleCertificates/N014T00053H5e6068f5.lean:13:0: 'Kobon.Certificates.N014T00053H5e6068f5.simple_lower_bound' depends on axioms: [propext,
 Classical.choice,
 Quot.sound,
 checked._native.native_decide.ax_1_1,
 no_concurrent._native.native_decide.ax_1_1]
ℹ [3370/3406] Replayed Kobon.Certificates.N014T00052Hb3f4749f
info: Kobon/Certificates/N014T00052Hb3f4749f.lean:85:0: 'Kobon.Certificates.N014T00052Hb3f4749f.checked' depends on axioms: [propext, checked._native.native_decide.ax_1_1]
info: Kobon/Certificates/N014T00052Hb3f4749f.lean:86:0: 'Kobon.Certificates.N014T00052Hb3f4749f.lower_bound' depends on axioms: [propext,
 Classical.choice,
 Quot.sound,
 checked._native.native_decide.ax_1_1]
ℹ [3371/3406] Replayed Kobon.SimpleCertificates.N014T00052Hb3f4749f
info: Kobon/SimpleCertificates/N014T00052Hb3f4749f.lean:13:0: 'Kobon.Certificates.N014T00052Hb3f4749f.simple_lower_bound' depends on axioms: [propext,
 Classical.choice,
 Quot.sound,
 checked._native.native_decide.ax_1_1,
 no_concurrent._native.native_decide.ax_1_1]
ℹ [3372/3406] Replayed Kobon.Certificates.N014T00052Hc6615430
info: Kobon/Certificates/N014T00052Hc6615430.lean:85:0: 'Kobon.Certificates.N014T00052Hc6615430.checked' depends on axioms: [propext, checked._native.native_decide.ax_1_1]
info: Kobon/Certificates/N014T00052Hc6615430.lean:86:0: 'Kobon.Certificates.N014T00052Hc6615430.lower_bound' depends on axioms: [propext,
 Classical.choice,
 Quot.sound,
 checked._native.native_decide.ax_1_1]
ℹ [3373/3406] Replayed Kobon.SimpleCertificates.N014T00052Hc6615430
info: Kobon/SimpleCertificates/N014T00052Hc6615430.lean:13:0: 'Kobon.Certificates.N014T00052Hc6615430.simple_lower_bound' depends on axioms: [propext,
 Classical.choice,
 Quot.sound,
 checked._native.native_decide.ax_1_1,
 no_concurrent._native.native_decide.ax_1_1]
ℹ [3374/3406] Replayed Kobon.Certificates.N008T00014Hebff5868
info: Kobon/Certificates/N008T00014Hebff5868.lean:41:0: 'Kobon.Certificates.N008T00014Hebff5868.checked' depends on axioms: [propext, checked._native.native_decide.ax_1_1]
info: Kobon/Certificates/N008T00014Hebff5868.lean:42:0: 'Kobon.Certificates.N008T00014Hebff5868.lower_bound' depends on axioms: [propext,
 Classical.choice,
 Quot.sound,
 checked._native.native_decide.ax_1_1]
ℹ [3375/3406] Replayed Kobon.SimpleCertificates.N008T00014Hebff5868
info: Kobon/SimpleCertificates/N008T00014Hebff5868.lean:13:0: 'Kobon.Certificates.N008T00014Hebff5868.simple_lower_bound' depends on axioms: [propext,
 Classical.choice,
 Quot.sound,
 checked._native.native_decide.ax_1_1,
 no_concurrent._native.native_decide.ax_1_1]
ℹ [3376/3406] Replayed Kobon.Certificates.N014T00051Hd67e7a6b
info: Kobon/Certificates/N014T00051Hd67e7a6b.lean:84:0: 'Kobon.Certificates.N014T00051Hd67e7a6b.checked' depends on axioms: [propext, checked._native.native_decide.ax_1_1]
info: Kobon/Certificates/N014T00051Hd67e7a6b.lean:85:0: 'Kobon.Certificates.N014T00051Hd67e7a6b.lower_bound' depends on axioms: [propext,
 Classical.choice,
 Quot.sound,
 checked._native.native_decide.ax_1_1]
ℹ [3377/3406] Replayed Kobon.SimpleCertificates.N014T00051Hd67e7a6b
info: Kobon/SimpleCertificates/N014T00051Hd67e7a6b.lean:13:0: 'Kobon.Certificates.N014T00051Hd67e7a6b.simple_lower_bound' depends on axioms: [propext,
 Classical.choice,
 Quot.sound,
 checked._native.native_decide.ax_1_1,
 no_concurrent._native.native_decide.ax_1_1]
ℹ [3378/3406] Replayed Kobon.Certificates.N020T00114Hbc312fc8
info: Kobon/Certificates/N020T00114Hbc312fc8.lean:153:0: 'Kobon.Certificates.N020T00114Hbc312fc8.checked' depends on axioms: [propext, checked._native.native_decide.ax_1_1]
info: Kobon/Certificates/N020T00114Hbc312fc8.lean:154:0: 'Kobon.Certificates.N020T00114Hbc312fc8.lower_bound' depends on axioms: [propext,
 Classical.choice,
 Quot.sound,
 checked._native.native_decide.ax_1_1]
ℹ [3379/3406] Replayed Kobon.SimpleCertificates.N020T00114Hbc312fc8
info: Kobon/SimpleCertificates/N020T00114Hbc312fc8.lean:13:0: 'Kobon.Certificates.N020T00114Hbc312fc8.simple_lower_bound' depends on axioms: [propext,
 Classical.choice,
 Quot.sound,
 checked._native.native_decide.ax_1_1,
 no_concurrent._native.native_decide.ax_1_1]
ℹ [3380/3406] Replayed Kobon.Certificates.N026T00203H5452b4ff
info: Kobon/Certificates/N026T00203H5452b4ff.lean:248:0: 'Kobon.Certificates.N026T00203H5452b4ff.checked' depends on axioms: [propext, checked._native.native_decide.ax_1_1]
info: Kobon/Certificates/N026T00203H5452b4ff.lean:249:0: 'Kobon.Certificates.N026T00203H5452b4ff.lower_bound' depends on axioms: [propext,
 Classical.choice,
 Quot.sound,
 checked._native.native_decide.ax_1_1]
ℹ [3381/3406] Replayed Kobon.SimpleCertificates.N026T00203H5452b4ff
info: Kobon/SimpleCertificates/N026T00203H5452b4ff.lean:13:0: 'Kobon.Certificates.N026T00203H5452b4ff.simple_lower_bound' depends on axioms: [propext,
 Classical.choice,
 Quot.sound,
 checked._native.native_decide.ax_1_1,
 no_concurrent._native.native_decide.ax_1_1]
ℹ [3382/3406] Replayed Kobon.Certificates.N032T00313H018f9fc6
info: Kobon/Certificates/N032T00313H018f9fc6.lean:364:0: 'Kobon.Certificates.N032T00313H018f9fc6.checked' depends on axioms: [propext, checked._native.native_decide.ax_1_1]
info: Kobon/Certificates/N032T00313H018f9fc6.lean:365:0: 'Kobon.Certificates.N032T00313H018f9fc6.lower_bound' depends on axioms: [propext,
 Classical.choice,
 Quot.sound,
 checked._native.native_decide.ax_1_1]
ℹ [3383/3406] Replayed Kobon.SimpleCertificates.N032T00313H018f9fc6
info: Kobon/SimpleCertificates/N032T00313H018f9fc6.lean:13:0: 'Kobon.Certificates.N032T00313H018f9fc6.simple_lower_bound' depends on axioms: [propext,
 Classical.choice,
 Quot.sound,
 checked._native.native_decide.ax_1_1,
 no_concurrent._native.native_decide.ax_1_1]
ℹ [3384/3406] Replayed Kobon.Certificates.N038T00448H7d59f504
info: Kobon/Certificates/N038T00448H7d59f504.lean:505:0: 'Kobon.Certificates.N038T00448H7d59f504.checked' depends on axioms: [propext, checked._native.native_decide.ax_1_1]
info: Kobon/Certificates/N038T00448H7d59f504.lean:506:0: 'Kobon.Certificates.N038T00448H7d59f504.lower_bound' depends on axioms: [propext,
 Classical.choice,
 Quot.sound,
 checked._native.native_decide.ax_1_1]
ℹ [3385/3406] Replayed Kobon.SimpleCertificates.N038T00448H7d59f504
info: Kobon/SimpleCertificates/N038T00448H7d59f504.lean:13:0: 'Kobon.Certificates.N038T00448H7d59f504.simple_lower_bound' depends on axioms: [propext,
 Classical.choice,
 Quot.sound,
 checked._native.native_decide.ax_1_1,
 no_concurrent._native.native_decide.ax_1_1]
ℹ [3386/3406] Replayed Kobon.Certificates.N050T00791H6bde86a3
info: Kobon/Certificates/N050T00791H6bde86a3.lean:860:0: 'Kobon.Certificates.N050T00791H6bde86a3.checked' depends on axioms: [propext, checked._native.native_decide.ax_1_1]
info: Kobon/Certificates/N050T00791H6bde86a3.lean:861:0: 'Kobon.Certificates.N050T00791H6bde86a3.lower_bound' depends on axioms: [propext,
 Classical.choice,
 Quot.sound,
 checked._native.native_decide.ax_1_1]
ℹ [3387/3406] Replayed Kobon.SimpleCertificates.N050T00791H6bde86a3
info: Kobon/SimpleCertificates/N050T00791H6bde86a3.lean:13:0: 'Kobon.Certificates.N050T00791H6bde86a3.simple_lower_bound' depends on axioms: [propext,
 Classical.choice,
 Quot.sound,
 checked._native.native_decide.ax_1_1,
 no_concurrent._native.native_decide.ax_1_1]
ℹ [3388/3406] Replayed Kobon.Certificates.N008T00015Ha1380810
info: Kobon/Certificates/N008T00015Ha1380810.lean:42:0: 'Kobon.Certificates.N008T00015Ha1380810.checked' depends on axioms: [propext, checked._native.native_decide.ax_1_1]
info: Kobon/Certificates/N008T00015Ha1380810.lean:43:0: 'Kobon.Certificates.N008T00015Ha1380810.lower_bound' depends on axioms: [propext,
 Classical.choice,
 Quot.sound,
 checked._native.native_decide.ax_1_1]
ℹ [3389/3406] Replayed Kobon.Certificates.N014T00054H10576514
info: Kobon/Certificates/N014T00054H10576514.lean:87:0: 'Kobon.Certificates.N014T00054H10576514.checked' depends on axioms: [propext, checked._native.native_decide.ax_1_1]
info: Kobon/Certificates/N014T00054H10576514.lean:88:0: 'Kobon.Certificates.N014T00054H10576514.lower_bound' depends on axioms: [propext,
 Classical.choice,
 Quot.sound,
 checked._native.native_decide.ax_1_1]
ℹ [3390/3406] Replayed Kobon.Certificates.N020T00117H382171ac
info: Kobon/Certificates/N020T00117H382171ac.lean:156:0: 'Kobon.Certificates.N020T00117H382171ac.checked' depends on axioms: [propext, checked._native.native_decide.ax_1_1]
info: Kobon/Certificates/N020T00117H382171ac.lean:157:0: 'Kobon.Certificates.N020T00117H382171ac.lower_bound' depends on axioms: [propext,
 Classical.choice,
 Quot.sound,
 checked._native.native_decide.ax_1_1]
ℹ [3391/3406] Replayed Kobon.Certificates.N026T00204Hf71379c4
info: Kobon/Certificates/N026T00204Hf71379c4.lean:249:0: 'Kobon.Certificates.N026T00204Hf71379c4.checked' depends on axioms: [propext, checked._native.native_decide.ax_1_1]
info: Kobon/Certificates/N026T00204Hf71379c4.lean:250:0: 'Kobon.Certificates.N026T00204Hf71379c4.lower_bound' depends on axioms: [propext,
 Classical.choice,
 Quot.sound,
 checked._native.native_decide.ax_1_1]
ℹ [3392/3406] Replayed Kobon.Certificates.N032T00315H5914f2bb
info: Kobon/Certificates/N032T00315H5914f2bb.lean:366:0: 'Kobon.Certificates.N032T00315H5914f2bb.checked' depends on axioms: [propext, checked._native.native_decide.ax_1_1]
info: Kobon/Certificates/N032T00315H5914f2bb.lean:367:0: 'Kobon.Certificates.N032T00315H5914f2bb.lower_bound' depends on axioms: [propext,
 Classical.choice,
 Quot.sound,
 checked._native.native_decide.ax_1_1]
ℹ [3393/3406] Replayed Kobon.Certificates.N036T00402Hce43a107
info: Kobon/Certificates/N036T00402Hce43a107.lean:457:0: 'Kobon.Certificates.N036T00402Hce43a107.checked' depends on axioms: [propext, checked._native.native_decide.ax_1_1]
info: Kobon/Certificates/N036T00402Hce43a107.lean:458:0: 'Kobon.Certificates.N036T00402Hce43a107.lower_bound' depends on axioms: [propext,
 Classical.choice,
 Quot.sound,
 checked._native.native_decide.ax_1_1]
ℹ [3394/3406] Replayed Kobon.SimpleCertificates.N036T00402Hce43a107
info: Kobon/SimpleCertificates/N036T00402Hce43a107.lean:13:0: 'Kobon.Certificates.N036T00402Hce43a107.simple_lower_bound' depends on axioms: [propext,
 Classical.choice,
 Quot.sound,
 checked._native.native_decide.ax_1_1,
 no_concurrent._native.native_decide.ax_1_1]
ℹ [3395/3406] Replayed Kobon.Certificates.N038T00450H8ba2bdb1
info: Kobon/Certificates/N038T00450H8ba2bdb1.lean:507:0: 'Kobon.Certificates.N038T00450H8ba2bdb1.checked' depends on axioms: [propext, checked._native.native_decide.ax_1_1]
info: Kobon/Certificates/N038T00450H8ba2bdb1.lean:508:0: 'Kobon.Certificates.N038T00450H8ba2bdb1.lower_bound' depends on axioms: [propext,
 Classical.choice,
 Quot.sound,
 checked._native.native_decide.ax_1_1]
ℹ [3396/3406] Replayed Kobon.Certificates.N042T00553H9849e255
info: Kobon/Certificates/N042T00553H9849e255.lean:614:0: 'Kobon.Certificates.N042T00553H9849e255.checked' depends on axioms: [propext, checked._native.native_decide.ax_1_1]
info: Kobon/Certificates/N042T00553H9849e255.lean:615:0: 'Kobon.Certificates.N042T00553H9849e255.lower_bound' depends on axioms: [propext,
 Classical.choice,
 Quot.sound,
 checked._native.native_decide.ax_1_1]
ℹ [3397/3406] Replayed Kobon.SimpleCertificates.N042T00553H9849e255
info: Kobon/SimpleCertificates/N042T00553H9849e255.lean:13:0: 'Kobon.Certificates.N042T00553H9849e255.simple_lower_bound' depends on axioms: [propext,
 Classical.choice,
 Quot.sound,
 checked._native.native_decide.ax_1_1,
 no_concurrent._native.native_decide.ax_1_1]
ℹ [3398/3406] Replayed Kobon.Certificates.N050T00792H3d40cb58
info: Kobon/Certificates/N050T00792H3d40cb58.lean:861:0: 'Kobon.Certificates.N050T00792H3d40cb58.checked' depends on axioms: [propext, checked._native.native_decide.ax_1_1]
info: Kobon/Certificates/N050T00792H3d40cb58.lean:862:0: 'Kobon.Certificates.N050T00792H3d40cb58.lower_bound' depends on axioms: [propext,
 Classical.choice,
 Quot.sound,
 checked._native.native_decide.ax_1_1]
ℹ [3399/3406] Replayed Kobon.Certificates.N019T00107H6e8ca6f5
info: Kobon/Certificates/N019T00107H6e8ca6f5.lean:145:0: 'Kobon.Certificates.N019T00107H6e8ca6f5.checked' depends on axioms: [propext, checked._native.native_decide.ax_1_1]
info: Kobon/Certificates/N019T00107H6e8ca6f5.lean:146:0: 'Kobon.Certificates.N019T00107H6e8ca6f5.lower_bound' depends on axioms: [propext,
 Classical.choice,
 Quot.sound,
 checked._native.native_decide.ax_1_1]
ℹ [3400/3406] Replayed Kobon.SimpleCertificates.N019T00107H6e8ca6f5
info: Kobon/SimpleCertificates/N019T00107H6e8ca6f5.lean:13:0: 'Kobon.Certificates.N019T00107H6e8ca6f5.simple_lower_bound' depends on axioms: [propext,
 Classical.choice,
 Quot.sound,
 checked._native.native_decide.ax_1_1,
 no_concurrent._native.native_decide.ax_1_1]
ℹ [3401/3406] Replayed Kobon.Certificates.N006T00006Haf8f599e
info: Kobon/Certificates/N006T00006Haf8f599e.lean:31:0: 'Kobon.Certificates.N006T00006Haf8f599e.checked' depends on axioms: [propext, checked._native.native_decide.ax_1_1]
info: Kobon/Certificates/N006T00006Haf8f599e.lean:32:0: 'Kobon.Certificates.N006T00006Haf8f599e.lower_bound' depends on axioms: [propext,
 Classical.choice,
 Quot.sound,
 checked._native.native_decide.ax_1_1]
ℹ [3403/3406] Replayed Kobon.AllN
info: Kobon/AllN.lean:512:0: 'Kobon.AllN.baseline_sound' depends on axioms: [propext, Classical.choice, Quot.sound]
info: Kobon/AllN.lean:513:0: 'Kobon.AllN.all_n' depends on axioms: [propext,
 Classical.choice,
 Quot.sound,
 Certificates.N003T00001H05c82de6.checked._native.native_decide.ax_1_1,
 Certificates.N005T00005H948a0bdf.checked._native.native_decide.ax_1_1,
 Certificates.N006T00007H6ea9ebaa.checked._native.native_decide.ax_1_1,
 Certificates.N007T00011He6b9a626.checked._native.native_decide.ax_1_1,
 Certificates.N008T00015Ha1380810.checked._native.native_decide.ax_1_1,
 Certificates.N009T00021H6ebbed82.checked._native.native_decide.ax_1_1,
 Certificates.N010T00025Hb767c427.checked._native.native_decide.ax_1_1,
 Certificates.N011T00032Hb955e7c9.checked._native.native_decide.ax_1_1,
 Certificates.N012T00038H38f69f38.checked._native.native_decide.ax_1_1,
 Certificates.N013T00047Hddec1f78.checked._native.native_decide.ax_1_1,
 Certificates.N014T00054Hd47aea63.checked._native.native_decide.ax_1_1,
 Certificates.N015T00065H4d3bf3b4.checked._native.native_decide.ax_1_1,
 Certificates.N016T00072H391cf79a.checked._native.native_decide.ax_1_1,
 Certificates.N017T00085H7cf3c061.checked._native.native_decide.ax_1_1,
 Certificates.N018T00093Hedb6246a.checked._native.native_decide.ax_1_1,
 Certificates.N019T00107Ha2f32bdb.checked._native.native_decide.ax_1_1,
 Certificates.N020T00117H382171ac.checked._native.native_decide.ax_1_1,
 Certificates.N021T00133H36bae754.checked._native.native_decide.ax_1_1,
 Certificates.N022T00143H54396c64.checked._native.native_decide.ax_1_1,
 Certificates.N023T00161H969ad7d3.checked._native.native_decide.ax_1_1,
 Certificates.N024T00172He63e906b.checked._native.native_decide.ax_1_1,
 Certificates.N025T00191Hb568bffb.checked._native.native_decide.ax_1_1,
 Certificates.N026T00204Hf71379c4.checked._native.native_decide.ax_1_1,
 Certificates.N027T00225H7d6ae9a0.checked._native.native_decide.ax_1_1,
 Certificates.N028T00238H56ef2acb.checked._native.native_decide.ax_1_1,
 Certificates.N029T00261Hd4805c25.checked._native.native_decide.ax_1_1,
 Certificates.N030T00275Hdcfe649a.checked._native.native_decide.ax_1_1,
 Certificates.N031T00299H70f23b94.checked._native.native_decide.ax_1_1,
 Certificates.N032T00315H5914f2bb.checked._native.native_decide.ax_1_1,
 Certificates.N033T00341H95f3b770.checked._native.native_decide.ax_1_1,
 Certificates.N034T00357Hfbde0a76.checked._native.native_decide.ax_1_1,
 Certificates.N035T00385H9ee99af6.checked._native.native_decide.ax_1_1,
 Certificates.N036T00402H3fc01b7d.checked._native.native_decide.ax_1_1,
 Certificates.N037T00431H11f0bde7.checked._native.native_decide.ax_1_1,
 Certificates.N038T00450H8ba2bdb1.checked._native.native_decide.ax_1_1,
 Certificates.N039T00470H30caa6f7.checked._native.native_decide.ax_1_1,
 Certificates.N041T00533H01e2ef66.checked._native.native_decide.ax_1_1,
 Certificates.N042T00553H2bdc9d67.checked._native.native_decide.ax_1_1,
 Certificates.N043T00587H861d8be2.checked._native.native_decide.ax_1_1,
 Certificates.N044T00608Hb5277675.checked._native.native_decide.ax_1_1,
 Certificates.N045T00645H3dc6e882.checked._native.native_decide.ax_1_1,
 Certificates.N046T00667H32b8ca2f.checked._native.native_decide.ax_1_1,
 Certificates.N047T00691Hfac44af1.checked._native.native_decide.ax_1_1,
 Certificates.N048T00721H2fb5ef0d.checked._native.native_decide.ax_1_1,
 Certificates.N049T00767H957e6f15.checked._native.native_decide.ax_1_1,
 Certificates.N050T00792H3d40cb58.checked._native.native_decide.ax_1_1,
 Certificates.N051T00818Hc18e1baf.checked._native.native_decide.ax_1_1,
 Certificates.N053T00885H6bc5b14d.checked._native.native_decide.ax_1_1,
 Certificates.N054T00919Ha254c1b4.checked._native.native_decide.ax_1_1,
 Certificates.N055T00955H202625a3.checked._native.native_decide.ax_1_1,
 Certificates.N057T01045H9a1d337c.checked._native.native_decide.ax_1_1,
 Certificates.N058T01073Hd988db55.checked._native.native_decide.ax_1_1,
 Certificates.N059T01103Hba482375.checked._native.native_decide.ax_1_1,
 Certificates.N060T01141H9bc5096c.checked._native.native_decide.ax_1_1,
 Certificates.N065T01365Hb1dcbeb4.checked._native.native_decide.ax_1_1,
 Certificates.N066T01397H327ecbb9.checked._native.native_decide.ax_1_1,
 Certificates.N081T02132H7bc6b303.checked._native.native_decide.ax_1_1,
 Certificates.N082T02172Hd75c9101.checked._native.native_decide.ax_1_1,
 Certificates.N099T03170Hea507e2d.checked._native.native_decide.ax_1_1,
 Certificates.N129T05461H6dae0012.checked._native.native_decide.ax_1_1,
 Certificates.N130T05525He0559b54.checked._native.native_decide.ax_1_1,
 Certificates.N161T08532H230691d5.checked._native.native_decide.ax_1_1,
 Certificates.N162T08612H1512e696.checked._native.native_decide.ax_1_1,
 Certificates.N195T12482H5413dd7b.checked._native.native_decide.ax_1_1]
info: Kobon/AllN.lean:514:0: 'Kobon.AllN.strict_improvements' does not depend on any axioms
info: Kobon/AllN.lean:515:0: 'Kobon.AllN.from_49_unconditional' depends on axioms: [propext,
 Classical.choice,
 Quot.sound,
 Certificates.N049T00767H957e6f15.checked._native.native_decide.ax_1_1,
 Certificates.N050T00791H2ea22b55.checked._native.native_decide.ax_1_1]
ℹ [3404/3406] Replayed Kobon.Universal
info: Kobon/Universal.lean:155:0: 'Kobon.Universal.baseline_sound' depends on axioms: [propext, Classical.choice, Quot.sound]
info: Kobon/Universal.lean:156:0: 'Kobon.Universal.all_n' depends on axioms: [propext,
 Classical.choice,
 Quot.sound,
 Certificates.N003T00001H05c82de6.checked._native.native_decide.ax_1_1,
 Certificates.N005T00005H948a0bdf.checked._native.native_decide.ax_1_1,
 Certificates.N006T00007H6ea9ebaa.checked._native.native_decide.ax_1_1,
 Certificates.N007T00011He6b9a626.checked._native.native_decide.ax_1_1,
 Certificates.N008T00015Ha1380810.checked._native.native_decide.ax_1_1,
 Certificates.N009T00021H6ebbed82.checked._native.native_decide.ax_1_1,
 Certificates.N010T00025Hb767c427.checked._native.native_decide.ax_1_1,
 Certificates.N011T00032Hb955e7c9.checked._native.native_decide.ax_1_1,
 Certificates.N012T00038H38f69f38.checked._native.native_decide.ax_1_1,
 Certificates.N013T00047Hddec1f78.checked._native.native_decide.ax_1_1,
 Certificates.N014T00054Hd47aea63.checked._native.native_decide.ax_1_1,
 Certificates.N015T00065H4d3bf3b4.checked._native.native_decide.ax_1_1,
 Certificates.N016T00072H391cf79a.checked._native.native_decide.ax_1_1,
 Certificates.N017T00085H7cf3c061.checked._native.native_decide.ax_1_1,
 Certificates.N018T00093Hedb6246a.checked._native.native_decide.ax_1_1,
 Certificates.N019T00107Ha2f32bdb.checked._native.native_decide.ax_1_1,
 Certificates.N020T00117H382171ac.checked._native.native_decide.ax_1_1,
 Certificates.N021T00133H36bae754.checked._native.native_decide.ax_1_1,
 Certificates.N022T00143H54396c64.checked._native.native_decide.ax_1_1,
 Certificates.N023T00161H969ad7d3.checked._native.native_decide.ax_1_1,
 Certificates.N024T00172He63e906b.checked._native.native_decide.ax_1_1,
 Certificates.N025T00191Hb568bffb.checked._native.native_decide.ax_1_1,
 Certificates.N026T00204Hf71379c4.checked._native.native_decide.ax_1_1,
 Certificates.N027T00225H7d6ae9a0.checked._native.native_decide.ax_1_1,
 Certificates.N028T00238H56ef2acb.checked._native.native_decide.ax_1_1,
 Certificates.N029T00261Hd4805c25.checked._native.native_decide.ax_1_1,
 Certificates.N030T00275Hdcfe649a.checked._native.native_decide.ax_1_1,
 Certificates.N031T00299H70f23b94.checked._native.native_decide.ax_1_1,
 Certificates.N032T00315H5914f2bb.checked._native.native_decide.ax_1_1,
 Certificates.N033T00341H95f3b770.checked._native.native_decide.ax_1_1,
 Certificates.N034T00357Hfbde0a76.checked._native.native_decide.ax_1_1,
 Certificates.N035T00385H9ee99af6.checked._native.native_decide.ax_1_1,
 Certificates.N036T00402H3fc01b7d.checked._native.native_decide.ax_1_1,
 Certificates.N037T00431H11f0bde7.checked._native.native_decide.ax_1_1,
 Certificates.N038T00450H8ba2bdb1.checked._native.native_decide.ax_1_1,
 Certificates.N039T00470H30caa6f7.checked._native.native_decide.ax_1_1,
 Certificates.N041T00533H01e2ef66.checked._native.native_decide.ax_1_1,
 Certificates.N042T00553H2bdc9d67.checked._native.native_decide.ax_1_1,
 Certificates.N043T00587H861d8be2.checked._native.native_decide.ax_1_1,
 Certificates.N044T00608Hb5277675.checked._native.native_decide.ax_1_1,
 Certificates.N045T00645H3dc6e882.checked._native.native_decide.ax_1_1,
 Certificates.N046T00667H32b8ca2f.checked._native.native_decide.ax_1_1,
 Certificates.N047T00691Hfac44af1.checked._native.native_decide.ax_1_1,
 Certificates.N048T00721H2fb5ef0d.checked._native.native_decide.ax_1_1,
 Certificates.N049T00767H957e6f15.checked._native.native_decide.ax_1_1,
 Certificates.N050T00792H3d40cb58.checked._native.native_decide.ax_1_1,
 Certificates.N051T00818Hc18e1baf.checked._native.native_decide.ax_1_1,
 Certificates.N053T00885H6bc5b14d.checked._native.native_decide.ax_1_1,
 Certificates.N054T00919Ha254c1b4.checked._native.native_decide.ax_1_1,
 Certificates.N055T00955H202625a3.checked._native.native_decide.ax_1_1,
 Certificates.N057T01045H9a1d337c.checked._native.native_decide.ax_1_1,
 Certificates.N058T01073Hd988db55.checked._native.native_decide.ax_1_1,
 Certificates.N059T01103Hba482375.checked._native.native_decide.ax_1_1,
 Certificates.N060T01141H9bc5096c.checked._native.native_decide.ax_1_1,
 Certificates.N065T01365Hb1dcbeb4.checked._native.native_decide.ax_1_1,
 Certificates.N066T01397H327ecbb9.checked._native.native_decide.ax_1_1,
 Certificates.N081T02132H7bc6b303.checked._native.native_decide.ax_1_1,
 Certificates.N082T02172Hd75c9101.checked._native.native_decide.ax_1_1,
 Certificates.N099T03170Hea507e2d.checked._native.native_decide.ax_1_1,
 Certificates.N129T05461H6dae0012.checked._native.native_decide.ax_1_1,
 Certificates.N130T05525He0559b54.checked._native.native_decide.ax_1_1,
 Certificates.N161T08532H230691d5.checked._native.native_decide.ax_1_1,
 Certificates.N162T08612H1512e696.checked._native.native_decide.ax_1_1,
 Certificates.N195T12482H5413dd7b.checked._native.native_decide.ax_1_1]
ℹ [3406/3406] Built Kobon.Audit (13s)
info: Kobon/Audit.lean:7:0: AUDIT Kobon.BBLAnalytic.abs_self_le_abs_tan: kernel; axioms=[propext, Classical.choice, Quot.sound]
info: Kobon/Audit.lean:7:0: AUDIT Kobon.BBLRowOrder.key_bounds._proof_1_3: kernel; axioms=[propext, Classical.choice, Quot.sound]
info: Kobon/Audit.lean:7:0: AUDIT Kobon.AllN.dominates_every_saved_certificate._proof_1_91: kernel; axioms=[]
info: Kobon/Audit.lean:7:0: AUDIT Kobon.BBLIntersection.pencil_no_parallel: kernel; axioms=[propext, Classical.choice, Quot.sound]
info: Kobon/Audit.lean:7:0: AUDIT Kobon.FurediPalastiCount.mem_ordered: kernel; axioms=[propext, Classical.choice, Quot.sound]
info: Kobon/Audit.lean:7:0: AUDIT Kobon.BBLLiftedKeys.complement_key._proof_1_5: kernel; axioms=[propext, Quot.sound]
info: Kobon/Audit.lean:7:0: AUDIT Kobon.AllN.baseline_after_last_exception._proof_1_22: kernel; axioms=[propext, Quot.sound]
info: Kobon/Audit.lean:7:0: AUDIT Kobon.BBLRowOrder.auxiliary_outside_of_close._proof_1_91: kernel; axioms=[propext, Classical.choice, Quot.sound]
info: Kobon/Audit.lean:7:0: AUDIT Kobon.FurediPalastiTwoCaps.two_cap_simple_lower_bound._proof_1_4: kernel; axioms=[propext, Quot.sound]
info: Kobon/Audit.lean:7:0: AUDIT Kobon.AllN.dominates_every_saved_certificate._proof_1_64: kernel; axioms=[]
info: Kobon/Audit.lean:7:0: AUDIT Kobon.BBLPencilProfiles.shift_sign._proof_1_3: kernel; axioms=[propext, Quot.sound]
info: Kobon/Audit.lean:7:0: AUDIT Kobon.Projective.eval_transform: kernel; axioms=[propext, Classical.choice, Quot.sound]
info: Kobon/Audit.lean:7:0: AUDIT Kobon.BBLIntersection.pencilLine.eq_1: kernel; axioms=[propext, Classical.choice, Quot.sound]
info: Kobon/Audit.lean:7:0: AUDIT Kobon.BBLGridReindex.next_cut._proof_1_14: kernel; axioms=[propext, Quot.sound]
info: Kobon/Audit.lean:7:0: AUDIT Kobon.BBLGridReindex.inv_perm: kernel; axioms=[propext, Quot.sound]
info: Kobon/Audit.lean:7:0: AUDIT Kobon.HybridBoundary.det_skew: kernel; axioms=[propext, Classical.choice, Quot.sound]
info: Kobon/Audit.lean:7:0: AUDIT Kobon.Results.best_classical_129: native-evaluation; axioms=[propext,
 Classical.choice,
 Quot.sound,
 Kobon.Certificates.N129T05461H6dae0012.checked._native.native_decide.ax_1_1]
info: Kobon/Audit.lean:7:0: AUDIT Kobon.BBLCaps.cap_no_aux_between._proof_1_43: kernel; axioms=[propext, Quot.sound]
info: Kobon/Audit.lean:7:0: AUDIT Kobon.BBLLiftedKeys.lifted_old_le_iff: kernel; axioms=[propext, Classical.choice, Quot.sound]
info: Kobon/Audit.lean:7:0: AUDIT Kobon.AllN.dominates_every_saved_certificate._proof_1_82: kernel; axioms=[]
info: Kobon/Audit.lean:7:0: AUDIT Kobon.intersection_on_left: kernel; axioms=[propext, Classical.choice, Quot.sound]
info: Kobon/Audit.lean:7:0: AUDIT Kobon.BBLPencilRegularity.good_delta_exists: kernel; axioms=[propext, Classical.choice, Quot.sound]
info: Kobon/Audit.lean:7:0: AUDIT Kobon.BBLCaps.cap_side._proof_1_6: kernel; axioms=[propext, Quot.sound]
info: Kobon/Audit.lean:7:0: AUDIT Kobon.AllN.baseline_after_last_exception._proof_1_62: kernel; axioms=[propext, Quot.sound]
info: Kobon/Audit.lean:7:0: AUDIT Kobon.Results.classical_024: native-evaluation; axioms=[propext,
 Classical.choice,
 Quot.sound,
 Kobon.Certificates.N024T00172He63e906b.checked._native.native_decide.ax_1_1]
info: Kobon/Audit.lean:7:0: AUDIT Kobon.Certificates.N057T01045H9a1d337c.no_concurrent: native-evaluation; axioms=[propext,
 Kobon.Certificates.N057T01045H9a1d337c.no_concurrent._native.native_decide.ax_1_1]
info: Kobon/Audit.lean:7:0: AUDIT Kobon.BBLRowOrder.newKey_injective._proof_1_74: kernel; axioms=[propext, Quot.sound]
info: Kobon/Audit.lean:7:0: AUDIT Kobon.BBLCapSigns.cap_key_signs._proof_1_46: kernel; axioms=[propext, Classical.choice, Quot.sound]
info: Kobon/Audit.lean:7:0: AUDIT Kobon.AllN.strict_improvements._proof_1_21: kernel; axioms=[]
info: Kobon/Audit.lean:7:0: AUDIT Kobon.TamuraSeed5.ordered: kernel; axioms=[]
info: Kobon/Audit.lean:7:0: AUDIT Kobon.BBLCapSigns.cap_key_signs._proof_1_69: kernel; axioms=[propext, Classical.choice, Quot.sound]
info: Kobon/Audit.lean:7:0: AUDIT Kobon.AllN.dominates_every_saved_certificate._proof_1_73: kernel; axioms=[]
info: Kobon/Audit.lean:7:0: AUDIT Kobon.Cells.ofPredicate._proof_12: kernel; axioms=[propext, Classical.choice, Quot.sound]
info: Kobon/Audit.lean:7:0: AUDIT Kobon.BBLSeed21.parameters_in_box: kernel; axioms=[propext, Classical.choice, Quot.sound]
info: Kobon/Audit.lean:7:0: AUDIT Kobon.Certificates.N130T05525He0559b54.checked: native-evaluation; axioms=[propext,
 Kobon.Certificates.N130T05525He0559b54.checked._native.native_decide.ax_1_1]
info: Kobon/Audit.lean:7:0: AUDIT Kobon.AllN.dominates_every_saved_certificate._proof_1_26: kernel; axioms=[]
info: Kobon/Audit.lean:7:0: AUDIT Kobon.FurediPalastiChart.cos_angle_le: kernel; axioms=[propext, Classical.choice, Quot.sound]
info: Kobon/Audit.lean:7:0: AUDIT Kobon.Certificates.N021T00127Hb8dcff22.checked: native-evaluation; axioms=[propext,
 Kobon.Certificates.N021T00127Hb8dcff22.checked._native.native_decide.ax_1_1]
info: Kobon/Audit.lean:7:0: AUDIT Kobon.BBLAlternation.saturated_alternation._proof_1_14: kernel; axioms=[propext, Quot.sound]
info: Kobon/Audit.lean:7:0: AUDIT Kobon.Results.best_simple_052: native-evaluation; axioms=[propext,
 Classical.choice,
 Quot.sound,
 Kobon.Certificates.N052T00850H4b0d823a.checked._native.native_decide.ax_1_1,
 Kobon.Certificates.N052T00850H4b0d823a.no_concurrent._native.native_decide.ax_1_1]
info: Kobon/Audit.lean:7:0: AUDIT Kobon.FurediPalastiChart.below_cap._proof_1_3: kernel; axioms=[propext, Quot.sound]
info: Kobon/Audit.lean:7:0: AUDIT Kobon.BBLAssembly.replace_second_lt._proof_1_2: kernel; axioms=[propext, Quot.sound]
info: Kobon/Audit.lean:7:0: AUDIT Kobon.SharedFan.previous._proof_1: kernel; axioms=[]
info: Kobon/Audit.lean:7:0: AUDIT Kobon.BBLRowOrder.auxiliary_outside_of_close._proof_1_74: kernel; axioms=[propext, Classical.choice, Quot.sound]
info: Kobon/Audit.lean:7:0: AUDIT Kobon.AllN.from_49_unconditional._proof_1_1: kernel; axioms=[propext, Quot.sound]
info: Kobon/Audit.lean:7:0: AUDIT Kobon.Results.earlier_019: native-evaluation; axioms=[propext,
 Classical.choice,
 Quot.sound,
 Kobon.Certificates.N019T00107Ha2f32bdb.checked._native.native_decide.ax_1_1]
info: Kobon/Audit.lean:7:0: AUDIT Kobon.Universal.zero_simple_lower_bound: kernel; axioms=[propext, Classical.choice, Quot.sound]
info: Kobon/Audit.lean:7:0: AUDIT Kobon.Reindex.rotate_triangle._proof_1_4: kernel; axioms=[propext, Quot.sound]
info: Kobon/Audit.lean:7:0: AUDIT Kobon.BBLCount.mem_mixed._simp_1_2: kernel; axioms=[propext, Classical.choice, Quot.sound]
info: Kobon/Audit.lean:7:0: AUDIT Kobon.FurediPalasti.selected_triangle: kernel; axioms=[propext, Classical.choice, Quot.sound]
info: Kobon/Audit.lean:7:0: AUDIT Kobon.BBLVisibleRetention.zero_visible_unique: kernel; axioms=[propext, Classical.choice, Quot.sound]
info: Kobon/Audit.lean:7:0: AUDIT Kobon.BBLRowOrder.old_outside_of_close: kernel; axioms=[propext, Classical.choice, Quot.sound]
info: Kobon/Audit.lean:7:0: AUDIT Kobon.BBLGridCuts.cut.eq_1: kernel; axioms=[propext, Classical.choice, Quot.sound]
info: Kobon/Audit.lean:7:0: AUDIT Kobon.Results.simple_053: native-evaluation; axioms=[propext,
 Classical.choice,
 Quot.sound,
 Kobon.Certificates.N053T00884H723d7eff.checked._native.native_decide.ax_1_1,
 Kobon.Certificates.N053T00884H723d7eff.no_concurrent._native.native_decide.ax_1_1]
info: Kobon/Audit.lean:7:0: AUDIT Kobon.Results.earlier_060: native-evaluation; axioms=[propext,
 Classical.choice,
 Quot.sound,
 Kobon.Certificates.N060T01141H9bc5096c.checked._native.native_decide.ax_1_1]
info: Kobon/Audit.lean:7:0: AUDIT Kobon.BBLPersistence.strict_of_weak: kernel; axioms=[propext, Classical.choice, Quot.sound]
info: Kobon/Audit.lean:7:0: AUDIT Kobon.Iteration.requested_samples._proof_1_1: kernel; axioms=[]
info: Kobon/Audit.lean:7:0: AUDIT Kobon.BBLVisible.aux_visible._proof_1_8: kernel; axioms=[propext, Quot.sound]
info: Kobon/Audit.lean:7:0: AUDIT Kobon.Parametric.evalForm_value: kernel; axioms=[propext, Classical.choice, Quot.sound]
info: Kobon/Audit.lean:7:0: AUDIT Kobon.Exterior.preserves_triangle: kernel; axioms=[propext, Classical.choice, Quot.sound]
info: Kobon/Audit.lean:7:0: AUDIT Kobon.BBLCapSigns.cap_key_signs._proof_1_44: kernel; axioms=[propext, Classical.choice, Quot.sound]
info: Kobon/Audit.lean:7:0: AUDIT Kobon.BBLCaps.cap_side._proof_1_5: kernel; axioms=[propext, Quot.sound]
info: Kobon/Audit.lean:7:0: AUDIT Kobon.det.eq_1: kernel; axioms=[]
info: Kobon/Audit.lean:7:0: AUDIT Kobon.BBLCapSigns.cap_key_signs._proof_1_65: kernel; axioms=[propext, Classical.choice, Quot.sound]
info: Kobon/Audit.lean:7:0: AUDIT Kobon.BBLCapSigns.cap_key_signs._proof_1_78: kernel; axioms=[propext, Classical.choice, Quot.sound]
info: Kobon/Audit.lean:7:0: AUDIT Kobon.det_lift: kernel; axioms=[propext, Classical.choice, Quot.sound]
info: Kobon/Audit.lean:7:0: AUDIT Kobon.BBLIntersection.graph_crossing_x._simp_1_4: kernel; axioms=[propext]
info: Kobon/Audit.lean:7:0: AUDIT Kobon.AllN.enhancement.eq_17: kernel; axioms=[]
info: Kobon/Audit.lean:7:0: AUDIT Kobon.Certificates.N054T00919Ha254c1b4.lower_bound: native-evaluation; axioms=[propext,
 Classical.choice,
 Quot.sound,
 Kobon.Certificates.N054T00919Ha254c1b4.checked._native.native_decide.ax_1_1]
info: Kobon/Audit.lean:7:0: AUDIT Kobon.Exterior.append.eq_1: kernel; axioms=[propext, Classical.choice, Quot.sound]
info: Kobon/Audit.lean:7:0: AUDIT KobonBoundary.full_step_iff_both_parities._proof_1_5: kernel; axioms=[propext, Quot.sound]
info: Kobon/Audit.lean:7:0: AUDIT Kobon.Certificates.N022T00143H54396c64.lower_bound: native-evaluation; axioms=[propext,
 Classical.choice,
 Quot.sound,
 Kobon.Certificates.N022T00143H54396c64.checked._native.native_decide.ax_1_1]
info: Kobon/Audit.lean:7:0: AUDIT Kobon.BBLRowOrder.newKey_ne_oldKey._proof_1_12: kernel; axioms=[propext, Quot.sound]
info: Kobon/Audit.lean:7:0: AUDIT Kobon.BBLLiftedKeys.lifted_anchor._proof_1_16: kernel; axioms=[propext, Quot.sound]
info: Kobon/Audit.lean:7:0: AUDIT Kobon.FurediPalastiChart.below_cap._proof_1_4: kernel; axioms=[propext, Quot.sound]
info: Kobon/Audit.lean:7:0: AUDIT Kobon.BBLCapSigns.cap_key_signs._proof_1_3: kernel; axioms=[propext, Classical.choice, Quot.sound]
info: Kobon/Audit.lean:7:0: AUDIT Kobon.AllN.strict_improvements._proof_1_27: kernel; axioms=[]
info: Kobon/Audit.lean:7:0: AUDIT Kobon.ShiftedFurediPalasti.high_before._proof_1_3: kernel; axioms=[propext, Quot.sound]
info: Kobon/Audit.lean:7:0: AUDIT Kobon.BBLDoubling.doubling._proof_1_5: kernel; axioms=[propext, Quot.sound]
info: Kobon/Audit.lean:7:0: AUDIT Kobon.BBLCentralPersistence.central_retained_eventually: kernel; axioms=[propext, Classical.choice, Quot.sound]
info: Kobon/Audit.lean:7:0: AUDIT Kobon.Results.earlier_025: native-evaluation; axioms=[propext,
 Classical.choice,
 Quot.sound,
 Kobon.Certificates.N025T00191Hb568bffb.checked._native.native_decide.ax_1_1]
info: Kobon/Audit.lean:7:0: AUDIT Kobon.Universal.strict_odd_multiples: kernel; axioms=[propext, Classical.choice, Quot.sound]
info: Kobon/Audit.lean:7:0: AUDIT Kobon.BBLCapEnvelope.graph_reference_sign._proof_1_5: kernel; axioms=[propext, Quot.sound]
info: Kobon/Audit.lean:7:0: AUDIT Kobon.BBLAnalytic.beta_tan_bound._proof_1_1: kernel; axioms=[propext, Quot.sound]
info: Kobon/Audit.lean:7:0: AUDIT Kobon.Universal.strict_even_multiples._proof_1_3: kernel; axioms=[propext, Quot.sound]
info: Kobon/Audit.lean:7:0: AUDIT Kobon.BBLRowOrder.newKey_injective._proof_1_36: kernel; axioms=[propext, Quot.sound]
info: Kobon/Audit.lean:7:0: AUDIT Kobon.BBLPencilLimits.pairDen_zero_ne: kernel; axioms=[propext, Classical.choice, Quot.sound]
info: Kobon/Audit.lean:7:0: AUDIT Kobon.Results.best_simple_011: native-evaluation; axioms=[propext,
 Classical.choice,
 Quot.sound,
 Kobon.Certificates.N011T00032Hb955e7c9.checked._native.native_decide.ax_1_1,
 Kobon.Certificates.N011T00032Hb955e7c9.no_concurrent._native.native_decide.ax_1_1]
info: Kobon/Audit.lean:7:0: AUDIT Kobon.BBLRowOrder.newKey_symm._proof_1_42: kernel; axioms=[propext, Classical.choice, Quot.sound]
info: Kobon/Audit.lean:7:0: AUDIT Kobon.BBLRowOrder.auxiliary_outside_of_close._proof_1_58: kernel; axioms=[propext, Classical.choice, Quot.sound]
info: Kobon/Audit.lean:7:0: AUDIT Kobon.AllN.baseline_after_last_exception._proof_1_23: kernel; axioms=[propext, Quot.sound]
info: Kobon/Audit.lean:7:0: AUDIT Kobon.BBLGrid.reduced_angle_bounds: kernel; axioms=[propext, Classical.choice, Quot.sound]
info: Kobon/Audit.lean:7:0: AUDIT Kobon.AllN.enhancement.eq_48: kernel; axioms=[]
info: Kobon/Audit.lean:7:0: AUDIT Kobon.Families.closed_form: kernel; axioms=[propext, Classical.choice, Quot.sound]
info: Kobon/Audit.lean:7:0: AUDIT Kobon.BBLCapHeight.cap_key_height._proof_1_6: kernel; axioms=[propext, Classical.choice, Quot.sound]
info: Kobon/Audit.lean:7:0: AUDIT Kobon.Certificates.N032T00314H9ab78b00.checked: native-evaluation; axioms=[propext,
 Kobon.Certificates.N032T00314H9ab78b00.checked._native.native_decide.ax_1_1]
info: Kobon/Audit.lean:7:0: AUDIT Kobon.BBLLiftedKeys.lifted_le_old_iff: kernel; axioms=[propext, Classical.choice, Quot.sound]
info: Kobon/Audit.lean:7:0: AUDIT KobonBoundary.near_perfect_odd_extension._proof_1_1: kernel; axioms=[propext, Quot.sound]
info: Kobon/Audit.lean:7:0: AUDIT Kobon.validate_simple_sound: kernel; axioms=[propext, Classical.choice, Quot.sound]
info: Kobon/Audit.lean:7:0: AUDIT Kobon.BBLCapSigns.cap_key_signs._proof_1_77: kernel; axioms=[propext, Quot.sound]
info: Kobon/Audit.lean:7:0: AUDIT Kobon.AllN.strict_improvements._proof_1_36: kernel; axioms=[]
info: Kobon/Audit.lean:7:0: AUDIT Kobon.Certificates.N054T00918H915abb8e.no_concurrent: native-evaluation; axioms=[propext,
 Kobon.Certificates.N054T00918H915abb8e.no_concurrent._native.native_decide.ax_1_1]
info: Kobon/Audit.lean:7:0: AUDIT Kobon.Results.best_simple_129: native-evaluation; axioms=[propext,
 Classical.choice,
 Quot.sound,
 Kobon.Certificates.N129T05461H6dae0012.checked._native.native_decide.ax_1_1,
 Kobon.Certificates.N129T05461H6dae0012.no_concurrent._native.native_decide.ax_1_1]
info: Kobon/Audit.lean:7:0: AUDIT Kobon.BBLPersistence.perturb.eq_1: kernel; axioms=[propext, Classical.choice, Quot.sound]
info: Kobon/Audit.lean:7:0: AUDIT Kobon.AllN.baseline_after_last_exception._proof_1_64: kernel; axioms=[propext, Quot.sound]
info: Kobon/Audit.lean:7:0: AUDIT Kobon.BBLCapHeight.cap_key_height._proof_1_4: kernel; axioms=[propext, Classical.choice, Quot.sound]
info: Kobon/Audit.lean:7:0: AUDIT Kobon.Results.classical_037: native-evaluation; axioms=[propext,
 Classical.choice,
 Quot.sound,
 Kobon.Certificates.N037T00431H11f0bde7.checked._native.native_decide.ax_1_1]
info: Kobon/Audit.lean:7:0: AUDIT Kobon.BBLSimple.equal_intersections_of_concurrent: kernel; axioms=[propext, Classical.choice, Quot.sound]
info: Kobon/Audit.lean:7:0: AUDIT Kobon.BBLSeed21.visible.eq_1: kernel; axioms=[]
info: Kobon/Audit.lean:7:0: AUDIT Kobon.BBLCaps.cap_no_aux_between._proof_1_57: kernel; axioms=[propext, Classical.choice, Quot.sound]
info: Kobon/Audit.lean:7:0: AUDIT KobonExamples.good5_simple._proof_1_1: kernel; axioms=[propext, Classical.choice, Quot.sound]
info: Kobon/Audit.lean:7:0: AUDIT Kobon.TamuraSeed5.all_distinguished: kernel; axioms=[propext, Classical.choice, Quot.sound]
info: Kobon/Audit.lean:7:0: AUDIT Kobon.BBLRealization.horizontal_coordinate_profile._proof_1_26: kernel; axioms=[propext, Quot.sound]
info: Kobon/Audit.lean:7:0: AUDIT Kobon.Results.classical_013: native-evaluation; axioms=[propext,
 Classical.choice,
 Quot.sound,
 Kobon.Certificates.N013T00047Hddec1f78.checked._native.native_decide.ax_1_1]
info: Kobon/Audit.lean:7:0: AUDIT Kobon.BBLCount.outside_characterization._proof_1_12: kernel; axioms=[propext, Classical.choice, Quot.sound]
info: Kobon/Audit.lean:7:0: AUDIT Kobon.BBLPencilProfiles.pair_profile_eventually._proof_1_12: kernel; axioms=[propext, Quot.sound]
info: Kobon/Audit.lean:7:0: AUDIT Kobon.BBLGridReindex.central_right._proof_1_2: kernel; axioms=[propext, Quot.sound]
info: Kobon/Audit.lean:7:0: AUDIT Kobon.Cells.interior_nonempty: kernel; axioms=[propext, Classical.choice, Quot.sound]
info: Kobon/Audit.lean:7:0: AUDIT Kobon.BBLGridCuts.cut_increasing._proof_1_6: kernel; axioms=[propext, Quot.sound]
info: Kobon/Audit.lean:7:0: AUDIT Kobon.FurediPalastiWrap.halfphase_simple._proof_1_5: kernel; axioms=[propext, Quot.sound]
info: Kobon/Audit.lean:7:0: AUDIT Kobon.BBLRowOrder.auxiliary_outside_of_close._proof_1_73: kernel; axioms=[propext, Classical.choice, Quot.sound]
info: Kobon/Audit.lean:7:0: AUDIT Kobon.BBLSimple.point_eq_intersection: kernel; axioms=[propext, Classical.choice, Quot.sound]
info: Kobon/Audit.lean:7:0: AUDIT KobonExamples.good6_simple._proof_1_1: kernel; axioms=[propext, Classical.choice, Quot.sound]
info: Kobon/Audit.lean:7:0: AUDIT Kobon.FurediPalastiChart.index_cos_le._proof_1_2: kernel; axioms=[propext, Quot.sound]
info: Kobon/Audit.lean:7:0: AUDIT Kobon.BBLCount.outside_characterization._proof_1_9: kernel; axioms=[propext, Classical.choice, Quot.sound]
info: Kobon/Audit.lean:7:0: AUDIT Kobon.BBLVisible.new_visible_witness: kernel; axioms=[propext, Classical.choice, Quot.sound]
info: Kobon/Audit.lean:7:0: AUDIT Kobon.BBLCapEnvelope.graph_reference_sign._proof_1_4: kernel; axioms=[propext, Quot.sound]
info: Kobon/Audit.lean:7:0: AUDIT Kobon.BBLPencilProfiles.pair_profile_eventually._proof_1_25: kernel; axioms=[propext,
 Classical.choice,
 Quot.sound]
info: Kobon/Audit.lean:7:0: AUDIT Kobon.AllN.strict_improvements._proof_1_19: kernel; axioms=[]
info: Kobon/Audit.lean:7:0: AUDIT Kobon.Exterior.extension: kernel; axioms=[propext, Classical.choice, Quot.sound]
info: Kobon/Audit.lean:7:0: AUDIT Kobon.Iteration.defect_samples._proof_1_1: kernel; axioms=[]
info: Kobon/Audit.lean:7:0: AUDIT Kobon.BBLRowMax.row_bound_not_last._proof_1_1: kernel; axioms=[propext, Quot.sound]
info: Kobon/Audit.lean:7:0: AUDIT Kobon.BBLLiftedKeys.lifted_anchor._proof_1_35: kernel; axioms=[propext, Quot.sound]
info: Kobon/Audit.lean:7:0: AUDIT Kobon.AllN.strict_improvements._proof_1_31: kernel; axioms=[]
info: Kobon/Audit.lean:7:0: AUDIT Kobon.Reindex.rotate_zero_triangle._proof_1_7: kernel; axioms=[propext, Quot.sound]
info: Kobon/Audit.lean:7:0: AUDIT Kobon.Certificates.N041T00532H6d48a341.checked: native-evaluation; axioms=[propext,
 Kobon.Certificates.N041T00532H6d48a341.checked._native.native_decide.ax_1_1]
info: Kobon/Audit.lean:7:0: AUDIT Kobon.TamuraSeed5.triangle_checks: kernel; axioms=[propext, Classical.choice, Quot.sound]
info: Kobon/Audit.lean:7:0: AUDIT Kobon.Parametric.ParamLine.mk.sizeOf_spec: kernel; axioms=[]
info: Kobon/Audit.lean:7:0: AUDIT Kobon.BBLPersistence.visible_preserved_eventually._proof_1_3: kernel; axioms=[propext, Quot.sound]
info: Kobon/Audit.lean:7:0: AUDIT Kobon.BBLRowOrder.newKey_injective._proof_1_58: kernel; axioms=[propext, Quot.sound]
info: Kobon/Audit.lean:7:0: AUDIT Kobon.BBLCentral.rightmost_crossing_x: kernel; axioms=[propext, Classical.choice, Quot.sound]
info: Kobon/Audit.lean:7:0: AUDIT Kobon.AllN.exact_exception_values._proof_1_45: kernel; axioms=[]
info: Kobon/Audit.lean:7:0: AUDIT Kobon.AllN.dominates_every_saved_certificate._proof_1_90: kernel; axioms=[]
info: Kobon/Audit.lean:7:0: AUDIT Kobon.BBLRowOrder.auxiliary_outside_of_close._proof_1_90: kernel; axioms=[propext, Classical.choice, Quot.sound]
info: Kobon/Audit.lean:7:0: AUDIT Kobon.BBLProfiles.profile_right_eventually._proof_1_1: kernel; axioms=[propext, Quot.sound]
info: Kobon/Audit.lean:7:0: AUDIT Kobon.AllN.dominates_every_saved_certificate._proof_1_100: kernel; axioms=[]
info: Kobon/Audit.lean:7:0: AUDIT Kobon.AllN.baseline_after_last_exception._proof_1_45: kernel; axioms=[propext, Quot.sound]
info: Kobon/Audit.lean:7:0: AUDIT Kobon.Certificates.N050T00791H2ea22b55.lower_bound: native-evaluation; axioms=[propext,
 Classical.choice,
 Quot.sound,
 Kobon.Certificates.N050T00791H2ea22b55.checked._native.native_decide.ax_1_1]
info: Kobon/Audit.lean:7:0: AUDIT Kobon.AllN.exact_exception_values._proof_1_15: kernel; axioms=[]
info: Kobon/Audit.lean:7:0: AUDIT Kobon.BBLRowOrder.newKey_injective._proof_1_43: kernel; axioms=[propext, Quot.sound]
info: Kobon/Audit.lean:7:0: AUDIT Kobon.BBLNextSaturation.next_saturated._proof_1_4: kernel; axioms=[propext, Quot.sound]
info: Kobon/Audit.lean:7:0: AUDIT Kobon.FurediPalastiWrap.cap_nonneg._proof_1_2: kernel; axioms=[propext, Quot.sound]
info: Kobon/Audit.lean:7:0: AUDIT Kobon.BBLIntersection.pencil_crossing_x._simp_1_3: kernel; axioms=[propext]
info: Kobon/Audit.lean:7:0: AUDIT Kobon.BBLGridReindex.next_cut._proof_1_6: kernel; axioms=[propext, Quot.sound]
info: Kobon/Audit.lean:7:0: AUDIT Kobon.instDecidableEqLine.decEq._proof_2: kernel; axioms=[]
info: Kobon/Audit.lean:7:0: AUDIT Kobon.BBLRealization.horizontal_profile._proof_1_4: kernel; axioms=[propext, Quot.sound]
info: Kobon/Audit.lean:7:0: AUDIT Kobon.AllN.dominates_every_saved_certificate._proof_1_101: kernel; axioms=[]
info: Kobon/Audit.lean:7:0: AUDIT Kobon.BBLLiftedKeys.lifted_anchor._proof_1_28: kernel; axioms=[propext, Quot.sound]
info: Kobon/Audit.lean:7:0: AUDIT Kobon.AllN.strict_improvements._proof_1_6: kernel; axioms=[]
info: Kobon/Audit.lean:7:0: AUDIT Kobon.FurediPalasti.angle_strictMono: kernel; axioms=[propext, Classical.choice, Quot.sound]
info: Kobon/Audit.lean:7:0: AUDIT Kobon.BBLRowOrder.auxiliary_outside_of_close._proof_1_49: kernel; axioms=[propext, Classical.choice, Quot.sound]
info: Kobon/Audit.lean:7:0: AUDIT Kobon.Results.best_simple_028: native-evaluation; axioms=[propext,
 Classical.choice,
 Quot.sound,
 Kobon.Certificates.N028T00238H56ef2acb.checked._native.native_decide.ax_1_1,
 Kobon.Certificates.N028T00238H56ef2acb.no_concurrent._native.native_decide.ax_1_1]
info: Kobon/Audit.lean:7:0: AUDIT Kobon.BBLCentral.g.eq_1: kernel; axioms=[propext, Classical.choice, Quot.sound]
info: Kobon/Audit.lean:7:0: AUDIT Kobon.Certificates.N014T00052H2eb83dc2.checked: native-evaluation; axioms=[propext,
 Kobon.Certificates.N014T00052H2eb83dc2.checked._native.native_decide.ax_1_1]
info: Kobon/Audit.lean:7:0: AUDIT Kobon.Certificates.N014T00054H9c871e10.checked: native-evaluation; axioms=[propext,
 Kobon.Certificates.N014T00054H9c871e10.checked._native.native_decide.ax_1_1]
info: Kobon/Audit.lean:7:0: AUDIT Kobon.BBLRowOrder.auxiliary_outside_of_close._proof_1_94: kernel; axioms=[propext, Classical.choice, Quot.sound]
info: Kobon/Audit.lean:7:0: AUDIT Kobon.Exterior.no_concurrent._proof_1_3: kernel; axioms=[propext, Quot.sound]
info: Kobon/Audit.lean:7:0: AUDIT Kobon.AllN.exact_exception_values._proof_1_58: kernel; axioms=[]
info: Kobon/Audit.lean:7:0: AUDIT Kobon.SeedFamily.ordered: kernel; axioms=[]
info: Kobon/Audit.lean:7:0: AUDIT Kobon.FurediPalastiCaps.step.eq_1: kernel; axioms=[propext, Classical.choice, Quot.sound]
info: Kobon/Audit.lean:7:0: AUDIT Kobon.Certificates.N053T00885H6bc5b14d.no_concurrent: native-evaluation; axioms=[propext,
 Kobon.Certificates.N053T00885H6bc5b14d.no_concurrent._native.native_decide.ax_1_1]
info: Kobon/Audit.lean:7:0: AUDIT Kobon.Reindex.rotate_zero_triangle._proof_1_1: kernel; axioms=[propext, Quot.sound]
info: Kobon/Audit.lean:7:0: AUDIT Kobon.BBLVisible.auxPair_keys._proof_1_6: kernel; axioms=[propext, Classical.choice, Quot.sound]
info: Kobon/Audit.lean:7:0: AUDIT Kobon.BBLCentral.rightmost_crossing_x._simp_1_3: kernel; axioms=[propext]
info: Kobon/Audit.lean:7:0: AUDIT Kobon.CleanLineBudget.parity_budget._proof_1_1: kernel; axioms=[propext, Quot.sound]
info: Kobon/Audit.lean:7:0: AUDIT Kobon.TamuraSeed5.no_concurrent: kernel; axioms=[propext, Classical.choice, Quot.sound]
info: Kobon/Audit.lean:7:0: AUDIT Kobon.BBLGridReindex.next_cut._proof_1_16: kernel; axioms=[propext, Quot.sound]
info: Kobon/Audit.lean:7:0: AUDIT Kobon.AllN.enhancement.eq_53: kernel; axioms=[]
info: Kobon/Audit.lean:7:0: AUDIT Kobon.BBLCentralEnvelope.central_endpoint: kernel; axioms=[propext, Classical.choice, Quot.sound]
info: Kobon/Audit.lean:7:0: AUDIT Kobon.BBLPencilProfiles.pair_profile_eventually._proof_1_17: kernel; axioms=[propext, Quot.sound]
info: Kobon/Audit.lean:7:0: AUDIT Kobon.BBLOldRetention.noncap_eventually._proof_1_3: kernel; axioms=[propext, Quot.sound]
info: Kobon/Audit.lean:7:0: AUDIT Kobon.BBLSimple.no_concurrent_of_old_and_rows: kernel; axioms=[propext, Classical.choice, Quot.sound]
info: Kobon/Audit.lean:7:0: AUDIT Kobon.BBLIntersection.graph_crossing_x._simp_1_1: kernel; axioms=[propext]
info: Kobon/Audit.lean:7:0: AUDIT Kobon.BBLCaps.capRow_injective._proof_1_5: kernel; axioms=[propext, Quot.sound]
info: Kobon/Audit.lean:7:0: AUDIT Kobon.FurediPalastiTwoCaps.selected_preserved._proof_1_7: kernel; axioms=[propext, Quot.sound]
info: Kobon/Audit.lean:7:0: AUDIT Kobon.BBLRealization.horizontal_coordinate_profile._proof_1_23: kernel; axioms=[propext, Quot.sound]
info: Kobon/Audit.lean:7:0: AUDIT Kobon.affineEval_barycenter: kernel; axioms=[propext, Classical.choice, Quot.sound]
info: Kobon/Audit.lean:7:0: AUDIT Kobon.BBLIntersection.pencil_crossing_x._simp_1_4: kernel; axioms=[propext]
info: Kobon/Audit.lean:7:0: AUDIT Kobon.BBLVisible.central_new_key_bound._proof_1_3: kernel; axioms=[propext, Quot.sound]
info: Kobon/Audit.lean:7:0: AUDIT Kobon.FurediPalastiWrap.lower_pair_nonpos._proof_1_4: kernel; axioms=[propext, Quot.sound]
info: Kobon/Audit.lean:7:0: AUDIT Kobon.CleanLineBudget.at_most_two_triple_points._proof_1_1: kernel; axioms=[propext, Quot.sound]
info: Kobon/Audit.lean:7:0: AUDIT Kobon.BBLCount.mem_mixed._simp_1_6: kernel; axioms=[propext, Classical.choice, Quot.sound]
info: Kobon/Audit.lean:7:0: AUDIT Kobon.eval_intersection._simp_1_2: kernel; axioms=[propext]
info: Kobon/Audit.lean:7:0: AUDIT Kobon.AllN.dominates_every_saved_certificate._proof_1_107: kernel; axioms=[]
info: Kobon/Audit.lean:7:0: AUDIT Kobon.Results.simple_036: native-evaluation; axioms=[propext,
 Classical.choice,
 Quot.sound,
 Kobon.Certificates.N036T00402H3fc01b7d.checked._native.native_decide.ax_1_1,
 Kobon.Certificates.N036T00402H3fc01b7d.no_concurrent._native.native_decide.ax_1_1]
info: Kobon/Audit.lean:7:0: AUDIT Kobon.BBLSeed21.hi.eq_1: kernel; axioms=[propext, Classical.choice, Quot.sound]
info: Kobon/Audit.lean:7:0: AUDIT Kobon.TamuraSeed5.simple._proof_1_1: kernel; axioms=[propext, Classical.choice, Quot.sound]
info: Kobon/Audit.lean:7:0: AUDIT Kobon.BBLSeed21.exterior_lower_bound: native-evaluation; axioms=[propext,
 Classical.choice,
 Quot.sound,
 Kobon.BBLSeed21.admissible_check._native.native_decide.ax_1_1,
 Kobon.BBLSeed21.directions._native.native_decide.ax_1_1,
 Kobon.BBLSeed21.simple._native.native_decide.ax_1_1,
 Kobon.BBLSeed21.triangle_checks._native.native_decide.ax_1_1,
 Kobon.BBLSeed21.visible_checks._native.native_decide.ax_1_1]
info: Kobon/Audit.lean:7:0: AUDIT Kobon.BBLCentralPersistence.canonical_central_signs._proof_1_5: kernel; axioms=[propext, Quot.sound]
info: Kobon/Audit.lean:7:0: AUDIT Kobon.BBLLiftedKeys.complement_key._proof_1_3: kernel; axioms=[propext, Quot.sound]
info: Kobon/Audit.lean:7:0: AUDIT Kobon.BBLNextSaturation.noncentral_gap._proof_1_19: kernel; axioms=[propext, Classical.choice, Quot.sound]
info: Kobon/Audit.lean:7:0: AUDIT Kobon.BBLNextSaturation.noncentral_gap._proof_1_11: kernel; axioms=[propext, Classical.choice, Quot.sound]
info: Kobon/Audit.lean:7:0: AUDIT Kobon.Projective.oriented_transform._simp_1_2: kernel; axioms=[propext]
info: Kobon/Audit.lean:7:0: AUDIT Kobon.FurediPalastiCount.orbit_card: kernel; axioms=[propext, Classical.choice, Quot.sound]
info: Kobon/Audit.lean:7:0: AUDIT Kobon.Results.best_simple_040: native-evaluation; axioms=[propext,
 Classical.choice,
 Quot.sound,
 Kobon.Certificates.N040T00494H785374ca.checked._native.native_decide.ax_1_1,
 Kobon.Certificates.N040T00494H785374ca.no_concurrent._native.native_decide.ax_1_1]
info: Kobon/Audit.lean:7:0: AUDIT Kobon.BBLPersistence.pencilAppend.eq_1: kernel; axioms=[propext, Classical.choice, Quot.sound]
info: Kobon/Audit.lean:7:0: AUDIT Kobon.BBLLiftedKeys.lifted_anchor._proof_1_42: kernel; axioms=[propext, Quot.sound]
info: Kobon/Audit.lean:7:0: AUDIT Kobon.Reindex.rotate_zero_triangle._proof_1_6: kernel; axioms=[propext, Quot.sound]
info: Kobon/Audit.lean:7:0: AUDIT Kobon.FurediPalastiTwoCaps.lower_outer_sign._proof_1_4: kernel; axioms=[propext, Quot.sound]
info: Kobon/Audit.lean:7:0: AUDIT Kobon.FurediPalastiTwoCaps.upper_triangle._proof_1_7: kernel; axioms=[propext, Quot.sound]
info: Kobon/Audit.lean:7:0: AUDIT Kobon.noConcurrent_lift: kernel; axioms=[propext, Classical.choice, Quot.sound]
info: Kobon/Audit.lean:7:0: AUDIT Kobon.Certificates.N066T01397H327ecbb9.checked: native-evaluation; axioms=[propext,
 Kobon.Certificates.N066T01397H327ecbb9.checked._native.native_decide.ax_1_1]
info: Kobon/Audit.lean:7:0: AUDIT Kobon.Iteration49.boundary_49._proof_24: kernel; axioms=[propext]
info: Kobon/Audit.lean:7:0: AUDIT Kobon.BBLCapSigns.cap_key_signs._proof_1_32: kernel; axioms=[propext, Classical.choice, Quot.sound]
info: Kobon/Audit.lean:7:0: AUDIT Kobon.Certificates.N013T00047Hddec1f78.lower_bound: native-evaluation; axioms=[propext,
 Classical.choice,
 Quot.sound,
 Kobon.Certificates.N013T00047Hddec1f78.checked._native.native_decide.ax_1_1]
info: Kobon/Audit.lean:7:0: AUDIT Kobon.BBLRowOrder.auxiliary_outside_of_close._proof_1_10: kernel; axioms=[propext, Classical.choice, Quot.sound]
info: Kobon/Audit.lean:7:0: AUDIT Kobon.Results.earlier_044: native-evaluation; axioms=[propext,
 Classical.choice,
 Quot.sound,
 Kobon.Certificates.N044T00608Hb5277675.checked._native.native_decide.ax_1_1]
info: Kobon/Audit.lean:7:0: AUDIT Kobon.FurediPalastiCaps.exists_left_cut: kernel; axioms=[propext, Classical.choice, Quot.sound]
info: Kobon/Audit.lean:7:0: AUDIT Kobon.BBLCount.mixed_card_sum: kernel; axioms=[propext, Classical.choice, Quot.sound]
info: Kobon/Audit.lean:7:0: AUDIT Kobon.BBLCaps.cap_no_aux_between._proof_1_26: kernel; axioms=[propext, Quot.sound]
info: Kobon/Audit.lean:7:0: AUDIT Kobon.Certificates.N048T00720H5e9767e7.checked: native-evaluation; axioms=[propext,
 Kobon.Certificates.N048T00720H5e9767e7.checked._native.native_decide.ax_1_1]
info: Kobon/Audit.lean:7:0: AUDIT Kobon.BBLRowOrder.auxiliary_outside_of_close._proof_1_3: kernel; axioms=[propext, Classical.choice, Quot.sound]
info: Kobon/Audit.lean:7:0: AUDIT Kobon.BBLCaps.capRow_le._proof_1_3: kernel; axioms=[propext, Quot.sound]
info: Kobon/Audit.lean:7:0: AUDIT Kobon.Certificates.N021T00126Hf18756b7.no_concurrent: native-evaluation; axioms=[propext,
 Kobon.Certificates.N021T00126Hf18756b7.no_concurrent._native.native_decide.ax_1_1]
info: Kobon/Audit.lean:7:0: AUDIT Kobon.CleanLineBudget.triangles_from_defect: kernel; axioms=[propext, Classical.choice, Quot.sound]
info: Kobon/Audit.lean:7:0: AUDIT Kobon.Results.best_simple_004: native-evaluation; axioms=[propext,
 Classical.choice,
 Quot.sound,
 Kobon.Certificates.N004T00002H0e541bd5.checked._native.native_decide.ax_1_1,
 Kobon.Certificates.N004T00002H0e541bd5.no_concurrent._native.native_decide.ax_1_1]
info: Kobon/Audit.lean:7:0: AUDIT Kobon.Certificates.N003T00001H05c82de6.lower_bound: native-evaluation; axioms=[propext,
 Classical.choice,
 Quot.sound,
 Kobon.Certificates.N003T00001H05c82de6.checked._native.native_decide.ax_1_1]
info: Kobon/Audit.lean:7:0: AUDIT Kobon.FurediPalastiCount.mem_good._simp_1_2: kernel; axioms=[propext, Classical.choice, Quot.sound]
info: Kobon/Audit.lean:7:0: AUDIT Kobon.Certificates.N020T00117H382171ac.lower_bound: native-evaluation; axioms=[propext,
 Classical.choice,
 Quot.sound,
 Kobon.Certificates.N020T00117H382171ac.checked._native.native_decide.ax_1_1]
info: Kobon/Audit.lean:7:0: AUDIT Kobon.BBLGridReindex.central_left: kernel; axioms=[propext, Quot.sound]
info: Kobon/Audit.lean:7:0: AUDIT Kobon.ShiftedFurediPalasti.selected_sum_nonzero._proof_1_10: kernel; axioms=[propext, Quot.sound]
info: Kobon/Audit.lean:7:0: AUDIT Kobon.Certificates.N032T00313H018f9fc6.checked: native-evaluation; axioms=[propext,
 Kobon.Certificates.N032T00313H018f9fc6.checked._native.native_decide.ax_1_1]
info: Kobon/Audit.lean:7:0: AUDIT Kobon.SharedFan.integer_triangles: kernel; axioms=[propext]
info: Kobon/Audit.lean:7:0: AUDIT Kobon.BBLLiftedKeys.complement_row_bound._proof_1_1: kernel; axioms=[propext, Quot.sound]
info: Kobon/Audit.lean:7:0: AUDIT Kobon.BBLVisible.auxPair_keys._proof_1_20: kernel; axioms=[propext, Classical.choice, Quot.sound]
info: Kobon/Audit.lean:7:0: AUDIT Kobon.BBLCapSigns.cap_key_signs._proof_1_61: kernel; axioms=[propext, Classical.choice, Quot.sound]
info: Kobon/Audit.lean:7:0: AUDIT Kobon.AllN.baseline_after_last_exception._proof_1_35: kernel; axioms=[propext, Quot.sound]
info: Kobon/Audit.lean:7:0: AUDIT Kobon.Universal.classical_baseline_le: kernel; axioms=[propext, Quot.sound]
info: Kobon/Audit.lean:7:0: AUDIT Kobon.BBLGridCuts.cut_beta_left: kernel; axioms=[propext, Classical.choice, Quot.sound]
info: Kobon/Audit.lean:7:0: AUDIT Kobon.BBLCrossingCoordinates.coordinate_eq_crossing._proof_1_3: kernel; axioms=[propext, Quot.sound]
info: Kobon/Audit.lean:7:0: AUDIT Kobon.ShiftedFurediPalasti.noConcurrent: kernel; axioms=[propext, Classical.choice, Quot.sound]
info: Kobon/Audit.lean:7:0: AUDIT Kobon.BBLAlternation.alternating_algebra: kernel; axioms=[propext, Classical.choice, Quot.sound]
info: Kobon/Audit.lean:7:0: AUDIT Kobon.Iteration49.boundary_49._proof_41: kernel; axioms=[propext]
info: Kobon/Audit.lean:7:0: AUDIT Kobon.AllN.dominates_every_saved_certificate._proof_1_83: kernel; axioms=[]
info: Kobon/Audit.lean:7:0: AUDIT Kobon.FurediPalastiCaps.above_left_caps._proof_1_3: kernel; axioms=[propext, Quot.sound]
info: Kobon/Audit.lean:7:0: AUDIT Kobon.BBLRowOrder.newKey_symm: kernel; axioms=[propext, Classical.choice, Quot.sound]
info: Kobon/Audit.lean:7:0: AUDIT Kobon.BBLCaps.cap_no_aux_between._proof_1_48: kernel; axioms=[propext, Quot.sound]
info: Kobon/Audit.lean:7:0: AUDIT Kobon.BBLCaps.capRow_injective._proof_1_18: kernel; axioms=[propext, Quot.sound]
info: Kobon/Audit.lean:7:0: AUDIT Kobon.Results.best_classical_042: native-evaluation; axioms=[propext,
 Classical.choice,
 Quot.sound,
 Kobon.Certificates.N042T00553H2bdc9d67.checked._native.native_decide.ax_1_1]
info: Kobon/Audit.lean:7:0: AUDIT Kobon.AllN.strict_improvements._proof_1_56: kernel; axioms=[]
info: Kobon/Audit.lean:7:0: AUDIT Kobon.Certificates.N099T03170Hea507e2d.no_concurrent: native-evaluation; axioms=[propext,
 Kobon.Certificates.N099T03170Hea507e2d.no_concurrent._native.native_decide.ax_1_1]
info: Kobon/Audit.lean:7:0: AUDIT Kobon.BBLVisible.key_row_max._proof_1_4: kernel; axioms=[propext, Quot.sound]
info: Kobon/Audit.lean:7:0: AUDIT Kobon.TamuraTangentBounds.tan_32_1_bounds: kernel; axioms=[propext, Classical.choice, Quot.sound]
info: Kobon/Audit.lean:7:0: AUDIT Kobon.BBLCapHeight.cap_key_height._proof_1_9: kernel; axioms=[propext, Quot.sound]
info: Kobon/Audit.lean:7:0: AUDIT Kobon.FurediPalastiWrap.upper_pair_nonpos._proof_1_6: kernel; axioms=[propext, Quot.sound]
info: Kobon/Audit.lean:7:0: AUDIT Kobon.instDecidableEqTriple.decEq._proof_3: kernel; axioms=[]
info: Kobon/Audit.lean:7:0: AUDIT Kobon.AllN.dominates_every_saved_certificate._proof_1_10: kernel; axioms=[]
info: Kobon/Audit.lean:7:0: AUDIT Kobon.AllN.dominates_every_saved_certificate._proof_1_23: kernel; axioms=[]
info: Kobon/Audit.lean:7:0: AUDIT Kobon.BBLCaps.cap_no_aux_between._proof_1_45: kernel; axioms=[propext, Quot.sound]
info: Kobon/Audit.lean:7:0: AUDIT Kobon.Results.best_classical_018: native-evaluation; axioms=[propext,
 Classical.choice,
 Quot.sound,
 Kobon.Certificates.N018T00093Hedb6246a.checked._native.native_decide.ax_1_1]
info: Kobon/Audit.lean:7:0: AUDIT Kobon.FurediPalastiWrap.one_cap_simple_lower_bound: kernel; axioms=[propext, Classical.choice, Quot.sound]
info: Kobon/Audit.lean:7:0: AUDIT Kobon.FurediPalasti.selected_sum_nonzero._proof_1_8: kernel; axioms=[propext, Quot.sound]
info: Kobon/Audit.lean:7:0: AUDIT Kobon.BBLRowOrder.newKey_ne_oldKey._proof_1_10: kernel; axioms=[propext, Quot.sound]
info: Kobon/Audit.lean:7:0: AUDIT Kobon.SharedFan.integer_nonparallel: kernel; axioms=[propext]
info: Kobon/Audit.lean:7:0: AUDIT Kobon.BBLNextSaturation.noncentral_gap._proof_1_17: kernel; axioms=[propext, Classical.choice, Quot.sound]
info: Kobon/Audit.lean:7:0: AUDIT Kobon.Universal.baseline_sound._proof_1_8: kernel; axioms=[propext, Quot.sound]
info: Kobon/Audit.lean:7:0: AUDIT Kobon.AllN.strict_improvements._proof_1_4: kernel; axioms=[]
info: Kobon/Audit.lean:7:0: AUDIT Kobon.FurediPalastiWrap.wrap_triangle._proof_1_1: kernel; axioms=[propext, Quot.sound]
info: Kobon/Audit.lean:7:0: AUDIT Kobon.Certificates.N033T00341H95f3b770.no_concurrent: native-evaluation; axioms=[propext,
 Kobon.Certificates.N033T00341H95f3b770.no_concurrent._native.native_decide.ax_1_1]
info: Kobon/Audit.lean:7:0: AUDIT Kobon.BBLCount.mixed.eq_1: kernel; axioms=[propext, Classical.choice, Quot.sound]
info: Kobon/Audit.lean:7:0: AUDIT Kobon.BBLRowOrder.newKey_injective._proof_1_86: kernel; axioms=[propext, Quot.sound]
info: Kobon/Audit.lean:7:0: AUDIT Kobon.Results.best_simple_081: native-evaluation; axioms=[propext,
 Classical.choice,
 Quot.sound,
 Kobon.Certificates.N081T02132H7bc6b303.checked._native.native_decide.ax_1_1,
 Kobon.Certificates.N081T02132H7bc6b303.no_concurrent._native.native_decide.ax_1_1]
info: Kobon/Audit.lean:7:0: AUDIT Kobon.AllN.dominates_every_saved_certificate._proof_1_32: kernel; axioms=[]
info: Kobon/Audit.lean:7:0: AUDIT Kobon.BBLCanonicalPencil.perturb_direction: kernel; axioms=[propext, Classical.choice, Quot.sound]
info: Kobon/Audit.lean:7:0: AUDIT Kobon.BBLVisible.auxiliary_witness: kernel; axioms=[propext, Classical.choice, Quot.sound]
info: Kobon/Audit.lean:7:0: AUDIT Kobon.BBLPersistence.perturb_zero: kernel; axioms=[propext, Classical.choice, Quot.sound]
info: Kobon/Audit.lean:7:0: AUDIT Kobon.AllN.dominates_every_saved_certificate._proof_1_8: kernel; axioms=[]
info: Kobon/Audit.lean:7:0: AUDIT Kobon.BBLDoubling.doubling._proof_1_7: kernel; axioms=[propext, Quot.sound]
info: Kobon/Audit.lean:7:0: AUDIT Kobon.BBLRealization.old_profile._proof_1_1: kernel; axioms=[propext, Quot.sound]
info: Kobon/Audit.lean:7:0: AUDIT Kobon.HybridBoundary.normalLine.eq_1: kernel; axioms=[propext, Classical.choice, Quot.sound]
info: Kobon/Audit.lean:7:0: AUDIT Kobon.BBLRowMax.row_bound_not_last._proof_1_6: kernel; axioms=[propext, Quot.sound]
info: Kobon/Audit.lean:7:0: AUDIT Kobon.BBLCapSigns.cap_key_signs._proof_1_62: kernel; axioms=[propext, Classical.choice, Quot.sound]
info: Kobon/Audit.lean:7:0: AUDIT Kobon.Reindex.no_concurrent_pullback._proof_1_3: kernel; axioms=[propext, Quot.sound]
info: Kobon/Audit.lean:7:0: AUDIT Kobon.Universal.product_remainder._proof_1_2: kernel; axioms=[propext, Quot.sound]
info: Kobon/Audit.lean:7:0: AUDIT Kobon.BBLCaps.capRow_injective._proof_1_25: kernel; axioms=[propext, Quot.sound]
info: Kobon/Audit.lean:7:0: AUDIT Kobon.BBLRowOrder.auxiliary_outside_of_close._proof_1_78: kernel; axioms=[propext, Classical.choice, Quot.sound]
info: Kobon/Audit.lean:7:0: AUDIT Kobon.BBLVisible.key_row_max._proof_1_1: kernel; axioms=[propext, Quot.sound]
info: Kobon/Audit.lean:7:0: AUDIT Kobon.BBLRealization.horizontal_coordinate_profile._proof_1_9: kernel; axioms=[propext, Quot.sound]
info: Kobon/Audit.lean:7:0: AUDIT Kobon.FurediPalastiTwoCaps.lower_inner_sign._proof_1_8: kernel; axioms=[propext, Quot.sound]
info: Kobon/Audit.lean:7:0: AUDIT Kobon.BBLCapReplacement.triangle_strict_test._proof_1_2: kernel; axioms=[propext, Quot.sound]
info: Kobon/Audit.lean:7:0: AUDIT Kobon.BBLRowGeometry.row_outside._proof_1_2: kernel; axioms=[propext, Quot.sound]
info: Kobon/Audit.lean:7:0: AUDIT Kobon.BBLCentral.leading_identity: kernel; axioms=[propext, Classical.choice, Quot.sound]
info: Kobon/Audit.lean:7:0: AUDIT Kobon.Certificates.N014T00053H5e6068f5.no_concurrent: native-evaluation; axioms=[propext,
 Kobon.Certificates.N014T00053H5e6068f5.no_concurrent._native.native_decide.ax_1_1]
info: Kobon/Audit.lean:7:0: AUDIT Kobon.BBLCaps.capRow_injective._proof_1_16: kernel; axioms=[propext, Quot.sound]
info: Kobon/Audit.lean:7:0: AUDIT Kobon.AllN.dominates_every_saved_certificate._proof_1_45: kernel; axioms=[]
info: Kobon/Audit.lean:7:0: AUDIT Kobon.BBLCapBridge.endpointSigns_of_canonical._proof_1_3: kernel; axioms=[propext, Quot.sound]
info: Kobon/Audit.lean:7:0: AUDIT Kobon.BBLVisible.auxPair_keys._proof_1_28: kernel; axioms=[propext, Classical.choice, Quot.sound]
info: Kobon/Audit.lean:7:0: AUDIT Kobon.BBLRealization.horizontal_coordinate_profile._proof_1_8: kernel; axioms=[propext, Quot.sound]
info: Kobon/Audit.lean:7:0: AUDIT Kobon.Certificates.N014T00054H17f8c052.checked: native-evaluation; axioms=[propext,
 Kobon.Certificates.N014T00054H17f8c052.checked._native.native_decide.ax_1_1]
info: Kobon/Audit.lean:7:0: AUDIT Kobon.Projective.oriented_transform._simp_1_4: kernel; axioms=[propext]
info: Kobon/Audit.lean:7:0: AUDIT Kobon.BBLRowOrder.newKey_injective._proof_1_51: kernel; axioms=[propext, Quot.sound]
info: Kobon/Audit.lean:7:0: AUDIT Kobon.Certificates.N021T00126Hf18756b7.lower_bound: native-evaluation; axioms=[propext,
 Classical.choice,
 Quot.sound,
 Kobon.Certificates.N021T00126Hf18756b7.checked._native.native_decide.ax_1_1]
info: Kobon/Audit.lean:7:0: AUDIT Kobon.BBLRowOrder.newKey_ne_oldKey._proof_1_8: kernel; axioms=[propext, Quot.sound]
info: Kobon/Audit.lean:7:0: AUDIT Kobon.HybridBoundary.seed_visible._simp_1_1: kernel; axioms=[propext, Quot.sound]
info: Kobon/Audit.lean:7:0: AUDIT Kobon.Universal.classical_baseline_le._proof_1_2: kernel; axioms=[propext, Quot.sound]
info: Kobon/Audit.lean:7:0: AUDIT Kobon.BBLSeed21.last_intersection: kernel; axioms=[propext, Classical.choice, Quot.sound]
info: Kobon/Audit.lean:7:0: AUDIT Kobon.Results.simple_016: native-evaluation; axioms=[propext,
 Classical.choice,
 Quot.sound,
 Kobon.Certificates.N016T00072H391cf79a.checked._native.native_decide.ax_1_1,
 Kobon.Certificates.N016T00072H391cf79a.no_concurrent._native.native_decide.ax_1_1]
info: Kobon/Audit.lean:7:0: AUDIT Kobon.BBLGrid.sum_tan_positive: kernel; axioms=[propext, Classical.choice, Quot.sound]
info: Kobon/Audit.lean:7:0: AUDIT Kobon.Certificates.N058T01073Hd988db55.checked: native-evaluation; axioms=[propext,
 Kobon.Certificates.N058T01073Hd988db55.checked._native.native_decide.ax_1_1]
info: Kobon/Audit.lean:7:0: AUDIT Kobon.ShiftedFurediPalasti.low_after._proof_1_3: kernel; axioms=[propext, Quot.sound]
info: Kobon/Audit.lean:7:0: AUDIT Kobon.BBLCapSigns.cap_key_signs._proof_1_45: kernel; axioms=[propext, Classical.choice, Quot.sound]
info: Kobon/Audit.lean:7:0: AUDIT Kobon.FanGeometry.FanStrip.mk.sizeOf_spec: kernel; axioms=[propext, Classical.choice, Quot.sound]
info: Kobon/Audit.lean:7:0: AUDIT Kobon.BBLPersistence.triangle_preserved_eventually._proof_1_3: kernel; axioms=[propext, Quot.sound]
info: Kobon/Audit.lean:7:0: AUDIT Kobon.BBLCapHeight.cap_key_height._proof_1_2: kernel; axioms=[propext, Classical.choice, Quot.sound]
info: Kobon/Audit.lean:7:0: AUDIT Kobon.BBLLiftedKeys.lifted_anchor._proof_1_11: kernel; axioms=[propext, Quot.sound]
info: Kobon/Audit.lean:7:0: AUDIT Kobon.AllN.dominates_every_saved_certificate._proof_1_58: kernel; axioms=[]
info: Kobon/Audit.lean:7:0: AUDIT Kobon.AllN.enhancement.eq_2: kernel; axioms=[]
info: Kobon/Audit.lean:7:0: AUDIT Kobon.CleanLineBudget.multiplicity_surplus: kernel; axioms=[propext, Classical.choice, Quot.sound]
info: Kobon/Audit.lean:7:0: AUDIT Kobon.AllN.strict_improvements._proof_1_32: kernel; axioms=[]
info: Kobon/Audit.lean:7:0: AUDIT Kobon.BBLGrid.beta_tan_ne_zero: kernel; axioms=[propext, Classical.choice, Quot.sound]
info: Kobon/Audit.lean:7:0: AUDIT Kobon.AllN.dominates_49_target._proof_1_2: kernel; axioms=[propext]
info: Kobon/Audit.lean:7:0: AUDIT Kobon.Certificates.N022T00143H54396c64.simple_lower_bound: native-evaluation; axioms=[propext,
 Classical.choice,
 Quot.sound,
 Kobon.Certificates.N022T00143H54396c64.checked._native.native_decide.ax_1_1,
 Kobon.Certificates.N022T00143H54396c64.no_concurrent._native.native_decide.ax_1_1]
info: Kobon/Audit.lean:7:0: AUDIT Kobon.BBLConsecutive.supports_consecutive._proof_1_8: kernel; axioms=[propext, Quot.sound]
info: Kobon/Audit.lean:7:0: AUDIT Kobon.FurediPalastiTwoCaps.lower_inner_sign._proof_1_1: kernel; axioms=[propext, Quot.sound]
info: Kobon/Audit.lean:7:0: AUDIT Kobon.FurediPalastiCaps.pairX_nonadjacent._proof_1_1: kernel; axioms=[propext, Quot.sound]
info: Kobon/Audit.lean:7:0: AUDIT Kobon.positive_weighted_sum: kernel; axioms=[propext, Classical.choice, Quot.sound]
info: Kobon/Audit.lean:7:0: AUDIT Kobon.BBLRowOrder.newKey_symm._proof_1_47: kernel; axioms=[propext, Quot.sound]
info: Kobon/Audit.lean:7:0: AUDIT Kobon.AllN.baseline_after_last_exception._proof_1_59: kernel; axioms=[propext, Quot.sound]
info: Kobon/Audit.lean:7:0: AUDIT Kobon.AllN.baseline_after_last_exception._proof_1_17: kernel; axioms=[propext, Quot.sound]
info: Kobon/Audit.lean:7:0: AUDIT Kobon.FurediPalastiTwoCaps.upper_outer_sign._proof_1_10: kernel; axioms=[propext, Quot.sound]
info: Kobon/Audit.lean:7:0: AUDIT Kobon.BBLCentralPersistence.canonical_central_signs._proof_1_3: kernel; axioms=[propext, Quot.sound]
info: Kobon/Audit.lean:7:0: AUDIT Kobon.BBLVisible.aux_visible._proof_1_3: kernel; axioms=[propext, Quot.sound]
info: Kobon/Audit.lean:7:0: AUDIT Kobon.BBLCapSigns.cap_key_signs._proof_1_64: kernel; axioms=[propext, Classical.choice, Quot.sound]
info: Kobon/Audit.lean:7:0: AUDIT Kobon.Certificates.N041T00533H01e2ef66.lower_bound: native-evaluation; axioms=[propext,
 Classical.choice,
 Quot.sound,
 Kobon.Certificates.N041T00533H01e2ef66.checked._native.native_decide.ax_1_1]
info: Kobon/Audit.lean:7:0: AUDIT Kobon.Families.triangles.eq_def: kernel; axioms=[propext]
info: Kobon/Audit.lean:7:0: AUDIT Kobon.orientedEval_affine._simp_1_7: kernel; axioms=[propext]
info: Kobon/Audit.lean:7:0: AUDIT Kobon.Iteration.gainPrefix_closed._proof_1_2: kernel; axioms=[propext, Quot.sound]
info: Kobon/Audit.lean:7:0: AUDIT Kobon.AllN.strict_improvements._proof_1_44: kernel; axioms=[]
info: Kobon/Audit.lean:7:0: AUDIT Kobon.BBLPencilProfiles.pair_profile_eventually._proof_1_31: kernel; axioms=[propext, Quot.sound]
info: Kobon/Audit.lean:7:0: AUDIT Kobon.Certificates.N059T01102Hfd3b4280.lower_bound: native-evaluation; axioms=[propext,
 Classical.choice,
 Quot.sound,
 Kobon.Certificates.N059T01102Hfd3b4280.checked._native.native_decide.ax_1_1]
info: Kobon/Audit.lean:7:0: AUDIT Kobon.BBLGridReindex.next_cut._proof_1_19: kernel; axioms=[propext, Quot.sound]
info: Kobon/Audit.lean:7:0: AUDIT Kobon.BBLGridCuts.cut_increasing._proof_1_3: kernel; axioms=[propext, Quot.sound]
info: Kobon/Audit.lean:7:0: AUDIT Kobon.Iteration49.boundary_49._proof_42: kernel; axioms=[propext]
info: Kobon/Audit.lean:7:0: AUDIT Kobon.Reindex.rotate_zero_triangle._proof_1_8: kernel; axioms=[propext, Quot.sound]
info: Kobon/Audit.lean:7:0: AUDIT Kobon.Results.best_simple_195: native-evaluation; axioms=[propext,
 Classical.choice,
 Quot.sound,
 Kobon.Certificates.N195T12482H5413dd7b.checked._native.native_decide.ax_1_1,
 Kobon.Certificates.N195T12482H5413dd7b.no_concurrent._native.native_decide.ax_1_1]
info: Kobon/Audit.lean:7:0: AUDIT Kobon.Certificates.N039T00468H5c5b0b26.lower_bound: native-evaluation; axioms=[propext,
 Classical.choice,
 Quot.sound,
 Kobon.Certificates.N039T00468H5c5b0b26.checked._native.native_decide.ax_1_1]
info: Kobon/Audit.lean:7:0: AUDIT Kobon.BBLLiftedKeys.lifted_anchor._proof_1_52: kernel; axioms=[propext, Quot.sound]
info: Kobon/Audit.lean:7:0: AUDIT Kobon.AllN.strict_improvements._proof_1_15: kernel; axioms=[]
info: Kobon/Audit.lean:7:0: AUDIT Kobon.Certificates.N032T00314H9ab78b00.lower_bound: native-evaluation; axioms=[propext,
 Classical.choice,
 Quot.sound,
 Kobon.Certificates.N032T00314H9ab78b00.checked._native.native_decide.ax_1_1]
info: Kobon/Audit.lean:7:0: AUDIT Kobon.BBLCentral.rightmost_crossing_x._simp_1_5: kernel; axioms=[propext]
info: Kobon/Audit.lean:7:0: AUDIT Kobon.BBLCapSigns.cap_key_signs._proof_1_79: kernel; axioms=[propext, Classical.choice, Quot.sound]
info: Kobon/Audit.lean:7:0: AUDIT Kobon.BBLVisible.key_row_max._proof_1_6: kernel; axioms=[propext, Quot.sound]
info: Kobon/Audit.lean:7:0: AUDIT Kobon.BBLCentralPersistence.central_retained_eventually._proof_1_2: kernel; axioms=[propext, Quot.sound]
info: Kobon/Audit.lean:7:0: AUDIT KobonExamples.QLine.mk.sizeOf_spec: kernel; axioms=[]
info: Kobon/Audit.lean:7:0: AUDIT Kobon.BBLLiftedKeys.complement_row_bound._proof_1_10: kernel; axioms=[propext, Classical.choice, Quot.sound]
info: Kobon/Audit.lean:7:0: AUDIT Kobon.BBLVisible.auxPair_keys._proof_1_2: kernel; axioms=[propext, Classical.choice, Quot.sound]
info: Kobon/Audit.lean:7:0: AUDIT Kobon.Cells.ofPredicate.congr_simp: kernel; axioms=[propext, Classical.choice, Quot.sound]
info: Kobon/Audit.lean:7:0: AUDIT Kobon.Certificates.N014T00052Hb3f4749f.simple_lower_bound: native-evaluation; axioms=[propext,
 Classical.choice,
 Quot.sound,
 Kobon.Certificates.N014T00052Hb3f4749f.checked._native.native_decide.ax_1_1,
 Kobon.Certificates.N014T00052Hb3f4749f.no_concurrent._native.native_decide.ax_1_1]
info: Kobon/Audit.lean:7:0: AUDIT Kobon.Certificates.N006T00006Haf8f599e.checked: native-evaluation; axioms=[propext,
 Kobon.Certificates.N006T00006Haf8f599e.checked._native.native_decide.ax_1_1]
info: Kobon/Audit.lean:7:0: AUDIT Kobon.BBLCount.outside_subset._proof_1_7: kernel; axioms=[propext, Quot.sound]
info: Kobon/Audit.lean:7:0: AUDIT Kobon.Results.earlier_032: native-evaluation; axioms=[propext,
 Classical.choice,
 Quot.sound,
 Kobon.Certificates.N032T00315H5914f2bb.checked._native.native_decide.ax_1_1]
info: Kobon/Audit.lean:7:0: AUDIT Kobon.BBLIntersection.crossing_displacement._simp_1_1: kernel; axioms=[propext]
info: Kobon/Audit.lean:7:0: AUDIT Kobon.BBLRowGeometry.row_outside._proof_1_4: kernel; axioms=[propext, Quot.sound]
info: Kobon/Audit.lean:7:0: AUDIT Kobon.BBLMaximization.rational_error_bound._simp_1_7: kernel; axioms=[propext]
info: Kobon/Audit.lean:7:0: AUDIT Kobon.Cells.TriangleGeometry.mk.injEq: kernel; axioms=[propext, Classical.choice, Quot.sound]
info: Kobon/Audit.lean:7:0: AUDIT Kobon.Results.earlier_031: native-evaluation; axioms=[propext,
 Classical.choice,
 Quot.sound,
 Kobon.Certificates.N031T00299H70f23b94.checked._native.native_decide.ax_1_1]
info: Kobon/Audit.lean:7:0: AUDIT Kobon.Cells.TriangleGeometry.Bq: kernel; axioms=[propext, Classical.choice, Quot.sound]
info: Kobon/Audit.lean:7:0: AUDIT Kobon.Reindex.rotate_visible._proof_1_2: kernel; axioms=[propext, Quot.sound]
info: Kobon/Audit.lean:7:0: AUDIT Kobon.ShiftedFurediPalasti.selected_triangle._simp_1_4: kernel; axioms=[propext]
info: Kobon/Audit.lean:7:0: AUDIT Kobon.BBLRowOrder.auxiliary_outside_of_close._proof_1_100: kernel; axioms=[propext, Classical.choice, Quot.sound]
info: Kobon/Audit.lean:7:0: AUDIT Kobon.FurediPalasti.selected_sum_nonzero._proof_1_10: kernel; axioms=[propext, Quot.sound]
info: Kobon/Audit.lean:7:0: AUDIT Kobon.AllN.exact_exception_values._proof_1_33: kernel; axioms=[]
info: Kobon/Audit.lean:7:0: AUDIT Kobon.Results.best_simple_055: native-evaluation; axioms=[propext,
 Classical.choice,
 Quot.sound,
 Kobon.Certificates.N055T00955H202625a3.checked._native.native_decide.ax_1_1,
 Kobon.Certificates.N055T00955H202625a3.no_concurrent._native.native_decide.ax_1_1]
info: Kobon/Audit.lean:7:0: AUDIT Kobon.BBLCaps.cap_no_aux_between._proof_1_13: kernel; axioms=[propext, Quot.sound]
info: Kobon/Audit.lean:7:0: AUDIT Kobon.Results.classical_005: native-evaluation; axioms=[propext,
 Classical.choice,
 Quot.sound,
 Kobon.Certificates.N005T00005H948a0bdf.checked._native.native_decide.ax_1_1]
info: Kobon/Audit.lean:7:0: AUDIT Kobon.BBLRegularity.canonical.eq_1: kernel; axioms=[propext, Classical.choice, Quot.sound]
info: Kobon/Audit.lean:7:0: AUDIT Kobon.Cells.TriangleGeometry.Ap: kernel; axioms=[propext, Classical.choice, Quot.sound]
info: Kobon/Audit.lean:7:0: AUDIT Kobon.BBLRowOrder.auxiliary_outside_of_close._proof_1_50: kernel; axioms=[propext, Classical.choice, Quot.sound]
info: Kobon/Audit.lean:7:0: AUDIT Kobon.Certificates.N040T00494H785374ca.lower_bound: native-evaluation; axioms=[propext,
 Classical.choice,
 Quot.sound,
 Kobon.Certificates.N040T00494H785374ca.checked._native.native_decide.ax_1_1]
info: Kobon/Audit.lean:7:0: AUDIT Kobon.AllN.polynomial_gap._proof_1_3: kernel; axioms=[propext, Quot.sound]
info: Kobon/Audit.lean:7:0: AUDIT Kobon.Iteration49.boundary_50._proof_1: kernel; axioms=[propext]
info: Kobon/Audit.lean:7:0: AUDIT Kobon.BBLVisible.aux_visible._proof_1_4: kernel; axioms=[propext, Quot.sound]
info: Kobon/Audit.lean:7:0: AUDIT Kobon.BBLRowOrder.newKey_symm._proof_1_22: kernel; axioms=[propext, Quot.sound]
info: Kobon/Audit.lean:7:0: AUDIT Kobon.BBLRowOrder.newKey_injective._proof_1_89: kernel; axioms=[propext, Quot.sound]
info: Kobon/Audit.lean:7:0: AUDIT Kobon.BBLCapBridge.cap_replaced_eventually: kernel; axioms=[propext, Classical.choice, Quot.sound]
info: Kobon/Audit.lean:7:0: AUDIT Kobon.BBLRowGeometry.row_outside._proof_1_3: kernel; axioms=[propext, Quot.sound]
info: Kobon/Audit.lean:7:0: AUDIT Kobon.BBLRowOrder.newKey_symm._proof_1_45: kernel; axioms=[propext, Quot.sound]
info: Kobon/Audit.lean:7:0: AUDIT Kobon.BBLPencilProfiles.pair_profile_eventually._proof_1_11: kernel; axioms=[propext, Quot.sound]
info: Kobon/Audit.lean:7:0: AUDIT Kobon.Reindex.no_concurrent_pullback: kernel; axioms=[propext, Classical.choice, Quot.sound]
info: Kobon/Audit.lean:7:0: AUDIT Kobon.Certificates.N058T01073Hd988db55.lower_bound: native-evaluation; axioms=[propext,
 Classical.choice,
 Quot.sound,
 Kobon.Certificates.N058T01073Hd988db55.checked._native.native_decide.ax_1_1]
info: Kobon/Audit.lean:7:0: AUDIT Kobon.SharedFan.interiors_uncut: kernel; axioms=[propext, Classical.choice, Quot.sound]
info: Kobon/Audit.lean:7:0: AUDIT Kobon.Iteration.gainPrefix_closed._proof_1_6: kernel; axioms=[propext, Quot.sound]
info: Kobon/Audit.lean:7:0: AUDIT Kobon.BBLCount.neighbors_count._simp_1_5: kernel; axioms=[propext]
info: Kobon/Audit.lean:7:0: AUDIT Kobon.BBLCapReplacement.oriented_self_right: kernel; axioms=[propext, Classical.choice, Quot.sound]
info: Kobon/Audit.lean:7:0: AUDIT Kobon.BBLCapEnvelope.cap_left_endpoint: kernel; axioms=[propext, Classical.choice, Quot.sound]
info: Kobon/Audit.lean:7:0: AUDIT Kobon.FurediPalastiWrap.lower_pair_nonpos._proof_1_7: kernel; axioms=[propext, Quot.sound]
info: Kobon/Audit.lean:7:0: AUDIT Kobon.Results.earlier_010: native-evaluation; axioms=[propext,
 Classical.choice,
 Quot.sound,
 Kobon.Certificates.N010T00025Hb767c427.checked._native.native_decide.ax_1_1]
info: Kobon/Audit.lean:7:0: AUDIT Kobon.TamuraTangentBounds.tan_16_4_bounds: kernel; axioms=[propext, Classical.choice, Quot.sound]
info: Kobon/Audit.lean:7:0: AUDIT KobonBoundary.charging_bound: kernel; axioms=[propext, Quot.sound]
info: Kobon/Audit.lean:7:0: AUDIT Kobon.FurediPalastiTwoCaps.upper_cap_sign._proof_1_2: kernel; axioms=[propext, Quot.sound]
info: Kobon/Audit.lean:7:0: AUDIT Kobon.BBLAlternation.signs_from_negative._proof_1_4: kernel; axioms=[propext, Quot.sound]
info: Kobon/Audit.lean:7:0: AUDIT Kobon.BBLCount.neighbors_count._proof_1_12: kernel; axioms=[propext, Quot.sound]
info: Kobon/Audit.lean:7:0: AUDIT Kobon.AllN.dominates_every_saved_certificate._proof_1_61: kernel; axioms=[]
info: Kobon/Audit.lean:7:0: AUDIT Kobon.BBLGridReindex.inv_perm._proof_1_11: kernel; axioms=[propext, Quot.sound]
info: Kobon/Audit.lean:7:0: AUDIT Kobon.Certificates.N012T00037H8c718a33.checked: native-evaluation; axioms=[propext,
 Kobon.Certificates.N012T00037H8c718a33.checked._native.native_decide.ax_1_1]
info: Kobon/Audit.lean:7:0: AUDIT Kobon.HybridBoundary.derivative_nonneg_iff._simp_1_1: kernel; axioms=[propext]
info: Kobon/Audit.lean:7:0: AUDIT Kobon.Certificates.N047T00691Hfac44af1.checked: native-evaluation; axioms=[propext,
 Kobon.Certificates.N047T00691Hfac44af1.checked._native.native_decide.ax_1_1]
info: Kobon/Audit.lean:7:0: AUDIT Kobon.Results.best_simple_161: native-evaluation; axioms=[propext,
 Classical.choice,
 Quot.sound,
 Kobon.Certificates.N161T08532H230691d5.checked._native.native_decide.ax_1_1,
 Kobon.Certificates.N161T08532H230691d5.no_concurrent._native.native_decide.ax_1_1]
info: Kobon/Audit.lean:7:0: AUDIT Kobon.AllN.baseline_after_last_exception._proof_1_16: kernel; axioms=[propext, Quot.sound]
info: Kobon/Audit.lean:7:0: AUDIT Kobon.Certificates.N019T00107Ha2f32bdb.no_concurrent: native-evaluation; axioms=[propext,
 Kobon.Certificates.N019T00107Ha2f32bdb.no_concurrent._native.native_decide.ax_1_1]
info: Kobon/Audit.lean:7:0: AUDIT Kobon.BBLRealization.horizontal_coordinate_profile._proof_1_21: kernel; axioms=[propext, Quot.sound]
info: Kobon/Audit.lean:7:0: AUDIT Kobon.Cells.ofPredicate._proof_19: kernel; axioms=[propext, Classical.choice, Quot.sound]
info: Kobon/Audit.lean:7:0: AUDIT Kobon.Cells.TriangleGeometry.Cr: kernel; axioms=[propext, Classical.choice, Quot.sound]
info: Kobon/Audit.lean:7:0: AUDIT Kobon.ShiftedFurediPalasti.sumAngle._proof_1: kernel; axioms=[propext]
info: Kobon/Audit.lean:7:0: AUDIT Kobon.Reindex.rotate_zero_triangle: kernel; axioms=[propext, Classical.choice, Quot.sound]
info: Kobon/Audit.lean:7:0: AUDIT Kobon.BBLLiftedKeys.lifted_anchor._proof_1_31: kernel; axioms=[propext, Quot.sound]
info: Kobon/Audit.lean:7:0: AUDIT Kobon.BBLRowOrder.newKey_symm._proof_1_29: kernel; axioms=[propext, Quot.sound]
info: Kobon/Audit.lean:7:0: AUDIT Kobon.FurediPalastiTwoCaps.upper_outer_sign._proof_1_3: kernel; axioms=[propext, Quot.sound]
info: Kobon/Audit.lean:7:0: AUDIT Kobon.BBLRowOrder.newKey_symm._proof_1_19: kernel; axioms=[propext, Quot.sound]
info: Kobon/Audit.lean:7:0: AUDIT Kobon.FurediPalasti.selected_indices._proof_1_6: kernel; axioms=[propext, Quot.sound]
info: Kobon/Audit.lean:7:0: AUDIT Kobon.BBLCaps.capRow_injective._proof_1_23: kernel; axioms=[propext, Quot.sound]
info: Kobon/Audit.lean:7:0: AUDIT Kobon.Cells.side_index_mem._proof_1_2: kernel; axioms=[propext, Quot.sound]
info: Kobon/Audit.lean:7:0: AUDIT Kobon.FurediPalasti.lower_bound: kernel; axioms=[propext, Classical.choice, Quot.sound]
info: Kobon/Audit.lean:7:0: AUDIT Kobon.FurediPalastiChart.angle_last: kernel; axioms=[propext, Classical.choice, Quot.sound]
info: Kobon/Audit.lean:7:0: AUDIT Kobon.BBLCaps.cap_no_aux_between._proof_1_28: kernel; axioms=[propext, Quot.sound]
info: Kobon/Audit.lean:7:0: AUDIT Kobon.BBLLiftedKeys.lifted_anchor._proof_1_41: kernel; axioms=[propext, Quot.sound]
info: Kobon/Audit.lean:7:0: AUDIT Kobon.HybridBoundary.seed_exterior: kernel; axioms=[propext, Classical.choice, Quot.sound]
info: Kobon/Audit.lean:7:0: AUDIT Kobon.Certificates.N037T00431H11f0bde7.checked: native-evaluation; axioms=[propext,
 Kobon.Certificates.N037T00431H11f0bde7.checked._native.native_decide.ax_1_1]
info: Kobon/Audit.lean:7:0: AUDIT Kobon.BBLAssembly.doubling_bound._proof_1_2: kernel; axioms=[propext, Quot.sound]
info: Kobon/Audit.lean:7:0: AUDIT Kobon.BBLCapEnvelope.cap_right_endpoint._proof_1_4: kernel; axioms=[propext, Quot.sound]
info: Kobon/Audit.lean:7:0: AUDIT Kobon.BBLCanonicalPencil.old_slopes_distinct._proof_1_2: kernel; axioms=[propext, Quot.sound]
info: Kobon/Audit.lean:7:0: AUDIT Kobon.BBLVisible.auxVisible_injective._proof_1_2: kernel; axioms=[propext, Quot.sound]
info: Kobon/Audit.lean:7:0: AUDIT Kobon.BBLRowGeometry.mixed_triangle._proof_1_1: kernel; axioms=[propext, Quot.sound]
info: Kobon/Audit.lean:7:0: AUDIT Kobon.BBLRowOrder.newKey_injective._proof_1_65: kernel; axioms=[propext, Quot.sound]
info: Kobon/Audit.lean:7:0: AUDIT Kobon.BBLNextSaturation.gapTriangle.eq_1: kernel; axioms=[]
info: Kobon/Audit.lean:7:0: AUDIT Kobon.Cells.interior_eq_signCell._proof_1_1: kernel; axioms=[propext, Quot.sound]
info: Kobon/Audit.lean:7:0: AUDIT Kobon.BBLAssembly.doubling_bound: kernel; axioms=[propext, Classical.choice, Quot.sound]
info: Kobon/Audit.lean:7:0: AUDIT Kobon.BBLRowOrder.auxiliary_outside_of_close._proof_1_51: kernel; axioms=[propext, Classical.choice, Quot.sound]
info: Kobon/Audit.lean:7:0: AUDIT Kobon.Certificates.N031T00299H70f23b94.no_concurrent: native-evaluation; axioms=[propext,
 Kobon.Certificates.N031T00299H70f23b94.no_concurrent._native.native_decide.ax_1_1]
info: Kobon/Audit.lean:7:0: AUDIT Kobon.Certificates.N028T00238H56ef2acb.checked: native-evaluation; axioms=[propext,
 Kobon.Certificates.N028T00238H56ef2acb.checked._native.native_decide.ax_1_1]
info: Kobon/Audit.lean:7:0: AUDIT Kobon.FanGeometry.FanStrip.opposite_left: kernel; axioms=[propext, Classical.choice, Quot.sound]
info: Kobon/Audit.lean:7:0: AUDIT Kobon.BBLRealization.crossing_order_eventually._proof_1_6: kernel; axioms=[propext, Quot.sound]
info: Kobon/Audit.lean:7:0: AUDIT Kobon.Reindex.shift_injective._proof_1_1: kernel; axioms=[propext, Quot.sound]
info: Kobon/Audit.lean:7:0: AUDIT Kobon.Reindex.eval_pair_swap: kernel; axioms=[propext, Classical.choice, Quot.sound]
info: Kobon/Audit.lean:7:0: AUDIT Kobon.TamuraSeed5.admissible_check._proof_1_1: kernel; axioms=[propext, Classical.choice, Quot.sound]
info: Kobon/Audit.lean:7:0: AUDIT Kobon.TamuraTangentBounds.tan_16_5_bounds: kernel; axioms=[propext, Classical.choice, Quot.sound]
info: Kobon/Audit.lean:7:0: AUDIT Kobon.FurediPalastiWrap.cap_nonneg._proof_1_1: kernel; axioms=[propext, Quot.sound]
info: Kobon/Audit.lean:7:0: AUDIT Kobon.BBLProfiles.profile_key_bounds._proof_1_2: kernel; axioms=[propext, Classical.choice, Quot.sound]
info: Kobon/Audit.lean:7:0: AUDIT Kobon.BBLAlternation.alternating_algebra._simp_1_4: kernel; axioms=[propext]
info: Kobon/Audit.lean:7:0: AUDIT Kobon.Iteration49.boundary_49._proof_6: kernel; axioms=[propext]
info: Kobon/Audit.lean:7:0: AUDIT Kobon.Results.classical_019: native-evaluation; axioms=[propext,
 Classical.choice,
 Quot.sound,
 Kobon.Certificates.N019T00107Ha2f32bdb.checked._native.native_decide.ax_1_1]
info: Kobon/Audit.lean:7:0: AUDIT Kobon.TamuraSeed5.simple_lower_bound: kernel; axioms=[propext, Classical.choice, Quot.sound]
info: Kobon/Audit.lean:7:0: AUDIT Kobon.BBLPencilRegularity.factor_neg: kernel; axioms=[propext, Classical.choice, Quot.sound]
info: Kobon/Audit.lean:7:0: AUDIT Kobon.FurediPalastiChart.vertex_on_left: kernel; axioms=[propext, Classical.choice, Quot.sound]
info: Kobon/Audit.lean:7:0: AUDIT Kobon.BBLCaps.cap_no_aux_between._proof_1_61: kernel; axioms=[propext, Classical.choice, Quot.sound]
info: Kobon/Audit.lean:7:0: AUDIT Kobon.Certificates.N041T00532H6d48a341.simple_lower_bound: native-evaluation; axioms=[propext,
 Classical.choice,
 Quot.sound,
 Kobon.Certificates.N041T00532H6d48a341.checked._native.native_decide.ax_1_1,
 Kobon.Certificates.N041T00532H6d48a341.no_concurrent._native.native_decide.ax_1_1]
info: Kobon/Audit.lean:7:0: AUDIT Kobon.BBLGrid.beta_tan_strictMono: kernel; axioms=[propext, Classical.choice, Quot.sound]
info: Kobon/Audit.lean:7:0: AUDIT Kobon.BBLCaps.cap_no_aux_between._proof_1_21: kernel; axioms=[propext, Classical.choice, Quot.sound]
info: Kobon/Audit.lean:7:0: AUDIT Kobon.Certificates.N007T00010H4b5bb6e9.simple_lower_bound: native-evaluation; axioms=[propext,
 Classical.choice,
 Quot.sound,
 Kobon.Certificates.N007T00010H4b5bb6e9.checked._native.native_decide.ax_1_1,
 Kobon.Certificates.N007T00010H4b5bb6e9.no_concurrent._native.native_decide.ax_1_1]
info: Kobon/Audit.lean:7:0: AUDIT Kobon.BBLSeed21.parameters._proof_4: kernel; axioms=[propext]
info: Kobon/Audit.lean:7:0: AUDIT Kobon.FurediPalastiTwoCaps.upper_triangle._proof_1_3: kernel; axioms=[propext, Quot.sound]
info: Kobon/Audit.lean:7:0: AUDIT Kobon.FurediPalasti.selected_triangle._proof_1_2: kernel; axioms=[propext, Quot.sound]
info: Kobon/Audit.lean:7:0: AUDIT Kobon.AllN.strict_improvements._proof_1_40: kernel; axioms=[]
info: Kobon/Audit.lean:7:0: AUDIT Kobon.Certificates.N060T01141H9bc5096c.checked: native-evaluation; axioms=[propext,
 Kobon.Certificates.N060T01141H9bc5096c.checked._native.native_decide.ax_1_1]
info: Kobon/Audit.lean:7:0: AUDIT Kobon.BBLGridReindex.inv_perm._proof_1_4: kernel; axioms=[propext, Quot.sound]
info: Kobon/Audit.lean:7:0: AUDIT Kobon.BBLCount.outside_characterization._proof_1_6: kernel; axioms=[propext, Classical.choice, Quot.sound]
info: Kobon/Audit.lean:7:0: AUDIT Kobon.BBLVisible.auxVisible_injective._proof_1_9: kernel; axioms=[propext, Quot.sound]
info: Kobon/Audit.lean:7:0: AUDIT Kobon.FurediPalastiWrap.halfphase_simple._proof_1_2: kernel; axioms=[propext, Quot.sound]
info: Kobon/Audit.lean:7:0: AUDIT Kobon.FurediPalastiCaps.step_mul._proof_1_1: kernel; axioms=[propext, Quot.sound]
info: Kobon/Audit.lean:7:0: AUDIT Kobon.BBLRowOrder.newKey_symm._proof_1_20: kernel; axioms=[propext, Quot.sound]
info: Kobon/Audit.lean:7:0: AUDIT Kobon.BBLMaximization.stable_maximum: kernel; axioms=[propext, Classical.choice, Quot.sound]
info: Kobon/Audit.lean:7:0: AUDIT Kobon.AllN.baseline_after_last_exception._proof_1_60: kernel; axioms=[propext, Quot.sound]
info: Kobon/Audit.lean:7:0: AUDIT Kobon.TamuraTangentBounds.tan_16_3_bounds: kernel; axioms=[propext, Classical.choice, Quot.sound]
info: Kobon/Audit.lean:7:0: AUDIT Kobon.FurediPalastiChart.index_cos_le._proof_1_1: kernel; axioms=[propext, Quot.sound]
info: Kobon/Audit.lean:7:0: AUDIT Kobon.BBLRowOrder.newKey_symm._proof_1_32: kernel; axioms=[propext, Quot.sound]
info: Kobon/Audit.lean:7:0: AUDIT Kobon.FurediPalasti.angle_lt_pi: kernel; axioms=[propext, Classical.choice, Quot.sound]
info: Kobon/Audit.lean:7:0: AUDIT Kobon.FurediPalastiTwoCaps.upper_cap_sign._proof_1_4: kernel; axioms=[propext, Quot.sound]
info: Kobon/Audit.lean:7:0: AUDIT Kobon.AllN.baseline_after_last_exception._proof_1_50: kernel; axioms=[propext, Quot.sound]
info: Kobon/Audit.lean:7:0: AUDIT Kobon.FurediPalasti.line.eq_1: kernel; axioms=[propext, Classical.choice, Quot.sound]
info: Kobon/Audit.lean:7:0: AUDIT Kobon.ShiftedFurediPalasti.lower_bound: kernel; axioms=[propext, Classical.choice, Quot.sound]
info: Kobon/Audit.lean:7:0: AUDIT Kobon.Results.best_classical_003: native-evaluation; axioms=[propext,
 Classical.choice,
 Quot.sound,
 Kobon.Certificates.N003T00001H05c82de6.checked._native.native_decide.ax_1_1]
info: Kobon/Audit.lean:7:0: AUDIT Kobon.BBLVisibleRetention.retain_all_but_one._proof_1_2: kernel; axioms=[propext, Classical.choice, Quot.sound]
info: Kobon/Audit.lean:7:0: AUDIT Kobon.BBLCount.outside_characterization._proof_1_3: kernel; axioms=[propext, Classical.choice, Quot.sound]
info: Kobon/Audit.lean:7:0: AUDIT Kobon.Universal.baseline_sound._proof_1_6: kernel; axioms=[propext, Quot.sound]
info: Kobon/Audit.lean:7:0: AUDIT Kobon.AllN.dominates_every_saved_certificate._proof_1_44: kernel; axioms=[]
info: Kobon/Audit.lean:7:0: AUDIT Kobon.FurediPalasti.high_after: kernel; axioms=[propext, Classical.choice, Quot.sound]
info: Kobon/Audit.lean:7:0: AUDIT Kobon.Triple.mk.inj: kernel; axioms=[]
info: Kobon/Audit.lean:7:0: AUDIT Kobon.BBLRowOrder.newKey_injective._proof_1_18: kernel; axioms=[propext, Quot.sound]
info: Kobon/Audit.lean:7:0: AUDIT Kobon.BBLPencilRegularity.good_delta_eventually: kernel; axioms=[propext, Classical.choice, Quot.sound]
info: Kobon/Audit.lean:7:0: AUDIT Kobon.FurediPalasti.selected_triangle._proof_1_12: kernel; axioms=[propext, Quot.sound]
info: Kobon/Audit.lean:7:0: AUDIT Kobon.Results.best_classical_015: native-evaluation; axioms=[propext,
 Classical.choice,
 Quot.sound,
 Kobon.Certificates.N015T00065H4d3bf3b4.checked._native.native_decide.ax_1_1]
info: Kobon/Audit.lean:7:0: AUDIT Kobon.Certificates.N007T00010H4b5bb6e9.lower_bound: native-evaluation; axioms=[propext,
 Classical.choice,
 Quot.sound,
 Kobon.Certificates.N007T00010H4b5bb6e9.checked._native.native_decide.ax_1_1]
info: Kobon/Audit.lean:7:0: AUDIT Kobon.Projective.nonpos_preserved: kernel; axioms=[propext, Classical.choice, Quot.sound]
info: Kobon/Audit.lean:7:0: AUDIT Kobon.TamuraTangentBounds.tan_8_1_bounds: kernel; axioms=[propext, Classical.choice, Quot.sound]
info: Kobon/Audit.lean:7:0: AUDIT Kobon.validate.eq_1: kernel; axioms=[propext]
info: Kobon/Audit.lean:7:0: AUDIT Kobon.BBLCrossingCoordinates.arrangement_new._proof_1_2: kernel; axioms=[propext, Quot.sound]
info: Kobon/Audit.lean:7:0: AUDIT Kobon.AllN.dominates_every_saved_certificate._proof_1_103: kernel; axioms=[]
info: Kobon/Audit.lean:7:0: AUDIT Kobon.BBLRowMax.row_extremal._proof_1_7: kernel; axioms=[propext, Quot.sound]
info: Kobon/Audit.lean:7:0: AUDIT Kobon.BBLCapEnvelope.graph_horizontal_intersection._simp_1_2: kernel; axioms=[propext]
info: Kobon/Audit.lean:7:0: AUDIT Kobon.AllN.strict_improvements._proof_1_64: kernel; axioms=[]
info: Kobon/Audit.lean:7:0: AUDIT Kobon.FanCount.window_bound: kernel; axioms=[propext, Classical.choice, Quot.sound]
info: Kobon/Audit.lean:7:0: AUDIT Kobon.BBLAssembly.replace_injective_on._proof_1_1: kernel; axioms=[propext, Classical.choice, Quot.sound]
info: Kobon/Audit.lean:7:0: AUDIT Kobon.Certificates.N034T00357Hfbde0a76.no_concurrent: native-evaluation; axioms=[propext,
 Kobon.Certificates.N034T00357Hfbde0a76.no_concurrent._native.native_decide.ax_1_1]
info: Kobon/Audit.lean:7:0: AUDIT Kobon.AllN.dominates_every_saved_certificate._proof_1_39: kernel; axioms=[]
info: Kobon/Audit.lean:7:0: AUDIT Kobon.BBLRowOrder.newKey_symm._proof_1_7: kernel; axioms=[propext, Quot.sound]
info: Kobon/Audit.lean:7:0: AUDIT Kobon.BBLNextSaturation.noncentral_gap._proof_1_3: kernel; axioms=[propext, Quot.sound]
info: Kobon/Audit.lean:7:0: AUDIT Kobon.BBLTangentBounds.tan_1_bounds: kernel; axioms=[propext, Classical.choice, Quot.sound]
info: Kobon/Audit.lean:7:0: AUDIT Kobon.TamuraSeed5.admissible_check: kernel; axioms=[propext, Classical.choice, Quot.sound]
info: Kobon/Audit.lean:7:0: AUDIT Kobon.BBLRowOrder.newKey_injective._proof_1_55: kernel; axioms=[propext, Quot.sound]
info: Kobon/Audit.lean:7:0: AUDIT Kobon.AllN.dominates_49_target: kernel; axioms=[propext, Classical.choice, Quot.sound]
info: Kobon/Audit.lean:7:0: AUDIT Kobon.vertex.eq_1: kernel; axioms=[]
info: Kobon/Audit.lean:7:0: AUDIT Kobon.FurediPalastiCount.orbit.eq_1: kernel; axioms=[propext, Classical.choice, Quot.sound]
info: Kobon/Audit.lean:7:0: AUDIT Kobon.Certificates.N065T01365Hb1dcbeb4.checked: native-evaluation; axioms=[propext,
 Kobon.Certificates.N065T01365Hb1dcbeb4.checked._native.native_decide.ax_1_1]
info: Kobon/Audit.lean:7:0: AUDIT Kobon.Iteration.gainPrefix_closed._proof_1_3: kernel; axioms=[propext, Quot.sound]
info: Kobon/Audit.lean:7:0: AUDIT Kobon.AllN.strict_improvements._proof_1_46: kernel; axioms=[]
info: Kobon/Audit.lean:7:0: AUDIT Kobon.AllN.baseline_after_last_exception._proof_1_38: kernel; axioms=[propext, Quot.sound]
info: Kobon/Audit.lean:7:0: AUDIT Kobon.FurediPalasti.sum_sin_neg1: kernel; axioms=[propext, Classical.choice, Quot.sound]
info: Kobon/Audit.lean:7:0: AUDIT Kobon.SeedFamily.ordered._proof_1_1: kernel; axioms=[]
info: Kobon/Audit.lean:7:0: AUDIT Kobon.Exterior.append_old: kernel; axioms=[propext, Classical.choice, Quot.sound]
info: Kobon/Audit.lean:7:0: AUDIT Kobon.BBLRowOrder.auxiliary_outside_of_close._proof_1_99: kernel; axioms=[propext, Classical.choice, Quot.sound]
info: Kobon/Audit.lean:7:0: AUDIT Kobon.Certificates.N011T00032Hb955e7c9.simple_lower_bound: native-evaluation; axioms=[propext,
 Classical.choice,
 Quot.sound,
 Kobon.Certificates.N011T00032Hb955e7c9.checked._native.native_decide.ax_1_1,
 Kobon.Certificates.N011T00032Hb955e7c9.no_concurrent._native.native_decide.ax_1_1]
info: Kobon/Audit.lean:7:0: AUDIT Kobon.Projective.oriented_transform._simp_1_6: kernel; axioms=[propext, Classical.choice, Quot.sound]
info: Kobon/Audit.lean:7:0: AUDIT Kobon.Iteration49.boundary_49._proof_2: kernel; axioms=[propext]
info: Kobon/Audit.lean:7:0: AUDIT Kobon.BBLCaps.cap_no_aux_between._proof_1_58: kernel; axioms=[propext, Classical.choice, Quot.sound]
info: Kobon/Audit.lean:7:0: AUDIT Kobon.BBLCapBridge.endpointSigns_of_canonical._proof_1_1: kernel; axioms=[propext, Quot.sound]
info: Kobon/Audit.lean:7:0: AUDIT Kobon.BBLPencilLimits.displacementCoeff_zero_neg: kernel; axioms=[propext, Classical.choice, Quot.sound]
info: Kobon/Audit.lean:7:0: AUDIT Kobon.Universal.all_n: native-evaluation; axioms=[propext,
 Classical.choice,
 Quot.sound,
 Kobon.Certificates.N003T00001H05c82de6.checked._native.native_decide.ax_1_1,
 Kobon.Certificates.N005T00005H948a0bdf.checked._native.native_decide.ax_1_1,
 Kobon.Certificates.N006T00007H6ea9ebaa.checked._native.native_decide.ax_1_1,
 Kobon.Certificates.N007T00011He6b9a626.checked._native.native_decide.ax_1_1,
 Kobon.Certificates.N008T00015Ha1380810.checked._native.native_decide.ax_1_1,
 Kobon.Certificates.N009T00021H6ebbed82.checked._native.native_decide.ax_1_1,
 Kobon.Certificates.N010T00025Hb767c427.checked._native.native_decide.ax_1_1,
 Kobon.Certificates.N011T00032Hb955e7c9.checked._native.native_decide.ax_1_1,
 Kobon.Certificates.N012T00038H38f69f38.checked._native.native_decide.ax_1_1,
 Kobon.Certificates.N013T00047Hddec1f78.checked._native.native_decide.ax_1_1,
 Kobon.Certificates.N014T00054Hd47aea63.checked._native.native_decide.ax_1_1,
 Kobon.Certificates.N015T00065H4d3bf3b4.checked._native.native_decide.ax_1_1,
 Kobon.Certificates.N016T00072H391cf79a.checked._native.native_decide.ax_1_1,
 Kobon.Certificates.N017T00085H7cf3c061.checked._native.native_decide.ax_1_1,
 Kobon.Certificates.N018T00093Hedb6246a.checked._native.native_decide.ax_1_1,
 Kobon.Certificates.N019T00107Ha2f32bdb.checked._native.native_decide.ax_1_1,
 Kobon.Certificates.N020T00117H382171ac.checked._native.native_decide.ax_1_1,
 Kobon.Certificates.N021T00133H36bae754.checked._native.native_decide.ax_1_1,
 Kobon.Certificates.N022T00143H54396c64.checked._native.native_decide.ax_1_1,
 Kobon.Certificates.N023T00161H969ad7d3.checked._native.native_decide.ax_1_1,
 Kobon.Certificates.N024T00172He63e906b.checked._native.native_decide.ax_1_1,
 Kobon.Certificates.N025T00191Hb568bffb.checked._native.native_decide.ax_1_1,
 Kobon.Certificates.N026T00204Hf71379c4.checked._native.native_decide.ax_1_1,
 Kobon.Certificates.N027T00225H7d6ae9a0.checked._native.native_decide.ax_1_1,
 Kobon.Certificates.N028T00238H56ef2acb.checked._native.native_decide.ax_1_1,
 Kobon.Certificates.N029T00261Hd4805c25.checked._native.native_decide.ax_1_1,
 Kobon.Certificates.N030T00275Hdcfe649a.checked._native.native_decide.ax_1_1,
 Kobon.Certificates.N031T00299H70f23b94.checked._native.native_decide.ax_1_1,
 Kobon.Certificates.N032T00315H5914f2bb.checked._native.native_decide.ax_1_1,
 Kobon.Certificates.N033T00341H95f3b770.checked._native.native_decide.ax_1_1,
 Kobon.Certificates.N034T00357Hfbde0a76.checked._native.native_decide.ax_1_1,
 Kobon.Certificates.N035T00385H9ee99af6.checked._native.native_decide.ax_1_1,
 Kobon.Certificates.N036T00402H3fc01b7d.checked._native.native_decide.ax_1_1,
 Kobon.Certificates.N037T00431H11f0bde7.checked._native.native_decide.ax_1_1,
 Kobon.Certificates.N038T00450H8ba2bdb1.checked._native.native_decide.ax_1_1,
 Kobon.Certificates.N039T00470H30caa6f7.checked._native.native_decide.ax_1_1,
 Kobon.Certificates.N041T00533H01e2ef66.checked._native.native_decide.ax_1_1,
 Kobon.Certificates.N042T00553H2bdc9d67.checked._native.native_decide.ax_1_1,
 Kobon.Certificates.N043T00587H861d8be2.checked._native.native_decide.ax_1_1,
 Kobon.Certificates.N044T00608Hb5277675.checked._native.native_decide.ax_1_1,
 Kobon.Certificates.N045T00645H3dc6e882.checked._native.native_decide.ax_1_1,
 Kobon.Certificates.N046T00667H32b8ca2f.checked._native.native_decide.ax_1_1,
 Kobon.Certificates.N047T00691Hfac44af1.checked._native.native_decide.ax_1_1,
 Kobon.Certificates.N048T00721H2fb5ef0d.checked._native.native_decide.ax_1_1,
 Kobon.Certificates.N049T00767H957e6f15.checked._native.native_decide.ax_1_1,
 Kobon.Certificates.N050T00792H3d40cb58.checked._native.native_decide.ax_1_1,
 Kobon.Certificates.N051T00818Hc18e1baf.checked._native.native_decide.ax_1_1,
 Kobon.Certificates.N053T00885H6bc5b14d.checked._native.native_decide.ax_1_1,
 Kobon.Certificates.N054T00919Ha254c1b4.checked._native.native_decide.ax_1_1,
 Kobon.Certificates.N055T00955H202625a3.checked._native.native_decide.ax_1_1,
 Kobon.Certificates.N057T01045H9a1d337c.checked._native.native_decide.ax_1_1,
 Kobon.Certificates.N058T01073Hd988db55.checked._native.native_decide.ax_1_1,
 Kobon.Certificates.N059T01103Hba482375.checked._native.native_decide.ax_1_1,
 Kobon.Certificates.N060T01141H9bc5096c.checked._native.native_decide.ax_1_1,
 Kobon.Certificates.N065T01365Hb1dcbeb4.checked._native.native_decide.ax_1_1,
 Kobon.Certificates.N066T01397H327ecbb9.checked._native.native_decide.ax_1_1,
 Kobon.Certificates.N081T02132H7bc6b303.checked._native.native_decide.ax_1_1,
 Kobon.Certificates.N082T02172Hd75c9101.checked._native.native_decide.ax_1_1,
 Kobon.Certificates.N099T03170Hea507e2d.checked._native.native_decide.ax_1_1,
 Kobon.Certificates.N129T05461H6dae0012.checked._native.native_decide.ax_1_1,
 Kobon.Certificates.N130T05525He0559b54.checked._native.native_decide.ax_1_1,
 Kobon.Certificates.N161T08532H230691d5.checked._native.native_decide.ax_1_1,
 Kobon.Certificates.N162T08612H1512e696.checked._native.native_decide.ax_1_1,
 Kobon.Certificates.N195T12482H5413dd7b.checked._native.native_decide.ax_1_1]
info: Kobon/Audit.lean:7:0: AUDIT Kobon.BBLCount.neighbors_count._proof_1_11: kernel; axioms=[propext, Quot.sound]
info: Kobon/Audit.lean:7:0: AUDIT Kobon.TamuraSeed5.all_triangles: kernel; axioms=[propext, Classical.choice, Quot.sound]
info: Kobon/Audit.lean:7:0: AUDIT Kobon.Iteration.defect_samples: kernel; axioms=[]
info: Kobon/Audit.lean:7:0: AUDIT Kobon.BBLNextSaturation.noncentral_gap._proof_1_25: kernel; axioms=[propext, Classical.choice, Quot.sound]
info: Kobon/Audit.lean:7:0: AUDIT Kobon.AllN.dominates_every_saved_certificate._proof_1_17: kernel; axioms=[]
info: Kobon/Audit.lean:7:0: AUDIT Kobon.FurediPalasti.angle._proof_1: kernel; axioms=[propext]
info: Kobon/Audit.lean:7:0: AUDIT Kobon.Results.best_classical_012: native-evaluation; axioms=[propext,
 Classical.choice,
 Quot.sound,
 Kobon.Certificates.N012T00038H38f69f38.checked._native.native_decide.ax_1_1]
info: Kobon/Audit.lean:7:0: AUDIT Kobon.BBLCapSigns.positiveAtHorizontal.eq_1: kernel; axioms=[]
info: Kobon/Audit.lean:7:0: AUDIT Kobon.BBLRealization.horizontal_coordinate_profile._proof_1_3: kernel; axioms=[propext, Quot.sound]
info: Kobon/Audit.lean:7:0: AUDIT Kobon.BBLProfiles.profile_left_eventually: kernel; axioms=[propext, Classical.choice, Quot.sound]
info: Kobon/Audit.lean:7:0: AUDIT Kobon.BBLGridReindex.next_cut._proof_1_11: kernel; axioms=[propext, Quot.sound]
info: Kobon/Audit.lean:7:0: AUDIT Kobon.Certificates.N019T00107H6e8ca6f5.lower_bound: native-evaluation; axioms=[propext,
 Classical.choice,
 Quot.sound,
 Kobon.Certificates.N019T00107H6e8ca6f5.checked._native.native_decide.ax_1_1]
info: Kobon/Audit.lean:7:0: AUDIT Kobon.BBLRowOrder.newKey_ne_oldKey._proof_1_5: kernel; axioms=[propext, Quot.sound]
info: Kobon/Audit.lean:7:0: AUDIT Kobon.ShiftedFurediPalasti.angle._proof_1: kernel; axioms=[propext]
info: Kobon/Audit.lean:7:0: AUDIT Kobon.Iteration49.boundary_49._proof_37: kernel; axioms=[propext]
info: Kobon/Audit.lean:7:0: AUDIT Kobon.BBLCentral.rightmost_crossing_x._simp_1_1: kernel; axioms=[propext]
info: Kobon/Audit.lean:7:0: AUDIT Kobon.BBLRowOrder.newKey_injective._proof_1_24: kernel; axioms=[propext, Quot.sound]
info: Kobon/Audit.lean:7:0: AUDIT Kobon.BBLPencilProfiles.pair_profile_eventually._proof_1_26: kernel; axioms=[propext, Quot.sound]
info: Kobon/Audit.lean:7:0: AUDIT Kobon.BBLAlternation.alternating_algebra._simp_1_6: kernel; axioms=[propext, Classical.choice, Quot.sound]
info: Kobon/Audit.lean:7:0: AUDIT Kobon.BBLRowOrder.newKey_injective._proof_1_22: kernel; axioms=[propext, Quot.sound]
info: Kobon/Audit.lean:7:0: AUDIT Kobon.Cells.side_parallel_to_support: kernel; axioms=[propext, Classical.choice, Quot.sound]
info: Kobon/Audit.lean:7:0: AUDIT Kobon.TamuraSeed5.distinguished_checks: kernel; axioms=[propext, Classical.choice, Quot.sound]
info: Kobon/Audit.lean:7:0: AUDIT Kobon.FurediPalastiTwoCaps.selected_preserved: kernel; axioms=[propext, Classical.choice, Quot.sound]
info: Kobon/Audit.lean:7:0: AUDIT Kobon.BBLIntersection.graph_crossing_x._simp_1_2: kernel; axioms=[propext]
info: Kobon/Audit.lean:7:0: AUDIT Kobon.BBLCentralEnvelope.central_endpoint._proof_1_18: kernel; axioms=[propext, Classical.choice, Quot.sound]
info: Kobon/Audit.lean:7:0: AUDIT Kobon.BBLPencilProfiles.pair_profile_eventually._proof_1_15: kernel; axioms=[propext,
 Classical.choice,
 Quot.sound]
info: Kobon/Audit.lean:7:0: AUDIT Kobon.BBLCaps.cap_no_aux_between._proof_1_52: kernel; axioms=[propext, Quot.sound]
info: Kobon/Audit.lean:7:0: AUDIT Kobon.BBLVisible.auxVisible_injective._proof_1_6: kernel; axioms=[propext, Quot.sound]
info: Kobon/Audit.lean:7:0: AUDIT Kobon.FurediPalastiCaps.above_left_caps: kernel; axioms=[propext, Classical.choice, Quot.sound]
info: Kobon/Audit.lean:7:0: AUDIT Kobon.BBLAnalytic.alpha_data: kernel; axioms=[propext, Classical.choice, Quot.sound]
info: Kobon/Audit.lean:7:0: AUDIT Kobon.AllN.strict_improvements._proof_1_24: kernel; axioms=[]
info: Kobon/Audit.lean:7:0: AUDIT Kobon.BBLCapSigns.cap_key_signs._proof_1_30: kernel; axioms=[propext, Classical.choice, Quot.sound]
info: Kobon/Audit.lean:7:0: AUDIT KobonExamples.bad5_simple._proof_1_1: kernel; axioms=[propext, Classical.choice, Quot.sound]
info: Kobon/Audit.lean:7:0: AUDIT Kobon.BBLVisible.auxPair_keys._proof_1_12: kernel; axioms=[propext, Quot.sound]
info: Kobon/Audit.lean:7:0: AUDIT Kobon.BBLRealizedPencil.no_concurrent: kernel; axioms=[propext, Classical.choice, Quot.sound]
info: Kobon/Audit.lean:7:0: AUDIT Kobon.BBLGridReindex.rightmost: kernel; axioms=[propext, Quot.sound]
info: Kobon/Audit.lean:7:0: AUDIT Kobon.BBLRowOrder.newKey_injective._proof_1_15: kernel; axioms=[propext, Quot.sound]
info: Kobon/Audit.lean:7:0: AUDIT Kobon.BBLCapReplacement.support_left: kernel; axioms=[propext, Classical.choice, Quot.sound]
info: Kobon/Audit.lean:7:0: AUDIT Kobon.BBLCount.neighbors_count._simp_1_2: kernel; axioms=[propext, Quot.sound]
info: Kobon/Audit.lean:7:0: AUDIT Kobon.FurediPalasti.high_after._proof_1_1: kernel; axioms=[propext, Quot.sound]
info: Kobon/Audit.lean:7:0: AUDIT Kobon.BBLCrossingCoordinates.arrangement_new: kernel; axioms=[propext, Classical.choice, Quot.sound]
info: Kobon/Audit.lean:7:0: AUDIT Kobon.Cells.overlap_forces_same_triple: kernel; axioms=[propext, Classical.choice, Quot.sound]
info: Kobon/Audit.lean:7:0: AUDIT Kobon.FurediPalasti.noParallel: kernel; axioms=[propext, Classical.choice, Quot.sound]
info: Kobon/Audit.lean:7:0: AUDIT Kobon.Certificates.N019T00107H5d2a7588.lower_bound: native-evaluation; axioms=[propext,
 Classical.choice,
 Quot.sound,
 Kobon.Certificates.N019T00107H5d2a7588.checked._native.native_decide.ax_1_1]
info: Kobon/Audit.lean:7:0: AUDIT Kobon.BBLVisible.key_row_max._proof_1_7: kernel; axioms=[propext, Quot.sound]
info: Kobon/Audit.lean:7:0: AUDIT Kobon.BBLCapRetention.cap_retained_eventually._proof_1_5: kernel; axioms=[propext, Quot.sound]
info: Kobon/Audit.lean:7:0: AUDIT Kobon.Iteration49.profile_bound_52._proof_1_1: kernel; axioms=[propext, Classical.choice, Quot.sound]
info: Kobon/Audit.lean:7:0: AUDIT Kobon.Certificates.N050T00791H2ea22b55.simple_lower_bound: native-evaluation; axioms=[propext,
 Classical.choice,
 Quot.sound,
 Kobon.Certificates.N050T00791H2ea22b55.checked._native.native_decide.ax_1_1,
 Kobon.Certificates.N050T00791H2ea22b55.no_concurrent._native.native_decide.ax_1_1]
info: Kobon/Audit.lean:7:0: AUDIT Kobon.Certificates.N004T00002H0e541bd5.lower_bound: native-evaluation; axioms=[propext,
 Classical.choice,
 Quot.sound,
 Kobon.Certificates.N004T00002H0e541bd5.checked._native.native_decide.ax_1_1]
info: Kobon/Audit.lean:7:0: AUDIT Kobon.BBLCapHeight.cap_key_height._proof_1_3: kernel; axioms=[propext, Quot.sound]
info: Kobon/Audit.lean:7:0: AUDIT Kobon.Projective.triangle_preserved_negative._proof_1_3: kernel; axioms=[propext, Quot.sound]
info: Kobon/Audit.lean:7:0: AUDIT Kobon.FanGeometry.FanStrip.outer_endpoints_on_one_line._proof_1_1: kernel; axioms=[propext, Quot.sound]
info: Kobon/Audit.lean:7:0: AUDIT Kobon.Certificates.N023T00161H969ad7d3.checked: native-evaluation; axioms=[propext,
 Kobon.Certificates.N023T00161H969ad7d3.checked._native.native_decide.ax_1_1]
info: Kobon/Audit.lean:7:0: AUDIT Kobon.AllN.enhancement.eq_35: kernel; axioms=[]
info: Kobon/Audit.lean:7:0: AUDIT Kobon.BBLCount.mixed_count_identity._proof_1_5: kernel; axioms=[propext, Quot.sound]
info: Kobon/Audit.lean:7:0: AUDIT Kobon.BBLCrossingCoordinates.coordinate_eq_crossing._proof_1_5: kernel; axioms=[propext, Quot.sound]
info: Kobon/Audit.lean:7:0: AUDIT Kobon.Exterior.intersection_swap: kernel; axioms=[propext, Classical.choice, Quot.sound]
info: Kobon/Audit.lean:7:0: AUDIT Kobon.HybridBoundary.seed_admissible_check._proof_1_1: kernel; axioms=[propext, Classical.choice, Quot.sound]
info: Kobon/Audit.lean:7:0: AUDIT Kobon.AllN.strict_improvements._proof_1_14: kernel; axioms=[]
info: Kobon/Audit.lean:7:0: AUDIT Kobon.AllN.dominates_every_saved_certificate._proof_1_68: kernel; axioms=[]
info: Kobon/Audit.lean:7:0: AUDIT Kobon.BBLRowGeometry.mixed_triangle._proof_1_6: kernel; axioms=[propext, Quot.sound]
info: Kobon/Audit.lean:7:0: AUDIT Kobon.Iteration.gainPrefix_closed._proof_1_7: kernel; axioms=[propext, Quot.sound]
info: Kobon/Audit.lean:7:0: AUDIT Kobon.BBLRowOrder.newKey_injective._proof_1_42: kernel; axioms=[propext, Quot.sound]
info: Kobon/Audit.lean:7:0: AUDIT KobonExamples.good6_count: kernel; axioms=[propext, Classical.choice, Quot.sound]
info: Kobon/Audit.lean:7:0: AUDIT Kobon.AllN.dominates_every_saved_certificate._proof_1_70: kernel; axioms=[]
info: Kobon/Audit.lean:7:0: AUDIT Kobon.BBLRowOrder.newKey_injective._proof_1_6: kernel; axioms=[propext, Quot.sound]
info: Kobon/Audit.lean:7:0: AUDIT Kobon.BBLRowOrder.auxiliary_outside_of_close._proof_1_102: kernel; axioms=[propext, Classical.choice, Quot.sound]
info: Kobon/Audit.lean:7:0: AUDIT Kobon.FurediPalasti.sumAngle.eq_1: kernel; axioms=[propext, Classical.choice, Quot.sound]
info: Kobon/Audit.lean:7:0: AUDIT Kobon.CyclicFan.Geometry.no_long_run._proof_1_5: kernel; axioms=[propext, Quot.sound]
info: Kobon/Audit.lean:7:0: AUDIT Kobon.AllN.enhancement.eq_18: kernel; axioms=[]
info: Kobon/Audit.lean:7:0: AUDIT Kobon.Iteration49.profile_bound_50: kernel; axioms=[propext, Classical.choice, Quot.sound]
info: Kobon/Audit.lean:7:0: AUDIT Kobon.BBLRowOrder.auxiliary_outside_of_close._proof_1_43: kernel; axioms=[propext, Classical.choice, Quot.sound]
info: Kobon/Audit.lean:7:0: AUDIT Kobon.BBLRowMax.max_pair_visible._proof_1_3: kernel; axioms=[propext, Quot.sound]
info: Kobon/Audit.lean:7:0: AUDIT Kobon.AllN.dominates_every_saved_certificate._proof_1_35: kernel; axioms=[]
info: Kobon/Audit.lean:7:0: AUDIT Kobon.Iteration49.boundary_49._proof_29: kernel; axioms=[propext]
info: Kobon/Audit.lean:7:0: AUDIT Kobon.BBLLiftedKeys.complement_row_bound._proof_1_5: kernel; axioms=[propext, Quot.sound]
info: Kobon/Audit.lean:7:0: AUDIT Kobon.BBLLiftedKeys.complement_key._proof_1_2: kernel; axioms=[propext, Quot.sound]
info: Kobon/Audit.lean:7:0: AUDIT Kobon.BBLPencilProfiles.shift_sign._proof_1_1: kernel; axioms=[propext, Quot.sound]
info: Kobon/Audit.lean:7:0: AUDIT Kobon.BBLGridCuts.cut_right._proof_1_5: kernel; axioms=[propext, Quot.sound]
info: Kobon/Audit.lean:7:0: AUDIT Kobon.CyclicFan.Geometry.radial_point: kernel; axioms=[propext, Classical.choice, Quot.sound]
info: Kobon/Audit.lean:7:0: AUDIT Kobon.BBLGrid.reduced_tangent: kernel; axioms=[propext, Classical.choice, Quot.sound]
info: Kobon/Audit.lean:7:0: AUDIT Kobon.FanGeometry.FanStrip.triangle_nondegenerate: kernel; axioms=[propext, Classical.choice, Quot.sound]
info: Kobon/Audit.lean:7:0: AUDIT Kobon.Results.simple_009: native-evaluation; axioms=[propext,
 Classical.choice,
 Quot.sound,
 Kobon.Certificates.N009T00021H6ebbed82.checked._native.native_decide.ax_1_1,
 Kobon.Certificates.N009T00021H6ebbed82.no_concurrent._native.native_decide.ax_1_1]
info: Kobon/Audit.lean:7:0: AUDIT Kobon.AllN.baseline_after_last_exception._proof_1_33: kernel; axioms=[propext, Quot.sound]
info: Kobon/Audit.lean:7:0: AUDIT Kobon.AllN.dominates_every_saved_certificate: kernel; axioms=[]
info: Kobon/Audit.lean:7:0: AUDIT Kobon.BBLCentral.rightmost_crossing_x._simp_1_6: kernel; axioms=[propext, Classical.choice, Quot.sound]
info: Kobon/Audit.lean:7:0: AUDIT Kobon.FurediPalastiChart.vertexX.eq_1: kernel; axioms=[propext, Classical.choice, Quot.sound]
info: Kobon/Audit.lean:7:0: AUDIT Kobon.Results.best_simple_042: native-evaluation; axioms=[propext,
 Classical.choice,
 Quot.sound,
 Kobon.Certificates.N042T00553H2bdc9d67.checked._native.native_decide.ax_1_1,
 Kobon.Certificates.N042T00553H2bdc9d67.no_concurrent._native.native_decide.ax_1_1]
info: Kobon/Audit.lean:7:0: AUDIT Kobon.BBLRowOrder.newKey_injective._proof_1_64: kernel; axioms=[propext, Quot.sound]
info: Kobon/Audit.lean:7:0: AUDIT Kobon.Results.simple_012: native-evaluation; axioms=[propext,
 Classical.choice,
 Quot.sound,
 Kobon.Certificates.N012T00037H8c718a33.checked._native.native_decide.ax_1_1,
 Kobon.Certificates.N012T00037H8c718a33.no_concurrent._native.native_decide.ax_1_1]
info: Kobon/Audit.lean:7:0: AUDIT Kobon.BBLCapEnvelope.between_product: kernel; axioms=[propext, Classical.choice, Quot.sound]
info: Kobon/Audit.lean:7:0: AUDIT Kobon.ShiftedFurediPalasti.high_after._proof_1_1: kernel; axioms=[propext, Quot.sound]
info: Kobon/Audit.lean:7:0: AUDIT Kobon.BBLRowOrder.auxiliary_outside_of_close._proof_1_38: kernel; axioms=[propext, Classical.choice, Quot.sound]
info: Kobon/Audit.lean:7:0: AUDIT Kobon.AllN.baseline_after_last_exception._proof_1_66: kernel; axioms=[propext, Quot.sound]
info: Kobon/Audit.lean:7:0: AUDIT Kobon.BBLVisible.auxVisible_injective: kernel; axioms=[propext, Quot.sound]
info: Kobon/Audit.lean:7:0: AUDIT Kobon.CleanLineBudget.at_most_two_multiple_points._proof_1_1: kernel; axioms=[propext, Quot.sound]
info: Kobon/Audit.lean:7:0: AUDIT Kobon.BBLPencilLimits.pairX_zero._simp_1_7: kernel; axioms=[propext]
info: Kobon/Audit.lean:7:0: AUDIT Kobon.FanCount.ordinary_shared_ray_bound: kernel; axioms=[propext, Classical.choice, Quot.sound]
info: Kobon/Audit.lean:7:0: AUDIT Kobon.Results.best_simple_059: native-evaluation; axioms=[propext,
 Classical.choice,
 Quot.sound,
 Kobon.Certificates.N059T01103Hba482375.checked._native.native_decide.ax_1_1,
 Kobon.Certificates.N059T01103Hba482375.no_concurrent._native.native_decide.ax_1_1]
info: Kobon/Audit.lean:7:0: AUDIT Kobon.Certificates.N060T01141H9bc5096c.no_concurrent: native-evaluation; axioms=[propext,
 Kobon.Certificates.N060T01141H9bc5096c.no_concurrent._native.native_decide.ax_1_1]
info: Kobon/Audit.lean:7:0: AUDIT Kobon.Results.best_simple_026: native-evaluation; axioms=[propext,
 Classical.choice,
 Quot.sound,
 Kobon.Certificates.N026T00203He61b423c.checked._native.native_decide.ax_1_1,
 Kobon.Certificates.N026T00203He61b423c.no_concurrent._native.native_decide.ax_1_1]
info: Kobon/Audit.lean:7:0: AUDIT Kobon.BBLRealization.horizontal_profile._proof_1_2: kernel; axioms=[propext, Quot.sound]
info: Kobon/Audit.lean:7:0: AUDIT Kobon.AllN.dominates_every_saved_certificate._proof_1_76: kernel; axioms=[]
info: Kobon/Audit.lean:7:0: AUDIT Kobon.Certificates.N043T00587H861d8be2.lower_bound: native-evaluation; axioms=[propext,
 Classical.choice,
 Quot.sound,
 Kobon.Certificates.N043T00587H861d8be2.checked._native.native_decide.ax_1_1]
info: Kobon/Audit.lean:7:0: AUDIT Kobon.BBLCapSigns.cap_key_signs._proof_1_10: kernel; axioms=[propext, Quot.sound]
info: Kobon/Audit.lean:7:0: AUDIT Kobon.AllN.dominates_every_saved_certificate._proof_1_59: kernel; axioms=[]
info: Kobon/Audit.lean:7:0: AUDIT Kobon.AllN.baseline_after_last_exception._proof_1_43: kernel; axioms=[propext, Quot.sound]
info: Kobon/Audit.lean:7:0: AUDIT Kobon.Certificates.N005T00005H948a0bdf.lower_bound: native-evaluation; axioms=[propext,
 Classical.choice,
 Quot.sound,
 Kobon.Certificates.N005T00005H948a0bdf.checked._native.native_decide.ax_1_1]
info: Kobon/Audit.lean:7:0: AUDIT Kobon.instDecidableEqTriple.decEq._proof_4: kernel; axioms=[]
info: Kobon/Audit.lean:7:0: AUDIT Kobon.BBLPersistence.weakSigns.eq_1: kernel; axioms=[propext, Classical.choice, Quot.sound]
info: Kobon/Audit.lean:7:0: AUDIT Kobon.BBLGridCuts.cut_anchor._proof_1_2: kernel; axioms=[propext, Quot.sound]
info: Kobon/Audit.lean:7:0: AUDIT Kobon.Iteration49.boundary_49._proof_40: kernel; axioms=[propext]
info: Kobon/Audit.lean:7:0: AUDIT Kobon.AllN.enhancement.eq_32: kernel; axioms=[]
info: Kobon/Audit.lean:7:0: AUDIT Kobon.Certificates.N007T00011He6b9a626.lower_bound: native-evaluation; axioms=[propext,
 Classical.choice,
 Quot.sound,
 Kobon.Certificates.N007T00011He6b9a626.checked._native.native_decide.ax_1_1]
info: Kobon/Audit.lean:7:0: AUDIT Kobon.BBLSeed21.all_distinguished: native-evaluation; axioms=[propext,
 Classical.choice,
 Quot.sound,
 Kobon.BBLSeed21.distinguished_checks._native.native_decide.ax_1_1,
 Kobon.BBLSeed21.simple._native.native_decide.ax_1_1]
info: Kobon/Audit.lean:7:0: AUDIT Kobon.FurediPalastiChart.vertexY.eq_1: kernel; axioms=[propext, Classical.choice, Quot.sound]
info: Kobon/Audit.lean:7:0: AUDIT Kobon.ShiftedFurediPalasti.lower.eq_1: kernel; axioms=[]
info: Kobon/Audit.lean:7:0: AUDIT Kobon.Projective.det_transform: kernel; axioms=[propext, Classical.choice, Quot.sound]
info: Kobon/Audit.lean:7:0: AUDIT Kobon.BBLGrid.tangent_product_identity._simp_1_1: kernel; axioms=[propext]
info: Kobon/Audit.lean:7:0: AUDIT Kobon.Certificates.N051T00816H6fa6b7d9.simple_lower_bound: native-evaluation; axioms=[propext,
 Classical.choice,
 Quot.sound,
 Kobon.Certificates.N051T00816H6fa6b7d9.checked._native.native_decide.ax_1_1,
 Kobon.Certificates.N051T00816H6fa6b7d9.no_concurrent._native.native_decide.ax_1_1]
info: Kobon/Audit.lean:7:0: AUDIT Kobon.Certificates.N003T00001H05c82de6.checked: native-evaluation; axioms=[propext,
 Kobon.Certificates.N003T00001H05c82de6.checked._native.native_decide.ax_1_1]
info: Kobon/Audit.lean:7:0: AUDIT Kobon.BBLCapSigns.horizontalKey_eq._proof_1_12: kernel; axioms=[propext, Quot.sound]
info: Kobon/Audit.lean:7:0: AUDIT Kobon.Cells.affineEval_segment: kernel; axioms=[propext, Classical.choice, Quot.sound]
info: Kobon/Audit.lean:7:0: AUDIT Kobon.BBLVisible.auxPair_keys._proof_1_22: kernel; axioms=[propext, Classical.choice, Quot.sound]
info: Kobon/Audit.lean:7:0: AUDIT Kobon.BBLRegularity.det_graph: kernel; axioms=[propext, Classical.choice, Quot.sound]
info: Kobon/Audit.lean:7:0: AUDIT Kobon.Parametric.evaluate_sub: kernel; axioms=[propext, Classical.choice, Quot.sound]
info: Kobon/Audit.lean:7:0: AUDIT Kobon.FurediPalastiCount.card_bad_le._proof_1_1: kernel; axioms=[propext, Classical.choice, Quot.sound]
info: Kobon/Audit.lean:7:0: AUDIT Kobon.Results.best_simple_014: native-evaluation; axioms=[propext,
 Classical.choice,
 Quot.sound,
 Kobon.Certificates.N014T00053H45157b2f.checked._native.native_decide.ax_1_1,
 Kobon.Certificates.N014T00053H45157b2f.no_concurrent._native.native_decide.ax_1_1]
info: Kobon/Audit.lean:7:0: AUDIT Kobon.Results.simple_021: native-evaluation; axioms=[propext,
 Classical.choice,
 Quot.sound,
 Kobon.Certificates.N021T00133H36bae754.checked._native.native_decide.ax_1_1,
 Kobon.Certificates.N021T00133H36bae754.no_concurrent._native.native_decide.ax_1_1]
info: Kobon/Audit.lean:7:0: AUDIT Kobon.Results.best_classical_065: native-evaluation; axioms=[propext,
 Classical.choice,
 Quot.sound,
 Kobon.Certificates.N065T01365Hb1dcbeb4.checked._native.native_decide.ax_1_1]
info: Kobon/Audit.lean:7:0: AUDIT Kobon.AllN.baseline_after_last_exception._proof_1_12: kernel; axioms=[propext, Quot.sound]
info: Kobon/Audit.lean:7:0: AUDIT Kobon.Projective.nonneg_flipped_negative: kernel; axioms=[propext, Classical.choice, Quot.sound]
info: Kobon/Audit.lean:7:0: AUDIT Kobon.BBLGrid.tangent_product_complementary: kernel; axioms=[propext, Classical.choice, Quot.sound]
info: Kobon/Audit.lean:7:0: AUDIT Kobon.Results.best_classical_038: native-evaluation; axioms=[propext,
 Classical.choice,
 Quot.sound,
 Kobon.Certificates.N038T00450H8ba2bdb1.checked._native.native_decide.ax_1_1]
info: Kobon/Audit.lean:7:0: AUDIT Kobon.FurediPalastiWrap.wrap_triangle._proof_1_11: kernel; axioms=[propext, Quot.sound]
info: Kobon/Audit.lean:7:0: AUDIT Kobon.Iteration49.boundary_49._proof_39: kernel; axioms=[propext]
info: Kobon/Audit.lean:7:0: AUDIT Kobon.Certificates.N050T00791H2ea22b55.no_concurrent: native-evaluation; axioms=[propext,
 Kobon.Certificates.N050T00791H2ea22b55.no_concurrent._native.native_decide.ax_1_1]
info: Kobon/Audit.lean:7:0: AUDIT Kobon.TangentBounds.sqrt_five_bounds: kernel; axioms=[propext, Classical.choice, Quot.sound]
info: Kobon/Audit.lean:7:0: AUDIT Kobon.BBLRowOrder.auxiliary_outside_of_close._proof_1_44: kernel; axioms=[propext, Classical.choice, Quot.sound]
info: Kobon/Audit.lean:7:0: AUDIT Kobon.BBLRowOrder.newKey_injective._proof_1_62: kernel; axioms=[propext, Quot.sound]
info: Kobon/Audit.lean:7:0: AUDIT Kobon.FurediPalastiTwoCaps.upper_triangle: kernel; axioms=[propext, Classical.choice, Quot.sound]
info: Kobon/Audit.lean:7:0: AUDIT Kobon.BBLVisible.aux_visible._proof_1_6: kernel; axioms=[propext, Quot.sound]
info: Kobon/Audit.lean:7:0: AUDIT Kobon.FurediPalastiWrap.cap_nonneg: kernel; axioms=[propext, Classical.choice, Quot.sound]
info: Kobon/Audit.lean:7:0: AUDIT Kobon.BBLLiftedKeys.lifted_anchor._proof_1_37: kernel; axioms=[propext, Quot.sound]
info: Kobon/Audit.lean:7:0: AUDIT Kobon.AllN.enhancement.eq_11: kernel; axioms=[]
info: Kobon/Audit.lean:7:0: AUDIT Kobon.TangentBounds.tan_tenth_identity: kernel; axioms=[propext, Classical.choice, Quot.sound]
info: Kobon/Audit.lean:7:0: AUDIT Kobon.AllN.enhancement.eq_57: kernel; axioms=[]
info: Kobon/Audit.lean:7:0: AUDIT Kobon.Exterior.level_eval: kernel; axioms=[propext, Classical.choice, Quot.sound]
info: Kobon/Audit.lean:7:0: AUDIT Kobon.BBLTangentBounds.half_bounds: kernel; axioms=[propext, Classical.choice, Quot.sound]
info: Kobon/Audit.lean:7:0: AUDIT Kobon.BBLSeed21.visible_count._proof_1_1: kernel; axioms=[]
info: Kobon/Audit.lean:7:0: AUDIT Kobon.BBLCentralPersistence.canonical_central_signs._proof_1_6: kernel; axioms=[propext, Quot.sound]
info: Kobon/Audit.lean:7:0: AUDIT Kobon.BBLCentral.leading_strict_maximum._proof_1_1: kernel; axioms=[propext, Quot.sound]
info: Kobon/Audit.lean:7:0: AUDIT Kobon.BBLRealization.horizontal_profile._proof_1_5: kernel; axioms=[propext, Quot.sound]
info: Kobon/Audit.lean:7:0: AUDIT Kobon.Results.classical_020: native-evaluation; axioms=[propext,
 Classical.choice,
 Quot.sound,
 Kobon.Certificates.N020T00116Hadc03eed.checked._native.native_decide.ax_1_1]
info: Kobon/Audit.lean:7:0: AUDIT Kobon.BBLRowOrder.key_bounds._proof_1_13: kernel; axioms=[propext, Classical.choice, Quot.sound]
info: Kobon/Audit.lean:7:0: AUDIT Kobon.Iteration.full_step_iteration._proof_1_3: kernel; axioms=[propext, Quot.sound]
info: Kobon/Audit.lean:7:0: AUDIT Kobon.Iteration.from_49_conditional._proof_1_3: kernel; axioms=[propext, Quot.sound]
info: Kobon/Audit.lean:7:0: AUDIT Kobon.AllN.dominates_every_saved_certificate._proof_1_99: kernel; axioms=[]
info: Kobon/Audit.lean:7:0: AUDIT Kobon.BBLLiftedRows.crossKey_injective._proof_1_7: kernel; axioms=[propext, Quot.sound]
info: Kobon/Audit.lean:7:0: AUDIT Kobon.FurediPalastiCount.good_subset_orbits._proof_1_4: kernel; axioms=[propext, Quot.sound]
info: Kobon/Audit.lean:7:0: AUDIT Kobon.FurediPalastiTwoCaps.two_cap_lower_bound: kernel; axioms=[propext, Classical.choice, Quot.sound]
info: Kobon/Audit.lean:7:0: AUDIT Kobon.BBLRealization.horizontal_coordinate_profile._proof_1_7: kernel; axioms=[propext, Quot.sound]
info: Kobon/Audit.lean:7:0: AUDIT Kobon.BBLVisible.auxPair_keys._proof_1_24: kernel; axioms=[propext, Classical.choice, Quot.sound]
info: Kobon/Audit.lean:7:0: AUDIT Kobon.BBLRealizedPencil.no_parallel_eventually: kernel; axioms=[propext, Classical.choice, Quot.sound]
info: Kobon/Audit.lean:7:0: AUDIT Kobon.BBLRowMax.row_extremal_label._proof_1_3: kernel; axioms=[propext, Quot.sound]
info: Kobon/Audit.lean:7:0: AUDIT Kobon.BBLRowOrder.newKey_symm._proof_1_41: kernel; axioms=[propext, Classical.choice, Quot.sound]
info: Kobon/Audit.lean:7:0: AUDIT Kobon.Results.earlier_195: native-evaluation; axioms=[propext,
 Classical.choice,
 Quot.sound,
 Kobon.Certificates.N195T12482H5413dd7b.checked._native.native_decide.ax_1_1]
info: Kobon/Audit.lean:7:0: AUDIT Kobon.Results.classical_014: native-evaluation; axioms=[propext,
 Classical.choice,
 Quot.sound,
 Kobon.Certificates.N014T00053H45157b2f.checked._native.native_decide.ax_1_1]
info: Kobon/Audit.lean:7:0: AUDIT Kobon.ShiftedFurediPalasti.noConcurrent._proof_1_4: kernel; axioms=[propext, Quot.sound]
info: Kobon/Audit.lean:7:0: AUDIT Kobon.HybridBoundary.derivative_nonneg_iff._simp_1_2: kernel; axioms=[propext]
info: Kobon/Audit.lean:7:0: AUDIT Kobon.BBLDoubling.doubling._proof_1_4: kernel; axioms=[propext, Quot.sound]
info: Kobon/Audit.lean:7:0: AUDIT Kobon.BBLCapBridge.endpointSigns_of_canonical._proof_1_5: kernel; axioms=[propext, Quot.sound]
info: Kobon/Audit.lean:7:0: AUDIT Kobon.FurediPalastiCaps.exists_left_cut._simp_1_3: kernel; axioms=[propext]
info: Kobon/Audit.lean:7:0: AUDIT Kobon.FurediPalastiTwoCaps.lower_cap_sign._proof_1_8: kernel; axioms=[propext, Quot.sound]
info: Kobon/Audit.lean:7:0: AUDIT Kobon.BBLCount.outside_subset._simp_1_5: kernel; axioms=[propext, Quot.sound]
info: Kobon/Audit.lean:7:0: AUDIT Kobon.AllN.strict_improvements: kernel; axioms=[]
info: Kobon/Audit.lean:7:0: AUDIT Kobon.Certificates.N082T02172Hd75c9101.no_concurrent: native-evaluation; axioms=[propext,
 Kobon.Certificates.N082T02172Hd75c9101.no_concurrent._native.native_decide.ax_1_1]
info: Kobon/Audit.lean:7:0: AUDIT Kobon.BBLRowOrder.auxiliary_outside_of_close._proof_1_97: kernel; axioms=[propext, Classical.choice, Quot.sound]
info: Kobon/Audit.lean:7:0: AUDIT Kobon.TamuraSeed5.rightmost_last: kernel; axioms=[propext, Classical.choice, Quot.sound]
info: Kobon/Audit.lean:7:0: AUDIT Kobon.BBLPersistence.perturb_test_eventually: kernel; axioms=[propext, Classical.choice, Quot.sound]
info: Kobon/Audit.lean:7:0: AUDIT Kobon.BBLPencilProfiles.LeftShift.eq_1: kernel; axioms=[]
info: Kobon/Audit.lean:7:0: AUDIT Kobon.BBLRowOrder.newKey_injective._proof_1_5: kernel; axioms=[propext, Quot.sound]
info: Kobon/Audit.lean:7:0: AUDIT Kobon.BBLVisible.central_new_key_bound._proof_1_2: kernel; axioms=[propext, Quot.sound]
info: Kobon/Audit.lean:7:0: AUDIT Kobon.BBLRowOrder.auxiliary_outside_of_close._proof_1_71: kernel; axioms=[propext, Classical.choice, Quot.sound]
info: Kobon/Audit.lean:7:0: AUDIT Kobon.BBLCaps.cap_no_aux_between._proof_1_40: kernel; axioms=[propext, Quot.sound]
info: Kobon/Audit.lean:7:0: AUDIT Kobon.BBLCaps.capRow_injective._proof_1_8: kernel; axioms=[propext, Quot.sound]
info: Kobon/Audit.lean:7:0: AUDIT Kobon.Exterior.preserves_triangle._proof_1_2: kernel; axioms=[propext, Quot.sound]
info: Kobon/Audit.lean:7:0: AUDIT Kobon.AllN.dominates_every_saved_certificate._proof_1_79: kernel; axioms=[]
info: Kobon/Audit.lean:7:0: AUDIT Kobon.BBLCount.neighbors_count._proof_1_10: kernel; axioms=[propext, Quot.sound]
info: Kobon/Audit.lean:7:0: AUDIT Kobon.BBLPencilProfiles.pair_profile_eventually._proof_1_24: kernel; axioms=[propext, Quot.sound]
info: Kobon/Audit.lean:7:0: AUDIT Kobon.AllN.strict_improvements._proof_1_45: kernel; axioms=[]
info: Kobon/Audit.lean:7:0: AUDIT Kobon.Iteration49.profile_attains_52._proof_1_1: kernel; axioms=[propext, Classical.choice, Quot.sound]
info: Kobon/Audit.lean:7:0: AUDIT Kobon.BBLCapEnvelope.key_evaluation_product._proof_1_2: kernel; axioms=[propext, Quot.sound]
info: Kobon/Audit.lean:7:0: AUDIT Kobon.BBLCount.outside_characterization: kernel; axioms=[propext, Classical.choice, Quot.sound]
info: Kobon/Audit.lean:7:0: AUDIT Kobon.FurediPalastiTwoCaps.upper_outer_sign._proof_1_7: kernel; axioms=[propext, Quot.sound]
info: Kobon/Audit.lean:7:0: AUDIT Kobon.BBLCapReplacement.apex_test_eventually: kernel; axioms=[propext, Classical.choice, Quot.sound]
info: Kobon/Audit.lean:7:0: AUDIT Kobon.Universal.classical_baseline_le._proof_1_3: kernel; axioms=[]
info: Kobon/Audit.lean:7:0: AUDIT Kobon.BBLAlternation.saturated_alternation._proof_1_10: kernel; axioms=[propext, Quot.sound]
info: Kobon/Audit.lean:7:0: AUDIT Kobon.FurediPalastiTwoCaps.lower_triangle._proof_1_4: kernel; axioms=[propext, Quot.sound]
info: Kobon/Audit.lean:7:0: AUDIT Kobon.Certificates.N044T00602H0b0250bf.lower_bound: native-evaluation; axioms=[propext,
 Classical.choice,
 Quot.sound,
 Kobon.Certificates.N044T00602H0b0250bf.checked._native.native_decide.ax_1_1]
info: Kobon/Audit.lean:7:0: AUDIT Kobon.Iteration.gainPrefix_monotone: kernel; axioms=[propext, Classical.choice, Quot.sound]
info: Kobon/Audit.lean:7:0: AUDIT Kobon.BBLLiftedKeys.lifted_anchor._proof_1_27: kernel; axioms=[propext, Quot.sound]
info: Kobon/Audit.lean:7:0: AUDIT Kobon.SharedFan.radialPoint.eq_1: kernel; axioms=[propext, Classical.choice, Quot.sound]
info: Kobon/Audit.lean:7:0: AUDIT Kobon.FurediPalasti.sin_diff_neg: kernel; axioms=[propext, Classical.choice, Quot.sound]
info: Kobon/Audit.lean:7:0: AUDIT Kobon.BBLPencilLimits.complementary_far_right: kernel; axioms=[propext, Classical.choice, Quot.sound]
info: Kobon/Audit.lean:7:0: AUDIT Kobon.AllN.dominates_every_saved_certificate._proof_1_57: kernel; axioms=[]
info: Kobon/Audit.lean:7:0: AUDIT Kobon.Results.classical_054: native-evaluation; axioms=[propext,
 Classical.choice,
 Quot.sound,
 Kobon.Certificates.N054T00918H915abb8e.checked._native.native_decide.ax_1_1]
info: Kobon/Audit.lean:7:0: AUDIT Kobon.Certificates.N161T08532H230691d5.checked: native-evaluation; axioms=[propext,
 Kobon.Certificates.N161T08532H230691d5.checked._native.native_decide.ax_1_1]
info: Kobon/Audit.lean:7:0: AUDIT Kobon.Certificates.N038T00449H46ad5a32.lower_bound: native-evaluation; axioms=[propext,
 Classical.choice,
 Quot.sound,
 Kobon.Certificates.N038T00449H46ad5a32.checked._native.native_decide.ax_1_1]
info: Kobon/Audit.lean:7:0: AUDIT Kobon.FurediPalastiWrap.lower_pair_nonpos: kernel; axioms=[propext, Classical.choice, Quot.sound]
info: Kobon/Audit.lean:7:0: AUDIT Kobon.BBLVisibleAssembly.visible_gain._proof_1_5: kernel; axioms=[propext, Quot.sound]
info: Kobon/Audit.lean:7:0: AUDIT Kobon.Certificates.N060T01141H9bc5096c.lower_bound: native-evaluation; axioms=[propext,
 Classical.choice,
 Quot.sound,
 Kobon.Certificates.N060T01141H9bc5096c.checked._native.native_decide.ax_1_1]
info: Kobon/Audit.lean:7:0: AUDIT Kobon.BBLRowOrder.auxiliary_outside_of_close._proof_1_2: kernel; axioms=[propext, Classical.choice, Quot.sound]
info: Kobon/Audit.lean:7:0: AUDIT Kobon.Certificates.N014T00054Hc472f972.checked: native-evaluation; axioms=[propext,
 Kobon.Certificates.N014T00054Hc472f972.checked._native.native_decide.ax_1_1]
info: Kobon/Audit.lean:7:0: AUDIT Kobon.Certificates.N052T00850H4b0d823a.lower_bound: native-evaluation; axioms=[propext,
 Classical.choice,
 Quot.sound,
 Kobon.Certificates.N052T00850H4b0d823a.checked._native.native_decide.ax_1_1]
info: Kobon/Audit.lean:7:0: AUDIT Kobon.Certificates.N031T00299H70f23b94.lower_bound: native-evaluation; axioms=[propext,
 Classical.choice,
 Quot.sound,
 Kobon.Certificates.N031T00299H70f23b94.checked._native.native_decide.ax_1_1]
info: Kobon/Audit.lean:7:0: AUDIT Kobon.BBLCount.outside_characterization._proof_1_4: kernel; axioms=[propext, Classical.choice, Quot.sound]
info: Kobon/Audit.lean:7:0: AUDIT Kobon.FurediPalasti.angle_pos: kernel; axioms=[propext, Classical.choice, Quot.sound]
info: Kobon/Audit.lean:7:0: AUDIT Kobon.BBLCapBridge.endpointSigns_of_canonical: kernel; axioms=[propext, Classical.choice, Quot.sound]
info: Kobon/Audit.lean:7:0: AUDIT Kobon.BBLCapHeight.cap_endpoint_height._proof_1_4: kernel; axioms=[propext, Quot.sound]
info: Kobon/Audit.lean:7:0: AUDIT Kobon.BBLCaps.cap_no_aux_between._proof_1_8: kernel; axioms=[propext, Classical.choice, Quot.sound]
info: Kobon/Audit.lean:7:0: AUDIT Kobon.BBLLiftedRows.crossKey_injective: kernel; axioms=[propext, Classical.choice, Quot.sound]
info: Kobon/Audit.lean:7:0: AUDIT Kobon.eval_lift: kernel; axioms=[propext, Classical.choice, Quot.sound]
info: Kobon/Audit.lean:7:0: AUDIT Kobon.BBLVisible.central_visible._proof_1_15: kernel; axioms=[propext, Quot.sound]
info: Kobon/Audit.lean:7:0: AUDIT Kobon.Iteration49.profile_bound_52: kernel; axioms=[propext, Classical.choice, Quot.sound]
info: Kobon/Audit.lean:7:0: AUDIT Kobon.BBLVisibleAssembly.visible_gain._proof_1_1: kernel; axioms=[propext, Quot.sound]
info: Kobon/Audit.lean:7:0: AUDIT Kobon.Certificates.N130T05525He0559b54.simple_lower_bound: native-evaluation; axioms=[propext,
 Classical.choice,
 Quot.sound,
 Kobon.Certificates.N130T05525He0559b54.checked._native.native_decide.ax_1_1,
 Kobon.Certificates.N130T05525He0559b54.no_concurrent._native.native_decide.ax_1_1]
info: Kobon/Audit.lean:7:0: AUDIT Kobon.BBLGridReindex.inv_perm._proof_1_1: kernel; axioms=[propext, Quot.sound]
info: Kobon/Audit.lean:7:0: AUDIT Kobon.BBLCount.outside_subset._proof_1_10: kernel; axioms=[propext, Quot.sound]
info: Kobon/Audit.lean:7:0: AUDIT Kobon.BBLCapSigns.cap_key_signs._proof_1_54: kernel; axioms=[propext, Classical.choice, Quot.sound]
info: Kobon/Audit.lean:7:0: AUDIT Kobon.Universal.polynomial_gap_exact._proof_1_6: kernel; axioms=[propext, Quot.sound]
info: Kobon/Audit.lean:7:0: AUDIT Kobon.HybridBoundary.admissible_sound: kernel; axioms=[propext, Classical.choice, Quot.sound]
info: Kobon/Audit.lean:7:0: AUDIT Kobon.AllN.dominates_every_saved_certificate._proof_1_7: kernel; axioms=[]
info: Kobon/Audit.lean:7:0: AUDIT Kobon.BBLExtrema.extremal_preserved._proof_1_1: kernel; axioms=[propext, Quot.sound]
info: Kobon/Audit.lean:7:0: AUDIT Kobon.Certificates.N034T00357Hfbde0a76.simple_lower_bound: native-evaluation; axioms=[propext,
 Classical.choice,
 Quot.sound,
 Kobon.Certificates.N034T00357Hfbde0a76.checked._native.native_decide.ax_1_1,
 Kobon.Certificates.N034T00357Hfbde0a76.no_concurrent._native.native_decide.ax_1_1]
info: Kobon/Audit.lean:7:0: AUDIT Kobon.Cells.ofPredicate._proof_3: kernel; axioms=[propext, Quot.sound]
info: Kobon/Audit.lean:7:0: AUDIT Kobon.BBLConsecutive.supports_consecutive: kernel; axioms=[propext, Classical.choice, Quot.sound]
info: Kobon/Audit.lean:7:0: AUDIT Kobon.FurediPalasti.selected_sum_nonzero._proof_1_9: kernel; axioms=[propext, Quot.sound]
info: Kobon/Audit.lean:7:0: AUDIT Kobon.BBLRowOrder.auxiliary_outside_of_close._proof_1_72: kernel; axioms=[propext, Classical.choice, Quot.sound]
info: Kobon/Audit.lean:7:0: AUDIT Kobon.BBLGrid.sum_index_bounds._proof_1_1: kernel; axioms=[propext, Classical.choice, Quot.sound]
info: Kobon/Audit.lean:7:0: AUDIT Kobon.BBLMaximization.sine_grid_separation: kernel; axioms=[propext, Classical.choice, Quot.sound]
info: Kobon/Audit.lean:7:0: AUDIT Kobon.Iteration49.boundary_49._proof_35: kernel; axioms=[propext]
info: Kobon/Audit.lean:7:0: AUDIT Kobon.BBLNextSaturation.noncentral_gap._proof_1_31: kernel; axioms=[propext, Quot.sound]
info: Kobon/Audit.lean:7:0: AUDIT Kobon.AllN.strict_improvements._proof_1_48: kernel; axioms=[]
info: Kobon/Audit.lean:7:0: AUDIT Kobon.BBLPencilLimits.pairX.eq_1: kernel; axioms=[propext, Classical.choice, Quot.sound]
info: Kobon/Audit.lean:7:0: AUDIT Kobon.Certificates.N009T00021H6ebbed82.checked: native-evaluation; axioms=[propext,
 Kobon.Certificates.N009T00021H6ebbed82.checked._native.native_decide.ax_1_1]
info: Kobon/Audit.lean:7:0: AUDIT Kobon.AllN.strict_improvements._proof_1_1: kernel; axioms=[]
info: Kobon/Audit.lean:7:0: AUDIT Kobon.BBLGridReindex.next_cut._proof_1_22: kernel; axioms=[propext, Quot.sound]
info: Kobon/Audit.lean:7:0: AUDIT Kobon.BBLRealization.new_rows_injective_eventually._proof_1: kernel; axioms=[propext, Quot.sound]
info: Kobon/Audit.lean:7:0: AUDIT Kobon.Certificates.N066T01397H327ecbb9.no_concurrent: native-evaluation; axioms=[propext,
 Kobon.Certificates.N066T01397H327ecbb9.no_concurrent._native.native_decide.ax_1_1]
info: Kobon/Audit.lean:7:0: AUDIT Kobon.BBLAnalytic.beta_data._proof_1_1: kernel; axioms=[propext, Quot.sound]
info: Kobon/Audit.lean:7:0: AUDIT Kobon.Certificates.N014T00054Hd2babc1b.lower_bound: native-evaluation; axioms=[propext,
 Classical.choice,
 Quot.sound,
 Kobon.Certificates.N014T00054Hd2babc1b.checked._native.native_decide.ax_1_1]
info: Kobon/Audit.lean:7:0: AUDIT Kobon.BBLGridReindex.perm_inv._proof_1_10: kernel; axioms=[propext, Quot.sound]
info: Kobon/Audit.lean:7:0: AUDIT Kobon.BBLAlternation.consecutive_apices._proof_1_1: kernel; axioms=[propext, Quot.sound]
info: Kobon/Audit.lean:7:0: AUDIT KobonExamples.good5_count._proof_1_1: kernel; axioms=[propext, Classical.choice, Quot.sound]
info: Kobon/Audit.lean:7:0: AUDIT Kobon.Certificates.N014T00053H45157b2f.no_concurrent: native-evaluation; axioms=[propext,
 Kobon.Certificates.N014T00053H45157b2f.no_concurrent._native.native_decide.ax_1_1]
info: Kobon/Audit.lean:7:0: AUDIT Kobon.BBLCaps.cap_no_aux_between._proof_1_12: kernel; axioms=[propext, Quot.sound]
info: Kobon/Audit.lean:7:0: AUDIT Kobon.BBLSeed21.directions: native-evaluation; axioms=[propext,
 Classical.choice,
 Quot.sound,
 Kobon.BBLSeed21.directions._native.native_decide.ax_1_1]
info: Kobon/Audit.lean:7:0: AUDIT Kobon.TamuraSeed5.last_intersection: kernel; axioms=[propext, Classical.choice, Quot.sound]
info: Kobon/Audit.lean:7:0: AUDIT Kobon.Cells.TriangleGeometry.nondegenerate: kernel; axioms=[propext, Classical.choice, Quot.sound]
info: Kobon/Audit.lean:7:0: AUDIT Kobon.Certificates.N048T00715Hba6f5baa.checked: native-evaluation; axioms=[propext,
 Kobon.Certificates.N048T00715Hba6f5baa.checked._native.native_decide.ax_1_1]
info: Kobon/Audit.lean:7:0: AUDIT Kobon.AllN.baseline_after_last_exception._proof_1_47: kernel; axioms=[propext, Quot.sound]
info: Kobon/Audit.lean:7:0: AUDIT Kobon.BBLGrid.tangent_product_identity._simp_1_7: kernel; axioms=[propext]
info: Kobon/Audit.lean:7:0: AUDIT Kobon.Certificates.N039T00469Hcf24d7d3.checked: native-evaluation; axioms=[propext,
 Kobon.Certificates.N039T00469Hcf24d7d3.checked._native.native_decide.ax_1_1]
info: Kobon/Audit.lean:7:0: AUDIT Kobon.CleanLineBudget.parity_budget: kernel; axioms=[propext, Quot.sound]
info: Kobon/Audit.lean:7:0: AUDIT Kobon.BBLCapEnvelope.cap_right_endpoint._proof_1_3: kernel; axioms=[propext, Quot.sound]
info: Kobon/Audit.lean:7:0: AUDIT Kobon.BBLOldRetention.all_replaced_eventually: kernel; axioms=[propext, Classical.choice, Quot.sound]
info: Kobon/Audit.lean:7:0: AUDIT Kobon.Certificates.N010T00025Hb767c427.lower_bound: native-evaluation; axioms=[propext,
 Classical.choice,
 Quot.sound,
 Kobon.Certificates.N010T00025Hb767c427.checked._native.native_decide.ax_1_1]
info: Kobon/Audit.lean:7:0: AUDIT Kobon.SharedFan.triangle.eq_1: kernel; axioms=[propext]
info: Kobon/Audit.lean:7:0: AUDIT Kobon.Results.classical_018: native-evaluation; axioms=[propext,
 Classical.choice,
 Quot.sound,
 Kobon.Certificates.N018T00093Hedb6246a.checked._native.native_decide.ax_1_1]
info: Kobon/Audit.lean:7:0: AUDIT Kobon.Certificates.N024T00172He63e906b.lower_bound: native-evaluation; axioms=[propext,
 Classical.choice,
 Quot.sound,
 Kobon.Certificates.N024T00172He63e906b.checked._native.native_decide.ax_1_1]
info: Kobon/Audit.lean:7:0: AUDIT Kobon.BBLAlternation.saturated_alternation._proof_1_1: kernel; axioms=[propext, Quot.sound]
info: Kobon/Audit.lean:7:0: AUDIT Kobon.Certificates.N099T03170Hea507e2d.checked: native-evaluation; axioms=[propext,
 Kobon.Certificates.N099T03170Hea507e2d.checked._native.native_decide.ax_1_1]
info: Kobon/Audit.lean:7:0: AUDIT Kobon.BBLLiftedRows.crossKey_injective._proof_1_10: kernel; axioms=[propext, Quot.sound]
info: Kobon/Audit.lean:7:0: AUDIT Kobon.BBLLiftedKeys.lifted_anchor._proof_1_25: kernel; axioms=[propext, Quot.sound]
info: Kobon/Audit.lean:7:0: AUDIT Kobon.FurediPalastiTwoCaps.lower_triangle._proof_1_7: kernel; axioms=[propext, Quot.sound]
info: Kobon/Audit.lean:7:0: AUDIT Kobon.FurediPalasti.high_before._proof_1_2: kernel; axioms=[propext, Quot.sound]
info: Kobon/Audit.lean:7:0: AUDIT Kobon.BBLRowOrder.newKey_injective._proof_1_2: kernel; axioms=[propext, Quot.sound]
info: Kobon/Audit.lean:7:0: AUDIT Kobon.Cells.weakSide_of_predicate: kernel; axioms=[propext, Classical.choice, Quot.sound]
info: Kobon/Audit.lean:7:0: AUDIT Kobon.ShiftedFurediPalasti.selected_triangle._proof_1_11: kernel; axioms=[propext, Quot.sound]
info: Kobon/Audit.lean:7:0: AUDIT Kobon.BBLRealizedPencil.no_concurrent._proof_1_3: kernel; axioms=[propext, Quot.sound]
info: Kobon/Audit.lean:7:0: AUDIT Kobon.BBLRowOrder.newKey_injective._proof_1_47: kernel; axioms=[propext, Quot.sound]
info: Kobon/Audit.lean:7:0: AUDIT Kobon.Results.classical_056: native-evaluation; axioms=[propext,
 Classical.choice,
 Quot.sound,
 Kobon.Certificates.N056T00990Hde8a415c.checked._native.native_decide.ax_1_1]
info: Kobon/Audit.lean:7:0: AUDIT Kobon.BBLSimple.canonical_no_concurrent._proof_1_8: kernel; axioms=[propext, Classical.choice, Quot.sound]
info: Kobon/Audit.lean:7:0: AUDIT Kobon.Certificates.N056T00990Hde8a415c.lower_bound: native-evaluation; axioms=[propext,
 Classical.choice,
 Quot.sound,
 Kobon.Certificates.N056T00990Hde8a415c.checked._native.native_decide.ax_1_1]
info: Kobon/Audit.lean:7:0: AUDIT Kobon.BBLRealization.horizontal_coordinate_profile._proof_1_5: kernel; axioms=[propext, Quot.sound]
info: Kobon/Audit.lean:7:0: AUDIT Kobon.AllN.exact_exception_values._proof_1_36: kernel; axioms=[]
info: Kobon/Audit.lean:7:0: AUDIT Kobon.BBLCrossingCoordinates.coordinate_eq_crossing: kernel; axioms=[propext, Classical.choice, Quot.sound]
info: Kobon/Audit.lean:7:0: AUDIT Kobon.SeedFamily.distinguished_triangles: kernel; axioms=[propext, Classical.choice, Quot.sound]
info: Kobon/Audit.lean:7:0: AUDIT Kobon.SeedFamily.hi.eq_1: kernel; axioms=[propext, Classical.choice, Quot.sound]
info: Kobon/Audit.lean:7:0: AUDIT Kobon.orientedEval_affine._simp_1_5: kernel; axioms=[propext]
info: Kobon/Audit.lean:7:0: AUDIT Kobon.Results.simple_028: native-evaluation; axioms=[propext,
 Classical.choice,
 Quot.sound,
 Kobon.Certificates.N028T00238H56ef2acb.checked._native.native_decide.ax_1_1,
 Kobon.Certificates.N028T00238H56ef2acb.no_concurrent._native.native_decide.ax_1_1]
info: Kobon/Audit.lean:7:0: AUDIT Kobon.BBLRowOrder.newKey_injective._proof_1_102: kernel; axioms=[propext, Quot.sound]
info: Kobon/Audit.lean:7:0: AUDIT Kobon.FurediPalasti.lower_bound._proof_1_4: kernel; axioms=[propext, Quot.sound]
info: Kobon/Audit.lean:7:0: AUDIT Kobon.BBLProfiles.finite_order_persistence: kernel; axioms=[propext, Classical.choice, Quot.sound]
info: Kobon/Audit.lean:7:0: AUDIT Kobon.FurediPalasti.selected_sum_nonzero._proof_1_2: kernel; axioms=[propext, Quot.sound]
info: Kobon/Audit.lean:7:0: AUDIT Kobon.Certificates.N008T00014Hebff5868.checked: native-evaluation; axioms=[propext,
 Kobon.Certificates.N008T00014Hebff5868.checked._native.native_decide.ax_1_1]
info: Kobon/Audit.lean:7:0: AUDIT Kobon.FurediPalastiCount.mem_fiber._abel_1_5: kernel; axioms=[propext, Quot.sound]
info: Kobon/Audit.lean:7:0: AUDIT Kobon.Results.simple_047: native-evaluation; axioms=[propext,
 Classical.choice,
 Quot.sound,
 Kobon.Certificates.N047T00690Hd8af27fc.checked._native.native_decide.ax_1_1,
 Kobon.Certificates.N047T00690Hd8af27fc.no_concurrent._native.native_decide.ax_1_1]
info: Kobon/Audit.lean:7:0: AUDIT Kobon.Cells.ofPredicate._proof_1: kernel; axioms=[propext, Quot.sound]
info: Kobon/Audit.lean:7:0: AUDIT Kobon.Exterior.no_parallel: kernel; axioms=[propext, Classical.choice, Quot.sound]
info: Kobon/Audit.lean:7:0: AUDIT Kobon.AllN.enhancement.eq_3: kernel; axioms=[]
info: Kobon/Audit.lean:7:0: AUDIT Kobon.BBLGridCuts.cut_right._proof_1_3: kernel; axioms=[propext, Quot.sound]
info: Kobon/Audit.lean:7:0: AUDIT Kobon.CyclicFan.Geometry.opposite_left: kernel; axioms=[propext, Classical.choice, Quot.sound]
info: Kobon/Audit.lean:7:0: AUDIT Kobon.BBLCanonicalPencil.arrangement_eq_rotate_pencil._proof_1_4: kernel; axioms=[propext, Quot.sound]
info: Kobon/Audit.lean:7:0: AUDIT Kobon.CyclicFan.Geometry.no_long_run._proof_1_1: kernel; axioms=[propext, Quot.sound]
info: Kobon/Audit.lean:7:0: AUDIT Kobon.BBLPersistence.visible_preserved_eventually: kernel; axioms=[propext, Classical.choice, Quot.sound]
info: Kobon/Audit.lean:7:0: AUDIT Kobon.BBLAlternation.consecutive_apices._proof_1_2: kernel; axioms=[propext, Quot.sound]
info: Kobon/Audit.lean:7:0: AUDIT Kobon.BBLRealization.horizontal_coordinate_profile._proof_1_14: kernel; axioms=[propext, Quot.sound]
info: Kobon/Audit.lean:7:0: AUDIT Kobon.Certificates.N045T00645H3dc6e882.lower_bound: native-evaluation; axioms=[propext,
 Classical.choice,
 Quot.sound,
 Kobon.Certificates.N045T00645H3dc6e882.checked._native.native_decide.ax_1_1]
info: Kobon/Audit.lean:7:0: AUDIT Kobon.BBLPencilRegularity.factor_ne: kernel; axioms=[propext, Classical.choice, Quot.sound]
info: Kobon/Audit.lean:7:0: AUDIT Kobon.BBLCount.outside_subset._simp_1_3: kernel; axioms=[propext, Classical.choice, Quot.sound]
info: Kobon/Audit.lean:7:0: AUDIT Kobon.BBLRowOrder.newKey_injective._proof_1_54: kernel; axioms=[propext, Quot.sound]
info: Kobon/Audit.lean:7:0: AUDIT Kobon.Iteration49.boundary_50._proof_2: kernel; axioms=[propext]
info: Kobon/Audit.lean:7:0: AUDIT Kobon.Cells.TriangleGeometry.Ar: kernel; axioms=[propext, Classical.choice, Quot.sound]
info: Kobon/Audit.lean:7:0: AUDIT Kobon.BBLCapEnvelope.between_evaluation_product: kernel; axioms=[propext, Classical.choice, Quot.sound]
info: Kobon/Audit.lean:7:0: AUDIT Kobon.BBLRealizedPencil.admissible_x: kernel; axioms=[propext, Classical.choice, Quot.sound]
info: Kobon/Audit.lean:7:0: AUDIT Kobon.Certificates.N053T00885H6bc5b14d.checked: native-evaluation; axioms=[propext,
 Kobon.Certificates.N053T00885H6bc5b14d.checked._native.native_decide.ax_1_1]
info: Kobon/Audit.lean:7:0: AUDIT Kobon.AllN.exact_exception_values._proof_1_30: kernel; axioms=[]
info: Kobon/Audit.lean:7:0: AUDIT Kobon.BBLCaps.cap_no_aux_between._proof_1_36: kernel; axioms=[propext, Classical.choice, Quot.sound]
info: Kobon/Audit.lean:7:0: AUDIT Kobon.Certificates.N059T01103Hba482375.checked: native-evaluation; axioms=[propext,
 Kobon.Certificates.N059T01103Hba482375.checked._native.native_decide.ax_1_1]
info: Kobon/Audit.lean:7:0: AUDIT Kobon.BBLCapBridge.endpointSigns_of_canonical._proof_1_11: kernel; axioms=[propext, Quot.sound]
info: Kobon/Audit.lean:7:0: AUDIT Kobon.Results.simple_011: native-evaluation; axioms=[propext,
 Classical.choice,
 Quot.sound,
 Kobon.Certificates.N011T00032Hb955e7c9.checked._native.native_decide.ax_1_1,
 Kobon.Certificates.N011T00032Hb955e7c9.no_concurrent._native.native_decide.ax_1_1]
info: Kobon/Audit.lean:7:0: AUDIT Kobon.BBLRowGeometry.mixed_triangle._proof_1_3: kernel; axioms=[propext, Quot.sound]
info: Kobon/Audit.lean:7:0: AUDIT Kobon.BBLLiftedKeys.complement_row_bound._proof_1_8: kernel; axioms=[propext, Quot.sound]
info: Kobon/Audit.lean:7:0: AUDIT Kobon.Certificates.N195T12482H5413dd7b.lower_bound: native-evaluation; axioms=[propext,
 Classical.choice,
 Quot.sound,
 Kobon.Certificates.N195T12482H5413dd7b.checked._native.native_decide.ax_1_1]
info: Kobon/Audit.lean:7:0: AUDIT Kobon.Results.classical_012: native-evaluation; axioms=[propext,
 Classical.choice,
 Quot.sound,
 Kobon.Certificates.N012T00038H38f69f38.checked._native.native_decide.ax_1_1]
info: Kobon/Audit.lean:7:0: AUDIT Kobon.BBLRealization.horizontal_coordinate_profile._proof_1_13: kernel; axioms=[propext, Quot.sound]
info: Kobon/Audit.lean:7:0: AUDIT Kobon.BBLGridCuts.cut_increasing._proof_1_2: kernel; axioms=[propext, Quot.sound]
info: Kobon/Audit.lean:7:0: AUDIT Kobon.BBLCentralEnvelope.central_endpoint._proof_1_21: kernel; axioms=[propext, Classical.choice, Quot.sound]
info: Kobon/Audit.lean:7:0: AUDIT Kobon.FurediPalastiWrap.cap_nonneg._proof_1_5: kernel; axioms=[propext, Quot.sound]
info: Kobon/Audit.lean:7:0: AUDIT Kobon.AllN.dominates_49_target._proof_1_1: kernel; axioms=[propext]
info: Kobon/Audit.lean:7:0: AUDIT Kobon.Parametric.nonzero_of_cert: kernel; axioms=[propext, Classical.choice, Quot.sound]
info: Kobon/Audit.lean:7:0: AUDIT Kobon.Certificates.N049T00767H957e6f15.simple_lower_bound: native-evaluation; axioms=[propext,
 Classical.choice,
 Quot.sound,
 Kobon.Certificates.N049T00767H957e6f15.checked._native.native_decide.ax_1_1,
 Kobon.Certificates.N049T00767H957e6f15.no_concurrent._native.native_decide.ax_1_1]
info: Kobon/Audit.lean:7:0: AUDIT Kobon.Results.earlier_049: native-evaluation; axioms=[propext,
 Classical.choice,
 Quot.sound,
 Kobon.Certificates.N049T00767H957e6f15.checked._native.native_decide.ax_1_1]
info: Kobon/Audit.lean:7:0: AUDIT Kobon.BBLRowMax.row_bound_not_last._proof_1_12: kernel; axioms=[propext, Classical.choice, Quot.sound]
info: Kobon/Audit.lean:7:0: AUDIT Kobon.BBLCapSigns.cap_key_signs._proof_1_63: kernel; axioms=[propext, Classical.choice, Quot.sound]
info: Kobon/Audit.lean:7:0: AUDIT Kobon.BBLRowOrder.auxiliary_outside_of_close._proof_1_48: kernel; axioms=[propext, Quot.sound]
info: Kobon/Audit.lean:7:0: AUDIT Kobon.BBLCaps.cap_no_aux_between._proof_1_31: kernel; axioms=[propext, Quot.sound]
info: Kobon/Audit.lean:7:0: AUDIT Kobon.Certificates.N041T00533H01e2ef66.checked: native-evaluation; axioms=[propext,
 Kobon.Certificates.N041T00533H01e2ef66.checked._native.native_decide.ax_1_1]
info: Kobon/Audit.lean:7:0: AUDIT Kobon.Certificates.N027T00217H6670a2b1.lower_bound: native-evaluation; axioms=[propext,
 Classical.choice,
 Quot.sound,
 Kobon.Certificates.N027T00217H6670a2b1.checked._native.native_decide.ax_1_1]
info: Kobon/Audit.lean:7:0: AUDIT Kobon.Certificates.N018T00093Hedb6246a.lower_bound: native-evaluation; axioms=[propext,
 Classical.choice,
 Quot.sound,
 Kobon.Certificates.N018T00093Hedb6246a.checked._native.native_decide.ax_1_1]
info: Kobon/Audit.lean:7:0: AUDIT Kobon.Results.best_classical_027: native-evaluation; axioms=[propext,
 Classical.choice,
 Quot.sound,
 Kobon.Certificates.N027T00225H7d6ae9a0.checked._native.native_decide.ax_1_1]
info: Kobon/Audit.lean:7:0: AUDIT Kobon.BBLProfiles.profile_left_eventually._proof_1_3: kernel; axioms=[propext, Quot.sound]
info: Kobon/Audit.lean:7:0: AUDIT Kobon.BBLOldRetention.noncap_eventually._proof_1_4: kernel; axioms=[propext, Quot.sound]
info: Kobon/Audit.lean:7:0: AUDIT Kobon.TangentBounds.tan_three_tenths_bounds: kernel; axioms=[propext, Classical.choice, Quot.sound]
info: Kobon/Audit.lean:7:0: AUDIT Kobon.BBLCanonicalPencil.old_slopes_distinct._proof_1_1: kernel; axioms=[propext, Quot.sound]
info: Kobon/Audit.lean:7:0: AUDIT Kobon.BBLCaps.capRow_injective._proof_1_10: kernel; axioms=[propext, Quot.sound]
info: Kobon/Audit.lean:7:0: AUDIT Kobon.BBLProfiles.profile_strict_order._proof_1_5: kernel; axioms=[propext, Quot.sound]
info: Kobon/Audit.lean:7:0: AUDIT Kobon.BBLGridReindex.central_right._proof_1_3: kernel; axioms=[propext, Quot.sound]
info: Kobon/Audit.lean:7:0: AUDIT Kobon.CleanLineBudget.high_multiplicity_weight: kernel; axioms=[propext, Classical.choice, Quot.sound]
info: Kobon/Audit.lean:7:0: AUDIT Kobon.BBLCapSigns.cap_key_signs._proof_1_51: kernel; axioms=[propext, Classical.choice, Quot.sound]
info: Kobon/Audit.lean:7:0: AUDIT Kobon.BBLCapSigns.cap_key_signs: kernel; axioms=[propext, Classical.choice, Quot.sound]
info: Kobon/Audit.lean:7:0: AUDIT Kobon.FanGeometry.FanStrip.adjacent_opposites_eq._proof_1_5: kernel; axioms=[propext,
 Classical.choice,
 Quot.sound]
info: Kobon/Audit.lean:7:0: AUDIT Kobon.AllN.exact_exception_values._proof_1_19: kernel; axioms=[]
info: Kobon/Audit.lean:7:0: AUDIT Kobon.Certificates.N005T00003H6265d6a7.no_concurrent: native-evaluation; axioms=[propext,
 Kobon.Certificates.N005T00003H6265d6a7.no_concurrent._native.native_decide.ax_1_1]
info: Kobon/Audit.lean:7:0: AUDIT Kobon.FanGeometry.FanStrip.mk.inj: kernel; axioms=[propext, Classical.choice, Quot.sound]
info: Kobon/Audit.lean:7:0: AUDIT Kobon.AllN.enhancement.eq_60: kernel; axioms=[]
info: Kobon/Audit.lean:7:0: AUDIT Kobon.BBLRowOrder.key_bounds._proof_1_7: kernel; axioms=[propext, Classical.choice, Quot.sound]
info: Kobon/Audit.lean:7:0: AUDIT Kobon.BBLGridReindex.inv_perm._proof_1_2: kernel; axioms=[propext, Quot.sound]
info: Kobon/Audit.lean:7:0: AUDIT Kobon.Universal.baseline_formula._proof_1_3: kernel; axioms=[propext, Quot.sound]
info: Kobon/Audit.lean:7:0: AUDIT Kobon.ShiftedFurediPalasti.selected_indices._proof_1_1: kernel; axioms=[propext, Quot.sound]
info: Kobon/Audit.lean:7:0: AUDIT Kobon.FurediPalastiTwoCaps.lower_outer_sign._proof_1_8: kernel; axioms=[propext, Quot.sound]
info: Kobon/Audit.lean:7:0: AUDIT Kobon.BBLPencilLimits.pairX_zero._simp_1_5: kernel; axioms=[propext]
info: Kobon/Audit.lean:7:0: AUDIT Kobon.Certificates.N019T00107Ha2f32bdb.checked: native-evaluation; axioms=[propext,
 Kobon.Certificates.N019T00107Ha2f32bdb.checked._native.native_decide.ax_1_1]
info: Kobon/Audit.lean:7:0: AUDIT Kobon.Certificates.N051T00817Hbd215f67.lower_bound: native-evaluation; axioms=[propext,
 Classical.choice,
 Quot.sound,
 Kobon.Certificates.N051T00817Hbd215f67.checked._native.native_decide.ax_1_1]
info: Kobon/Audit.lean:7:0: AUDIT Kobon.FanGeometry.FanStrip.adjacent_opposites_eq._proof_1_3: kernel; axioms=[propext, Quot.sound]
info: Kobon/Audit.lean:7:0: AUDIT Kobon.BBLRealizedPencil.no_parallel_eventually._proof_1_2: kernel; axioms=[propext, Quot.sound]
info: Kobon/Audit.lean:7:0: AUDIT Kobon.Certificates.N007T00011He6b9a626.no_concurrent: native-evaluation; axioms=[propext,
 Kobon.Certificates.N007T00011He6b9a626.no_concurrent._native.native_decide.ax_1_1]
info: Kobon/Audit.lean:7:0: AUDIT KobonBoundary.seven_profile_limited._proof_1_1: kernel; axioms=[propext, Classical.choice, Quot.sound]
info: Kobon/Audit.lean:7:0: AUDIT Kobon.BBLVisibleAssembly.shift_injective: kernel; axioms=[propext, Classical.choice, Quot.sound]
info: Kobon/Audit.lean:7:0: AUDIT Kobon.BBLNextSaturation.noncentral_gap._proof_1_5: kernel; axioms=[propext, Classical.choice, Quot.sound]
info: Kobon/Audit.lean:7:0: AUDIT Kobon.AllN.baseline_after_last_exception._proof_1_19: kernel; axioms=[propext, Quot.sound]
info: Kobon/Audit.lean:7:0: AUDIT Kobon.Certificates.N036T00402H3fc01b7d.simple_lower_bound: native-evaluation; axioms=[propext,
 Classical.choice,
 Quot.sound,
 Kobon.Certificates.N036T00402H3fc01b7d.checked._native.native_decide.ax_1_1,
 Kobon.Certificates.N036T00402H3fc01b7d.no_concurrent._native.native_decide.ax_1_1]
info: Kobon/Audit.lean:7:0: AUDIT Kobon.BBLVisibleAssembly.shift_injective._proof_1_1: kernel; axioms=[propext, Classical.choice, Quot.sound]
info: Kobon/Audit.lean:7:0: AUDIT Kobon.Iteration.gainPrefix_closed._proof_1_4: kernel; axioms=[propext, Quot.sound]
info: Kobon/Audit.lean:7:0: AUDIT Kobon.BBLCapSigns.cap_key_signs._proof_1_1: kernel; axioms=[propext, Quot.sound]
info: Kobon/Audit.lean:7:0: AUDIT Kobon.BBLRealization.horizontal_coordinate_profile._proof_1_2: kernel; axioms=[propext, Quot.sound]
info: Kobon/Audit.lean:7:0: AUDIT Kobon.BBLCount.mixed_count_identity._proof_1_7: kernel; axioms=[propext, Quot.sound]
info: Kobon/Audit.lean:7:0: AUDIT Kobon.BBLConsecutive.supports_consecutive._proof_1_12: kernel; axioms=[propext, Quot.sound]
info: Kobon/Audit.lean:7:0: AUDIT Kobon.BBLCapReplacement.triangle_strict_test: kernel; axioms=[propext, Classical.choice, Quot.sound]
info: Kobon/Audit.lean:7:0: AUDIT Kobon.BBLPencilProfiles.key_anchor: kernel; axioms=[propext, Classical.choice, Quot.sound]
info: Kobon/Audit.lean:7:0: AUDIT Kobon.AllN.exact_exception_values._proof_1_56: kernel; axioms=[]
info: Kobon/Audit.lean:7:0: AUDIT Kobon.BBLLiftedKeys.complement_row_bound._proof_1_6: kernel; axioms=[propext, Quot.sound]
info: Kobon/Audit.lean:7:0: AUDIT Kobon.BBLRowMax.projection_ne: kernel; axioms=[propext, Classical.choice, Quot.sound]
info: Kobon/Audit.lean:7:0: AUDIT Kobon.Results.best_classical_066: native-evaluation; axioms=[propext,
 Classical.choice,
 Quot.sound,
 Kobon.Certificates.N066T01397H327ecbb9.checked._native.native_decide.ax_1_1]
info: Kobon/Audit.lean:7:0: AUDIT Kobon.Projective.oriented_transform._simp_1_1: kernel; axioms=[propext]
info: Kobon/Audit.lean:7:0: AUDIT Kobon.BBLCapSigns.cap_key_signs._proof_1_23: kernel; axioms=[propext, Classical.choice, Quot.sound]
info: Kobon/Audit.lean:7:0: AUDIT Kobon.BBLRowOrder.newKey_ne_oldKey._proof_1_13: kernel; axioms=[propext, Quot.sound]
info: Kobon/Audit.lean:7:0: AUDIT Kobon.Certificates.N014T00054H3e5d182f.lower_bound: native-evaluation; axioms=[propext,
 Classical.choice,
 Quot.sound,
 Kobon.Certificates.N014T00054H3e5d182f.checked._native.native_decide.ax_1_1]
info: Kobon/Audit.lean:7:0: AUDIT Kobon.Certificates.N081T02132H7bc6b303.checked: native-evaluation; axioms=[propext,
 Kobon.Certificates.N081T02132H7bc6b303.checked._native.native_decide.ax_1_1]
info: Kobon/Audit.lean:7:0: AUDIT Kobon.BBLRowGeometry.mixedTriangle_injective: kernel; axioms=[propext, Quot.sound]
info: Kobon/Audit.lean:7:0: AUDIT Kobon.AllN.from_49_unconditional: native-evaluation; axioms=[propext,
 Classical.choice,
 Quot.sound,
 Kobon.Certificates.N049T00767H957e6f15.checked._native.native_decide.ax_1_1,
 Kobon.Certificates.N050T00791H2ea22b55.checked._native.native_decide.ax_1_1]
info: Kobon/Audit.lean:7:0: AUDIT Kobon.BBLCount.outside_subset._proof_1_12: kernel; axioms=[propext, Quot.sound]
info: Kobon/Audit.lean:7:0: AUDIT Kobon.Certificates.N021T00133H36bae754.checked: native-evaluation; axioms=[propext,
 Kobon.Certificates.N021T00133H36bae754.checked._native.native_decide.ax_1_1]
info: Kobon/Audit.lean:7:0: AUDIT Kobon.BBLNextSaturation.noncentral_gap._proof_1_34: kernel; axioms=[propext, Quot.sound]
info: Kobon/Audit.lean:7:0: AUDIT Kobon.BBLGrid.beta_tan_positive: kernel; axioms=[propext, Classical.choice, Quot.sound]
info: Kobon/Audit.lean:7:0: AUDIT Kobon.BBLVisible.central_visible._proof_1_11: kernel; axioms=[propext, Quot.sound]
info: Kobon/Audit.lean:7:0: AUDIT Kobon.BBLCapEnvelope.graph_horizontal_intersection._simp_1_6: kernel; axioms=[propext,
 Classical.choice,
 Quot.sound]
info: Kobon/Audit.lean:7:0: AUDIT Kobon.BBLAlternation.saturated_alternation._proof_1_9: kernel; axioms=[propext, Quot.sound]
info: Kobon/Audit.lean:7:0: AUDIT Kobon.BBLCaps.capRow_ne_horizontal._proof_1_3: kernel; axioms=[propext, Quot.sound]
info: Kobon/Audit.lean:7:0: AUDIT Kobon.Certificates.N024T00172He63e906b.no_concurrent: native-evaluation; axioms=[propext,
 Kobon.Certificates.N024T00172He63e906b.no_concurrent._native.native_decide.ax_1_1]
info: Kobon/Audit.lean:7:0: AUDIT Kobon.BBLRegularity.canonical_no_parallel_eventually._proof_1_3: kernel; axioms=[propext, Quot.sound]
info: Kobon/Audit.lean:7:0: AUDIT Kobon.ShiftedFurediPalasti.noConcurrent._proof_1_1: kernel; axioms=[propext, Quot.sound]
info: Kobon/Audit.lean:7:0: AUDIT Kobon.BBLCapSigns.cap_key_signs._proof_1_55: kernel; axioms=[propext, Quot.sound]
info: Kobon/Audit.lean:7:0: AUDIT Kobon.TamuraSeed5.all_visible: kernel; axioms=[propext, Classical.choice, Quot.sound]
info: Kobon/Audit.lean:7:0: AUDIT Kobon.SharedFan.center.eq_1: kernel; axioms=[propext, Classical.choice, Quot.sound]
info: Kobon/Audit.lean:7:0: AUDIT Kobon.Certificates.N012T00038H38f69f38.checked: native-evaluation; axioms=[propext,
 Kobon.Certificates.N012T00038H38f69f38.checked._native.native_decide.ax_1_1]
info: Kobon/Audit.lean:7:0: AUDIT Kobon.BBLRealization.horizontal_profile._proof_1_11: kernel; axioms=[propext, Quot.sound]
info: Kobon/Audit.lean:7:0: AUDIT Kobon.BBLLiftedKeys.complement_key._proof_1_1: kernel; axioms=[propext, Quot.sound]
info: Kobon/Audit.lean:7:0: AUDIT Kobon.BBLPersistence.visible_preserved_eventually._proof_1_1: kernel; axioms=[propext, Quot.sound]
info: Kobon/Audit.lean:7:0: AUDIT Kobon.BBLRegularity.canonical_no_parallel_eventually._proof_1_1: kernel; axioms=[propext, Quot.sound]
info: Kobon/Audit.lean:7:0: AUDIT Kobon.Certificates.N017T00085H7cf3c061.lower_bound: native-evaluation; axioms=[propext,
 Classical.choice,
 Quot.sound,
 Kobon.Certificates.N017T00085H7cf3c061.checked._native.native_decide.ax_1_1]
info: Kobon/Audit.lean:7:0: AUDIT Kobon.BBLVisible.auxPair_keys._proof_1_14: kernel; axioms=[propext, Quot.sound]
info: Kobon/Audit.lean:7:0: AUDIT Kobon.FurediPalasti.selected_triangle._proof_1_5: kernel; axioms=[propext, Quot.sound]
info: Kobon/Audit.lean:7:0: AUDIT Kobon.BBLCapSigns.cap_key_signs._proof_1_73: kernel; axioms=[propext, Quot.sound]
info: Kobon/Audit.lean:7:0: AUDIT Kobon.BBLCrossingCoordinates.rowCoordinate.eq_1: kernel; axioms=[propext, Classical.choice, Quot.sound]
info: Kobon/Audit.lean:7:0: AUDIT Kobon.FurediPalastiChart.index_cos_lt._proof_1_1: kernel; axioms=[propext, Quot.sound]
info: Kobon/Audit.lean:7:0: AUDIT Kobon.Results.earlier_037: native-evaluation; axioms=[propext,
 Classical.choice,
 Quot.sound,
 Kobon.Certificates.N037T00431H11f0bde7.checked._native.native_decide.ax_1_1]
info: Kobon/Audit.lean:7:0: AUDIT Kobon.BBLRowOrder.auxiliary_outside_of_close._proof_1_85: kernel; axioms=[propext, Classical.choice, Quot.sound]
info: Kobon/Audit.lean:7:0: AUDIT Kobon.FurediPalastiCaps.cos_two_thirds_pi: kernel; axioms=[propext, Classical.choice, Quot.sound]
info: Kobon/Audit.lean:7:0: AUDIT Kobon.BBLCrossingCoordinates.coordinate_continuous: kernel; axioms=[propext, Classical.choice, Quot.sound]
info: Kobon/Audit.lean:7:0: AUDIT Kobon.triangle_interior_uncut._simp_1_1: kernel; axioms=[propext]
info: Kobon/Audit.lean:7:0: AUDIT Kobon.AllN.enhancement.eq_38: kernel; axioms=[]
info: Kobon/Audit.lean:7:0: AUDIT Kobon.AllN.dominates_every_saved_certificate._proof_1_28: kernel; axioms=[]
info: Kobon/Audit.lean:7:0: AUDIT Kobon.BBLGridCuts.anchor_bounds: kernel; axioms=[propext, Classical.choice, Quot.sound]
info: Kobon/Audit.lean:7:0: AUDIT Kobon.AllN.exact_exception_values._proof_1_61: kernel; axioms=[]
info: Kobon/Audit.lean:7:0: AUDIT Kobon.FurediPalastiWrap.wrap_triangle._proof_1_3: kernel; axioms=[propext, Quot.sound]
info: Kobon/Audit.lean:7:0: AUDIT Kobon.AllN.enhancement.eq_42: kernel; axioms=[]
info: Kobon/Audit.lean:7:0: AUDIT Kobon.BBLCapEnvelope.cap_left_endpoint._proof_1_9: kernel; axioms=[propext, Quot.sound]
info: Kobon/Audit.lean:7:0: AUDIT Kobon.BBLPencilProfiles.key_anchor._proof_1_1: kernel; axioms=[propext, Quot.sound]
info: Kobon/Audit.lean:7:0: AUDIT Kobon.Certificates.N008T00014Hebff5868.simple_lower_bound: native-evaluation; axioms=[propext,
 Classical.choice,
 Quot.sound,
 Kobon.Certificates.N008T00014Hebff5868.checked._native.native_decide.ax_1_1,
 Kobon.Certificates.N008T00014Hebff5868.no_concurrent._native.native_decide.ax_1_1]
info: Kobon/Audit.lean:7:0: AUDIT Kobon.noParallel_lift: kernel; axioms=[propext, Classical.choice, Quot.sound]
info: Kobon/Audit.lean:7:0: AUDIT Kobon.BBLRowGeometry.row_outside._proof_1_14: kernel; axioms=[propext, Quot.sound]
info: Kobon/Audit.lean:7:0: AUDIT Kobon.BBLRowOrder.auxiliary_outside_of_close._proof_1_79: kernel; axioms=[propext, Classical.choice, Quot.sound]
info: Kobon/Audit.lean:7:0: AUDIT Kobon.AllN.dominates_every_saved_certificate._proof_1_74: kernel; axioms=[]
info: Kobon/Audit.lean:7:0: AUDIT Kobon.FurediPalastiCaps.exists_left_cut._proof_1_2: kernel; axioms=[propext, Quot.sound]
info: Kobon/Audit.lean:7:0: AUDIT Kobon.FurediPalastiCount.mem_bad._simp_1_2: kernel; axioms=[propext, Classical.choice, Quot.sound]
info: Kobon/Audit.lean:7:0: AUDIT Kobon.BBLNextSaturation.noncentral_gap._proof_1_13: kernel; axioms=[propext, Quot.sound]
info: Kobon/Audit.lean:7:0: AUDIT Kobon.AllN.polynomial_gap._proof_1_2: kernel; axioms=[propext, Quot.sound]
info: Kobon/Audit.lean:7:0: AUDIT Kobon.FurediPalasti.angle_lt_pi._proof_1_1: kernel; axioms=[propext, Quot.sound]
info: Kobon/Audit.lean:7:0: AUDIT Kobon.FurediPalastiTwoCaps.upper_cap_sign._proof_1_5: kernel; axioms=[propext, Quot.sound]
info: Kobon/Audit.lean:7:0: AUDIT Kobon.SharedFan.adjacent_triangles_distinct._proof_1_6: kernel; axioms=[propext]
info: Kobon/Audit.lean:7:0: AUDIT Kobon.BBLGridReindex.central_left._proof_1_1: kernel; axioms=[propext, Quot.sound]
info: Kobon/Audit.lean:7:0: AUDIT Kobon.Certificates.N041T00533H01e2ef66.simple_lower_bound: native-evaluation; axioms=[propext,
 Classical.choice,
 Quot.sound,
 Kobon.Certificates.N041T00533H01e2ef66.checked._native.native_decide.ax_1_1,
 Kobon.Certificates.N041T00533H01e2ef66.no_concurrent._native.native_decide.ax_1_1]
info: Kobon/Audit.lean:7:0: AUDIT Kobon.Certificates.N042T00553H2bdc9d67.no_concurrent: native-evaluation; axioms=[propext,
 Kobon.Certificates.N042T00553H2bdc9d67.no_concurrent._native.native_decide.ax_1_1]
info: Kobon/Audit.lean:7:0: AUDIT Kobon.AllN.strict_improvements._proof_1_5: kernel; axioms=[]
info: Kobon/Audit.lean:7:0: AUDIT Kobon.CyclicFan.Geometry.opposite_right: kernel; axioms=[propext, Classical.choice, Quot.sound]
info: Kobon/Audit.lean:7:0: AUDIT Kobon.BBLIntersection.graph_crossing_x._simp_1_7: kernel; axioms=[propext]
info: Kobon/Audit.lean:7:0: AUDIT Kobon.Results.best_simple_016: native-evaluation; axioms=[propext,
 Classical.choice,
 Quot.sound,
 Kobon.Certificates.N016T00072H391cf79a.checked._native.native_decide.ax_1_1,
 Kobon.Certificates.N016T00072H391cf79a.no_concurrent._native.native_decide.ax_1_1]
info: Kobon/Audit.lean:7:0: AUDIT Kobon.BBLGridReindex.perm_bound: kernel; axioms=[propext, Quot.sound]
info: Kobon/Audit.lean:7:0: AUDIT Kobon.Results.best_classical_011: native-evaluation; axioms=[propext,
 Classical.choice,
 Quot.sound,
 Kobon.Certificates.N011T00032Hb955e7c9.checked._native.native_decide.ax_1_1]
info: Kobon/Audit.lean:7:0: AUDIT Kobon.BBLLiftedKeys.lifted_anchor: kernel; axioms=[propext, Classical.choice, Quot.sound]
info: Kobon/Audit.lean:7:0: AUDIT Kobon.BBLNextSaturation.noncentral_gap._proof_1_28: kernel; axioms=[propext, Classical.choice, Quot.sound]
info: Kobon/Audit.lean:7:0: AUDIT Kobon.BBLGridReindex.alpha_double: kernel; axioms=[propext, Classical.choice, Quot.sound]
info: Kobon/Audit.lean:7:0: AUDIT Kobon.BBLRowGeometry.row_outside._proof_1_10: kernel; axioms=[propext, Quot.sound]
info: Kobon/Audit.lean:7:0: AUDIT KobonBoundary.defect_extension_bound._proof_1_1: kernel; axioms=[propext, Quot.sound]
info: Kobon/Audit.lean:7:0: AUDIT Kobon.AllN.strict_improvements._proof_1_41: kernel; axioms=[]
info: Kobon/Audit.lean:7:0: AUDIT Kobon.BBLCount.mem_pairs._simp_1_2: kernel; axioms=[propext, Classical.choice, Quot.sound]
info: Kobon/Audit.lean:7:0: AUDIT Kobon.SharedFan.adjacent_triangles_distinct._proof_1_2: kernel; axioms=[propext]
info: Kobon/Audit.lean:7:0: AUDIT Kobon.TamuraSeed5.all_visible._simp_1_1: kernel; axioms=[propext, Quot.sound]
info: Kobon/Audit.lean:7:0: AUDIT Kobon.BBLRealization.horizontal_profile._proof_1_17: kernel; axioms=[propext, Quot.sound]
info: Kobon/Audit.lean:7:0: AUDIT Kobon.BBLCaps.cap_no_aux_between._proof_1_41: kernel; axioms=[propext, Quot.sound]
info: Kobon/Audit.lean:7:0: AUDIT Kobon.BBLPencilProfiles.shift_sign._proof_1_2: kernel; axioms=[propext, Classical.choice, Quot.sound]
info: Kobon/Audit.lean:7:0: AUDIT Kobon.FurediPalastiChart.below_cap._proof_1_5: kernel; axioms=[propext, Quot.sound]
info: Kobon/Audit.lean:7:0: AUDIT Kobon.FurediPalastiCaps.above_left_caps._proof_1_2: kernel; axioms=[propext, Quot.sound]
info: Kobon/Audit.lean:7:0: AUDIT Kobon.Results.best_classical_043: native-evaluation; axioms=[propext,
 Classical.choice,
 Quot.sound,
 Kobon.Certificates.N043T00587H861d8be2.checked._native.native_decide.ax_1_1]
info: Kobon/Audit.lean:7:0: AUDIT Kobon.AllN.baseline_after_last_exception._proof_1_52: kernel; axioms=[propext, Quot.sound]
info: Kobon/Audit.lean:7:0: AUDIT Kobon.BBLSimple.canonical_no_concurrent._proof_1_1: kernel; axioms=[propext, Classical.choice, Quot.sound]
info: Kobon/Audit.lean:7:0: AUDIT Kobon.BBLCapSigns.cap_key_signs._proof_1_26: kernel; axioms=[propext, Classical.choice, Quot.sound]
info: Kobon/Audit.lean:7:0: AUDIT Kobon.Results.earlier_058: native-evaluation; axioms=[propext,
 Classical.choice,
 Quot.sound,
 Kobon.Certificates.N058T01073Hd988db55.checked._native.native_decide.ax_1_1]
info: Kobon/Audit.lean:7:0: AUDIT Kobon.Certificates.N033T00341H95f3b770.simple_lower_bound: native-evaluation; axioms=[propext,
 Classical.choice,
 Quot.sound,
 Kobon.Certificates.N033T00341H95f3b770.checked._native.native_decide.ax_1_1,
 Kobon.Certificates.N033T00341H95f3b770.no_concurrent._native.native_decide.ax_1_1]
info: Kobon/Audit.lean:7:0: AUDIT Kobon.Certificates.N048T00715Hba6f5baa.lower_bound: native-evaluation; axioms=[propext,
 Classical.choice,
 Quot.sound,
 Kobon.Certificates.N048T00715Hba6f5baa.checked._native.native_decide.ax_1_1]
info: Kobon/Audit.lean:7:0: AUDIT Kobon.Certificates.N032T00315H5914f2bb.lower_bound: native-evaluation; axioms=[propext,
 Classical.choice,
 Quot.sound,
 Kobon.Certificates.N032T00315H5914f2bb.checked._native.native_decide.ax_1_1]
info: Kobon/Audit.lean:7:0: AUDIT Kobon.BBLCapSigns.horizontalKey_eq._proof_1_5: kernel; axioms=[propext, Quot.sound]
info: Kobon/Audit.lean:7:0: AUDIT Kobon.BBLCount.mem_pairs._simp_1_3: kernel; axioms=[propext, Classical.choice, Quot.sound]
info: Kobon/Audit.lean:7:0: AUDIT Kobon.Certificates.N081T02132H7bc6b303.lower_bound: native-evaluation; axioms=[propext,
 Classical.choice,
 Quot.sound,
 Kobon.Certificates.N081T02132H7bc6b303.checked._native.native_decide.ax_1_1]
info: Kobon/Audit.lean:7:0: AUDIT Kobon.BBLRowOrder.newKey_injective._proof_1_30: kernel; axioms=[propext, Quot.sound]
info: Kobon/Audit.lean:7:0: AUDIT Kobon.BBLPencilProfiles.pair_profile_eventually._proof_1_7: kernel; axioms=[propext, Quot.sound]
info: Kobon/Audit.lean:7:0: AUDIT Kobon.BBLTangentBounds.tan_half_identity: kernel; axioms=[propext, Classical.choice, Quot.sound]
info: Kobon/Audit.lean:7:0: AUDIT Kobon.BBLLiftedKeys.lifted_anchor._proof_1_3: kernel; axioms=[propext, Quot.sound]
info: Kobon/Audit.lean:7:0: AUDIT Kobon.BBLCapBridge.cap_replaced_eventually._proof_1_4: kernel; axioms=[propext, Quot.sound]
info: Kobon/Audit.lean:7:0: AUDIT Kobon.BBLExtrema.visible_extremal_right._proof_1_1: kernel; axioms=[propext, Quot.sound]
info: Kobon/Audit.lean:7:0: AUDIT KobonBoundary.seven_profile_attains_two: kernel; axioms=[propext, Classical.choice, Quot.sound]
info: Kobon/Audit.lean:7:0: AUDIT Kobon.FanCount.ordinary_shared_ray_bound._proof_1_3: kernel; axioms=[propext, Classical.choice, Quot.sound]
info: Kobon/Audit.lean:7:0: AUDIT Kobon.validate_sound._simp_1_2: kernel; axioms=[propext, Quot.sound]
info: Kobon/Audit.lean:7:0: AUDIT Kobon.BBLLiftedKeys.lifted_anchor._proof_1_17: kernel; axioms=[propext, Quot.sound]
info: Kobon/Audit.lean:7:0: AUDIT Kobon.AllN.baseline_dominates_49_target: kernel; axioms=[propext, Classical.choice, Quot.sound]
info: Kobon/Audit.lean:7:0: AUDIT Kobon.BBLGridReindex.inv_perm._proof_1_5: kernel; axioms=[propext, Quot.sound]
info: Kobon/Audit.lean:7:0: AUDIT Kobon.BBLNextSaturation.noncentral_gap._proof_1_29: kernel; axioms=[propext, Classical.choice, Quot.sound]
info: Kobon/Audit.lean:7:0: AUDIT Kobon.Cells.interior_eq_signCell._proof_1_2: kernel; axioms=[propext, Quot.sound]
info: Kobon/Audit.lean:7:0: AUDIT Kobon.Certificates.N017T00085H7cf3c061.simple_lower_bound: native-evaluation; axioms=[propext,
 Classical.choice,
 Quot.sound,
 Kobon.Certificates.N017T00085H7cf3c061.checked._native.native_decide.ax_1_1,
 Kobon.Certificates.N017T00085H7cf3c061.no_concurrent._native.native_decide.ax_1_1]
info: Kobon/Audit.lean:7:0: AUDIT Kobon.Results.best_simple_031: native-evaluation; axioms=[propext,
 Classical.choice,
 Quot.sound,
 Kobon.Certificates.N031T00299H70f23b94.checked._native.native_decide.ax_1_1,
 Kobon.Certificates.N031T00299H70f23b94.no_concurrent._native.native_decide.ax_1_1]
info: Kobon/Audit.lean:7:0: AUDIT Kobon.BBLRealization.horizontal_profile._proof_1_10: kernel; axioms=[propext, Quot.sound]
info: Kobon/Audit.lean:7:0: AUDIT Kobon.BBLSeed21.simple_lower_bound: native-evaluation; axioms=[propext,
 Classical.choice,
 Quot.sound,
 Kobon.BBLSeed21.directions._native.native_decide.ax_1_1,
 Kobon.BBLSeed21.simple._native.native_decide.ax_1_1,
 Kobon.BBLSeed21.triangle_checks._native.native_decide.ax_1_1]
info: Kobon/Audit.lean:7:0: AUDIT Kobon.ShiftedFurediPalasti.low_after: kernel; axioms=[propext, Classical.choice, Quot.sound]
info: Kobon/Audit.lean:7:0: AUDIT Kobon.FurediPalastiCount.ordered_bound: kernel; axioms=[propext, Classical.choice, Quot.sound]
info: Kobon/Audit.lean:7:0: AUDIT Kobon.AllN.baseline_after_last_exception._proof_1_46: kernel; axioms=[propext, Quot.sound]
info: Kobon/Audit.lean:7:0: AUDIT Kobon.BBLCentralEnvelope.central_endpoint._proof_1_26: kernel; axioms=[propext, Quot.sound]
info: Kobon/Audit.lean:7:0: AUDIT Kobon.FurediPalastiCaps.cos_central_band: kernel; axioms=[propext, Classical.choice, Quot.sound]
info: Kobon/Audit.lean:7:0: AUDIT Kobon.Universal.classical_baseline: kernel; axioms=[propext, Classical.choice, Quot.sound]
info: Kobon/Audit.lean:7:0: AUDIT Kobon.BBLDoubling.doubling: kernel; axioms=[propext, Classical.choice, Quot.sound]
info: Kobon/Audit.lean:7:0: AUDIT Kobon.AllN.exact_exception_values._proof_1_2: kernel; axioms=[]
info: Kobon/Audit.lean:7:0: AUDIT Kobon.Certificates.N027T00225H7d6ae9a0.checked: native-evaluation; axioms=[propext,
 Kobon.Certificates.N027T00225H7d6ae9a0.checked._native.native_decide.ax_1_1]
info: Kobon/Audit.lean:7:0: AUDIT Kobon.Certificates.N014T00054Hb3dcae0b.checked: native-evaluation; axioms=[propext,
 Kobon.Certificates.N014T00054Hb3dcae0b.checked._native.native_decide.ax_1_1]
info: Kobon/Audit.lean:7:0: AUDIT Kobon.BBLLiftedKeys.liftedNewKey.eq_1: kernel; axioms=[]
info: Kobon/Audit.lean:7:0: AUDIT Kobon.CyclicFan.Geometry.selected_card_le: kernel; axioms=[propext, Classical.choice, Quot.sound]
info: Kobon/Audit.lean:7:0: AUDIT Kobon.BBLAlternation.saturated_alternation: kernel; axioms=[propext, Classical.choice, Quot.sound]
info: Kobon/Audit.lean:7:0: AUDIT Kobon.BBLRowMax.row_extremal._proof_1_8: kernel; axioms=[propext, Quot.sound]
info: Kobon/Audit.lean:7:0: AUDIT Kobon.Certificates.N051T00818Hc18e1baf.checked: native-evaluation; axioms=[propext,
 Kobon.Certificates.N051T00818Hc18e1baf.checked._native.native_decide.ax_1_1]
info: Kobon/Audit.lean:7:0: AUDIT Kobon.BBLCapSigns.cap_key_signs._proof_1_11: kernel; axioms=[propext, Classical.choice, Quot.sound]
info: Kobon/Audit.lean:7:0: AUDIT Kobon.BBLRealization.horizontal_profile._proof_1_13: kernel; axioms=[propext, Quot.sound]
info: Kobon/Audit.lean:7:0: AUDIT Kobon.Cells.TriangleGeometry.open_weights: kernel; axioms=[propext, Classical.choice, Quot.sound]
info: Kobon/Audit.lean:7:0: AUDIT Kobon.BBLCanonicalPencil.old_slopes_ne_zero._proof_1_1: kernel; axioms=[propext, Quot.sound]
info: Kobon/Audit.lean:7:0: AUDIT Kobon.AllN.baseline_after_last_exception._proof_1_29: kernel; axioms=[propext, Quot.sound]
info: Kobon/Audit.lean:7:0: AUDIT Kobon.Certificates.N031T00299H70f23b94.checked: native-evaluation; axioms=[propext,
 Kobon.Certificates.N031T00299H70f23b94.checked._native.native_decide.ax_1_1]
info: Kobon/Audit.lean:7:0: AUDIT Kobon.Certificates.N011T00032Hb955e7c9.checked: native-evaluation; axioms=[propext,
 Kobon.Certificates.N011T00032Hb955e7c9.checked._native.native_decide.ax_1_1]
info: Kobon/Audit.lean:7:0: AUDIT Kobon.triangle_lift: kernel; axioms=[propext, Classical.choice, Quot.sound]
info: Kobon/Audit.lean:7:0: AUDIT Kobon.BBLCapSigns.cap_key_signs._proof_1_4: kernel; axioms=[propext, Quot.sound]
info: Kobon/Audit.lean:7:0: AUDIT Kobon.BBLRowGeometry.row_outside._proof_1_7: kernel; axioms=[propext, Quot.sound]
info: Kobon/Audit.lean:7:0: AUDIT Kobon.Certificates.N020T00116Hadc03eed.no_concurrent: native-evaluation; axioms=[propext,
 Kobon.Certificates.N020T00116Hadc03eed.no_concurrent._native.native_decide.ax_1_1]
info: Kobon/Audit.lean:7:0: AUDIT Kobon.BBLRealization.horizontal_profile._proof_1_20: kernel; axioms=[propext, Classical.choice, Quot.sound]
info: Kobon/Audit.lean:7:0: AUDIT Kobon.Results.classical_055: native-evaluation; axioms=[propext,
 Classical.choice,
 Quot.sound,
 Kobon.Certificates.N055T00954Hea7675d9.checked._native.native_decide.ax_1_1]
info: Kobon/Audit.lean:7:0: AUDIT Kobon.BBLGridReindex.next_cut._proof_1_20: kernel; axioms=[propext, Quot.sound]
info: Kobon/Audit.lean:7:0: AUDIT Kobon.Universal.strict_even_multiples._proof_1_4: kernel; axioms=[propext, Quot.sound]
info: Kobon/Audit.lean:7:0: AUDIT Kobon.AllN.enhancement.eq_31: kernel; axioms=[]
info: Kobon/Audit.lean:7:0: AUDIT Kobon.BBLRowOrder.auxiliary_outside_of_close._proof_1_19: kernel; axioms=[propext, Classical.choice, Quot.sound]
info: Kobon/Audit.lean:7:0: AUDIT Kobon.FurediPalasti.sum_sin_pos0: kernel; axioms=[propext, Classical.choice, Quot.sound]
info: Kobon/Audit.lean:7:0: AUDIT Kobon.Certificates.N006T00007H6ea9ebaa.simple_lower_bound: native-evaluation; axioms=[propext,
 Classical.choice,
 Quot.sound,
 Kobon.Certificates.N006T00007H6ea9ebaa.checked._native.native_decide.ax_1_1,
 Kobon.Certificates.N006T00007H6ea9ebaa.no_concurrent._native.native_decide.ax_1_1]
info: Kobon/Audit.lean:7:0: AUDIT Kobon.AllN.dominates_every_saved_certificate._proof_1_98: kernel; axioms=[]
info: Kobon/Audit.lean:7:0: AUDIT Kobon.BBLCaps.cap_no_aux_between._proof_1_14: kernel; axioms=[propext, Quot.sound]
info: Kobon/Audit.lean:7:0: AUDIT Kobon.BBLGridCuts.cut_left_below: kernel; axioms=[propext, Classical.choice, Quot.sound]
info: Kobon/Audit.lean:7:0: AUDIT Kobon.SeedFamily.all_triangles: kernel; axioms=[propext, Classical.choice, Quot.sound]
info: Kobon/Audit.lean:7:0: AUDIT Kobon.Results.simple_022: native-evaluation; axioms=[propext,
 Classical.choice,
 Quot.sound,
 Kobon.Certificates.N022T00143H54396c64.checked._native.native_decide.ax_1_1,
 Kobon.Certificates.N022T00143H54396c64.no_concurrent._native.native_decide.ax_1_1]
info: Kobon/Audit.lean:7:0: AUDIT Kobon.Results.simple_041: native-evaluation; axioms=[propext,
 Classical.choice,
 Quot.sound,
 Kobon.Certificates.N041T00533H01e2ef66.checked._native.native_decide.ax_1_1,
 Kobon.Certificates.N041T00533H01e2ef66.no_concurrent._native.native_decide.ax_1_1]
info: Kobon/Audit.lean:7:0: AUDIT Kobon.Results.simple_018: native-evaluation; axioms=[propext,
 Classical.choice,
 Quot.sound,
 Kobon.Certificates.N018T00093Hedb6246a.checked._native.native_decide.ax_1_1,
 Kobon.Certificates.N018T00093Hedb6246a.no_concurrent._native.native_decide.ax_1_1]
info: Kobon/Audit.lean:7:0: AUDIT Kobon.Certificates.N038T00448H7d59f504.no_concurrent: native-evaluation; axioms=[propext,
 Kobon.Certificates.N038T00448H7d59f504.no_concurrent._native.native_decide.ax_1_1]
info: Kobon/Audit.lean:7:0: AUDIT Kobon.FurediPalastiTwoCaps.two_cap_simple_lower_bound._simp_1_8: kernel; axioms=[propext]
info: Kobon/Audit.lean:7:0: AUDIT Kobon.BBLAnalytic.beta_tan_bound: kernel; axioms=[propext, Classical.choice, Quot.sound]
info: Kobon/Audit.lean:7:0: AUDIT Kobon.SeedFamily.parameters._proof_1: kernel; axioms=[propext]
info: Kobon/Audit.lean:7:0: AUDIT Kobon.Certificates.N014T00054H18bbcff4.lower_bound: native-evaluation; axioms=[propext,
 Classical.choice,
 Quot.sound,
 Kobon.Certificates.N014T00054H18bbcff4.checked._native.native_decide.ax_1_1]
info: Kobon/Audit.lean:7:0: AUDIT Kobon.BBLProfiles.profile_right_eventually._proof_1_2: kernel; axioms=[propext, Quot.sound]
info: Kobon/Audit.lean:7:0: AUDIT Kobon.BBLRowOrder.newKey_ne_oldKey._proof_1_9: kernel; axioms=[propext, Quot.sound]
info: Kobon/Audit.lean:7:0: AUDIT Kobon.AllN.dominates_every_saved_certificate._proof_1_1: kernel; axioms=[]
info: Kobon/Audit.lean:7:0: AUDIT Kobon.BBLRealization.projection_xDirection: kernel; axioms=[propext, Classical.choice, Quot.sound]
info: Kobon/Audit.lean:7:0: AUDIT Kobon.FurediPalasti.low_before._proof_1_1: kernel; axioms=[propext, Quot.sound]
info: Kobon/Audit.lean:7:0: AUDIT Kobon.instDecidableEqTriple.decEq._proof_2: kernel; axioms=[]
info: Kobon/Audit.lean:7:0: AUDIT Kobon.Projective.triangle_preserved_negative._proof_1_2: kernel; axioms=[propext, Quot.sound]
info: Kobon/Audit.lean:7:0: AUDIT Kobon.BBLRowOrder.auxiliary_outside_of_close._proof_1_98: kernel; axioms=[propext, Classical.choice, Quot.sound]
info: Kobon/Audit.lean:7:0: AUDIT Kobon.BBLRowGeometry.mixedTriangle_injective._proof_1_1: kernel; axioms=[propext, Quot.sound]
info: Kobon/Audit.lean:7:0: AUDIT Kobon.Results.best_simple_099: native-evaluation; axioms=[propext,
 Classical.choice,
 Quot.sound,
 Kobon.Certificates.N099T03170Hea507e2d.checked._native.native_decide.ax_1_1,
 Kobon.Certificates.N099T03170Hea507e2d.no_concurrent._native.native_decide.ax_1_1]
info: Kobon/Audit.lean:7:0: AUDIT Kobon.FurediPalastiCount.good_subset_orbits._proof_1_2: kernel; axioms=[propext, Quot.sound]
info: Kobon/Audit.lean:7:0: AUDIT Kobon.Iteration49.boundary_49._proof_22: kernel; axioms=[propext]
info: Kobon/Audit.lean:7:0: AUDIT Kobon.ShiftedFurediPalasti.selected_indices._proof_1_5: kernel; axioms=[propext, Quot.sound]
info: Kobon/Audit.lean:7:0: AUDIT Kobon.FurediPalastiTwoCaps.upper_outer_sign: kernel; axioms=[propext, Classical.choice, Quot.sound]
info: Kobon/Audit.lean:7:0: AUDIT Kobon.FurediPalastiTwoCaps.selected_preserved._proof_1_4: kernel; axioms=[propext, Quot.sound]
info: Kobon/Audit.lean:7:0: AUDIT Kobon.AllN.strict_improvements._proof_1_20: kernel; axioms=[]
info: Kobon/Audit.lean:7:0: AUDIT Kobon.BBLRealization.horizontal_coordinate_profile._proof_1_12: kernel; axioms=[propext, Quot.sound]
info: Kobon/Audit.lean:7:0: AUDIT Kobon.BBLCentralPersistence.centralSigns_of_canonical._proof_1_4: kernel; axioms=[propext, Quot.sound]
info: Kobon/Audit.lean:7:0: AUDIT Kobon.BBLGridCuts.leftAngle._proof_2: kernel; axioms=[propext]
info: Kobon/Audit.lean:7:0: AUDIT Kobon.FurediPalastiCaps.pairX_eq_vertexX: kernel; axioms=[propext, Classical.choice, Quot.sound]
info: Kobon/Audit.lean:7:0: AUDIT Kobon.TamuraSeed5.no_parallel: kernel; axioms=[propext, Classical.choice, Quot.sound]
info: Kobon/Audit.lean:7:0: AUDIT Kobon.Cells.interior_uncut: kernel; axioms=[propext, Classical.choice, Quot.sound]
info: Kobon/Audit.lean:7:0: AUDIT Kobon.FurediPalastiChart.cap_pos: kernel; axioms=[propext, Classical.choice, Quot.sound]
info: Kobon/Audit.lean:7:0: AUDIT Kobon.orientedEval_affine._simp_1_4: kernel; axioms=[propext]
info: Kobon/Audit.lean:7:0: AUDIT Kobon.Iteration.full_step_iteration: kernel; axioms=[propext, Classical.choice, Quot.sound]
info: Kobon/Audit.lean:7:0: AUDIT Kobon.Universal.strict_even_multiples._proof_1_1: kernel; axioms=[propext, Quot.sound]
info: Kobon/Audit.lean:7:0: AUDIT Kobon.BBLLiftedRows.liftedCrossKey_le_iff._proof_1_3: kernel; axioms=[propext, Quot.sound]
info: Kobon/Audit.lean:7:0: AUDIT Kobon.BBLCapSigns.cap_key_signs._proof_1_39: kernel; axioms=[propext, Quot.sound]
info: Kobon/Audit.lean:7:0: AUDIT Kobon.Certificates.N035T00385H9ee99af6.no_concurrent: native-evaluation; axioms=[propext,
 Kobon.Certificates.N035T00385H9ee99af6.no_concurrent._native.native_decide.ax_1_1]
info: Kobon/Audit.lean:7:0: AUDIT Kobon.BBLCapSigns.cap_key_signs._proof_1_12: kernel; axioms=[propext, Quot.sound]
info: Kobon/Audit.lean:7:0: AUDIT Kobon.BBLCanonicalPencil.old_intercepts_strict._proof_1_3: kernel; axioms=[propext, Quot.sound]
info: Kobon/Audit.lean:7:0: AUDIT Kobon.BBLRowOrder.newKey_symm._proof_1_59: kernel; axioms=[propext, Classical.choice, Quot.sound]
info: Kobon/Audit.lean:7:0: AUDIT Kobon.Cells.two_lines_two_points: kernel; axioms=[propext, Classical.choice, Quot.sound]
info: Kobon/Audit.lean:7:0: AUDIT Kobon.BBLCaps.cap_no_aux_between._proof_1_42: kernel; axioms=[propext, Quot.sound]
info: Kobon/Audit.lean:7:0: AUDIT Kobon.Certificates.N038T00450H8ba2bdb1.checked: native-evaluation; axioms=[propext,
 Kobon.Certificates.N038T00450H8ba2bdb1.checked._native.native_decide.ax_1_1]
info: Kobon/Audit.lean:7:0: AUDIT Kobon.FurediPalastiTwoCaps.lower_cap_sign._proof_1_7: kernel; axioms=[propext, Quot.sound]
info: Kobon/Audit.lean:7:0: AUDIT Kobon.Certificates.N046T00667H32b8ca2f.simple_lower_bound: native-evaluation; axioms=[propext,
 Classical.choice,
 Quot.sound,
 Kobon.Certificates.N046T00667H32b8ca2f.checked._native.native_decide.ax_1_1,
 Kobon.Certificates.N046T00667H32b8ca2f.no_concurrent._native.native_decide.ax_1_1]
info: Kobon/Audit.lean:7:0: AUDIT Kobon.Results.best_simple_050: native-evaluation; axioms=[propext,
 Classical.choice,
 Quot.sound,
 Kobon.Certificates.N050T00791H2ea22b55.checked._native.native_decide.ax_1_1,
 Kobon.Certificates.N050T00791H2ea22b55.no_concurrent._native.native_decide.ax_1_1]
info: Kobon/Audit.lean:7:0: AUDIT Kobon.FurediPalasti.selected_triangle._proof_1_7: kernel; axioms=[propext, Quot.sound]
info: Kobon/Audit.lean:7:0: AUDIT Kobon.Certificates.N007T00011He6b9a626.simple_lower_bound: native-evaluation; axioms=[propext,
 Classical.choice,
 Quot.sound,
 Kobon.Certificates.N007T00011He6b9a626.checked._native.native_decide.ax_1_1,
 Kobon.Certificates.N007T00011He6b9a626.no_concurrent._native.native_decide.ax_1_1]
info: Kobon/Audit.lean:7:0: AUDIT Kobon.BBLCapReplacement.cap_replacement_eventually._proof_1_4: kernel; axioms=[propext, Quot.sound]
info: Kobon/Audit.lean:7:0: AUDIT Kobon.AllN.strict_improvements._proof_1_62: kernel; axioms=[]
info: Kobon/Audit.lean:7:0: AUDIT Kobon.Results.simple_006: native-evaluation; axioms=[propext,
 Classical.choice,
 Quot.sound,
 Kobon.Certificates.N006T00007H6ea9ebaa.checked._native.native_decide.ax_1_1,
 Kobon.Certificates.N006T00007H6ea9ebaa.no_concurrent._native.native_decide.ax_1_1]
info: Kobon/Audit.lean:7:0: AUDIT Kobon.Results.simple_058: native-evaluation; axioms=[propext,
 Classical.choice,
 Quot.sound,
 Kobon.Certificates.N058T01073Hd988db55.checked._native.native_decide.ax_1_1,
 Kobon.Certificates.N058T01073Hd988db55.no_concurrent._native.native_decide.ax_1_1]
info: Kobon/Audit.lean:7:0: AUDIT Kobon.BBLGridReindex.perm_inv._proof_1_1: kernel; axioms=[propext, Quot.sound]
info: Kobon/Audit.lean:7:0: AUDIT Kobon.Results.best_simple_025: native-evaluation; axioms=[propext,
 Classical.choice,
 Quot.sound,
 Kobon.Certificates.N025T00191Hb568bffb.checked._native.native_decide.ax_1_1,
 Kobon.Certificates.N025T00191Hb568bffb.no_concurrent._native.native_decide.ax_1_1]
info: Kobon/Audit.lean:7:0: AUDIT Kobon.Certificates.N026T00203He61b423c.no_concurrent: native-evaluation; axioms=[propext,
 Kobon.Certificates.N026T00203He61b423c.no_concurrent._native.native_decide.ax_1_1]
info: Kobon/Audit.lean:7:0: AUDIT Kobon.AllN.enhancement.eq_62: kernel; axioms=[]
info: Kobon/Audit.lean:7:0: AUDIT Kobon.BBLLiftedKeys.complement_row_strict: kernel; axioms=[propext, Classical.choice, Quot.sound]
info: Kobon/Audit.lean:7:0: AUDIT Kobon.FurediPalastiTwoCaps.upper_outer_sign._proof_1_5: kernel; axioms=[propext, Quot.sound]
info: Kobon/Audit.lean:7:0: AUDIT Kobon.Triple.mk.sizeOf_spec: kernel; axioms=[]
info: Kobon/Audit.lean:7:0: AUDIT Kobon.BBLCentralEnvelope.central_endpoint._proof_1_25: kernel; axioms=[propext, Quot.sound]
info: Kobon/Audit.lean:7:0: AUDIT Kobon.Results.earlier_099: native-evaluation; axioms=[propext,
 Classical.choice,
 Quot.sound,
 Kobon.Certificates.N099T03170Hea507e2d.checked._native.native_decide.ax_1_1]
info: Kobon/Audit.lean:7:0: AUDIT Kobon.BBLCapEnvelope.key_evaluation_product._proof_1_3: kernel; axioms=[propext, Quot.sound]
info: Kobon/Audit.lean:7:0: AUDIT Kobon.Certificates.N081T02132H7bc6b303.simple_lower_bound: native-evaluation; axioms=[propext,
 Classical.choice,
 Quot.sound,
 Kobon.Certificates.N081T02132H7bc6b303.checked._native.native_decide.ax_1_1,
 Kobon.Certificates.N081T02132H7bc6b303.no_concurrent._native.native_decide.ax_1_1]
info: Kobon/Audit.lean:7:0: AUDIT Kobon.AllN.baseline_after_last_exception._proof_1_18: kernel; axioms=[propext, Quot.sound]
info: Kobon/Audit.lean:7:0: AUDIT Kobon.AllN.dominates_every_saved_certificate._proof_1_34: kernel; axioms=[]
info: Kobon/Audit.lean:7:0: AUDIT Kobon.BBLCaps.cap_side._proof_1_1: kernel; axioms=[propext, Quot.sound]
info: Kobon/Audit.lean:7:0: AUDIT Kobon.Results.earlier_008: native-evaluation; axioms=[propext,
 Classical.choice,
 Quot.sound,
 Kobon.Certificates.N008T00015Ha1380810.checked._native.native_decide.ax_1_1]
info: Kobon/Audit.lean:7:0: AUDIT Kobon.Results.simple_015: native-evaluation; axioms=[propext,
 Classical.choice,
 Quot.sound,
 Kobon.Certificates.N015T00065H4d3bf3b4.checked._native.native_decide.ax_1_1,
 Kobon.Certificates.N015T00065H4d3bf3b4.no_concurrent._native.native_decide.ax_1_1]
info: Kobon/Audit.lean:7:0: AUDIT Kobon.AllN.dominates_every_saved_certificate._proof_1_41: kernel; axioms=[]
info: Kobon/Audit.lean:7:0: AUDIT Kobon.Iteration49.boundary_49._proof_4: kernel; axioms=[propext]
info: Kobon/Audit.lean:7:0: AUDIT Kobon.Reindex.rotate_visible: kernel; axioms=[propext, Classical.choice, Quot.sound]
info: Kobon/Audit.lean:7:0: AUDIT Kobon.AllN.strict_improvements._proof_1_49: kernel; axioms=[]
info: Kobon/Audit.lean:7:0: AUDIT Kobon.BBLCentral.rightmost_crossing_x._simp_1_2: kernel; axioms=[propext]
info: Kobon/Audit.lean:7:0: AUDIT Kobon.Results.simple_037: native-evaluation; axioms=[propext,
 Classical.choice,
 Quot.sound,
 Kobon.Certificates.N037T00431H11f0bde7.checked._native.native_decide.ax_1_1,
 Kobon.Certificates.N037T00431H11f0bde7.no_concurrent._native.native_decide.ax_1_1]
info: Kobon/Audit.lean:7:0: AUDIT Kobon.BBLRowGeometry.crossKey.eq_1: kernel; axioms=[]
info: Kobon/Audit.lean:7:0: AUDIT Kobon.FurediPalastiTwoCaps.two_cap_simple_lower_bound._simp_1_9: kernel; axioms=[propext]
info: Kobon/Audit.lean:7:0: AUDIT Kobon.FurediPalastiTwoCaps.lower_cap_sign._proof_1_5: kernel; axioms=[propext, Quot.sound]
info: Kobon/Audit.lean:7:0: AUDIT Kobon.AllN.exact_exception_values._proof_1_9: kernel; axioms=[]
info: Kobon/Audit.lean:7:0: AUDIT Kobon.Certificates.N046T00667H32b8ca2f.checked: native-evaluation; axioms=[propext,
 Kobon.Certificates.N046T00667H32b8ca2f.checked._native.native_decide.ax_1_1]
info: Kobon/Audit.lean:7:0: AUDIT Kobon.BBLCount.pairs.eq_1: kernel; axioms=[propext, Classical.choice, Quot.sound]
info: Kobon/Audit.lean:7:0: AUDIT Kobon.Iteration49.boundary_49._proof_5: kernel; axioms=[propext]
info: Kobon/Audit.lean:7:0: AUDIT Kobon.Certificates.N038T00449H46ad5a32.no_concurrent: native-evaluation; axioms=[propext,
 Kobon.Certificates.N038T00449H46ad5a32.no_concurrent._native.native_decide.ax_1_1]
info: Kobon/Audit.lean:7:0: AUDIT Kobon.BBLCanonicalPencil.direction.eq_1: kernel; axioms=[propext, Classical.choice, Quot.sound]
info: Kobon/Audit.lean:7:0: AUDIT Kobon.SharedFan.integer_nonparallel._proof_1_1: kernel; axioms=[propext]
info: Kobon/Audit.lean:7:0: AUDIT Kobon.BBLCount.outsideCover.eq_1: kernel; axioms=[propext, Classical.choice, Quot.sound]
info: Kobon/Audit.lean:7:0: AUDIT Kobon.Certificates.N054T00919Ha254c1b4.checked: native-evaluation; axioms=[propext,
 Kobon.Certificates.N054T00919Ha254c1b4.checked._native.native_decide.ax_1_1]
info: Kobon/Audit.lean:7:0: AUDIT Kobon.Certificates.N014T00054Hc472f972.lower_bound: native-evaluation; axioms=[propext,
 Classical.choice,
 Quot.sound,
 Kobon.Certificates.N014T00054Hc472f972.checked._native.native_decide.ax_1_1]
info: Kobon/Audit.lean:7:0: AUDIT Kobon.Results.best_simple_053: native-evaluation; axioms=[propext,
 Classical.choice,
 Quot.sound,
 Kobon.Certificates.N053T00885H6bc5b14d.checked._native.native_decide.ax_1_1,
 Kobon.Certificates.N053T00885H6bc5b14d.no_concurrent._native.native_decide.ax_1_1]
info: Kobon/Audit.lean:7:0: AUDIT Kobon.Results.best_classical_081: native-evaluation; axioms=[propext,
 Classical.choice,
 Quot.sound,
 Kobon.Certificates.N081T02132H7bc6b303.checked._native.native_decide.ax_1_1]
info: Kobon/Audit.lean:7:0: AUDIT Kobon.Reindex.rotate_triangle: kernel; axioms=[propext, Classical.choice, Quot.sound]
info: Kobon/Audit.lean:7:0: AUDIT Kobon.Results.simple_020: native-evaluation; axioms=[propext,
 Classical.choice,
 Quot.sound,
 Kobon.Certificates.N020T00116Hadc03eed.checked._native.native_decide.ax_1_1,
 Kobon.Certificates.N020T00116Hadc03eed.no_concurrent._native.native_decide.ax_1_1]
info: Kobon/Audit.lean:7:0: AUDIT Kobon.BBLCapHeight.cap_endpoint_height._proof_1_9: kernel; axioms=[propext, Quot.sound]
info: Kobon/Audit.lean:7:0: AUDIT Kobon.BBLGrid.tangent_sum_rational: kernel; axioms=[propext, Classical.choice, Quot.sound]
info: Kobon/Audit.lean:7:0: AUDIT Kobon.FanGeometry.FanStrip.outer_endpoints_on_one_line._proof_1_2: kernel; axioms=[propext, Quot.sound]
info: Kobon/Audit.lean:7:0: AUDIT Kobon.BBLSeed21.arrangement.eq_1: kernel; axioms=[propext, Classical.choice, Quot.sound]
info: Kobon/Audit.lean:7:0: AUDIT Kobon.BBLRowOrder.auxiliary_outside_of_close._proof_1_6: kernel; axioms=[propext, Classical.choice, Quot.sound]
info: Kobon/Audit.lean:7:0: AUDIT Kobon.Results.best_classical_040: native-evaluation; axioms=[propext,
 Classical.choice,
 Quot.sound,
 Kobon.Certificates.N040T00494H785374ca.checked._native.native_decide.ax_1_1]
info: Kobon/Audit.lean:7:0: AUDIT Kobon.BBLRegularity.canonical_no_parallel_eventually._proof_1_4: kernel; axioms=[propext, Quot.sound]
info: Kobon/Audit.lean:7:0: AUDIT Kobon.BBLCapSigns.cap_key_signs._proof_1_6: kernel; axioms=[propext, Quot.sound]
info: Kobon/Audit.lean:7:0: AUDIT Kobon.AllN.enhancement.eq_50: kernel; axioms=[]
info: Kobon/Audit.lean:7:0: AUDIT Kobon.BBLRowOrder.auxiliary_outside_of_close._proof_1_40: kernel; axioms=[propext, Classical.choice, Quot.sound]
info: Kobon/Audit.lean:7:0: AUDIT Kobon.BBLVisible.central_visible._proof_1_12: kernel; axioms=[propext, Quot.sound]
info: Kobon/Audit.lean:7:0: AUDIT Kobon.BBLRealization.horizontal_profile._proof_1_3: kernel; axioms=[propext, Quot.sound]
info: Kobon/Audit.lean:7:0: AUDIT Kobon.Cells.overlap_forces_same_triple._proof_1_7: kernel; axioms=[propext, Quot.sound]
info: Kobon/Audit.lean:7:0: AUDIT Kobon.BBLAssembly.replace.eq_1: kernel; axioms=[]
info: Kobon/Audit.lean:7:0: AUDIT Kobon.BBLGrid.sum_index_bounds: kernel; axioms=[propext, Classical.choice, Quot.sound]
info: Kobon/Audit.lean:7:0: AUDIT Kobon.BBLPencilProfiles.pair_profile_eventually._proof_1_20: kernel; axioms=[propext, Quot.sound]
info: Kobon/Audit.lean:7:0: AUDIT Kobon.AllN.strict_improvements._proof_1_33: kernel; axioms=[]
info: Kobon/Audit.lean:7:0: AUDIT Kobon.Results.best_classical_161: native-evaluation; axioms=[propext,
 Classical.choice,
 Quot.sound,
 Kobon.Certificates.N161T08532H230691d5.checked._native.native_decide.ax_1_1]
info: Kobon/Audit.lean:7:0: AUDIT Kobon.Iteration49.profile_bound_53: kernel; axioms=[propext, Classical.choice, Quot.sound]
info: Kobon/Audit.lean:7:0: AUDIT Kobon.BBLProfiles.profile_key_bounds._proof_1_1: kernel; axioms=[propext, Classical.choice, Quot.sound]
info: Kobon/Audit.lean:7:0: AUDIT Kobon.Certificates.N042T00553H2bdc9d67.lower_bound: native-evaluation; axioms=[propext,
 Classical.choice,
 Quot.sound,
 Kobon.Certificates.N042T00553H2bdc9d67.checked._native.native_decide.ax_1_1]
info: Kobon/Audit.lean:7:0: AUDIT Kobon.AllN.baseline_after_last_exception._proof_1_27: kernel; axioms=[propext, Quot.sound]
info: Kobon/Audit.lean:7:0: AUDIT Kobon.AllN.exact_exception_values._proof_1_16: kernel; axioms=[]
info: Kobon/Audit.lean:7:0: AUDIT Kobon.Results.simple_007: native-evaluation; axioms=[propext,
 Classical.choice,
 Quot.sound,
 Kobon.Certificates.N007T00011He6b9a626.checked._native.native_decide.ax_1_1,
 Kobon.Certificates.N007T00011He6b9a626.no_concurrent._native.native_decide.ax_1_1]
info: Kobon/Audit.lean:7:0: AUDIT Kobon.Results.simple_046: native-evaluation; axioms=[propext,
 Classical.choice,
 Quot.sound,
 Kobon.Certificates.N046T00667H32b8ca2f.checked._native.native_decide.ax_1_1,
 Kobon.Certificates.N046T00667H32b8ca2f.no_concurrent._native.native_decide.ax_1_1]
info: Kobon/Audit.lean:7:0: AUDIT Kobon.Cells.TriangleGeometry.closed_nonzero_is_open: kernel; axioms=[propext, Classical.choice, Quot.sound]
info: Kobon/Audit.lean:7:0: AUDIT Kobon.BBLRowOrder.auxiliary_outside_of_close._proof_1_13: kernel; axioms=[propext, Classical.choice, Quot.sound]
info: Kobon/Audit.lean:7:0: AUDIT Kobon.BBLRowGeometry.mixed_triangle._proof_1_2: kernel; axioms=[propext, Quot.sound]
info: Kobon/Audit.lean:7:0: AUDIT Kobon.BBLVisible.central_visible._proof_1_8: kernel; axioms=[propext, Quot.sound]
info: Kobon/Audit.lean:7:0: AUDIT Kobon.BBLGrid.tangent_sum_rational._simp_1_4: kernel; axioms=[propext]
info: Kobon/Audit.lean:7:0: AUDIT Kobon.Certificates.N129T05461H6dae0012.simple_lower_bound: native-evaluation; axioms=[propext,
 Classical.choice,
 Quot.sound,
 Kobon.Certificates.N129T05461H6dae0012.checked._native.native_decide.ax_1_1,
 Kobon.Certificates.N129T05461H6dae0012.no_concurrent._native.native_decide.ax_1_1]
info: Kobon/Audit.lean:7:0: AUDIT Kobon.Iteration49.boundary_49._proof_7: kernel; axioms=[propext]
info: Kobon/Audit.lean:7:0: AUDIT Kobon.FurediPalasti.eval_line: kernel; axioms=[propext, Classical.choice, Quot.sound]
info: Kobon/Audit.lean:7:0: AUDIT Kobon.BBLCanonicalPencil.old_slopes_ne_zero._proof_1_2: kernel; axioms=[propext, Quot.sound]
info: Kobon/Audit.lean:7:0: AUDIT Kobon.ShiftedFurediPalasti.selected_sum_nonzero: kernel; axioms=[propext, Classical.choice, Quot.sound]
info: Kobon/Audit.lean:7:0: AUDIT Kobon.BBLPencilProfiles.pair_profile_eventually._proof_1_4: kernel; axioms=[propext, Classical.choice, Quot.sound]
info: Kobon/Audit.lean:7:0: AUDIT Kobon.AffineLemmas.positive_between_endpoints: kernel; axioms=[propext, Classical.choice, Quot.sound]
info: Kobon/Audit.lean:7:0: AUDIT Kobon.Results.best_classical_099: native-evaluation; axioms=[propext,
 Classical.choice,
 Quot.sound,
 Kobon.Certificates.N099T03170Hea507e2d.checked._native.native_decide.ax_1_1]
info: Kobon/Audit.lean:7:0: AUDIT Kobon.BBLCapEnvelope.graph_reference_sign._proof_1_2: kernel; axioms=[propext, Quot.sound]
info: Kobon/Audit.lean:7:0: AUDIT Kobon.BBLCapSigns.cap_key_signs._proof_1_40: kernel; axioms=[propext, Classical.choice, Quot.sound]
info: Kobon/Audit.lean:7:0: AUDIT Kobon.BBLGridCuts.cut_left_strict._proof_1_1: kernel; axioms=[propext, Quot.sound]
info: Kobon/Audit.lean:7:0: AUDIT Kobon.BBLPencilProfiles.shift_sign: kernel; axioms=[propext, Classical.choice, Quot.sound]
info: Kobon/Audit.lean:7:0: AUDIT Kobon.BBLLiftedKeys.lifted_anchor._proof_1_5: kernel; axioms=[propext, Quot.sound]
info: Kobon/Audit.lean:7:0: AUDIT Kobon.Results.classical_004: native-evaluation; axioms=[propext,
 Classical.choice,
 Quot.sound,
 Kobon.Certificates.N004T00002H0e541bd5.checked._native.native_decide.ax_1_1]
info: Kobon/Audit.lean:7:0: AUDIT Kobon.BBLRowOrder.newKey_injective._proof_1_31: kernel; axioms=[propext, Quot.sound]
info: Kobon/Audit.lean:7:0: AUDIT Kobon.BBLRowOrder.newKey_injective._proof_1_98: kernel; axioms=[propext, Quot.sound]
info: Kobon/Audit.lean:7:0: AUDIT Kobon.BBLSeed21.triangle_checks: native-evaluation; axioms=[propext,
 Classical.choice,
 Quot.sound,
 Kobon.BBLSeed21.triangle_checks._native.native_decide.ax_1_1]
info: Kobon/Audit.lean:7:0: AUDIT Kobon.BBLGridReindex.next_cut._proof_1_13: kernel; axioms=[propext, Quot.sound]
info: Kobon/Audit.lean:7:0: AUDIT Kobon.Certificates.N195T12482H5413dd7b.checked: native-evaluation; axioms=[propext,
 Kobon.Certificates.N195T12482H5413dd7b.checked._native.native_decide.ax_1_1]
info: Kobon/Audit.lean:7:0: AUDIT Kobon.Cells.segment_injective: kernel; axioms=[propext, Classical.choice, Quot.sound]
info: Kobon/Audit.lean:7:0: AUDIT KobonBoundary.odd_defect_two._proof_1_1: kernel; axioms=[propext, Quot.sound]
info: Kobon/Audit.lean:7:0: AUDIT Kobon.AllN.baseline_sound: kernel; axioms=[propext, Classical.choice, Quot.sound]
info: Kobon/Audit.lean:7:0: AUDIT Kobon.BBLGridCuts.rational_sum_anchor: kernel; axioms=[propext, Classical.choice, Quot.sound]
info: Kobon/Audit.lean:7:0: AUDIT Kobon.Parametric.scale.eq_1: kernel; axioms=[propext, Classical.choice, Quot.sound]
info: Kobon/Audit.lean:7:0: AUDIT Kobon.BBLCount.neighbors_count._simp_1_4: kernel; axioms=[propext, Quot.sound]
info: Kobon/Audit.lean:7:0: AUDIT Kobon.eval_intersection._simp_1_6: kernel; axioms=[propext, Classical.choice, Quot.sound]
info: Kobon/Audit.lean:7:0: AUDIT Kobon.Certificates.N021T00126Hf18756b7.simple_lower_bound: native-evaluation; axioms=[propext,
 Classical.choice,
 Quot.sound,
 Kobon.Certificates.N021T00126Hf18756b7.checked._native.native_decide.ax_1_1,
 Kobon.Certificates.N021T00126Hf18756b7.no_concurrent._native.native_decide.ax_1_1]
info: Kobon/Audit.lean:7:0: AUDIT Kobon.Reindex.rotate_visible._proof_1_5: kernel; axioms=[propext, Quot.sound]
info: Kobon/Audit.lean:7:0: AUDIT Kobon.BBLCaps.cap_side._proof_1_4: kernel; axioms=[propext, Quot.sound]
info: Kobon/Audit.lean:7:0: AUDIT Kobon.FurediPalastiTwoCaps.lower_triangle._proof_1_10: kernel; axioms=[propext, Quot.sound]
info: Kobon/Audit.lean:7:0: AUDIT Kobon.FurediPalastiWrap.selected_witness._proof_1_3: kernel; axioms=[propext, Quot.sound]
info: Kobon/Audit.lean:7:0: AUDIT Kobon.BBLAlternation.signs_from_negative._proof_1_1: kernel; axioms=[propext, Quot.sound]
info: Kobon/Audit.lean:7:0: AUDIT Kobon.FurediPalastiWrap.wrap_triangle._proof_1_6: kernel; axioms=[propext, Quot.sound]
info: Kobon/Audit.lean:7:0: AUDIT Kobon.BBLCaps.capRow_injective._proof_1_14: kernel; axioms=[propext, Quot.sound]
info: Kobon/Audit.lean:7:0: AUDIT Kobon.Certificates.N051T00817Hbd215f67.checked: native-evaluation; axioms=[propext,
 Kobon.Certificates.N051T00817Hbd215f67.checked._native.native_decide.ax_1_1]
info: Kobon/Audit.lean:7:0: AUDIT Kobon.Certificates.N058T01073Hd988db55.simple_lower_bound: native-evaluation; axioms=[propext,
 Classical.choice,
 Quot.sound,
 Kobon.Certificates.N058T01073Hd988db55.checked._native.native_decide.ax_1_1,
 Kobon.Certificates.N058T01073Hd988db55.no_concurrent._native.native_decide.ax_1_1]
info: Kobon/Audit.lean:7:0: AUDIT Kobon.FurediPalasti.low_after._proof_1_3: kernel; axioms=[propext, Quot.sound]
info: Kobon/Audit.lean:7:0: AUDIT Kobon.BBLCaps.cap_no_aux_between._proof_1_34: kernel; axioms=[propext, Classical.choice, Quot.sound]
info: Kobon/Audit.lean:7:0: AUDIT Kobon.BBLNextSaturation.noncentral_gap._proof_1_23: kernel; axioms=[propext, Classical.choice, Quot.sound]
info: Kobon/Audit.lean:7:0: AUDIT Kobon.AllN.baseline_after_last_exception._proof_1_37: kernel; axioms=[propext, Quot.sound]
info: Kobon/Audit.lean:7:0: AUDIT Kobon.BBLRowOrder.auxiliary_outside_of_close._proof_1_39: kernel; axioms=[propext, Classical.choice, Quot.sound]
info: Kobon/Audit.lean:7:0: AUDIT Kobon.BBLSimple.canonical_no_concurrent._proof_1_9: kernel; axioms=[propext, Quot.sound]
info: Kobon/Audit.lean:7:0: AUDIT Kobon.AllN.exact_exception_values._proof_1_29: kernel; axioms=[]
info: Kobon/Audit.lean:7:0: AUDIT Kobon.AllN.enhancement.eq_61: kernel; axioms=[]
info: Kobon/Audit.lean:7:0: AUDIT KobonBoundary.defect_extension_bound: kernel; axioms=[propext, Classical.choice, Quot.sound]
info: Kobon/Audit.lean:7:0: AUDIT Kobon.BBLRowOrder.auxiliary_outside_of_close._proof_1_60: kernel; axioms=[propext, Classical.choice, Quot.sound]
info: Kobon/Audit.lean:7:0: AUDIT Kobon.BBLAlternation.saturated_alternation._proof_1_6: kernel; axioms=[propext, Quot.sound]
info: Kobon/Audit.lean:7:0: AUDIT Kobon.FurediPalastiTwoCaps.lower_triangle._proof_1_11: kernel; axioms=[propext, Quot.sound]
info: Kobon/Audit.lean:7:0: AUDIT Kobon.Iteration49.boundary_49._proof_33: kernel; axioms=[propext]
info: Kobon/Audit.lean:7:0: AUDIT Kobon.BBLCount.outside_characterization._proof_1_8: kernel; axioms=[propext, Classical.choice, Quot.sound]
info: Kobon/Audit.lean:7:0: AUDIT Kobon.Certificates.N014T00054Hd47aea63.checked: native-evaluation; axioms=[propext,
 Kobon.Certificates.N014T00054Hd47aea63.checked._native.native_decide.ax_1_1]
info: Kobon/Audit.lean:7:0: AUDIT Kobon.HybridBoundary.derivative_nonpos_iff._simp_1_7: kernel; axioms=[propext]
info: Kobon/Audit.lean:7:0: AUDIT Kobon.FurediPalastiWrap.one_cap_simple_lower_bound._proof_1_1: kernel; axioms=[propext, Quot.sound]
info: Kobon/Audit.lean:7:0: AUDIT Kobon.TamuraTangentBounds.tan_32_15_bounds: kernel; axioms=[propext, Classical.choice, Quot.sound]
info: Kobon/Audit.lean:7:0: AUDIT Kobon.BBLCentralEnvelope.central_endpoint._proof_1_27: kernel; axioms=[propext, Quot.sound]
info: Kobon/Audit.lean:7:0: AUDIT Kobon.Results.best_simple_005: native-evaluation; axioms=[propext,
 Classical.choice,
 Quot.sound,
 Kobon.Certificates.N005T00005H948a0bdf.checked._native.native_decide.ax_1_1,
 Kobon.Certificates.N005T00005H948a0bdf.no_concurrent._native.native_decide.ax_1_1]
info: Kobon/Audit.lean:7:0: AUDIT Kobon.Results.best_simple_012: native-evaluation; axioms=[propext,
 Classical.choice,
 Quot.sound,
 Kobon.Certificates.N012T00037H8c718a33.checked._native.native_decide.ax_1_1,
 Kobon.Certificates.N012T00037H8c718a33.no_concurrent._native.native_decide.ax_1_1]
info: Kobon/Audit.lean:7:0: AUDIT Kobon.Cells.line_valid._proof_1_1: kernel; axioms=[propext, Quot.sound]
info: Kobon/Audit.lean:7:0: AUDIT Kobon.Universal.polynomial_gap_exact._proof_1_8: kernel; axioms=[propext, Quot.sound]
info: Kobon/Audit.lean:7:0: AUDIT Kobon.BBLPencilProfiles.pair_profile_eventually._proof_1_2: kernel; axioms=[propext, Quot.sound]
info: Kobon/Audit.lean:7:0: AUDIT Kobon.FurediPalastiWrap.upper_pair_nonpos._proof_1_1: kernel; axioms=[propext, Quot.sound]
info: Kobon/Audit.lean:7:0: AUDIT Kobon.Cells.overlap_forces_same_triple._proof_1_2: kernel; axioms=[propext, Quot.sound]
info: Kobon/Audit.lean:7:0: AUDIT Kobon.AllN.baseline_after_last_exception._proof_1_34: kernel; axioms=[propext, Quot.sound]
info: Kobon/Audit.lean:7:0: AUDIT Kobon.BBLAlternation.det_graph: kernel; axioms=[propext, Classical.choice, Quot.sound]
info: Kobon/Audit.lean:7:0: AUDIT Kobon.Cells.ofPredicate._proof_21: kernel; axioms=[propext, Classical.choice, Quot.sound]
info: Kobon/Audit.lean:7:0: AUDIT Kobon.BBLGrid.beta_cos_pos: kernel; axioms=[propext, Classical.choice, Quot.sound]
info: Kobon/Audit.lean:7:0: AUDIT Kobon.Results.simple_056: native-evaluation; axioms=[propext,
 Classical.choice,
 Quot.sound,
 Kobon.Certificates.N056T00990Hde8a415c.checked._native.native_decide.ax_1_1,
 Kobon.Certificates.N056T00990Hde8a415c.no_concurrent._native.native_decide.ax_1_1]
info: Kobon/Audit.lean:7:0: AUDIT Kobon.Certificates.N006T00004H7e060e9a.lower_bound: native-evaluation; axioms=[propext,
 Classical.choice,
 Quot.sound,
 Kobon.Certificates.N006T00004H7e060e9a.checked._native.native_decide.ax_1_1]
info: Kobon/Audit.lean:7:0: AUDIT Kobon.BBLPersistence.visible_test_eventually: kernel; axioms=[propext, Classical.choice, Quot.sound]
info: Kobon/Audit.lean:7:0: AUDIT Kobon.BBLSeed21.parameters._proof_3: kernel; axioms=[propext]
info: Kobon/Audit.lean:7:0: AUDIT Kobon.FurediPalastiTwoCaps.lower_outer_sign._proof_1_6: kernel; axioms=[propext, Quot.sound]
info: Kobon/Audit.lean:7:0: AUDIT Kobon.BBLRowOrder.newKey_injective._proof_1_84: kernel; axioms=[propext, Quot.sound]
info: Kobon/Audit.lean:7:0: AUDIT Kobon.FurediPalastiWrap.selected_preserved._proof_1_3: kernel; axioms=[propext, Quot.sound]
info: Kobon/Audit.lean:7:0: AUDIT Kobon.ShiftedFurediPalasti.noConcurrent._proof_1_3: kernel; axioms=[propext, Quot.sound]
info: Kobon/Audit.lean:7:0: AUDIT Kobon.Results.best_classical_035: native-evaluation; axioms=[propext,
 Classical.choice,
 Quot.sound,
 Kobon.Certificates.N035T00385H9ee99af6.checked._native.native_decide.ax_1_1]
info: Kobon/Audit.lean:7:0: AUDIT Kobon.FurediPalasti.selected_triangle._proof_1_1: kernel; axioms=[propext, Quot.sound]
info: Kobon/Audit.lean:7:0: AUDIT Kobon.ShiftedFurediPalasti.noConcurrent._proof_1_6: kernel; axioms=[propext, Quot.sound]
info: Kobon/Audit.lean:7:0: AUDIT Kobon.BBLCapSigns.cap_key_signs._proof_1_50: kernel; axioms=[propext, Classical.choice, Quot.sound]
info: Kobon/Audit.lean:7:0: AUDIT Kobon.AllN.dominates_every_saved_certificate._proof_1_4: kernel; axioms=[]
info: Kobon/Audit.lean:7:0: AUDIT Kobon.FurediPalasti.lower.eq_1: kernel; axioms=[]
info: Kobon/Audit.lean:7:0: AUDIT Kobon.FurediPalastiTwoCaps.lower_triangle._proof_1_13: kernel; axioms=[propext, Quot.sound]
info: Kobon/Audit.lean:7:0: AUDIT KobonExamples.bad6_count._proof_1_1: kernel; axioms=[propext, Classical.choice, Quot.sound]
info: Kobon/Audit.lean:7:0: AUDIT Kobon.BBLRealization.horizontal_profile._proof_1_1: kernel; axioms=[propext, Quot.sound]
info: Kobon/Audit.lean:7:0: AUDIT Kobon.BBLTriangles.triangle_of_two_sides._proof_1_2: kernel; axioms=[propext, Quot.sound]
info: Kobon/Audit.lean:7:0: AUDIT Kobon.AllN.dominates_every_saved_certificate._proof_1_80: kernel; axioms=[]
info: Kobon/Audit.lean:7:0: AUDIT Kobon.Iteration49.profile_attains_53: kernel; axioms=[propext, Classical.choice, Quot.sound]
info: Kobon/Audit.lean:7:0: AUDIT Kobon.BBLMaximization.rational_error_bound._simp_1_4: kernel; axioms=[propext]
info: Kobon/Audit.lean:7:0: AUDIT Kobon.CyclicFan.Geometry.no_long_run._proof_1_6: kernel; axioms=[propext, Quot.sound]
info: Kobon/Audit.lean:7:0: AUDIT Kobon.BBLCaps.cap_no_aux_between._proof_1_24: kernel; axioms=[propext, Classical.choice, Quot.sound]
info: Kobon/Audit.lean:7:0: AUDIT Kobon.BBLRowOrder.newKey_injective._proof_1_32: kernel; axioms=[propext, Quot.sound]
info: Kobon/Audit.lean:7:0: AUDIT Kobon.AllN.baseline_after_last_exception._proof_1_13: kernel; axioms=[propext, Quot.sound]
info: Kobon/Audit.lean:7:0: AUDIT Kobon.BBLRowOrder.auxiliary_outside_of_close._proof_1_25: kernel; axioms=[propext, Classical.choice, Quot.sound]
info: Kobon/Audit.lean:7:0: AUDIT Kobon.Reindex.rotate_triangle._proof_1_9: kernel; axioms=[propext, Quot.sound]
info: Kobon/Audit.lean:7:0: AUDIT Kobon.SharedFan.adjacent_triangles_distinct._proof_1_5: kernel; axioms=[propext]
info: Kobon/Audit.lean:7:0: AUDIT Kobon.Certificates.N044T00608Hb5277675.lower_bound: native-evaluation; axioms=[propext,
 Classical.choice,
 Quot.sound,
 Kobon.Certificates.N044T00608Hb5277675.checked._native.native_decide.ax_1_1]
info: Kobon/Audit.lean:7:0: AUDIT Kobon.AllN.exact_exception_values._proof_1_42: kernel; axioms=[]
info: Kobon/Audit.lean:7:0: AUDIT Kobon.Results.simple_024: native-evaluation; axioms=[propext,
 Classical.choice,
 Quot.sound,
 Kobon.Certificates.N024T00172He63e906b.checked._native.native_decide.ax_1_1,
 Kobon.Certificates.N024T00172He63e906b.no_concurrent._native.native_decide.ax_1_1]
info: Kobon/Audit.lean:7:0: AUDIT Kobon.BBLCapBridge.canonical_endpoint_signs._proof_1_8: kernel; axioms=[propext, Quot.sound]
info: Kobon/Audit.lean:7:0: AUDIT Kobon.Results.best_classical_004: native-evaluation; axioms=[propext,
 Classical.choice,
 Quot.sound,
 Kobon.Certificates.N004T00002H0e541bd5.checked._native.native_decide.ax_1_1]
info: Kobon/Audit.lean:7:0: AUDIT Kobon.TamuraSeed5.arbitrarily_small: kernel; axioms=[propext, Classical.choice, Quot.sound]
info: Kobon/Audit.lean:7:0: AUDIT Kobon.FurediPalastiTwoCaps.upper_outer_sign._proof_1_1: kernel; axioms=[propext, Quot.sound]
info: Kobon/Audit.lean:7:0: AUDIT Kobon.AllN.enhancement.eq_4: kernel; axioms=[]
info: Kobon/Audit.lean:7:0: AUDIT Kobon.AllN.dominates_every_saved_certificate._proof_1_94: kernel; axioms=[]
info: Kobon/Audit.lean:7:0: AUDIT Kobon.liftLine.eq_1: kernel; axioms=[propext, Classical.choice, Quot.sound]
info: Kobon/Audit.lean:7:0: AUDIT Kobon.BBLCapEnvelope.cap_right_endpoint._proof_1_6: kernel; axioms=[propext, Quot.sound]
info: Kobon/Audit.lean:7:0: AUDIT Kobon.AllN.baseline_after_last_exception._proof_1_32: kernel; axioms=[propext, Quot.sound]
info: Kobon/Audit.lean:7:0: AUDIT Kobon.BBLVisibleAssembly.visible_gain: kernel; axioms=[propext, Classical.choice, Quot.sound]
info: Kobon/Audit.lean:7:0: AUDIT Kobon.FurediPalasti.arrangement.eq_1: kernel; axioms=[propext, Classical.choice, Quot.sound]
info: Kobon/Audit.lean:7:0: AUDIT Kobon.BBLRowOrder.auxiliary_outside_of_close._proof_1_29: kernel; axioms=[propext, Classical.choice, Quot.sound]
info: Kobon/Audit.lean:7:0: AUDIT Kobon.BBLPencilProfiles.key_anchor._proof_1_4: kernel; axioms=[propext, Quot.sound]
info: Kobon/Audit.lean:7:0: AUDIT Kobon.BBLRowMax.max_pair_visible: kernel; axioms=[propext, Classical.choice, Quot.sound]
info: Kobon/Audit.lean:7:0: AUDIT Kobon.Projective.oriented_transform._simp_1_7: kernel; axioms=[propext]
info: Kobon/Audit.lean:7:0: AUDIT Kobon.FurediPalastiCount.good_count._proof_1_2: kernel; axioms=[propext, Classical.choice, Quot.sound]
info: Kobon/Audit.lean:7:0: AUDIT Kobon.ShiftedFurediPalasti.selected_sum_nonzero._proof_1_9: kernel; axioms=[propext, Quot.sound]
info: Kobon/Audit.lean:7:0: AUDIT Kobon.FurediPalastiCount.mem_bad: kernel; axioms=[propext, Classical.choice, Quot.sound]
info: Kobon/Audit.lean:7:0: AUDIT Kobon.Certificates.N038T00448H7d59f504.simple_lower_bound: native-evaluation; axioms=[propext,
 Classical.choice,
 Quot.sound,
 Kobon.Certificates.N038T00448H7d59f504.checked._native.native_decide.ax_1_1,
 Kobon.Certificates.N038T00448H7d59f504.no_concurrent._native.native_decide.ax_1_1]
info: Kobon/Audit.lean:7:0: AUDIT Kobon.BBLConsecutive.supports_consecutive._proof_1_9: kernel; axioms=[propext, Quot.sound]
info: Kobon/Audit.lean:7:0: AUDIT Kobon.AllN.enhancement.eq_8: kernel; axioms=[]
info: Kobon/Audit.lean:7:0: AUDIT Kobon.FurediPalastiTwoCaps.lower_triangle: kernel; axioms=[propext, Classical.choice, Quot.sound]
info: Kobon/Audit.lean:7:0: AUDIT Kobon.Certificates.N014T00054H1ec1fd5c.checked: native-evaluation; axioms=[propext,
 Kobon.Certificates.N014T00054H1ec1fd5c.checked._native.native_decide.ax_1_1]
info: Kobon/Audit.lean:7:0: AUDIT Kobon.BBLGridReindex.inv_perm._proof_1_10: kernel; axioms=[propext, Quot.sound]
info: Kobon/Audit.lean:7:0: AUDIT Kobon.Certificates.N048T00721H2fb5ef0d.no_concurrent: native-evaluation; axioms=[propext,
 Kobon.Certificates.N048T00721H2fb5ef0d.no_concurrent._native.native_decide.ax_1_1]
info: Kobon/Audit.lean:7:0: AUDIT Kobon.Cells.weakSide_products: kernel; axioms=[propext, Classical.choice, Quot.sound]
info: Kobon/Audit.lean:7:0: AUDIT Kobon.FurediPalastiTwoCaps.upper_inner_sign._proof_1_6: kernel; axioms=[propext, Quot.sound]
info: Kobon/Audit.lean:7:0: AUDIT Kobon.BBLRowOrder.newKey_injective._proof_1_40: kernel; axioms=[propext, Quot.sound]
info: Kobon/Audit.lean:7:0: AUDIT Kobon.BBLAlternation.alternating_algebra._simp_1_1: kernel; axioms=[propext]
info: Kobon/Audit.lean:7:0: AUDIT Kobon.ShiftedFurediPalasti.selected_triangle._proof_1_12: kernel; axioms=[propext, Quot.sound]
info: Kobon/Audit.lean:7:0: AUDIT Kobon.Results.best_classical_026: native-evaluation; axioms=[propext,
 Classical.choice,
 Quot.sound,
 Kobon.Certificates.N026T00204Hf71379c4.checked._native.native_decide.ax_1_1]
info: Kobon/Audit.lean:7:0: AUDIT Kobon.FanGeometry.FanStrip.ofTriangles._proof_3: kernel; axioms=[propext, Classical.choice, Quot.sound]
info: Kobon/Audit.lean:7:0: AUDIT Kobon.BBLCentralEnvelope.central_endpoint._proof_1_6: kernel; axioms=[propext, Quot.sound]
info: Kobon/Audit.lean:7:0: AUDIT Kobon.Results.best_simple_051: native-evaluation; axioms=[propext,
 Classical.choice,
 Quot.sound,
 Kobon.Certificates.N051T00818Hc18e1baf.checked._native.native_decide.ax_1_1,
 Kobon.Certificates.N051T00818Hc18e1baf.no_concurrent._native.native_decide.ax_1_1]
info: Kobon/Audit.lean:7:0: AUDIT Kobon.Results.best_simple_020: native-evaluation; axioms=[propext,
 Classical.choice,
 Quot.sound,
 Kobon.Certificates.N020T00116Hadc03eed.checked._native.native_decide.ax_1_1,
 Kobon.Certificates.N020T00116Hadc03eed.no_concurrent._native.native_decide.ax_1_1]
info: Kobon/Audit.lean:7:0: AUDIT Kobon.Universal.baseline_sound._proof_1_4: kernel; axioms=[propext, Quot.sound]
info: Kobon/Audit.lean:7:0: AUDIT Kobon.BBLGridReindex.next_cut._proof_1_3: kernel; axioms=[propext, Quot.sound]
info: Kobon/Audit.lean:7:0: AUDIT Kobon.HybridBoundary.visible_sound._proof_1_1: kernel; axioms=[propext, Quot.sound]
info: Kobon/Audit.lean:7:0: AUDIT Kobon.Certificates.N020T00116Hadc03eed.lower_bound: native-evaluation; axioms=[propext,
 Classical.choice,
 Quot.sound,
 Kobon.Certificates.N020T00116Hadc03eed.checked._native.native_decide.ax_1_1]
info: Kobon/Audit.lean:7:0: AUDIT Kobon.Results.classical_027: native-evaluation; axioms=[propext,
 Classical.choice,
 Quot.sound,
 Kobon.Certificates.N027T00225H7d6ae9a0.checked._native.native_decide.ax_1_1]
info: Kobon/Audit.lean:7:0: AUDIT Kobon.Results.classical_057: native-evaluation; axioms=[propext,
 Classical.choice,
 Quot.sound,
 Kobon.Certificates.N057T01045H9a1d337c.checked._native.native_decide.ax_1_1]
info: Kobon/Audit.lean:7:0: AUDIT Kobon.SharedFan.endpoint._proof_2: kernel; axioms=[propext]
info: Kobon/Audit.lean:7:0: AUDIT Kobon.SeedFamily.parameters.eq_1: kernel; axioms=[propext, Classical.choice, Quot.sound]
info: Kobon/Audit.lean:7:0: AUDIT Kobon.BBLRowOrder.auxiliary_outside_of_close._proof_1_61: kernel; axioms=[propext, Classical.choice, Quot.sound]
info: Kobon/Audit.lean:7:0: AUDIT Kobon.ShiftedFurediPalasti.selected_indices._proof_1_6: kernel; axioms=[propext, Quot.sound]
info: Kobon/Audit.lean:7:0: AUDIT Kobon.BBLCapBridge.canonical_endpoint_signs._proof_1_2: kernel; axioms=[propext, Classical.choice, Quot.sound]
info: Kobon/Audit.lean:7:0: AUDIT Kobon.FurediPalastiWrap.wrap_triangle._proof_1_9: kernel; axioms=[propext, Quot.sound]
info: Kobon/Audit.lean:7:0: AUDIT Kobon.Cells.overlap_forces_same_triple._proof_1_5: kernel; axioms=[propext, Quot.sound]
info: Kobon/Audit.lean:7:0: AUDIT Kobon.SeedFamily.no_parallel: kernel; axioms=[propext, Classical.choice, Quot.sound]
info: Kobon/Audit.lean:7:0: AUDIT Kobon.BBLRowOrder.auxiliary_outside_of_close._proof_1_83: kernel; axioms=[propext, Classical.choice, Quot.sound]
info: Kobon/Audit.lean:7:0: AUDIT Kobon.FurediPalastiChart.index_cos_lt: kernel; axioms=[propext, Classical.choice, Quot.sound]
info: Kobon/Audit.lean:7:0: AUDIT Kobon.BBLConsecutive.supports_consecutive._proof_1_14: kernel; axioms=[propext, Quot.sound]
info: Kobon/Audit.lean:7:0: AUDIT Kobon.BBLCapSigns.cap_key_signs._proof_1_14: kernel; axioms=[propext, Classical.choice, Quot.sound]
info: Kobon/Audit.lean:7:0: AUDIT Kobon.ShiftedFurediPalasti.sumAngle_band: kernel; axioms=[propext, Classical.choice, Quot.sound]
info: Kobon/Audit.lean:7:0: AUDIT Kobon.BBLExtrema.graph_projection_order: kernel; axioms=[propext, Classical.choice, Quot.sound]
info: Kobon/Audit.lean:7:0: AUDIT Kobon.oriented_nonneg_iff: kernel; axioms=[propext, Classical.choice, Quot.sound]
info: Kobon/Audit.lean:7:0: AUDIT Kobon.Families.q.eq_1: kernel; axioms=[propext]
info: Kobon/Audit.lean:7:0: AUDIT Kobon.BBLGridReindex.perm_inv._proof_1_5: kernel; axioms=[propext, Quot.sound]
info: Kobon/Audit.lean:7:0: AUDIT Kobon.Certificates.N027T00217H6670a2b1.checked: native-evaluation; axioms=[propext,
 Kobon.Certificates.N027T00217H6670a2b1.checked._native.native_decide.ax_1_1]
info: Kobon/Audit.lean:7:0: AUDIT Kobon.TamuraSeed5.exterior_lower_bound: kernel; axioms=[propext, Classical.choice, Quot.sound]
info: Kobon/Audit.lean:7:0: AUDIT Kobon.Certificates.N030T00275Hdcfe649a.checked: native-evaluation; axioms=[propext,
 Kobon.Certificates.N030T00275Hdcfe649a.checked._native.native_decide.ax_1_1]
info: Kobon/Audit.lean:7:0: AUDIT Kobon.Certificates.N029T00261Hd4805c25.checked: native-evaluation; axioms=[propext,
 Kobon.Certificates.N029T00261Hd4805c25.checked._native.native_decide.ax_1_1]
info: Kobon/Audit.lean:7:0: AUDIT Kobon.BBLCentralPersistence.canonical_central_signs._proof_1_1: kernel; axioms=[propext, Quot.sound]
info: Kobon/Audit.lean:7:0: AUDIT Kobon.FanGeometry.FanStrip.ofTriangles._proof_1: kernel; axioms=[propext, Classical.choice, Quot.sound]
info: Kobon/Audit.lean:7:0: AUDIT Kobon.BBLRowOrder.newKey_ne_oldKey._proof_1_3: kernel; axioms=[propext, Quot.sound]
info: Kobon/Audit.lean:7:0: AUDIT Kobon.BBLCapSigns.cap_key_signs._proof_1_72: kernel; axioms=[propext, Quot.sound]
info: Kobon/Audit.lean:7:0: AUDIT Kobon.Reindex.shift_injective._proof_1_2: kernel; axioms=[propext, Quot.sound]
info: Kobon/Audit.lean:7:0: AUDIT Kobon.ShiftedCount.good_count_plus._proof_1_1: kernel; axioms=[propext, Quot.sound]
info: Kobon/Audit.lean:7:0: AUDIT Kobon.Certificates.N052T00850H4b0d823a.simple_lower_bound: native-evaluation; axioms=[propext,
 Classical.choice,
 Quot.sound,
 Kobon.Certificates.N052T00850H4b0d823a.checked._native.native_decide.ax_1_1,
 Kobon.Certificates.N052T00850H4b0d823a.no_concurrent._native.native_decide.ax_1_1]
info: Kobon/Audit.lean:7:0: AUDIT Kobon.BBLRowOrder.auxiliary_outside_of_close._proof_1_17: kernel; axioms=[propext, Classical.choice, Quot.sound]
info: Kobon/Audit.lean:7:0: AUDIT Kobon.AllN.strict_improvements._proof_1_59: kernel; axioms=[]
info: Kobon/Audit.lean:7:0: AUDIT Kobon.BBLLiftedKeys.lifted_anchor._proof_1_38: kernel; axioms=[propext, Classical.choice, Quot.sound]
info: Kobon/Audit.lean:7:0: AUDIT Kobon.BBLLiftedKeys.lifted_anchor._proof_1_55: kernel; axioms=[propext, Quot.sound]
info: Kobon/Audit.lean:7:0: AUDIT Kobon.FanGeometry.FanStrip.adjacent_opposites_eq: kernel; axioms=[propext, Classical.choice, Quot.sound]
info: Kobon/Audit.lean:7:0: AUDIT Kobon.Certificates.N161T08532H230691d5.lower_bound: native-evaluation; axioms=[propext,
 Classical.choice,
 Quot.sound,
 Kobon.Certificates.N161T08532H230691d5.checked._native.native_decide.ax_1_1]
info: Kobon/Audit.lean:7:0: AUDIT Kobon.Universal.strict_at_odd_orders: kernel; axioms=[propext, Quot.sound]
info: Kobon/Audit.lean:7:0: AUDIT Kobon.BBLConsecutive.supports_consecutive._proof_1_4: kernel; axioms=[propext, Quot.sound]
info: Kobon/Audit.lean:7:0: AUDIT Kobon.Results.classical_052: native-evaluation; axioms=[propext,
 Classical.choice,
 Quot.sound,
 Kobon.Certificates.N052T00850H4b0d823a.checked._native.native_decide.ax_1_1]
info: Kobon/Audit.lean:7:0: AUDIT Kobon.TamuraSeed5.distinguished_checks._proof_1_1: kernel; axioms=[propext, Classical.choice, Quot.sound]
info: Kobon/Audit.lean:7:0: AUDIT Kobon.BBLLiftedKeys.lifted_anchor._proof_1_21: kernel; axioms=[propext, Classical.choice, Quot.sound]
info: Kobon/Audit.lean:7:0: AUDIT Kobon.BBLSeed21.parameters._proof_2: kernel; axioms=[propext]
info: Kobon/Audit.lean:7:0: AUDIT Kobon.AllN.dominates_every_saved_certificate._proof_1_88: kernel; axioms=[]
info: Kobon/Audit.lean:7:0: AUDIT Kobon.AllN.baseline_after_last_exception._proof_1_21: kernel; axioms=[propext, Quot.sound]
info: Kobon/Audit.lean:7:0: AUDIT Kobon.BBLRowOrder.newKey_ne_oldKey: kernel; axioms=[propext, Quot.sound]
info: Kobon/Audit.lean:7:0: AUDIT Kobon.BBLIntersection.factor_difference: kernel; axioms=[propext, Classical.choice, Quot.sound]
info: Kobon/Audit.lean:7:0: AUDIT Kobon.AllN.dominates_every_saved_certificate._proof_1_37: kernel; axioms=[]
info: Kobon/Audit.lean:7:0: AUDIT Kobon.Results.best_simple_017: native-evaluation; axioms=[propext,
 Classical.choice,
 Quot.sound,
 Kobon.Certificates.N017T00085H7cf3c061.checked._native.native_decide.ax_1_1,
 Kobon.Certificates.N017T00085H7cf3c061.no_concurrent._native.native_decide.ax_1_1]
info: Kobon/Audit.lean:7:0: AUDIT Kobon.BBLCount.mem_pairs: kernel; axioms=[propext, Classical.choice, Quot.sound]
info: Kobon/Audit.lean:7:0: AUDIT Kobon.Results.simple_049: native-evaluation; axioms=[propext,
 Classical.choice,
 Quot.sound,
 Kobon.Certificates.N049T00767H957e6f15.checked._native.native_decide.ax_1_1,
 Kobon.Certificates.N049T00767H957e6f15.no_concurrent._native.native_decide.ax_1_1]
info: Kobon/Audit.lean:7:0: AUDIT Kobon.FurediPalastiChart.angle_last._proof_1_1: kernel; axioms=[propext, Quot.sound]
info: Kobon/Audit.lean:7:0: AUDIT Kobon.BBLGridReindex.next_cut._proof_1_17: kernel; axioms=[propext, Quot.sound]
info: Kobon/Audit.lean:7:0: AUDIT Kobon.Certificates.N047T00690Hd8af27fc.no_concurrent: native-evaluation; axioms=[propext,
 Kobon.Certificates.N047T00690Hd8af27fc.no_concurrent._native.native_decide.ax_1_1]
info: Kobon/Audit.lean:7:0: AUDIT Kobon.BBLCentralEnvelope.central_endpoint._proof_1_24: kernel; axioms=[propext, Quot.sound]
info: Kobon/Audit.lean:7:0: AUDIT Kobon.Projective.transform.eq_1: kernel; axioms=[propext, Classical.choice, Quot.sound]
info: Kobon/Audit.lean:7:0: AUDIT Kobon.BBLSimple.canonical_no_concurrent._proof_1_6: kernel; axioms=[propext, Quot.sound]
info: Kobon/Audit.lean:7:0: AUDIT Kobon.Reindex.rotate_visible._proof_1_6: kernel; axioms=[propext, Quot.sound]
info: Kobon/Audit.lean:7:0: AUDIT Kobon.BBLSeed21.all_distinguished._simp_1_1: kernel; axioms=[propext, Quot.sound]
info: Kobon/Audit.lean:7:0: AUDIT Kobon.Reindex.rotate_triangle._proof_1_10: kernel; axioms=[propext, Quot.sound]
info: Kobon/Audit.lean:7:0: AUDIT Kobon.TamuraSeed5.visible.eq_1: kernel; axioms=[]
info: Kobon/Audit.lean:7:0: AUDIT Kobon.BBLNextSaturation.noncentral_gap._proof_1_21: kernel; axioms=[propext, Classical.choice, Quot.sound]
info: Kobon/Audit.lean:7:0: AUDIT Kobon.BBLTriangles.triangle_of_two_sides: kernel; axioms=[propext, Classical.choice, Quot.sound]
info: Kobon/Audit.lean:7:0: AUDIT Kobon.Results.best_classical_053: native-evaluation; axioms=[propext,
 Classical.choice,
 Quot.sound,
 Kobon.Certificates.N053T00885H6bc5b14d.checked._native.native_decide.ax_1_1]
info: Kobon/Audit.lean:7:0: AUDIT Kobon.BBLRealizedPencil.realized_pencil_exists._proof_1_1: kernel; axioms=[propext, Quot.sound]
info: Kobon/Audit.lean:7:0: AUDIT Kobon.FurediPalastiCount.good_count._proof_1_1: kernel; axioms=[propext, Quot.sound]
info: Kobon/Audit.lean:7:0: AUDIT KobonExamples.good7_count: kernel; axioms=[propext, Classical.choice, Quot.sound]
info: Kobon/Audit.lean:7:0: AUDIT Kobon.AllN.enhancement.eq_52: kernel; axioms=[]
info: Kobon/Audit.lean:7:0: AUDIT Kobon.Results.earlier_017: native-evaluation; axioms=[propext,
 Classical.choice,
 Quot.sound,
 Kobon.Certificates.N017T00085H7cf3c061.checked._native.native_decide.ax_1_1]
info: Kobon/Audit.lean:7:0: AUDIT Kobon.BBLSeed21.ordered._proof_1_1: kernel; axioms=[]
info: Kobon/Audit.lean:7:0: AUDIT Kobon.Results.best_classical_055: native-evaluation; axioms=[propext,
 Classical.choice,
 Quot.sound,
 Kobon.Certificates.N055T00955H202625a3.checked._native.native_decide.ax_1_1]
info: Kobon/Audit.lean:7:0: AUDIT Kobon.HybridBoundary.seed_visible_checks: kernel; axioms=[propext, Classical.choice, Quot.sound]
info: Kobon/Audit.lean:7:0: AUDIT Kobon.TamuraSeed5.directions: kernel; axioms=[propext, Classical.choice, Quot.sound]
info: Kobon/Audit.lean:7:0: AUDIT Kobon.FurediPalastiTwoCaps.lower_inner_sign._proof_1_9: kernel; axioms=[propext, Quot.sound]
info: Kobon/Audit.lean:7:0: AUDIT Kobon.BBLCapEnvelope.cap_right_endpoint._proof_1_2: kernel; axioms=[propext, Quot.sound]
info: Kobon/Audit.lean:7:0: AUDIT Kobon.BBLLiftedKeys.complement_key._proof_1_6: kernel; axioms=[propext, Quot.sound]
info: Kobon/Audit.lean:7:0: AUDIT Kobon.AllN.exact_exception_values._proof_1_53: kernel; axioms=[]
info: Kobon/Audit.lean:7:0: AUDIT Kobon.FurediPalastiTwoCaps.upper_cap_sign._proof_1_7: kernel; axioms=[propext, Quot.sound]
info: Kobon/Audit.lean:7:0: AUDIT Kobon.FurediPalastiTwoCaps.lower_triangle._proof_1_1: kernel; axioms=[propext, Quot.sound]
info: Kobon/Audit.lean:7:0: AUDIT Kobon.BBLLiftedRows.liftedCrossKey_le_iff._proof_1_6: kernel; axioms=[propext, Quot.sound]
info: Kobon/Audit.lean:7:0: AUDIT Kobon.Certificates.N039T00468H5c5b0b26.checked: native-evaluation; axioms=[propext,
 Kobon.Certificates.N039T00468H5c5b0b26.checked._native.native_decide.ax_1_1]
info: Kobon/Audit.lean:7:0: AUDIT Kobon.BBLAlternation.saturated_alternation._proof_1_7: kernel; axioms=[propext, Quot.sound]
info: Kobon/Audit.lean:7:0: AUDIT Kobon.FurediPalastiCount.fiber.congr_simp: kernel; axioms=[propext, Classical.choice, Quot.sound]
info: Kobon/Audit.lean:7:0: AUDIT Kobon.Certificates.N006T00007H6ea9ebaa.no_concurrent: native-evaluation; axioms=[propext,
 Kobon.Certificates.N006T00007H6ea9ebaa.no_concurrent._native.native_decide.ax_1_1]
info: Kobon/Audit.lean:7:0: AUDIT Kobon.BBLRowOrder.newKey_injective._proof_1_68: kernel; axioms=[propext, Quot.sound]
info: Kobon/Audit.lean:7:0: AUDIT Kobon.BBLRowOrder.newKey_injective._proof_1_67: kernel; axioms=[propext, Classical.choice, Quot.sound]
info: Kobon/Audit.lean:7:0: AUDIT Kobon.BBLRegularity.old_new_eventually: kernel; axioms=[propext, Classical.choice, Quot.sound]
info: Kobon/Audit.lean:7:0: AUDIT Kobon.FurediPalastiTwoCaps.upper_inner_sign._proof_1_4: kernel; axioms=[propext, Quot.sound]
info: Kobon/Audit.lean:7:0: AUDIT Kobon.AllN.dominates_every_saved_certificate._proof_1_81: kernel; axioms=[]
info: Kobon/Audit.lean:7:0: AUDIT Kobon.BBLRowOrder.newKey_injective._proof_1_39: kernel; axioms=[propext, Quot.sound]
info: Kobon/Audit.lean:7:0: AUDIT Kobon.BBLPencilProfiles.pair_profile_eventually._proof_1_5: kernel; axioms=[propext, Quot.sound]
info: Kobon/Audit.lean:7:0: AUDIT Kobon.BBLGridReindex.next_cut._proof_1_18: kernel; axioms=[propext, Quot.sound]
info: Kobon/Audit.lean:7:0: AUDIT Kobon.BBLNextSaturation.noncentral_gap._proof_1_4: kernel; axioms=[propext, Classical.choice, Quot.sound]
info: Kobon/Audit.lean:7:0: AUDIT Kobon.Iteration49.boundary_49._proof_16: kernel; axioms=[propext]
info: Kobon/Audit.lean:7:0: AUDIT Kobon.Certificates.N056T00990Hde8a415c.no_concurrent: native-evaluation; axioms=[propext,
 Kobon.Certificates.N056T00990Hde8a415c.no_concurrent._native.native_decide.ax_1_1]
info: Kobon/Audit.lean:7:0: AUDIT Kobon.FurediPalasti.low_before: kernel; axioms=[propext, Classical.choice, Quot.sound]
info: Kobon/Audit.lean:7:0: AUDIT Kobon.Results.classical_032: native-evaluation; axioms=[propext,
 Classical.choice,
 Quot.sound,
 Kobon.Certificates.N032T00314H9ab78b00.checked._native.native_decide.ax_1_1]
info: Kobon/Audit.lean:7:0: AUDIT Kobon.Certificates.N099T03168Ha0ea3082.checked: native-evaluation; axioms=[propext,
 Kobon.Certificates.N099T03168Ha0ea3082.checked._native.native_decide.ax_1_1]
info: Kobon/Audit.lean:7:0: AUDIT Kobon.BBLPencilRegularity.positive_eventually_exists: kernel; axioms=[propext, Classical.choice, Quot.sound]
info: Kobon/Audit.lean:7:0: AUDIT Kobon.BBLNextSaturation.noncentral_gap._proof_1_20: kernel; axioms=[propext, Classical.choice, Quot.sound]
info: Kobon/Audit.lean:7:0: AUDIT Kobon.AllN.enhancement.eq_16: kernel; axioms=[]
info: Kobon/Audit.lean:7:0: AUDIT Kobon.AllN.dominates_every_saved_certificate._proof_1_43: kernel; axioms=[]
info: Kobon/Audit.lean:7:0: AUDIT Kobon.FanGeometry.FanStrip.all_opposites_eq: kernel; axioms=[propext, Classical.choice, Quot.sound]
info: Kobon/Audit.lean:7:0: AUDIT Kobon.FurediPalastiTwoCaps.two_cap_simple_lower_bound._proof_1_7: kernel; axioms=[propext, Quot.sound]
info: Kobon/Audit.lean:7:0: AUDIT Kobon.Families.triangles.eq_2: kernel; axioms=[propext]
info: Kobon/Audit.lean:7:0: AUDIT Kobon.Certificates.N035T00385H9ee99af6.lower_bound: native-evaluation; axioms=[propext,
 Classical.choice,
 Quot.sound,
 Kobon.Certificates.N035T00385H9ee99af6.checked._native.native_decide.ax_1_1]
info: Kobon/Audit.lean:7:0: AUDIT Kobon.FanCount.window_bound._proof_1_2: kernel; axioms=[propext, Classical.choice, Quot.sound]
info: Kobon/Audit.lean:7:0: AUDIT Kobon.BBLGridReindex.rightmost._proof_1_3: kernel; axioms=[propext, Quot.sound]
info: Kobon/Audit.lean:7:0: AUDIT Kobon.FurediPalasti.sin_diff_pos: kernel; axioms=[propext, Classical.choice, Quot.sound]
info: Kobon/Audit.lean:7:0: AUDIT Kobon.BBLRowOrder.auxiliary_outside_of_close._proof_1_55: kernel; axioms=[propext, Quot.sound]
info: Kobon/Audit.lean:7:0: AUDIT Kobon.BBLLiftedKeys.complement_row_bound._proof_1_2: kernel; axioms=[propext, Quot.sound]
info: Kobon/Audit.lean:7:0: AUDIT Kobon.Certificates.N039T00470H30caa6f7.simple_lower_bound: native-evaluation; axioms=[propext,
 Classical.choice,
 Quot.sound,
 Kobon.Certificates.N039T00470H30caa6f7.checked._native.native_decide.ax_1_1,
 Kobon.Certificates.N039T00470H30caa6f7.no_concurrent._native.native_decide.ax_1_1]
info: Kobon/Audit.lean:7:0: AUDIT Kobon.oriented_nonpos_iff: kernel; axioms=[propext, Classical.choice, Quot.sound]
info: Kobon/Audit.lean:7:0: AUDIT Kobon.AllN.strict_improvements._proof_1_42: kernel; axioms=[]
info: Kobon/Audit.lean:7:0: AUDIT Kobon.BBLCentral.leading_strict_maximum: kernel; axioms=[propext, Classical.choice, Quot.sound]
info: Kobon/Audit.lean:7:0: AUDIT Kobon.BBLPencilLimits.pairX_zero: kernel; axioms=[propext, Classical.choice, Quot.sound]
info: Kobon/Audit.lean:7:0: AUDIT Kobon.BBLCapEnvelope.key_evaluation_product: kernel; axioms=[propext, Classical.choice, Quot.sound]
info: Kobon/Audit.lean:7:0: AUDIT Kobon.BBLLiftedKeys.lifted_anchor._proof_1_18: kernel; axioms=[propext, Quot.sound]
info: Kobon/Audit.lean:7:0: AUDIT Kobon.Exterior.derivative.eq_1: kernel; axioms=[propext, Classical.choice, Quot.sound]
info: Kobon/Audit.lean:7:0: AUDIT Kobon.Certificates.N035T00385H9ee99af6.checked: native-evaluation; axioms=[propext,
 Kobon.Certificates.N035T00385H9ee99af6.checked._native.native_decide.ax_1_1]
info: Kobon/Audit.lean:7:0: AUDIT Kobon.Results.best_classical_046: native-evaluation; axioms=[propext,
 Classical.choice,
 Quot.sound,
 Kobon.Certificates.N046T00667H32b8ca2f.checked._native.native_decide.ax_1_1]
info: Kobon/Audit.lean:7:0: AUDIT Kobon.AllN.baseline_after_last_exception._proof_1_58: kernel; axioms=[propext, Quot.sound]
info: Kobon/Audit.lean:7:0: AUDIT KobonExamples.good7_simple._proof_1_1: kernel; axioms=[propext, Classical.choice, Quot.sound]
info: Kobon/Audit.lean:7:0: AUDIT Kobon.FurediPalastiCount.ordered.eq_1: kernel; axioms=[propext, Classical.choice, Quot.sound]
info: Kobon/Audit.lean:7:0: AUDIT KobonExamples.bad6_count: kernel; axioms=[propext, Classical.choice, Quot.sound]
info: Kobon/Audit.lean:7:0: AUDIT Kobon.Iteration49.profile_attains_49: kernel; axioms=[propext, Classical.choice, Quot.sound]
info: Kobon/Audit.lean:7:0: AUDIT Kobon.BBLGrid.beta_tan_negative: kernel; axioms=[propext, Classical.choice, Quot.sound]
info: Kobon/Audit.lean:7:0: AUDIT Kobon.oriented_lift: kernel; axioms=[propext, Classical.choice, Quot.sound]
info: Kobon/Audit.lean:7:0: AUDIT Kobon.BBLRowOrder.newKey_symm._proof_1_39: kernel; axioms=[propext, Quot.sound]
info: Kobon/Audit.lean:7:0: AUDIT Kobon.BBLAlternation.alternating_algebra._simp_1_7: kernel; axioms=[propext]
info: Kobon/Audit.lean:7:0: AUDIT Kobon.Results.earlier_051: native-evaluation; axioms=[propext,
 Classical.choice,
 Quot.sound,
 Kobon.Certificates.N051T00818Hc18e1baf.checked._native.native_decide.ax_1_1]
info: Kobon/Audit.lean:7:0: AUDIT Kobon.BBLRowOrder.newKey_injective._proof_1_57: kernel; axioms=[propext, Quot.sound]
info: Kobon/Audit.lean:7:0: AUDIT Kobon.AllN.baseline_dominates_49_target._proof_1_1: kernel; axioms=[propext, Quot.sound]
info: Kobon/Audit.lean:7:0: AUDIT Kobon.AllN.exact_exception_values._proof_1_22: kernel; axioms=[]
info: Kobon/Audit.lean:7:0: AUDIT Kobon.FurediPalastiChart.below_cap: kernel; axioms=[propext, Classical.choice, Quot.sound]
info: Kobon/Audit.lean:7:0: AUDIT Kobon.BBLCapSigns.cap_key_signs._proof_1_76: kernel; axioms=[propext, Classical.choice, Quot.sound]
info: Kobon/Audit.lean:7:0: AUDIT Kobon.ShiftedFurediPalasti.selected_indices._proof_1_4: kernel; axioms=[propext, Quot.sound]
info: Kobon/Audit.lean:7:0: AUDIT Kobon.AllN.strict_improvements._proof_1_61: kernel; axioms=[]
info: Kobon/Audit.lean:7:0: AUDIT Kobon.AllN.exact_exception_values._proof_1_1: kernel; axioms=[]
info: Kobon/Audit.lean:7:0: AUDIT Kobon.FurediPalastiTwoCaps.lower_outer_sign._proof_1_5: kernel; axioms=[propext, Quot.sound]
info: Kobon/Audit.lean:7:0: AUDIT Kobon.Results.classical_008: native-evaluation; axioms=[propext,
 Classical.choice,
 Quot.sound,
 Kobon.Certificates.N008T00014H2a63f4d9.checked._native.native_decide.ax_1_1]
info: Kobon/Audit.lean:7:0: AUDIT Kobon.Certificates.N032T00313H018f9fc6.no_concurrent: native-evaluation; axioms=[propext,
 Kobon.Certificates.N032T00313H018f9fc6.no_concurrent._native.native_decide.ax_1_1]
info: Kobon/Audit.lean:7:0: AUDIT Kobon.SharedFan.adjacent_triangles_distinct._proof_1_1: kernel; axioms=[propext]
info: Kobon/Audit.lean:7:0: AUDIT Kobon.BBLPencilLimits.complementary_pairX: kernel; axioms=[propext, Classical.choice, Quot.sound]
info: Kobon/Audit.lean:7:0: AUDIT Kobon.BBLRealization.horizontal_coordinate_eq._proof_1_2: kernel; axioms=[propext, Quot.sound]
info: Kobon/Audit.lean:7:0: AUDIT Kobon.FurediPalastiTwoCaps.selected_preserved._proof_1_6: kernel; axioms=[propext, Quot.sound]
info: Kobon/Audit.lean:7:0: AUDIT Kobon.AllN.dominates_every_saved_certificate._proof_1_21: kernel; axioms=[]
info: Kobon/Audit.lean:7:0: AUDIT Kobon.TamuraTangentBounds.tan_16_7_bounds: kernel; axioms=[propext, Classical.choice, Quot.sound]
info: Kobon/Audit.lean:7:0: AUDIT Kobon.Certificates.N042T00552H7b29a6bd.no_concurrent: native-evaluation; axioms=[propext,
 Kobon.Certificates.N042T00552H7b29a6bd.no_concurrent._native.native_decide.ax_1_1]
info: Kobon/Audit.lean:7:0: AUDIT Kobon.BBLNextSaturation.noncentral_gap._proof_1_2: kernel; axioms=[propext, Classical.choice, Quot.sound]
info: Kobon/Audit.lean:7:0: AUDIT Kobon.BBLTangentBounds.tan_2_bounds: kernel; axioms=[propext, Classical.choice, Quot.sound]
info: Kobon/Audit.lean:7:0: AUDIT Kobon.BBLVisible.central_visible: kernel; axioms=[propext, Classical.choice, Quot.sound]
info: Kobon/Audit.lean:7:0: AUDIT Kobon.AllN.baseline_after_last_exception._proof_1_36: kernel; axioms=[propext, Quot.sound]
info: Kobon/Audit.lean:7:0: AUDIT Kobon.Certificates.N082T02172Hd75c9101.simple_lower_bound: native-evaluation; axioms=[propext,
 Classical.choice,
 Quot.sound,
 Kobon.Certificates.N082T02172Hd75c9101.checked._native.native_decide.ax_1_1,
 Kobon.Certificates.N082T02172Hd75c9101.no_concurrent._native.native_decide.ax_1_1]
info: Kobon/Audit.lean:7:0: AUDIT Kobon.BBLGridCuts.cut_neg: kernel; axioms=[propext, Classical.choice, Quot.sound]
info: Kobon/Audit.lean:7:0: AUDIT Kobon.BBLRowOrder.newKey_injective._proof_1_93: kernel; axioms=[propext, Quot.sound]
info: Kobon/Audit.lean:7:0: AUDIT Kobon.FurediPalasti.high_after._proof_1_3: kernel; axioms=[propext, Quot.sound]
info: Kobon/Audit.lean:7:0: AUDIT Kobon.Certificates.N042T00552H7b29a6bd.checked: native-evaluation; axioms=[propext,
 Kobon.Certificates.N042T00552H7b29a6bd.checked._native.native_decide.ax_1_1]
info: Kobon/Audit.lean:7:0: AUDIT Kobon.BBLRegularity.canonical_no_parallel_eventually._proof_1_5: kernel; axioms=[propext, Quot.sound]
info: Kobon/Audit.lean:7:0: AUDIT Kobon.BBLCaps.cap_side._proof_1_9: kernel; axioms=[propext, Quot.sound]
info: Kobon/Audit.lean:7:0: AUDIT Kobon.BBLGridReindex.inv_perm._proof_1_8: kernel; axioms=[propext, Quot.sound]
info: Kobon/Audit.lean:7:0: AUDIT Kobon.BBLGrid.factor_trigonometric: kernel; axioms=[propext, Classical.choice, Quot.sound]
info: Kobon/Audit.lean:7:0: AUDIT Kobon.BBLGrid.sumIndex.eq_1: kernel; axioms=[]
info: Kobon/Audit.lean:7:0: AUDIT Kobon.BBLCapSigns.cap_key_signs._proof_1_83: kernel; axioms=[propext, Classical.choice, Quot.sound]
info: Kobon/Audit.lean:7:0: AUDIT Kobon.AllN.enhancement.eq_54: kernel; axioms=[]
info: Kobon/Audit.lean:7:0: AUDIT Kobon.BBLPencilLimits.complementary_far_left: kernel; axioms=[propext, Classical.choice, Quot.sound]
info: Kobon/Audit.lean:7:0: AUDIT Kobon.Certificates.N033T00331H25fd8f0c.lower_bound: native-evaluation; axioms=[propext,
 Classical.choice,
 Quot.sound,
 Kobon.Certificates.N033T00331H25fd8f0c.checked._native.native_decide.ax_1_1]
info: Kobon/Audit.lean:7:0: AUDIT Kobon.Certificates.N021T00132H3d8bae2f.no_concurrent: native-evaluation; axioms=[propext,
 Kobon.Certificates.N021T00132H3d8bae2f.no_concurrent._native.native_decide.ax_1_1]
info: Kobon/Audit.lean:7:0: AUDIT Kobon.TamuraSeed5.visible_checks: kernel; axioms=[propext, Classical.choice, Quot.sound]
info: Kobon/Audit.lean:7:0: AUDIT Kobon.BBLCapSigns.horizontalKey_eq._proof_1_1: kernel; axioms=[propext, Quot.sound]
info: Kobon/Audit.lean:7:0: AUDIT Kobon.BBLCapSigns.horizontalKey_eq._proof_1_7: kernel; axioms=[propext, Quot.sound]
info: Kobon/Audit.lean:7:0: AUDIT Kobon.ShiftedFurediPalasti.selected_sum_nonzero._proof_1_8: kernel; axioms=[propext, Quot.sound]
info: Kobon/Audit.lean:7:0: AUDIT Kobon.BBLRowOrder.auxiliary_outside_of_close._proof_1_87: kernel; axioms=[propext, Classical.choice, Quot.sound]
info: Kobon/Audit.lean:7:0: AUDIT Kobon.FurediPalastiTwoCaps.upper_inner_sign: kernel; axioms=[propext, Classical.choice, Quot.sound]
info: Kobon/Audit.lean:7:0: AUDIT Kobon.Certificates.N004T00002H0e541bd5.checked: native-evaluation; axioms=[propext,
 Kobon.Certificates.N004T00002H0e541bd5.checked._native.native_decide.ax_1_1]
info: Kobon/Audit.lean:7:0: AUDIT Kobon.Results.best_classical_009: native-evaluation; axioms=[propext,
 Classical.choice,
 Quot.sound,
 Kobon.Certificates.N009T00021H6ebbed82.checked._native.native_decide.ax_1_1]
info: Kobon/Audit.lean:7:0: AUDIT Kobon.Certificates.N032T00313H018f9fc6.simple_lower_bound: native-evaluation; axioms=[propext,
 Classical.choice,
 Quot.sound,
 Kobon.Certificates.N032T00313H018f9fc6.checked._native.native_decide.ax_1_1,
 Kobon.Certificates.N032T00313H018f9fc6.no_concurrent._native.native_decide.ax_1_1]
info: Kobon/Audit.lean:7:0: AUDIT Kobon.Cells.interior_eq_signCell: kernel; axioms=[propext, Classical.choice, Quot.sound]
info: Kobon/Audit.lean:7:0: AUDIT Kobon.Universal.strict_odd_multiples._proof_1_3: kernel; axioms=[propext, Quot.sound]
info: Kobon/Audit.lean:7:0: AUDIT Kobon.AllN.exact_exception_values._proof_1_49: kernel; axioms=[]
info: Kobon/Audit.lean:7:0: AUDIT Kobon.FurediPalastiWrap.wrap_triangle._proof_1_4: kernel; axioms=[propext, Quot.sound]
info: Kobon/Audit.lean:7:0: AUDIT Kobon.Certificates.N029T00261Hd4805c25.simple_lower_bound: native-evaluation; axioms=[propext,
 Classical.choice,
 Quot.sound,
 Kobon.Certificates.N029T00261Hd4805c25.checked._native.native_decide.ax_1_1,
 Kobon.Certificates.N029T00261Hd4805c25.no_concurrent._native.native_decide.ax_1_1]
info: Kobon/Audit.lean:7:0: AUDIT Kobon.BBLAlternation.consecutive_apices._proof_1_6: kernel; axioms=[propext, Quot.sound]
info: Kobon/Audit.lean:7:0: AUDIT Kobon.Certificates.N047T00690Hd8af27fc.checked: native-evaluation; axioms=[propext,
 Kobon.Certificates.N047T00690Hd8af27fc.checked._native.native_decide.ax_1_1]
info: Kobon/Audit.lean:7:0: AUDIT Kobon.Certificates.N026T00203H5452b4ff.lower_bound: native-evaluation; axioms=[propext,
 Classical.choice,
 Quot.sound,
 Kobon.Certificates.N026T00203H5452b4ff.checked._native.native_decide.ax_1_1]
info: Kobon/Audit.lean:7:0: AUDIT Kobon.Cells.noParallel_any: kernel; axioms=[propext, Classical.choice, Quot.sound]
info: Kobon/Audit.lean:7:0: AUDIT Kobon.BBLRealization.coordinate_zero_profile._proof_1_3: kernel; axioms=[propext, Quot.sound]
info: Kobon/Audit.lean:7:0: AUDIT Kobon.Results.simple_042: native-evaluation; axioms=[propext,
 Classical.choice,
 Quot.sound,
 Kobon.Certificates.N042T00553H2bdc9d67.checked._native.native_decide.ax_1_1,
 Kobon.Certificates.N042T00553H2bdc9d67.no_concurrent._native.native_decide.ax_1_1]
info: Kobon/Audit.lean:7:0: AUDIT Kobon.Certificates.N020T00116Hadc03eed.simple_lower_bound: native-evaluation; axioms=[propext,
 Classical.choice,
 Quot.sound,
 Kobon.Certificates.N020T00116Hadc03eed.checked._native.native_decide.ax_1_1,
 Kobon.Certificates.N020T00116Hadc03eed.no_concurrent._native.native_decide.ax_1_1]
info: Kobon/Audit.lean:7:0: AUDIT Kobon.FurediPalastiCaps.quadratic_adjacent_strict: kernel; axioms=[propext, Classical.choice, Quot.sound]
info: Kobon/Audit.lean:7:0: AUDIT Kobon.BBLCaps.cap_side._proof_1_14: kernel; axioms=[propext, Quot.sound]
info: Kobon/Audit.lean:7:0: AUDIT Kobon.AllN.strict_improvements._proof_1_11: kernel; axioms=[]
info: Kobon/Audit.lean:7:0: AUDIT Kobon.FurediPalastiTwoCaps.lower_inner_sign._proof_1_4: kernel; axioms=[propext, Quot.sound]
info: Kobon/Audit.lean:7:0: AUDIT Kobon.Exterior.preserves_triangle._proof_1_3: kernel; axioms=[propext, Quot.sound]
info: Kobon/Audit.lean:7:0: AUDIT Kobon.AllN.exact_exception_values._proof_1_8: kernel; axioms=[]
info: Kobon/Audit.lean:7:0: AUDIT Kobon.Results.earlier_015: native-evaluation; axioms=[propext,
 Classical.choice,
 Quot.sound,
 Kobon.Certificates.N015T00065H4d3bf3b4.checked._native.native_decide.ax_1_1]
info: Kobon/Audit.lean:7:0: AUDIT Kobon.BBLRowOrder.key_bounds._proof_1_8: kernel; axioms=[propext, Classical.choice, Quot.sound]
info: Kobon/Audit.lean:7:0: AUDIT Kobon.BBLLiftedKeys.lifted_anchor._proof_1_24: kernel; axioms=[propext, Quot.sound]
info: Kobon/Audit.lean:7:0: AUDIT Kobon.BBLRowOrder.newKey_symm._proof_1_44: kernel; axioms=[propext, Quot.sound]
info: Kobon/Audit.lean:7:0: AUDIT Kobon.Cells.support_weight: kernel; axioms=[propext, Classical.choice, Quot.sound]
info: Kobon/Audit.lean:7:0: AUDIT Kobon.BBLRealization.crossing_order_eventually._proof_1_1: kernel; axioms=[propext, Quot.sound]
info: Kobon/Audit.lean:7:0: AUDIT Kobon.ShiftedFurediPalasti.selected_sum_nonzero._proof_1_5: kernel; axioms=[propext, Quot.sound]
info: Kobon/Audit.lean:7:0: AUDIT Kobon.Iteration.gainPrefix_succ._proof_1_4: kernel; axioms=[propext, Quot.sound]
info: Kobon/Audit.lean:7:0: AUDIT Kobon.FurediPalasti.selected_indices._proof_1_1: kernel; axioms=[propext, Quot.sound]
info: Kobon/Audit.lean:7:0: AUDIT Kobon.instDecidableEqLine.decEq._proof_4: kernel; axioms=[]
info: Kobon/Audit.lean:7:0: AUDIT Kobon.Results.best_classical_037: native-evaluation; axioms=[propext,
 Classical.choice,
 Quot.sound,
 Kobon.Certificates.N037T00431H11f0bde7.checked._native.native_decide.ax_1_1]
info: Kobon/Audit.lean:7:0: AUDIT Kobon.AllN.polynomial_gap._proof_1_1: kernel; axioms=[propext, Quot.sound]
info: Kobon/Audit.lean:7:0: AUDIT Kobon.AllN.baseline_after_last_exception._proof_1_55: kernel; axioms=[propext, Quot.sound]
info: Kobon/Audit.lean:7:0: AUDIT Kobon.BBLSeed21.no_parallel: native-evaluation; axioms=[propext,
 Classical.choice,
 Quot.sound,
 Kobon.BBLSeed21.directions._native.native_decide.ax_1_1]
info: Kobon/Audit.lean:7:0: AUDIT Kobon.FurediPalastiCount.mem_bad._abel_1_6: kernel; axioms=[propext, Quot.sound]
info: Kobon/Audit.lean:7:0: AUDIT Kobon.TamuraSeed5.arrangement.eq_1: kernel; axioms=[propext, Classical.choice, Quot.sound]
info: Kobon/Audit.lean:7:0: AUDIT Kobon.BBLRowOrder.auxiliary_outside_of_close._proof_1_35: kernel; axioms=[propext, Quot.sound]
info: Kobon/Audit.lean:7:0: AUDIT Kobon.HybridBoundary.derivative_nonneg_iff: kernel; axioms=[propext, Classical.choice, Quot.sound]
info: Kobon/Audit.lean:7:0: AUDIT Kobon.BBLVisible.auxPair_keys._proof_1_23: kernel; axioms=[propext, Classical.choice, Quot.sound]
info: Kobon/Audit.lean:7:0: AUDIT Kobon.FurediPalastiTwoCaps.selected_preserved._proof_1_5: kernel; axioms=[propext, Quot.sound]
info: Kobon/Audit.lean:7:0: AUDIT Kobon.Universal.polynomial_gap_exact: kernel; axioms=[propext, Classical.choice, Quot.sound]
info: Kobon/Audit.lean:7:0: AUDIT Kobon.Results.earlier_034: native-evaluation; axioms=[propext,
 Classical.choice,
 Quot.sound,
 Kobon.Certificates.N034T00357Hfbde0a76.checked._native.native_decide.ax_1_1]
info: Kobon/Audit.lean:7:0: AUDIT Kobon.Certificates.N082T02172Hd75c9101.checked: native-evaluation; axioms=[propext,
 Kobon.Certificates.N082T02172Hd75c9101.checked._native.native_decide.ax_1_1]
info: Kobon/Audit.lean:7:0: AUDIT Kobon.BBLLiftedRows.crossKey_injective._proof_1_8: kernel; axioms=[propext, Quot.sound]
info: Kobon/Audit.lean:7:0: AUDIT Kobon.ShiftedFurediPalasti.low_after._proof_1_1: kernel; axioms=[propext, Quot.sound]
info: Kobon/Audit.lean:7:0: AUDIT Kobon.BBLRowOrder.newKey_injective._proof_1_26: kernel; axioms=[propext, Quot.sound]
info: Kobon/Audit.lean:7:0: AUDIT Kobon.LowerBound.mono: kernel; axioms=[propext, Classical.choice, Quot.sound]
info: Kobon/Audit.lean:7:0: AUDIT Kobon.AllN.exact_exception_values._proof_1_6: kernel; axioms=[]
info: Kobon/Audit.lean:7:0: AUDIT Kobon.BBLRowGeometry.mixed_triangle._proof_1_10: kernel; axioms=[propext, Quot.sound]
info: Kobon/Audit.lean:7:0: AUDIT Kobon.Results.best_classical_041: native-evaluation; axioms=[propext,
 Classical.choice,
 Quot.sound,
 Kobon.Certificates.N041T00533H01e2ef66.checked._native.native_decide.ax_1_1]
info: Kobon/Audit.lean:7:0: AUDIT Kobon.Results.best_simple_022: native-evaluation; axioms=[propext,
 Classical.choice,
 Quot.sound,
 Kobon.Certificates.N022T00143H54396c64.checked._native.native_decide.ax_1_1,
 Kobon.Certificates.N022T00143H54396c64.no_concurrent._native.native_decide.ax_1_1]
info: Kobon/Audit.lean:7:0: AUDIT Kobon.BBLSeed21.last_line: kernel; axioms=[propext, Classical.choice, Quot.sound]
info: Kobon/Audit.lean:7:0: AUDIT Kobon.Cells.closed_iff_weights: kernel; axioms=[propext, Classical.choice, Quot.sound]
info: Kobon/Audit.lean:7:0: AUDIT Kobon.BBLCaps.capRow_central: kernel; axioms=[propext]
info: Kobon/Audit.lean:7:0: AUDIT Kobon.AllN.dominates_every_saved_certificate._proof_1_105: kernel; axioms=[]
info: Kobon/Audit.lean:7:0: AUDIT Kobon.Results.best_classical_024: native-evaluation; axioms=[propext,
 Classical.choice,
 Quot.sound,
 Kobon.Certificates.N024T00172He63e906b.checked._native.native_decide.ax_1_1]
info: Kobon/Audit.lean:7:0: AUDIT Kobon.Certificates.N033T00341H95f3b770.lower_bound: native-evaluation; axioms=[propext,
 Classical.choice,
 Quot.sound,
 Kobon.Certificates.N033T00341H95f3b770.checked._native.native_decide.ax_1_1]
info: Kobon/Audit.lean:7:0: AUDIT Kobon.BBLCapSigns.cap_key_signs._proof_1_53: kernel; axioms=[propext, Quot.sound]
info: Kobon/Audit.lean:7:0: AUDIT Kobon.BBLRowOrder.newKey_symm._proof_1_28: kernel; axioms=[propext, Quot.sound]
info: Kobon/Audit.lean:7:0: AUDIT Kobon.BBLCapHeight.cap_key_height._proof_1_5: kernel; axioms=[propext, Classical.choice, Quot.sound]
info: Kobon/Audit.lean:7:0: AUDIT Kobon.Iteration49.profile_bound_53._proof_1_1: kernel; axioms=[propext, Classical.choice, Quot.sound]
info: Kobon/Audit.lean:7:0: AUDIT Kobon.FanGeometry.line_not_both_opposite_rays: kernel; axioms=[propext, Classical.choice, Quot.sound]
info: Kobon/Audit.lean:7:0: AUDIT Kobon.FanGeometry.FanStrip.positive_length: kernel; axioms=[propext, Classical.choice, Quot.sound]
info: Kobon/Audit.lean:7:0: AUDIT Kobon.ShiftedFurediPalasti.selected_sum_nonzero._proof_1_2: kernel; axioms=[propext, Quot.sound]
info: Kobon/Audit.lean:7:0: AUDIT Kobon.BBLSimple.canonical_no_concurrent: kernel; axioms=[propext, Classical.choice, Quot.sound]
info: Kobon/Audit.lean:7:0: AUDIT Kobon.BBLTriangles.outside_evaluation_product: kernel; axioms=[propext, Classical.choice, Quot.sound]
info: Kobon/Audit.lean:7:0: AUDIT Kobon.Cells.TriangleGeometry.Cq: kernel; axioms=[propext, Classical.choice, Quot.sound]
info: Kobon/Audit.lean:7:0: AUDIT Kobon.FurediPalastiWrap.upper_pair_nonpos._proof_1_5: kernel; axioms=[propext, Quot.sound]
info: Kobon/Audit.lean:7:0: AUDIT Kobon.AllN.dominates_every_saved_certificate._proof_1_46: kernel; axioms=[]
info: Kobon/Audit.lean:7:0: AUDIT Kobon.Certificates.N042T00553H9849e255.lower_bound: native-evaluation; axioms=[propext,
 Classical.choice,
 Quot.sound,
 Kobon.Certificates.N042T00553H9849e255.checked._native.native_decide.ax_1_1]
info: Kobon/Audit.lean:7:0: AUDIT Kobon.BBLCapHeight.cap_endpoint_height._proof_1_6: kernel; axioms=[propext, Quot.sound]
info: Kobon/Audit.lean:7:0: AUDIT Kobon.Certificates.N039T00468H5c5b0b26.no_concurrent: native-evaluation; axioms=[propext,
 Kobon.Certificates.N039T00468H5c5b0b26.no_concurrent._native.native_decide.ax_1_1]
info: Kobon/Audit.lean:7:0: AUDIT Kobon.Certificates.N014T00054H10576514.checked: native-evaluation; axioms=[propext,
 Kobon.Certificates.N014T00054H10576514.checked._native.native_decide.ax_1_1]
info: Kobon/Audit.lean:7:0: AUDIT Kobon.BBLProfiles.profile_key_bounds: kernel; axioms=[propext, Classical.choice, Quot.sound]
info: Kobon/Audit.lean:7:0: AUDIT Kobon.Results.simple_034: native-evaluation; axioms=[propext,
 Classical.choice,
 Quot.sound,
 Kobon.Certificates.N034T00357Hfbde0a76.checked._native.native_decide.ax_1_1,
 Kobon.Certificates.N034T00357Hfbde0a76.no_concurrent._native.native_decide.ax_1_1]
info: Kobon/Audit.lean:7:0: AUDIT Kobon.BBLNextSaturation.noncentral_gap._proof_1_26: kernel; axioms=[propext, Classical.choice, Quot.sound]
info: Kobon/Audit.lean:7:0: AUDIT Kobon.Certificates.N045T00645H3dc6e882.simple_lower_bound: native-evaluation; axioms=[propext,
 Classical.choice,
 Quot.sound,
 Kobon.Certificates.N045T00645H3dc6e882.checked._native.native_decide.ax_1_1,
 Kobon.Certificates.N045T00645H3dc6e882.no_concurrent._native.native_decide.ax_1_1]
info: Kobon/Audit.lean:7:0: AUDIT Kobon.Results.best_classical_016: native-evaluation; axioms=[propext,
 Classical.choice,
 Quot.sound,
 Kobon.Certificates.N016T00072H391cf79a.checked._native.native_decide.ax_1_1]
info: Kobon/Audit.lean:7:0: AUDIT Kobon.BBLConsecutive.supports_consecutive._proof_1_11: kernel; axioms=[propext, Quot.sound]
info: Kobon/Audit.lean:7:0: AUDIT Kobon.BBLRealizedPencil.arrangement_eq_canonical._proof_1_1: kernel; axioms=[propext, Quot.sound]
info: Kobon/Audit.lean:7:0: AUDIT Kobon.Certificates.N052T00850H4b0d823a.checked: native-evaluation; axioms=[propext,
 Kobon.Certificates.N052T00850H4b0d823a.checked._native.native_decide.ax_1_1]
info: Kobon/Audit.lean:7:0: AUDIT Kobon.BBLPencilProfiles.pair_profile_eventually._proof_1_10: kernel; axioms=[propext, Quot.sound]
info: Kobon/Audit.lean:7:0: AUDIT Kobon.TamuraSeed5.parameters.eq_1: kernel; axioms=[propext, Classical.choice, Quot.sound]
info: Kobon/Audit.lean:7:0: AUDIT Kobon.BBLRowOrder.newKey_injective._proof_1_91: kernel; axioms=[propext, Quot.sound]
info: Kobon/Audit.lean:7:0: AUDIT KobonBoundary.even_full_gain._proof_1_2: kernel; axioms=[propext, Classical.choice, Quot.sound]
info: Kobon/Audit.lean:7:0: AUDIT Kobon.BBLRowOrder.newKey_symm._proof_1_6: kernel; axioms=[propext, Quot.sound]
info: Kobon/Audit.lean:7:0: AUDIT Kobon.BBLAlternation.saturated_alternation._proof_1_2: kernel; axioms=[propext, Quot.sound]
info: Kobon/Audit.lean:7:0: AUDIT Kobon.Parametric.evaluate_scale: kernel; axioms=[propext, Classical.choice, Quot.sound]
info: Kobon/Audit.lean:7:0: AUDIT Kobon.FurediPalasti.selected_sum_nonzero: kernel; axioms=[propext, Classical.choice, Quot.sound]
info: Kobon/Audit.lean:7:0: AUDIT Kobon.FurediPalastiChart.angle_le_angle: kernel; axioms=[propext, Classical.choice, Quot.sound]
info: Kobon/Audit.lean:7:0: AUDIT Kobon.Results.best_classical_033: native-evaluation; axioms=[propext,
 Classical.choice,
 Quot.sound,
 Kobon.Certificates.N033T00341H95f3b770.checked._native.native_decide.ax_1_1]
info: Kobon/Audit.lean:7:0: AUDIT Kobon.BBLLiftedKeys.lifted_new_le_iff._proof_1_3: kernel; axioms=[propext, Classical.choice, Quot.sound]
info: Kobon/Audit.lean:7:0: AUDIT Kobon.BBLPencilRegularity.factor_pos: kernel; axioms=[propext, Classical.choice, Quot.sound]
info: Kobon/Audit.lean:7:0: AUDIT Kobon.Certificates.N053T00884H723d7eff.lower_bound: native-evaluation; axioms=[propext,
 Classical.choice,
 Quot.sound,
 Kobon.Certificates.N053T00884H723d7eff.checked._native.native_decide.ax_1_1]
info: Kobon/Audit.lean:7:0: AUDIT Kobon.BBLRowOrder.newKey_symm._proof_1_53: kernel; axioms=[propext, Quot.sound]
info: Kobon/Audit.lean:7:0: AUDIT Kobon.Results.classical_044: native-evaluation; axioms=[propext,
 Classical.choice,
 Quot.sound,
 Kobon.Certificates.N044T00608Hb5277675.checked._native.native_decide.ax_1_1]
info: Kobon/Audit.lean:7:0: AUDIT Kobon.FurediPalastiCount.good_subset_orbits._proof_1_7: kernel; axioms=[propext, Quot.sound]
info: Kobon/Audit.lean:7:0: AUDIT Kobon.Exterior.append_new: kernel; axioms=[propext, Classical.choice, Quot.sound]
info: Kobon/Audit.lean:7:0: AUDIT Kobon.FanGeometry.FanStrip.opposite_right: kernel; axioms=[propext, Classical.choice, Quot.sound]
info: Kobon/Audit.lean:7:0: AUDIT Kobon.Certificates.N047T00690Hd8af27fc.lower_bound: native-evaluation; axioms=[propext,
 Classical.choice,
 Quot.sound,
 Kobon.Certificates.N047T00690Hd8af27fc.checked._native.native_decide.ax_1_1]
info: Kobon/Audit.lean:7:0: AUDIT Kobon.FurediPalasti.low_after._proof_1_2: kernel; axioms=[propext, Quot.sound]
info: Kobon/Audit.lean:7:0: AUDIT Kobon.BBLSimple.canonical_no_concurrent._proof_1_7: kernel; axioms=[propext, Quot.sound]
info: Kobon/Audit.lean:7:0: AUDIT Kobon.AffineLemmas.negative_between_endpoints: kernel; axioms=[propext, Classical.choice, Quot.sound]
info: Kobon/Audit.lean:7:0: AUDIT Kobon.HybridBoundary.derivative_nonpos_iff._simp_1_4: kernel; axioms=[propext]
info: Kobon/Audit.lean:7:0: AUDIT Kobon.SharedFan.endpoint_not_on_other: kernel; axioms=[propext, Classical.choice, Quot.sound]
info: Kobon/Audit.lean:7:0: AUDIT Kobon.FurediPalastiCount.good.eq_1: kernel; axioms=[propext, Classical.choice, Quot.sound]
info: Kobon/Audit.lean:7:0: AUDIT Kobon.Certificates.N051T00818Hc18e1baf.no_concurrent: native-evaluation; axioms=[propext,
 Kobon.Certificates.N051T00818Hc18e1baf.no_concurrent._native.native_decide.ax_1_1]
info: Kobon/Audit.lean:7:0: AUDIT Kobon.TamuraTangentBounds.tan_32_11_bounds: kernel; axioms=[propext, Classical.choice, Quot.sound]
info: Kobon/Audit.lean:7:0: AUDIT Kobon.Certificates.N047T00690Hd8af27fc.simple_lower_bound: native-evaluation; axioms=[propext,
 Classical.choice,
 Quot.sound,
 Kobon.Certificates.N047T00690Hd8af27fc.checked._native.native_decide.ax_1_1,
 Kobon.Certificates.N047T00690Hd8af27fc.no_concurrent._native.native_decide.ax_1_1]
info: Kobon/Audit.lean:7:0: AUDIT Kobon.FurediPalastiTwoCaps.upper_cap_sign._proof_1_1: kernel; axioms=[propext, Quot.sound]
info: Kobon/Audit.lean:7:0: AUDIT Kobon.BBLCrossingCoordinates.coordinate_eq_crossing._proof_1_6: kernel; axioms=[propext, Quot.sound]
info: Kobon/Audit.lean:7:0: AUDIT Kobon.BBLCaps.cap_no_aux_between._proof_1_46: kernel; axioms=[propext, Quot.sound]
info: Kobon/Audit.lean:7:0: AUDIT Kobon.FurediPalastiTwoCaps.two_cap_simple_lower_bound._proof_1_3: kernel; axioms=[propext, Quot.sound]
info: Kobon/Audit.lean:7:0: AUDIT Kobon.FurediPalastiTwoCaps.upper_inner_sign._proof_1_12: kernel; axioms=[propext, Quot.sound]
info: Kobon/Audit.lean:7:0: AUDIT Kobon.ShiftedFurediPalasti.selected_triangle._proof_1_9: kernel; axioms=[propext, Quot.sound]
info: Kobon/Audit.lean:7:0: AUDIT Kobon.BBLRowOrder.newKey_injective._proof_1_35: kernel; axioms=[propext, Quot.sound]
info: Kobon/Audit.lean:7:0: AUDIT Kobon.BBLRealization.horizontal_coordinate_profile._proof_1_15: kernel; axioms=[propext, Quot.sound]
info: Kobon/Audit.lean:7:0: AUDIT Kobon.FurediPalastiWrap.selected_witness: kernel; axioms=[propext, Classical.choice, Quot.sound]
info: Kobon/Audit.lean:7:0: AUDIT Kobon.Certificates.N055T00954Hea7675d9.simple_lower_bound: native-evaluation; axioms=[propext,
 Classical.choice,
 Quot.sound,
 Kobon.Certificates.N055T00954Hea7675d9.checked._native.native_decide.ax_1_1,
 Kobon.Certificates.N055T00954Hea7675d9.no_concurrent._native.native_decide.ax_1_1]
info: Kobon/Audit.lean:7:0: AUDIT Kobon.BBLCapEnvelope.graph_reference_sign._proof_1_3: kernel; axioms=[propext, Quot.sound]
info: Kobon/Audit.lean:7:0: AUDIT Kobon.BBLLiftedKeys.lifted_anchor._proof_1_29: kernel; axioms=[propext, Quot.sound]
info: Kobon/Audit.lean:7:0: AUDIT Kobon.AllN.zero_lower_bound: kernel; axioms=[propext, Classical.choice, Quot.sound]
info: Kobon/Audit.lean:7:0: AUDIT Kobon.Certificates.N005T00003H6265d6a7.lower_bound: native-evaluation; axioms=[propext,
 Classical.choice,
 Quot.sound,
 Kobon.Certificates.N005T00003H6265d6a7.checked._native.native_decide.ax_1_1]
info: Kobon/Audit.lean:7:0: AUDIT Kobon.Universal.strict_even_multiples: kernel; axioms=[propext, Quot.sound]
info: Kobon/Audit.lean:7:0: AUDIT Kobon.Certificates.N014T00053H5e6068f5.lower_bound: native-evaluation; axioms=[propext,
 Classical.choice,
 Quot.sound,
 Kobon.Certificates.N014T00053H5e6068f5.checked._native.native_decide.ax_1_1]
info: Kobon/Audit.lean:7:0: AUDIT Kobon.intersection_on_right: kernel; axioms=[propext, Classical.choice, Quot.sound]
info: Kobon/Audit.lean:7:0: AUDIT Kobon.BBLRowOrder.newKey_injective._proof_1_100: kernel; axioms=[propext, Quot.sound]
info: Kobon/Audit.lean:7:0: AUDIT Kobon.BBLVisible.auxPair_bounds._proof_1_2: kernel; axioms=[propext, Classical.choice, Quot.sound]
info: Kobon/Audit.lean:7:0: AUDIT Kobon.BBLPencilProfiles.pair_profile_eventually._proof_1_22: kernel; axioms=[propext, Quot.sound]
info: Kobon/Audit.lean:7:0: AUDIT Kobon.AllN.dominates_every_saved_certificate._proof_1_96: kernel; axioms=[]
info: Kobon/Audit.lean:7:0: AUDIT Kobon.BBLRowGeometry.row_outside._proof_1_11: kernel; axioms=[propext, Quot.sound]
info: Kobon/Audit.lean:7:0: AUDIT Kobon.BBLTriangles.triangle_of_last_two_sides._proof_1_2: kernel; axioms=[propext, Quot.sound]
info: Kobon/Audit.lean:7:0: AUDIT Kobon.BBLRowOrder.newKey_injective._proof_1_52: kernel; axioms=[propext, Quot.sound]
info: Kobon/Audit.lean:7:0: AUDIT Kobon.BBLLiftedKeys.lifted_anchor._proof_1_56: kernel; axioms=[propext, Quot.sound]
info: Kobon/Audit.lean:7:0: AUDIT Kobon.BBLCentralEnvelope.central_endpoint._proof_1_14: kernel; axioms=[propext, Quot.sound]
info: Kobon/Audit.lean:7:0: AUDIT Kobon.BBLRowOrder.newKey_injective._proof_1_48: kernel; axioms=[propext, Quot.sound]
info: Kobon/Audit.lean:7:0: AUDIT Kobon.BBLLiftedKeys.lifted_anchor._proof_1_15: kernel; axioms=[propext, Classical.choice, Quot.sound]
info: Kobon/Audit.lean:7:0: AUDIT Kobon.Results.best_classical_049: native-evaluation; axioms=[propext,
 Classical.choice,
 Quot.sound,
 Kobon.Certificates.N049T00767H957e6f15.checked._native.native_decide.ax_1_1]
info: Kobon/Audit.lean:7:0: AUDIT Kobon.FurediPalasti.selected_triangle._proof_1_10: kernel; axioms=[propext, Quot.sound]
info: Kobon/Audit.lean:7:0: AUDIT Kobon.BBLVisible.auxPair_keys._proof_1_26: kernel; axioms=[propext, Quot.sound]
info: Kobon/Audit.lean:7:0: AUDIT Kobon.BBLSeed21.lo.eq_1: kernel; axioms=[propext, Classical.choice, Quot.sound]
info: Kobon/Audit.lean:7:0: AUDIT Kobon.Certificates.N021T00133H36bae754.lower_bound: native-evaluation; axioms=[propext,
 Classical.choice,
 Quot.sound,
 Kobon.Certificates.N021T00133H36bae754.checked._native.native_decide.ax_1_1]
info: Kobon/Audit.lean:7:0: AUDIT Kobon.BBLTriangles.no_concurrent_at_pair: kernel; axioms=[propext, Classical.choice, Quot.sound]
info: Kobon/Audit.lean:7:0: AUDIT Kobon.AllN.dominates_every_saved_certificate._proof_1_38: kernel; axioms=[]
info: Kobon/Audit.lean:7:0: AUDIT Kobon.BBLGrid.tangent_product_identity._simp_1_2: kernel; axioms=[propext]
info: Kobon/Audit.lean:7:0: AUDIT Kobon.Cells.weights_barycenter: kernel; axioms=[propext, Classical.choice, Quot.sound]
info: Kobon/Audit.lean:7:0: AUDIT Kobon.BBLNextSaturation.noncentral_gap._proof_1_1: kernel; axioms=[propext, Quot.sound]
info: Kobon/Audit.lean:7:0: AUDIT Kobon.BBLIntersection.graph_crossing_x._simp_1_5: kernel; axioms=[propext]
info: Kobon/Audit.lean:7:0: AUDIT Kobon.CyclicFan.Geometry.no_long_run._proof_1_3: kernel; axioms=[propext, Quot.sound]
info: Kobon/Audit.lean:7:0: AUDIT Kobon.Certificates.N042T00553H9849e255.checked: native-evaluation; axioms=[propext,
 Kobon.Certificates.N042T00553H9849e255.checked._native.native_decide.ax_1_1]
info: Kobon/Audit.lean:7:0: AUDIT Kobon.FurediPalastiWrap.upper_pair_nonpos._proof_1_7: kernel; axioms=[propext, Quot.sound]
info: Kobon/Audit.lean:7:0: AUDIT Kobon.AllN.baseline_after_last_exception._proof_1_11: kernel; axioms=[propext, Quot.sound]
info: Kobon/Audit.lean:7:0: AUDIT Kobon.ShiftedFurediPalasti.selected_indices._proof_1_2: kernel; axioms=[propext, Quot.sound]
info: Kobon/Audit.lean:7:0: AUDIT Kobon.BBLGridCuts.cut_right: kernel; axioms=[propext, Classical.choice, Quot.sound]
info: Kobon/Audit.lean:7:0: AUDIT Kobon.BBLRealization.horizontal_profile._proof_1_22: kernel; axioms=[propext, Quot.sound]
info: Kobon/Audit.lean:7:0: AUDIT Kobon.BBLLiftedKeys.lifted_anchor._proof_1_47: kernel; axioms=[propext, Quot.sound]
info: Kobon/Audit.lean:7:0: AUDIT Kobon.Certificates.N015T00065H4d3bf3b4.checked: native-evaluation; axioms=[propext,
 Kobon.Certificates.N015T00065H4d3bf3b4.checked._native.native_decide.ax_1_1]
info: Kobon/Audit.lean:7:0: AUDIT Kobon.Iteration.gainPrefix_monotone._proof_1_1: kernel; axioms=[propext, Quot.sound]
info: Kobon/Audit.lean:7:0: AUDIT Kobon.FurediPalastiWrap.halfphase_simple._proof_1_1: kernel; axioms=[propext, Quot.sound]
info: Kobon/Audit.lean:7:0: AUDIT Kobon.HybridBoundary.derivative_nonpos_iff: kernel; axioms=[propext, Classical.choice, Quot.sound]
info: Kobon/Audit.lean:7:0: AUDIT Kobon.Certificates.N011T00032Hb955e7c9.no_concurrent: native-evaluation; axioms=[propext,
 Kobon.Certificates.N011T00032Hb955e7c9.no_concurrent._native.native_decide.ax_1_1]
info: Kobon/Audit.lean:7:0: AUDIT Kobon.AllN.exact_exception_values._proof_1_62: kernel; axioms=[]
info: Kobon/Audit.lean:7:0: AUDIT Kobon.BBLTriangles.eval_cyclic: kernel; axioms=[propext, Classical.choice, Quot.sound]
info: Kobon/Audit.lean:7:0: AUDIT Kobon.BBLCount.outside_subset._proof_1_14: kernel; axioms=[propext, Quot.sound]
info: Kobon/Audit.lean:7:0: AUDIT Kobon.Parametric.toLine.eq_1: kernel; axioms=[propext, Classical.choice, Quot.sound]
info: Kobon/Audit.lean:7:0: AUDIT Kobon.Results.best_simple_046: native-evaluation; axioms=[propext,
 Classical.choice,
 Quot.sound,
 Kobon.Certificates.N046T00667H32b8ca2f.checked._native.native_decide.ax_1_1,
 Kobon.Certificates.N046T00667H32b8ca2f.no_concurrent._native.native_decide.ax_1_1]
info: Kobon/Audit.lean:7:0: AUDIT Kobon.FurediPalastiCount.mem_bad._simp_1_4: kernel; axioms=[propext, Quot.sound]
info: Kobon/Audit.lean:7:0: AUDIT Kobon.BBLLiftedKeys.reducedKeyIndex.eq_1: kernel; axioms=[]
info: Kobon/Audit.lean:7:0: AUDIT Kobon.AllN.dominates_every_saved_certificate._proof_1_92: kernel; axioms=[]
info: Kobon/Audit.lean:7:0: AUDIT Kobon.Results.best_simple_082: native-evaluation; axioms=[propext,
 Classical.choice,
 Quot.sound,
 Kobon.Certificates.N082T02172Hd75c9101.checked._native.native_decide.ax_1_1,
 Kobon.Certificates.N082T02172Hd75c9101.no_concurrent._native.native_decide.ax_1_1]
info: Kobon/Audit.lean:7:0: AUDIT Kobon.BBLOldRetention.noncap_eventually: kernel; axioms=[propext, Classical.choice, Quot.sound]
info: Kobon/Audit.lean:7:0: AUDIT Kobon.Results.simple_029: native-evaluation; axioms=[propext,
 Classical.choice,
 Quot.sound,
 Kobon.Certificates.N029T00261Hd4805c25.checked._native.native_decide.ax_1_1,
 Kobon.Certificates.N029T00261Hd4805c25.no_concurrent._native.native_decide.ax_1_1]
info: Kobon/Audit.lean:7:0: AUDIT Kobon.AllN.enhancement.eq_36: kernel; axioms=[]
info: Kobon/Audit.lean:7:0: AUDIT Kobon.BBLRowOrder.auxiliary_outside_of_close._proof_1_28: kernel; axioms=[propext, Classical.choice, Quot.sound]
info: Kobon/Audit.lean:7:0: AUDIT Kobon.Results.best_simple_008: native-evaluation; axioms=[propext,
 Classical.choice,
 Quot.sound,
 Kobon.Certificates.N008T00014H2a63f4d9.checked._native.native_decide.ax_1_1,
 Kobon.Certificates.N008T00014H2a63f4d9.no_concurrent._native.native_decide.ax_1_1]
info: Kobon/Audit.lean:7:0: AUDIT Kobon.FurediPalastiTwoCaps.upper_inner_sign._proof_1_11: kernel; axioms=[propext, Quot.sound]
info: Kobon/Audit.lean:7:0: AUDIT Kobon.BBLGridCuts.cut_beta_right: kernel; axioms=[propext, Classical.choice, Quot.sound]
info: Kobon/Audit.lean:7:0: AUDIT Kobon.BBLCount.outside_subset._proof_1_15: kernel; axioms=[propext, Quot.sound]
info: Kobon/Audit.lean:7:0: AUDIT Kobon.BBLVisible.auxPair_keys._proof_1_9: kernel; axioms=[propext, Classical.choice, Quot.sound]
info: Kobon/Audit.lean:7:0: AUDIT Kobon.SharedFan.real_triangles: kernel; axioms=[propext, Classical.choice, Quot.sound]
info: Kobon/Audit.lean:7:0: AUDIT Kobon.AllN.baseline_after_last_exception._proof_1_54: kernel; axioms=[propext, Quot.sound]
info: Kobon/Audit.lean:7:0: AUDIT Kobon.BBLLiftedKeys.lifted_anchor._proof_1_43: kernel; axioms=[propext, Classical.choice, Quot.sound]
info: Kobon/Audit.lean:7:0: AUDIT Kobon.Certificates.N026T00203H5452b4ff.no_concurrent: native-evaluation; axioms=[propext,
 Kobon.Certificates.N026T00203H5452b4ff.no_concurrent._native.native_decide.ax_1_1]
info: Kobon/Audit.lean:7:0: AUDIT Kobon.Certificates.N099T03170Hea507e2d.simple_lower_bound: native-evaluation; axioms=[propext,
 Classical.choice,
 Quot.sound,
 Kobon.Certificates.N099T03170Hea507e2d.checked._native.native_decide.ax_1_1,
 Kobon.Certificates.N099T03170Hea507e2d.no_concurrent._native.native_decide.ax_1_1]
info: Kobon/Audit.lean:7:0: AUDIT Kobon.AllN.enhancement.eq_39: kernel; axioms=[]
info: Kobon/Audit.lean:7:0: AUDIT Kobon.Results.best_classical_057: native-evaluation; axioms=[propext,
 Classical.choice,
 Quot.sound,
 Kobon.Certificates.N057T01045H9a1d337c.checked._native.native_decide.ax_1_1]
info: Kobon/Audit.lean:7:0: AUDIT Kobon.BBLGrid.factor_trigonometric._simp_1_7: kernel; axioms=[propext]
info: Kobon/Audit.lean:7:0: AUDIT Kobon.BBLCapRetention.cap_retained_eventually._proof_1_2: kernel; axioms=[propext, Quot.sound]
info: Kobon/Audit.lean:7:0: AUDIT Kobon.SharedFan.radial_segments_injective: kernel; axioms=[propext, Classical.choice, Quot.sound]
info: Kobon/Audit.lean:7:0: AUDIT Kobon.BBLIntersection.slopeFactor._proof_1: kernel; axioms=[propext]
info: Kobon/Audit.lean:7:0: AUDIT Kobon.Certificates.N029T00261Hd4805c25.lower_bound: native-evaluation; axioms=[propext,
 Classical.choice,
 Quot.sound,
 Kobon.Certificates.N029T00261Hd4805c25.checked._native.native_decide.ax_1_1]
info: Kobon/Audit.lean:7:0: AUDIT Kobon.AllN.baseline_after_last_exception: kernel; axioms=[propext, Quot.sound]
info: Kobon/Audit.lean:7:0: AUDIT Kobon.BBLRowOrder.newKey_injective._proof_1_13: kernel; axioms=[propext, Quot.sound]
info: Kobon/Audit.lean:7:0: AUDIT Kobon.Certificates.N099T03170Hea507e2d.lower_bound: native-evaluation; axioms=[propext,
 Classical.choice,
 Quot.sound,
 Kobon.Certificates.N099T03170Hea507e2d.checked._native.native_decide.ax_1_1]
info: Kobon/Audit.lean:7:0: AUDIT Kobon.FurediPalastiTwoCaps.lower_cap_sign: kernel; axioms=[propext, Classical.choice, Quot.sound]
info: Kobon/Audit.lean:7:0: AUDIT Kobon.Parametric.evalForm.eq_1: kernel; axioms=[propext, Classical.choice, Quot.sound]
info: Kobon/Audit.lean:7:0: AUDIT Kobon.eval_intersection._simp_1_1: kernel; axioms=[propext]
info: Kobon/Audit.lean:7:0: AUDIT Kobon.Certificates.N129T05461H6dae0012.lower_bound: native-evaluation; axioms=[propext,
 Classical.choice,
 Quot.sound,
 Kobon.Certificates.N129T05461H6dae0012.checked._native.native_decide.ax_1_1]
info: Kobon/Audit.lean:7:0: AUDIT Kobon.BBLCount.mixed_count_identity._proof_1_2: kernel; axioms=[propext, Quot.sound]
info: Kobon/Audit.lean:7:0: AUDIT Kobon.BBLRealization.horizontal_coordinate_profile._proof_1_10: kernel; axioms=[propext, Quot.sound]
info: Kobon/Audit.lean:7:0: AUDIT Kobon.Results.best_simple_043: native-evaluation; axioms=[propext,
 Classical.choice,
 Quot.sound,
 Kobon.Certificates.N043T00587H861d8be2.checked._native.native_decide.ax_1_1,
 Kobon.Certificates.N043T00587H861d8be2.no_concurrent._native.native_decide.ax_1_1]
info: Kobon/Audit.lean:7:0: AUDIT Kobon.AllN.exact_exception_values._proof_1_63: kernel; axioms=[]
info: Kobon/Audit.lean:7:0: AUDIT Kobon.Certificates.N008T00014H2a63f4d9.lower_bound: native-evaluation; axioms=[propext,
 Classical.choice,
 Quot.sound,
 Kobon.Certificates.N008T00014H2a63f4d9.checked._native.native_decide.ax_1_1]
info: Kobon/Audit.lean:7:0: AUDIT Kobon.FurediPalastiTwoCaps.selected_preserved._proof_1_3: kernel; axioms=[propext, Quot.sound]
info: Kobon/Audit.lean:7:0: AUDIT Kobon.FurediPalastiCount.good_subset_orbits._proof_1_5: kernel; axioms=[propext, Quot.sound]
info: Kobon/Audit.lean:7:0: AUDIT Kobon.BBLLiftedRows.liftedCrossKey_le_iff._proof_1_12: kernel; axioms=[propext, Quot.sound]
info: Kobon/Audit.lean:7:0: AUDIT Kobon.Certificates.N006T00007H6ea9ebaa.checked: native-evaluation; axioms=[propext,
 Kobon.Certificates.N006T00007H6ea9ebaa.checked._native.native_decide.ax_1_1]
info: Kobon/Audit.lean:7:0: AUDIT Kobon.BBLCaps.capRow_ne_horizontal._proof_1_2: kernel; axioms=[propext, Quot.sound]
info: Kobon/Audit.lean:7:0: AUDIT Kobon.BBLCaps.cap_side._proof_1_2: kernel; axioms=[propext, Quot.sound]
info: Kobon/Audit.lean:7:0: AUDIT Kobon.BBLConsecutive.supports_consecutive._proof_1_16: kernel; axioms=[propext, Quot.sound]
info: Kobon/Audit.lean:7:0: AUDIT Kobon.Certificates.N014T00054Hfa427b3d.lower_bound: native-evaluation; axioms=[propext,
 Classical.choice,
 Quot.sound,
 Kobon.Certificates.N014T00054Hfa427b3d.checked._native.native_decide.ax_1_1]
info: Kobon/Audit.lean:7:0: AUDIT Kobon.BBLLiftedRows.liftedCrossKey_le_iff._proof_1_8: kernel; axioms=[propext, Quot.sound]
info: Kobon/Audit.lean:7:0: AUDIT Kobon.BBLRowGeometry.mixed_triangle._proof_1_9: kernel; axioms=[propext, Quot.sound]
info: Kobon/Audit.lean:7:0: AUDIT Kobon.Certificates.N060T01140H16af6d0b.lower_bound: native-evaluation; axioms=[propext,
 Classical.choice,
 Quot.sound,
 Kobon.Certificates.N060T01140H16af6d0b.checked._native.native_decide.ax_1_1]
info: Kobon/Audit.lean:7:0: AUDIT Kobon.Exterior.visible_triangle._proof_1_3: kernel; axioms=[propext, Quot.sound]
info: Kobon/Audit.lean:7:0: AUDIT Kobon.BBLPencilProfiles.key_anchor._proof_1_3: kernel; axioms=[propext, Quot.sound]
info: Kobon/Audit.lean:7:0: AUDIT Kobon.Iteration49.boundary_49._proof_21: kernel; axioms=[propext]
info: Kobon/Audit.lean:7:0: AUDIT Kobon.BBLPencilLimits.pairDen_zero: kernel; axioms=[propext, Classical.choice, Quot.sound]
info: Kobon/Audit.lean:7:0: AUDIT Kobon.BBLNextSaturation.noncentral_gap._proof_1_6: kernel; axioms=[propext, Classical.choice, Quot.sound]
info: Kobon/Audit.lean:7:0: AUDIT Kobon.BBLCentralPersistence.central_retained_eventually._proof_1_1: kernel; axioms=[propext, Quot.sound]
info: Kobon/Audit.lean:7:0: AUDIT Kobon.BBLCapSigns.cap_key_signs._proof_1_22: kernel; axioms=[propext, Quot.sound]
info: Kobon/Audit.lean:7:0: AUDIT Kobon.Results.best_simple_007: native-evaluation; axioms=[propext,
 Classical.choice,
 Quot.sound,
 Kobon.Certificates.N007T00011He6b9a626.checked._native.native_decide.ax_1_1,
 Kobon.Certificates.N007T00011He6b9a626.no_concurrent._native.native_decide.ax_1_1]
info: Kobon/Audit.lean:7:0: AUDIT Kobon.TamuraTangentBounds.tan_32_7_bounds: kernel; axioms=[propext, Classical.choice, Quot.sound]
info: Kobon/Audit.lean:7:0: AUDIT Kobon.BBLGridReindex.perm_inv._proof_1_7: kernel; axioms=[propext, Quot.sound]
info: Kobon/Audit.lean:7:0: AUDIT Kobon.Certificates.N065T01365Hb1dcbeb4.lower_bound: native-evaluation; axioms=[propext,
 Classical.choice,
 Quot.sound,
 Kobon.Certificates.N065T01365Hb1dcbeb4.checked._native.native_decide.ax_1_1]
info: Kobon/Audit.lean:7:0: AUDIT Kobon.BBLCapBridge.cap_replaced_eventually._proof_1_3: kernel; axioms=[propext, Quot.sound]
info: Kobon/Audit.lean:7:0: AUDIT Kobon.ShiftedFurediPalasti.selected_triangle._proof_1_2: kernel; axioms=[propext, Quot.sound]
info: Kobon/Audit.lean:7:0: AUDIT Kobon.BBLAlternation.consecutive_apices: kernel; axioms=[propext, Classical.choice, Quot.sound]
info: Kobon/Audit.lean:7:0: AUDIT Kobon.Results.best_simple_023: native-evaluation; axioms=[propext,
 Classical.choice,
 Quot.sound,
 Kobon.Certificates.N023T00161H969ad7d3.checked._native.native_decide.ax_1_1,
 Kobon.Certificates.N023T00161H969ad7d3.no_concurrent._native.native_decide.ax_1_1]
info: Kobon/Audit.lean:7:0: AUDIT Kobon.three_zeros_force_zero_normal: kernel; axioms=[propext, Classical.choice, Quot.sound]
info: Kobon/Audit.lean:7:0: AUDIT Kobon.Exterior.preserves_triangle._proof_1_1: kernel; axioms=[propext, Quot.sound]
info: Kobon/Audit.lean:7:0: AUDIT KobonBoundary.full_step_iff_both_parities._proof_1_1: kernel; axioms=[propext, Quot.sound]
info: Kobon/Audit.lean:7:0: AUDIT KobonExamples.bad5_count._proof_1_1: kernel; axioms=[propext, Classical.choice, Quot.sound]
info: Kobon/Audit.lean:7:0: AUDIT Kobon.FurediPalastiCaps.adjacent_cos_strict._proof_1_3: kernel; axioms=[propext, Quot.sound]
info: Kobon/Audit.lean:7:0: AUDIT Kobon.FurediPalastiChart.below_cap._proof_1_1: kernel; axioms=[propext, Quot.sound]
info: Kobon/Audit.lean:7:0: AUDIT Kobon.AllN.dominates_every_saved_certificate._proof_1_48: kernel; axioms=[]
info: Kobon/Audit.lean:7:0: AUDIT Kobon.Results.earlier_028: native-evaluation; axioms=[propext,
 Classical.choice,
 Quot.sound,
 Kobon.Certificates.N028T00238H56ef2acb.checked._native.native_decide.ax_1_1]
info: Kobon/Audit.lean:7:0: AUDIT Kobon.ShiftedFurediPalasti.selected_sum_nonzero._proof_1_1: kernel; axioms=[propext, Quot.sound]
info: Kobon/Audit.lean:7:0: AUDIT Kobon.BBLGridReindex.next_cut._proof_1_7: kernel; axioms=[propext, Quot.sound]
info: Kobon/Audit.lean:7:0: AUDIT Kobon.Results.best_simple_035: native-evaluation; axioms=[propext,
 Classical.choice,
 Quot.sound,
 Kobon.Certificates.N035T00385H9ee99af6.checked._native.native_decide.ax_1_1,
 Kobon.Certificates.N035T00385H9ee99af6.no_concurrent._native.native_decide.ax_1_1]
info: Kobon/Audit.lean:7:0: AUDIT Kobon.Certificates.N021T00132H3d8bae2f.checked: native-evaluation; axioms=[propext,
 Kobon.Certificates.N021T00132H3d8bae2f.checked._native.native_decide.ax_1_1]
info: Kobon/Audit.lean:7:0: AUDIT Kobon.Certificates.N014T00053H5e6068f5.simple_lower_bound: native-evaluation; axioms=[propext,
 Classical.choice,
 Quot.sound,
 Kobon.Certificates.N014T00053H5e6068f5.checked._native.native_decide.ax_1_1,
 Kobon.Certificates.N014T00053H5e6068f5.no_concurrent._native.native_decide.ax_1_1]
info: Kobon/Audit.lean:7:0: AUDIT Kobon.BBLIntersection.crossing_displacement._simp_1_5: kernel; axioms=[propext]
info: Kobon/Audit.lean:7:0: AUDIT Kobon.FurediPalastiTwoCaps.lower_outer_sign._proof_1_9: kernel; axioms=[propext, Quot.sound]
info: Kobon/Audit.lean:7:0: AUDIT Kobon.BBLCapRetention.cap_retained_eventually._proof_1_6: kernel; axioms=[propext, Quot.sound]
info: Kobon/Audit.lean:7:0: AUDIT Kobon.BBLRowOrder.newKey_symm._proof_1_31: kernel; axioms=[propext, Quot.sound]
info: Kobon/Audit.lean:7:0: AUDIT Kobon.AllN.dominates_every_saved_certificate._proof_1_40: kernel; axioms=[]
info: Kobon/Audit.lean:7:0: AUDIT Kobon.BBLCapHeight.cap_key_height._proof_1_1: kernel; axioms=[propext, Quot.sound]
info: Kobon/Audit.lean:7:0: AUDIT Kobon.Parametric.triangle_sound._proof_1_2: kernel; axioms=[propext, Quot.sound]
info: Kobon/Audit.lean:7:0: AUDIT Kobon.BBLVisible.auxPair_bounds: kernel; axioms=[propext, Classical.choice, Quot.sound]
info: Kobon/Audit.lean:7:0: AUDIT Kobon.FurediPalastiWrap.lower_pair_nonpos._proof_1_5: kernel; axioms=[propext, Quot.sound]
info: Kobon/Audit.lean:7:0: AUDIT Kobon.Results.classical_043: native-evaluation; axioms=[propext,
 Classical.choice,
 Quot.sound,
 Kobon.Certificates.N043T00587H861d8be2.checked._native.native_decide.ax_1_1]
info: Kobon/Audit.lean:7:0: AUDIT Kobon.BBLRowOrder.auxiliary_outside_of_close._proof_1_26: kernel; axioms=[propext, Quot.sound]
info: Kobon/Audit.lean:7:0: AUDIT Kobon.BBLAssembly.replace_injective_on._proof_1_4: kernel; axioms=[propext, Classical.choice, Quot.sound]
info: Kobon/Audit.lean:7:0: AUDIT Kobon.Parametric.determinant_value: kernel; axioms=[propext, Classical.choice, Quot.sound]
info: Kobon/Audit.lean:7:0: AUDIT Kobon.BBLRealization.horizontal_profile._proof_1_18: kernel; axioms=[propext, Quot.sound]
info: Kobon/Audit.lean:7:0: AUDIT Kobon.BBLPersistence.weak_of_strict: kernel; axioms=[propext, Classical.choice, Quot.sound]
info: Kobon/Audit.lean:7:0: AUDIT Kobon.BBLCentralEnvelope.central_endpoint._proof_1_12: kernel; axioms=[propext, Quot.sound]
info: Kobon/Audit.lean:7:0: AUDIT Kobon.Certificates.N082T02172Hd75c9101.lower_bound: native-evaluation; axioms=[propext,
 Classical.choice,
 Quot.sound,
 Kobon.Certificates.N082T02172Hd75c9101.checked._native.native_decide.ax_1_1]
info: Kobon/Audit.lean:7:0: AUDIT Kobon.BBLPersistence.triangle_preserved_eventually._proof_1_2: kernel; axioms=[propext, Quot.sound]
info: Kobon/Audit.lean:7:0: AUDIT Kobon.supporting_triangle_nondegenerate: kernel; axioms=[propext, Classical.choice, Quot.sound]
info: Kobon/Audit.lean:7:0: AUDIT Kobon.AllN.enhancement.eq_25: kernel; axioms=[]
info: Kobon/Audit.lean:7:0: AUDIT Kobon.Certificates.N005T00005Hdd0748b7.simple_lower_bound: native-evaluation; axioms=[propext,
 Classical.choice,
 Quot.sound,
 Kobon.Certificates.N005T00005Hdd0748b7.checked._native.native_decide.ax_1_1,
 Kobon.Certificates.N005T00005Hdd0748b7.no_concurrent._native.native_decide.ax_1_1]
info: Kobon/Audit.lean:7:0: AUDIT Kobon.AllN.strict_improvements._proof_1_25: kernel; axioms=[]
info: Kobon/Audit.lean:7:0: AUDIT Kobon.FanGeometry.FanStrip.ofTriangles._proof_2: kernel; axioms=[propext, Classical.choice, Quot.sound]
info: Kobon/Audit.lean:7:0: AUDIT Kobon.Results.best_classical_025: native-evaluation; axioms=[propext,
 Classical.choice,
 Quot.sound,
 Kobon.Certificates.N025T00191Hb568bffb.checked._native.native_decide.ax_1_1]
info: Kobon/Audit.lean:7:0: AUDIT Kobon.Exterior.visible_triangle._proof_1_1: kernel; axioms=[propext, Quot.sound]
info: Kobon/Audit.lean:7:0: AUDIT Kobon.Universal.polynomial_gap_exact._proof_1_2: kernel; axioms=[propext, Quot.sound]
info: Kobon/Audit.lean:7:0: AUDIT Kobon.BBLGridCuts.right_angle_bounds: kernel; axioms=[propext, Classical.choice, Quot.sound]
info: Kobon/Audit.lean:7:0: AUDIT Kobon.FurediPalastiTwoCaps.upper_outer_sign._proof_1_2: kernel; axioms=[propext, Quot.sound]
info: Kobon/Audit.lean:7:0: AUDIT Kobon.BBLCaps.cap_no_aux_between._proof_1_55: kernel; axioms=[propext, Quot.sound]
info: Kobon/Audit.lean:7:0: AUDIT Kobon.Certificates.N053T00884H723d7eff.checked: native-evaluation; axioms=[propext,
 Kobon.Certificates.N053T00884H723d7eff.checked._native.native_decide.ax_1_1]
info: Kobon/Audit.lean:7:0: AUDIT Kobon.Certificates.N025T00191Hb568bffb.no_concurrent: native-evaluation; axioms=[propext,
 Kobon.Certificates.N025T00191Hb568bffb.no_concurrent._native.native_decide.ax_1_1]
info: Kobon/Audit.lean:7:0: AUDIT Kobon.SharedFan.previous.eq_1: kernel; axioms=[]
info: Kobon/Audit.lean:7:0: AUDIT Kobon.FurediPalastiWrap.selected_preserved._proof_1_5: kernel; axioms=[propext, Classical.choice, Quot.sound]
info: Kobon/Audit.lean:7:0: AUDIT Kobon.Results.simple_055: native-evaluation; axioms=[propext,
 Classical.choice,
 Quot.sound,
 Kobon.Certificates.N055T00954Hea7675d9.checked._native.native_decide.ax_1_1,
 Kobon.Certificates.N055T00954Hea7675d9.no_concurrent._native.native_decide.ax_1_1]
info: Kobon/Audit.lean:7:0: AUDIT Kobon.BBLCapSigns.cap_key_signs._proof_1_5: kernel; axioms=[propext, Quot.sound]
info: Kobon/Audit.lean:7:0: AUDIT Kobon.BBLRowOrder.auxiliary_outside_of_close._proof_1_47: kernel; axioms=[propext, Classical.choice, Quot.sound]
info: Kobon/Audit.lean:7:0: AUDIT Kobon.Certificates.N059T01103Hba482375.lower_bound: native-evaluation; axioms=[propext,
 Classical.choice,
 Quot.sound,
 Kobon.Certificates.N059T01103Hba482375.checked._native.native_decide.ax_1_1]
info: Kobon/Audit.lean:7:0: AUDIT Kobon.BBLRowOrder.auxiliary_outside_of_close._proof_1_27: kernel; axioms=[propext, Classical.choice, Quot.sound]
info: Kobon/Audit.lean:7:0: AUDIT Kobon.HybridBoundary.seed_visible_checks._proof_1_1: kernel; axioms=[propext, Classical.choice, Quot.sound]
info: Kobon/Audit.lean:7:0: AUDIT Kobon.FurediPalastiCaps.pairX_adjacent_strict: kernel; axioms=[propext, Classical.choice, Quot.sound]
info: Kobon/Audit.lean:7:0: AUDIT Kobon.BBLCapHeight.cap_endpoint_height._proof_1_3: kernel; axioms=[propext, Quot.sound]
info: Kobon/Audit.lean:7:0: AUDIT Kobon.Parametric.directions_sound: kernel; axioms=[propext, Classical.choice, Quot.sound]
info: Kobon/Audit.lean:7:0: AUDIT Kobon.BBLCentral.perturbed_strict_maximum: kernel; axioms=[propext, Classical.choice, Quot.sound]
info: Kobon/Audit.lean:7:0: AUDIT Kobon.ShiftedFurediPalasti.high_after: kernel; axioms=[propext, Classical.choice, Quot.sound]
info: Kobon/Audit.lean:7:0: AUDIT Kobon.Universal.product_remainder._proof_1_1: kernel; axioms=[propext, Quot.sound]
info: Kobon/Audit.lean:7:0: AUDIT Kobon.Certificates.N050T00791H6bde86a3.checked: native-evaluation; axioms=[propext,
 Kobon.Certificates.N050T00791H6bde86a3.checked._native.native_decide.ax_1_1]
info: Kobon/Audit.lean:7:0: AUDIT Kobon.TamuraTangentBounds.tan_16_2_bounds: kernel; axioms=[propext, Classical.choice, Quot.sound]
info: Kobon/Audit.lean:7:0: AUDIT Kobon.BBLProfiles.profile_strict_order._proof_1_9: kernel; axioms=[propext, Quot.sound]
info: Kobon/Audit.lean:7:0: AUDIT Kobon.BBLCapReplacement.cap_replacement_eventually._proof_1_5: kernel; axioms=[propext, Quot.sound]
info: Kobon/Audit.lean:7:0: AUDIT Kobon.Exterior.ray_evaluation: kernel; axioms=[propext, Classical.choice, Quot.sound]
info: Kobon/Audit.lean:7:0: AUDIT Kobon.BBLCapSigns.cap_key_signs._proof_1_56: kernel; axioms=[propext, Classical.choice, Quot.sound]
info: Kobon/Audit.lean:7:0: AUDIT Kobon.BBLRowOrder.auxiliary_outside_of_close._proof_1_20: kernel; axioms=[propext, Classical.choice, Quot.sound]
info: Kobon/Audit.lean:7:0: AUDIT Kobon.HybridBoundary.derivative_nonpos_iff._simp_1_6: kernel; axioms=[propext, Classical.choice, Quot.sound]
info: Kobon/Audit.lean:7:0: AUDIT Kobon.AllN.dominates_every_saved_certificate._proof_1_86: kernel; axioms=[]
info: Kobon/Audit.lean:7:0: AUDIT Kobon.Certificates.N016T00072H391cf79a.simple_lower_bound: native-evaluation; axioms=[propext,
 Classical.choice,
 Quot.sound,
 Kobon.Certificates.N016T00072H391cf79a.checked._native.native_decide.ax_1_1,
 Kobon.Certificates.N016T00072H391cf79a.no_concurrent._native.native_decide.ax_1_1]
info: Kobon/Audit.lean:7:0: AUDIT Kobon.BBLRowOrder.newKey_injective._proof_1_81: kernel; axioms=[propext, Quot.sound]
info: Kobon/Audit.lean:7:0: AUDIT Kobon.BBLIntersection.pencil_crossing_x: kernel; axioms=[propext, Classical.choice, Quot.sound]
info: Kobon/Audit.lean:7:0: AUDIT Kobon.HybridBoundary.derivative_nonneg_iff._simp_1_4: kernel; axioms=[propext]
info: Kobon/Audit.lean:7:0: AUDIT Kobon.BBLRowOrder.auxiliary_outside_of_close._proof_1_68: kernel; axioms=[propext, Classical.choice, Quot.sound]
info: Kobon/Audit.lean:7:0: AUDIT Kobon.BBLVisible.auxPair_keys._proof_1_31: kernel; axioms=[propext, Classical.choice, Quot.sound]
info: Kobon/Audit.lean:7:0: AUDIT Kobon.BBLLiftedRows.crossKey_injective._proof_1_11: kernel; axioms=[propext, Quot.sound]
info: Kobon/Audit.lean:7:0: AUDIT Kobon.TamuraTangentBounds.tan_32_12_bounds: kernel; axioms=[propext, Classical.choice, Quot.sound]
info: Kobon/Audit.lean:7:0: AUDIT Kobon.Iteration49.boundary_49._proof_44: kernel; axioms=[propext]
info: Kobon/Audit.lean:7:0: AUDIT Kobon.BBLCapSigns.cap_key_signs._proof_1_82: kernel; axioms=[propext, Classical.choice, Quot.sound]
info: Kobon/Audit.lean:7:0: AUDIT Kobon.Certificates.N010T00025Hb767c427.no_concurrent: native-evaluation; axioms=[propext,
 Kobon.Certificates.N010T00025Hb767c427.no_concurrent._native.native_decide.ax_1_1]
info: Kobon/Audit.lean:7:0: AUDIT Kobon.Results.classical_035: native-evaluation; axioms=[propext,
 Classical.choice,
 Quot.sound,
 Kobon.Certificates.N035T00385H9ee99af6.checked._native.native_decide.ax_1_1]
info: Kobon/Audit.lean:7:0: AUDIT Kobon.FurediPalasti.high_before._proof_1_3: kernel; axioms=[propext, Quot.sound]
info: Kobon/Audit.lean:7:0: AUDIT Kobon.AllN.dominates_every_saved_certificate._proof_1_75: kernel; axioms=[]
info: Kobon/Audit.lean:7:0: AUDIT Kobon.AllN.dominates_every_saved_certificate._proof_1_29: kernel; axioms=[]
info: Kobon/Audit.lean:7:0: AUDIT Kobon.AllN.exact_exception_values._proof_1_11: kernel; axioms=[]
info: Kobon/Audit.lean:7:0: AUDIT Kobon.SharedFan.endpoint_on_segment: kernel; axioms=[propext, Classical.choice, Quot.sound]
info: Kobon/Audit.lean:7:0: AUDIT Kobon.CyclicFan.Geometry.antipodal: kernel; axioms=[propext, Classical.choice, Quot.sound]
info: Kobon/Audit.lean:7:0: AUDIT Kobon.Certificates.N026T00203He61b423c.lower_bound: native-evaluation; axioms=[propext,
 Classical.choice,
 Quot.sound,
 Kobon.Certificates.N026T00203He61b423c.checked._native.native_decide.ax_1_1]
info: Kobon/Audit.lean:7:0: AUDIT Kobon.Certificates.N056T00990Hde8a415c.simple_lower_bound: native-evaluation; axioms=[propext,
 Classical.choice,
 Quot.sound,
 Kobon.Certificates.N056T00990Hde8a415c.checked._native.native_decide.ax_1_1,
 Kobon.Certificates.N056T00990Hde8a415c.no_concurrent._native.native_decide.ax_1_1]
info: Kobon/Audit.lean:7:0: AUDIT Kobon.AllN.floor_benchmark_le._proof_1_1: kernel; axioms=[propext, Quot.sound]
info: Kobon/Audit.lean:7:0: AUDIT Kobon.Results.best_classical_082: native-evaluation; axioms=[propext,
 Classical.choice,
 Quot.sound,
 Kobon.Certificates.N082T02172Hd75c9101.checked._native.native_decide.ax_1_1]
info: Kobon/Audit.lean:7:0: AUDIT Kobon.BBLCount.mem_pairs._simp_1_4: kernel; axioms=[propext, Classical.choice, Quot.sound]
info: Kobon/Audit.lean:7:0: AUDIT Kobon.AllN.strict_improvements._proof_1_29: kernel; axioms=[]
info: Kobon/Audit.lean:7:0: AUDIT Kobon.ShiftedCount.ordered_bound_plus._proof_1_1: kernel; axioms=[propext, Classical.choice, Quot.sound]
info: Kobon/Audit.lean:7:0: AUDIT Kobon.BBLRowOrder.auxiliary_outside_of_close._proof_1_22: kernel; axioms=[propext, Quot.sound]
info: Kobon/Audit.lean:7:0: AUDIT Kobon.BBLGridCuts.left_angle_bounds._proof_1_1: kernel; axioms=[propext, Quot.sound]
info: Kobon/Audit.lean:7:0: AUDIT Kobon.BBLIntersection.graph_crossing_x: kernel; axioms=[propext, Classical.choice, Quot.sound]
info: Kobon/Audit.lean:7:0: AUDIT KobonExamples.bad6_simple._proof_1_1: kernel; axioms=[propext, Classical.choice, Quot.sound]
info: Kobon/Audit.lean:7:0: AUDIT Kobon.Results.best_classical_045: native-evaluation; axioms=[propext,
 Classical.choice,
 Quot.sound,
 Kobon.Certificates.N045T00645H3dc6e882.checked._native.native_decide.ax_1_1]
info: Kobon/Audit.lean:7:0: AUDIT Kobon.BBLIntersection.crossing_displacement._simp_1_7: kernel; axioms=[propext]
info: Kobon/Audit.lean:7:0: AUDIT Kobon.Cells.ofPredicate._proof_13: kernel; axioms=[propext, Classical.choice, Quot.sound]
info: Kobon/Audit.lean:7:0: AUDIT Kobon.Certificates.N036T00402H3fc01b7d.checked: native-evaluation; axioms=[propext,
 Kobon.Certificates.N036T00402H3fc01b7d.checked._native.native_decide.ax_1_1]
info: Kobon/Audit.lean:7:0: AUDIT Kobon.BBLRealization.horizontal_coordinate_profile._proof_1_16: kernel; axioms=[propext, Quot.sound]
info: Kobon/Audit.lean:7:0: AUDIT Kobon.BBLNextSaturation.noncentral_gap._proof_1_9: kernel; axioms=[propext, Classical.choice, Quot.sound]
info: Kobon/Audit.lean:7:0: AUDIT Kobon.Results.earlier_005: native-evaluation; axioms=[propext,
 Classical.choice,
 Quot.sound,
 Kobon.Certificates.N005T00005H948a0bdf.checked._native.native_decide.ax_1_1]
info: Kobon/Audit.lean:7:0: AUDIT Kobon.BBLSimple.canonical_no_concurrent._proof_1_4: kernel; axioms=[propext, Quot.sound]
info: Kobon/Audit.lean:7:0: AUDIT Kobon.BBLGrid.tangent_product_noncomplementary: kernel; axioms=[propext, Classical.choice, Quot.sound]
info: Kobon/Audit.lean:7:0: AUDIT Kobon.Certificates.N081T02132H7bc6b303.no_concurrent: native-evaluation; axioms=[propext,
 Kobon.Certificates.N081T02132H7bc6b303.no_concurrent._native.native_decide.ax_1_1]
info: Kobon/Audit.lean:7:0: AUDIT Kobon.Results.best_simple_024: native-evaluation; axioms=[propext,
 Classical.choice,
 Quot.sound,
 Kobon.Certificates.N024T00172He63e906b.checked._native.native_decide.ax_1_1,
 Kobon.Certificates.N024T00172He63e906b.no_concurrent._native.native_decide.ax_1_1]
info: Kobon/Audit.lean:7:0: AUDIT Kobon.BBLRowOrder.newKey_symm._proof_1_34: kernel; axioms=[propext, Quot.sound]
info: Kobon/Audit.lean:7:0: AUDIT Kobon.FurediPalastiWrap.upper_pair_nonpos._proof_1_8: kernel; axioms=[propext, Quot.sound]
info: Kobon/Audit.lean:7:0: AUDIT Kobon.AllN.strict_improvements._proof_1_8: kernel; axioms=[]
info: Kobon/Audit.lean:7:0: AUDIT Kobon.Universal.strict_at_odd_orders._proof_1_1: kernel; axioms=[propext, Quot.sound]
info: Kobon/Audit.lean:7:0: AUDIT Kobon.AllN.dominates_every_saved_certificate._proof_1_56: kernel; axioms=[]
info: Kobon/Audit.lean:7:0: AUDIT Kobon.AllN.dominates_every_saved_certificate._proof_1_18: kernel; axioms=[]
info: Kobon/Audit.lean:7:0: AUDIT Kobon.BBLRowGeometry.row_outside._proof_1_5: kernel; axioms=[propext, Quot.sound]
info: Kobon/Audit.lean:7:0: AUDIT Kobon.Certificates.N041T00532H6d48a341.no_concurrent: native-evaluation; axioms=[propext,
 Kobon.Certificates.N041T00532H6d48a341.no_concurrent._native.native_decide.ax_1_1]
info: Kobon/Audit.lean:7:0: AUDIT Kobon.Certificates.N057T01045H9a1d337c.lower_bound: native-evaluation; axioms=[propext,
 Classical.choice,
 Quot.sound,
 Kobon.Certificates.N057T01045H9a1d337c.checked._native.native_decide.ax_1_1]
info: Kobon/Audit.lean:7:0: AUDIT Kobon.BBLCapHeight.cap_key_height: kernel; axioms=[propext, Classical.choice, Quot.sound]
info: Kobon/Audit.lean:7:0: AUDIT Kobon.AllN.dominates_every_saved_certificate._proof_1_52: kernel; axioms=[]
info: Kobon/Audit.lean:7:0: AUDIT Kobon.FurediPalastiWrap.halfphase_simple._proof_1_3: kernel; axioms=[propext, Quot.sound]
info: Kobon/Audit.lean:7:0: AUDIT Kobon.FurediPalastiCount.mem_bad._simp_1_3: kernel; axioms=[propext, Classical.choice, Quot.sound]
info: Kobon/Audit.lean:7:0: AUDIT Kobon.Exterior.no_concurrent._proof_1_2: kernel; axioms=[propext, Quot.sound]
info: Kobon/Audit.lean:7:0: AUDIT Kobon.BBLGridReindex.rightmost._proof_1_1: kernel; axioms=[propext, Quot.sound]
info: Kobon/Audit.lean:7:0: AUDIT Kobon.FurediPalastiTwoCaps.upper_triangle._proof_1_5: kernel; axioms=[propext, Quot.sound]
info: Kobon/Audit.lean:7:0: AUDIT Kobon.ShiftedFurediPalasti.sumAngle.eq_1: kernel; axioms=[propext, Classical.choice, Quot.sound]
info: Kobon/Audit.lean:7:0: AUDIT Kobon.AllN.enhancement.eq_37: kernel; axioms=[]
info: Kobon/Audit.lean:7:0: AUDIT Kobon.BBLCapEnvelope.cap_left_endpoint._proof_1_4: kernel; axioms=[propext, Quot.sound]
info: Kobon/Audit.lean:7:0: AUDIT Kobon.Iteration.full_step_iteration._proof_1_5: kernel; axioms=[propext, Quot.sound]
info: Kobon/Audit.lean:7:0: AUDIT Kobon.BBLVisible.key_row_max._proof_1_2: kernel; axioms=[propext, Quot.sound]
info: Kobon/Audit.lean:7:0: AUDIT Kobon.BBLCentral.rightmost_central_maximum: kernel; axioms=[propext, Classical.choice, Quot.sound]
info: Kobon/Audit.lean:7:0: AUDIT Kobon.FurediPalastiTwoCaps.upper_triangle._proof_1_4: kernel; axioms=[propext, Quot.sound]
info: Kobon/Audit.lean:7:0: AUDIT Kobon.ShiftedFurediPalasti.sum_sin_pos0: kernel; axioms=[propext, Classical.choice, Quot.sound]
info: Kobon/Audit.lean:7:0: AUDIT Kobon.BBLTangentBounds.inverse_bounds: kernel; axioms=[propext, Classical.choice, Quot.sound]
info: Kobon/Audit.lean:7:0: AUDIT Kobon.BBLPencilLimits.pairX_zero._simp_1_6: kernel; axioms=[propext, Classical.choice, Quot.sound]
info: Kobon/Audit.lean:7:0: AUDIT Kobon.AllN.exact_exception_values._proof_1_47: kernel; axioms=[]
info: Kobon/Audit.lean:7:0: AUDIT Kobon.BBLRowOrder.key_bounds._proof_1_1: kernel; axioms=[propext, Classical.choice, Quot.sound]
info: Kobon/Audit.lean:7:0: AUDIT Kobon.BBLRowOrder.newKey_symm._proof_1_37: kernel; axioms=[propext, Quot.sound]
info: Kobon/Audit.lean:7:0: AUDIT KobonBoundary.charging_bound._proof_1_1: kernel; axioms=[propext, Quot.sound]
info: Kobon/Audit.lean:7:0: AUDIT Kobon.BBLRowGeometry.row_outside._proof_1_17: kernel; axioms=[propext, Quot.sound]
info: Kobon/Audit.lean:7:0: AUDIT Kobon.FurediPalastiWrap.upper_pair_nonpos._proof_1_4: kernel; axioms=[propext, Quot.sound]
info: Kobon/Audit.lean:7:0: AUDIT KobonBoundary.odd_defect_two: kernel; axioms=[propext, Quot.sound]
info: Kobon/Audit.lean:7:0: AUDIT Kobon.Results.best_simple_039: native-evaluation; axioms=[propext,
 Classical.choice,
 Quot.sound,
 Kobon.Certificates.N039T00470H30caa6f7.checked._native.native_decide.ax_1_1,
 Kobon.Certificates.N039T00470H30caa6f7.no_concurrent._native.native_decide.ax_1_1]
info: Kobon/Audit.lean:7:0: AUDIT Kobon.BBLCapEnvelope.graph_reference_sign: kernel; axioms=[propext, Classical.choice, Quot.sound]
info: Kobon/Audit.lean:7:0: AUDIT Kobon.FurediPalastiTwoCaps.two_cap_simple_lower_bound._proof_1_2: kernel; axioms=[propext, Quot.sound]
info: Kobon/Audit.lean:7:0: AUDIT Kobon.AllN.baseline_after_last_exception._proof_1_10: kernel; axioms=[propext, Quot.sound]
info: Kobon/Audit.lean:7:0: AUDIT Kobon.BBLRealization.horizontal_coordinate_profile._proof_1_6: kernel; axioms=[propext, Quot.sound]
info: Kobon/Audit.lean:7:0: AUDIT Kobon.AllN.dominates_every_saved_certificate._proof_1_95: kernel; axioms=[]
info: Kobon/Audit.lean:7:0: AUDIT Kobon.BBLCaps.cap_side._proof_1_7: kernel; axioms=[propext, Quot.sound]
info: Kobon/Audit.lean:7:0: AUDIT Kobon.Certificates.N014T00054H9219cdaa.lower_bound: native-evaluation; axioms=[propext,
 Classical.choice,
 Quot.sound,
 Kobon.Certificates.N014T00054H9219cdaa.checked._native.native_decide.ax_1_1]
info: Kobon/Audit.lean:7:0: AUDIT Kobon.FurediPalastiCaps.cos_step_bounds: kernel; axioms=[propext, Classical.choice, Quot.sound]
info: Kobon/Audit.lean:7:0: AUDIT Kobon.BBLRowMax.max_pair_visible._proof_1_4: kernel; axioms=[propext, Quot.sound]
info: Kobon/Audit.lean:7:0: AUDIT Kobon.Certificates.N021T00127Hb8dcff22.lower_bound: native-evaluation; axioms=[propext,
 Classical.choice,
 Quot.sound,
 Kobon.Certificates.N021T00127Hb8dcff22.checked._native.native_decide.ax_1_1]
info: Kobon/Audit.lean:7:0: AUDIT Kobon.Results.earlier_004: native-evaluation; axioms=[propext,
 Classical.choice,
 Quot.sound,
 Kobon.Certificates.N004T00002H0e541bd5.checked._native.native_decide.ax_1_1]
info: Kobon/Audit.lean:7:0: AUDIT Kobon.BBLCount.outside_subset._proof_1_11: kernel; axioms=[propext, Quot.sound]
info: Kobon/Audit.lean:7:0: AUDIT Kobon.FurediPalastiWrap.wrap_triangle._proof_1_10: kernel; axioms=[propext, Quot.sound]
info: Kobon/Audit.lean:7:0: AUDIT Kobon.Projective.triangle_preserved._proof_1_1: kernel; axioms=[propext, Quot.sound]
info: Kobon/Audit.lean:7:0: AUDIT Kobon.Families.samples: kernel; axioms=[propext]
info: Kobon/Audit.lean:7:0: AUDIT Kobon.orientedEval_affine: kernel; axioms=[propext, Classical.choice, Quot.sound]
info: Kobon/Audit.lean:7:0: AUDIT Kobon.BBLCaps.capRow_injective._proof_1_12: kernel; axioms=[propext, Quot.sound]
info: Kobon/Audit.lean:7:0: AUDIT Kobon.BBLCapSigns.horizontalKey_eq._proof_1_14: kernel; axioms=[propext, Classical.choice, Quot.sound]
info: Kobon/Audit.lean:7:0: AUDIT Kobon.BBLGridCuts.anchor_bounds._proof_1_2: kernel; axioms=[propext, Classical.choice, Quot.sound]
info: Kobon/Audit.lean:7:0: AUDIT Kobon.Projective.oriented_transform_factor: kernel; axioms=[propext, Classical.choice, Quot.sound]
info: Kobon/Audit.lean:7:0: AUDIT Kobon.ShiftedFurediPalasti.selected_sum_nonzero._proof_1_7: kernel; axioms=[propext, Quot.sound]
info: Kobon/Audit.lean:7:0: AUDIT Kobon.BBLGridReindex.perm_bound._proof_1_2: kernel; axioms=[propext, Quot.sound]
info: Kobon/Audit.lean:7:0: AUDIT Kobon.BBLRowOrder.old_outside_of_close._proof_1_1: kernel; axioms=[propext, Classical.choice, Quot.sound]
info: Kobon/Audit.lean:7:0: AUDIT Kobon.BBLCount.outside_subset._simp_1_6: kernel; axioms=[propext, Quot.sound]
info: Kobon/Audit.lean:7:0: AUDIT Kobon.TamuraTangentBounds.tan_32_10_bounds: kernel; axioms=[propext, Classical.choice, Quot.sound]
info: Kobon/Audit.lean:7:0: AUDIT Kobon.Results.earlier_007: native-evaluation; axioms=[propext,
 Classical.choice,
 Quot.sound,
 Kobon.Certificates.N007T00011He6b9a626.checked._native.native_decide.ax_1_1]
info: Kobon/Audit.lean:7:0: AUDIT Kobon.BBLRealization.horizontal_coordinate_profile._proof_1_27: kernel; axioms=[propext, Quot.sound]
info: Kobon/Audit.lean:7:0: AUDIT Kobon.FanGeometry.FanStrip.outer_endpoints_on_one_line: kernel; axioms=[propext, Classical.choice, Quot.sound]
info: Kobon/Audit.lean:7:0: AUDIT Kobon.BBLCapSigns.cap_key_signs._proof_1_36: kernel; axioms=[propext, Classical.choice, Quot.sound]
info: Kobon/Audit.lean:7:0: AUDIT Kobon.BBLGridCuts.cut_anchor: kernel; axioms=[propext, Classical.choice, Quot.sound]
info: Kobon/Audit.lean:7:0: AUDIT Kobon.AllN.enhancement.eq_19: kernel; axioms=[]
info: Kobon/Audit.lean:7:0: AUDIT Kobon.BBLRowOrder.newKey_injective._proof_1_61: kernel; axioms=[propext, Quot.sound]
info: Kobon/Audit.lean:7:0: AUDIT Kobon.BBLOldRetention.all_replaced_positive_eventually: kernel; axioms=[propext, Classical.choice, Quot.sound]
info: Kobon/Audit.lean:7:0: AUDIT Kobon.FurediPalastiCaps.angle_eq_step: kernel; axioms=[propext, Classical.choice, Quot.sound]
info: Kobon/Audit.lean:7:0: AUDIT Kobon.BBLPencilProfiles.key_anchor._simp_1_7: kernel; axioms=[]
info: Kobon/Audit.lean:7:0: AUDIT Kobon.BBLLiftedKeys.keyOldAnchor.eq_1: kernel; axioms=[]
info: Kobon/Audit.lean:7:0: AUDIT Kobon.Certificates.N021T00126Hf18756b7.checked: native-evaluation; axioms=[propext,
 Kobon.Certificates.N021T00126Hf18756b7.checked._native.native_decide.ax_1_1]
info: Kobon/Audit.lean:7:0: AUDIT Kobon.AllN.dominates_every_saved_certificate._proof_1_104: kernel; axioms=[]
info: Kobon/Audit.lean:7:0: AUDIT Kobon.BBLRowOrder.auxiliary_outside_of_close._proof_1_34: kernel; axioms=[propext, Classical.choice, Quot.sound]
info: Kobon/Audit.lean:7:0: AUDIT Kobon.FurediPalastiCaps.pairX_nonadjacent: kernel; axioms=[propext, Classical.choice, Quot.sound]
info: Kobon/Audit.lean:7:0: AUDIT Kobon.Parametric.evaluate.eq_1: kernel; axioms=[propext, Classical.choice, Quot.sound]
info: Kobon/Audit.lean:7:0: AUDIT Kobon.BBLVisible.auxPair_keys._proof_1_17: kernel; axioms=[propext, Classical.choice, Quot.sound]
info: Kobon/Audit.lean:7:0: AUDIT Kobon.HybridBoundary.derivative_nonneg_iff._simp_1_7: kernel; axioms=[propext]
info: Kobon/Audit.lean:7:0: AUDIT Kobon.Cells.line_valid: kernel; axioms=[propext, Classical.choice, Quot.sound]
info: Kobon/Audit.lean:7:0: AUDIT Kobon.Certificates.N014T00054Hd2babc1b.checked: native-evaluation; axioms=[propext,
 Kobon.Certificates.N014T00054Hd2babc1b.checked._native.native_decide.ax_1_1]
info: Kobon/Audit.lean:7:0: AUDIT Kobon.FurediPalastiTwoCaps.lower_outer_sign._proof_1_7: kernel; axioms=[propext, Quot.sound]
info: Kobon/Audit.lean:7:0: AUDIT Kobon.FurediPalastiTwoCaps.lower_cap_sign._proof_1_3: kernel; axioms=[propext, Quot.sound]
info: Kobon/Audit.lean:7:0: AUDIT Kobon.BBLLiftedKeys.lifted_anchor._proof_1_48: kernel; axioms=[propext, Quot.sound]
info: Kobon/Audit.lean:7:0: AUDIT Kobon.BBLCapSigns.cap_key_signs._proof_1_28: kernel; axioms=[propext, Classical.choice, Quot.sound]
info: Kobon/Audit.lean:7:0: AUDIT Kobon.FurediPalastiChart.angle_zero: kernel; axioms=[propext, Classical.choice, Quot.sound]
info: Kobon/Audit.lean:7:0: AUDIT Kobon.BBLNextSaturation.noncentral_gap._proof_1_12: kernel; axioms=[propext, Classical.choice, Quot.sound]
info: Kobon/Audit.lean:7:0: AUDIT Kobon.Certificates.N021T00133H36bae754.simple_lower_bound: native-evaluation; axioms=[propext,
 Classical.choice,
 Quot.sound,
 Kobon.Certificates.N021T00133H36bae754.checked._native.native_decide.ax_1_1,
 Kobon.Certificates.N021T00133H36bae754.no_concurrent._native.native_decide.ax_1_1]
info: Kobon/Audit.lean:7:0: AUDIT Kobon.BBLCanonicalPencil.new_slopes_neg: kernel; axioms=[propext, Classical.choice, Quot.sound]
info: Kobon/Audit.lean:7:0: AUDIT KobonBoundary.exists_average: kernel; axioms=[propext, Classical.choice, Quot.sound]
info: Kobon/Audit.lean:7:0: AUDIT Kobon.AllN.baseline_after_last_exception._proof_1_53: kernel; axioms=[propext, Quot.sound]
info: Kobon/Audit.lean:7:0: AUDIT Kobon.BBLCaps.cap_side._proof_1_11: kernel; axioms=[propext, Quot.sound]
info: Kobon/Audit.lean:7:0: AUDIT Kobon.Universal.baseline_sound._proof_1_7: kernel; axioms=[propext, Quot.sound]
info: Kobon/Audit.lean:7:0: AUDIT Kobon.Certificates.N016T00072H391cf79a.no_concurrent: native-evaluation; axioms=[propext,
 Kobon.Certificates.N016T00072H391cf79a.no_concurrent._native.native_decide.ax_1_1]
info: Kobon/Audit.lean:7:0: AUDIT Kobon.BBLCapSigns.cap_key_signs._proof_1_38: kernel; axioms=[propext, Classical.choice, Quot.sound]
info: Kobon/Audit.lean:7:0: AUDIT Kobon.BBLRowOrder.newKey_symm._proof_1_36: kernel; axioms=[propext, Classical.choice, Quot.sound]
info: Kobon/Audit.lean:7:0: AUDIT Kobon.BBLProfiles.IncreasingCuts.monotone: kernel; axioms=[propext, Classical.choice, Quot.sound]
info: Kobon/Audit.lean:7:0: AUDIT Kobon.TamuraSeed5.visible_checks._proof_1_1: kernel; axioms=[propext, Classical.choice, Quot.sound]
info: Kobon/Audit.lean:7:0: AUDIT Kobon.BBLRowOrder.auxiliary_outside_of_close._proof_1_23: kernel; axioms=[propext, Classical.choice, Quot.sound]
info: Kobon/Audit.lean:7:0: AUDIT Kobon.Cells.side_index_mem._proof_1_1: kernel; axioms=[propext, Quot.sound]
info: Kobon/Audit.lean:7:0: AUDIT Kobon.FurediPalastiCaps.adjacent_cos_strict: kernel; axioms=[propext, Classical.choice, Quot.sound]
info: Kobon/Audit.lean:7:0: AUDIT Kobon.Results.best_simple_060: native-evaluation; axioms=[propext,
 Classical.choice,
 Quot.sound,
 Kobon.Certificates.N060T01141H9bc5096c.checked._native.native_decide.ax_1_1,
 Kobon.Certificates.N060T01141H9bc5096c.no_concurrent._native.native_decide.ax_1_1]
info: Kobon/Audit.lean:7:0: AUDIT Kobon.BBLCaps.capRow_injective._proof_1_22: kernel; axioms=[propext, Quot.sound]
info: Kobon/Audit.lean:7:0: AUDIT Kobon.BBLVisible.central_new_key_bound._proof_1_8: kernel; axioms=[propext, Quot.sound]
info: Kobon/Audit.lean:7:0: AUDIT Kobon.BBLLiftedRows.crossKey_injective._proof_1_3: kernel; axioms=[propext, Quot.sound]
info: Kobon/Audit.lean:7:0: AUDIT Kobon.Certificates.N022T00143H54396c64.no_concurrent: native-evaluation; axioms=[propext,
 Kobon.Certificates.N022T00143H54396c64.no_concurrent._native.native_decide.ax_1_1]
info: Kobon/Audit.lean:7:0: AUDIT Kobon.BBLLiftedRows.liftedCrossKey_le_iff._proof_1_5: kernel; axioms=[propext, Quot.sound]
info: Kobon/Audit.lean:7:0: AUDIT Kobon.FurediPalastiTwoCaps.lower_outer_sign._proof_1_1: kernel; axioms=[propext, Quot.sound]
info: Kobon/Audit.lean:7:0: AUDIT Kobon.AllN.dominates_every_saved_certificate._proof_1_22: kernel; axioms=[]
info: Kobon/Audit.lean:7:0: AUDIT Kobon.Cells.TriangleGeometry.eval_A: kernel; axioms=[propext, Classical.choice, Quot.sound]
info: Kobon/Audit.lean:7:0: AUDIT Kobon.AllN.enhancement.eq_63: kernel; axioms=[]
info: Kobon/Audit.lean:7:0: AUDIT Kobon.BBLVisible.aux_visible._proof_1_7: kernel; axioms=[propext, Quot.sound]
info: Kobon/Audit.lean:7:0: AUDIT Kobon.BBLRowOrder.newKey_injective._proof_1_70: kernel; axioms=[propext, Quot.sound]
info: Kobon/Audit.lean:7:0: AUDIT Kobon.BBLCapBridge.canonical_endpoint_signs._proof_1_7: kernel; axioms=[propext, Quot.sound]
info: Kobon/Audit.lean:7:0: AUDIT Kobon.FurediPalastiCaps.cos_near_two_thirds: kernel; axioms=[propext, Classical.choice, Quot.sound]
info: Kobon/Audit.lean:7:0: AUDIT Kobon.BBLGridReindex.perm_inv._proof_1_9: kernel; axioms=[propext, Quot.sound]
info: Kobon/Audit.lean:7:0: AUDIT Kobon.Cells.TriangleGeometry.product_sign: kernel; axioms=[propext, Classical.choice, Quot.sound]
info: Kobon/Audit.lean:7:0: AUDIT Kobon.BBLDoubling.doubling._proof_1_6: kernel; axioms=[propext, Quot.sound]
info: Kobon/Audit.lean:7:0: AUDIT Kobon.FurediPalastiTwoCaps.lower_triangle._proof_1_9: kernel; axioms=[propext, Quot.sound]
info: Kobon/Audit.lean:7:0: AUDIT Kobon.BBLRealization.horizontal_profile._proof_1_16: kernel; axioms=[propext, Quot.sound]
info: Kobon/Audit.lean:7:0: AUDIT Kobon.BBLCapSigns.horizontalKey_eq._proof_1_3: kernel; axioms=[propext, Quot.sound]
info: Kobon/Audit.lean:7:0: AUDIT Kobon.Iteration49.boundary_49._proof_1: kernel; axioms=[propext]
info: Kobon/Audit.lean:7:0: AUDIT Kobon.BBLCrossingCoordinates.newIntercept._proof_1: kernel; axioms=[propext]
info: Kobon/Audit.lean:7:0: AUDIT Kobon.FurediPalasti.high_after._proof_1_2: kernel; axioms=[propext, Quot.sound]
info: Kobon/Audit.lean:7:0: AUDIT Kobon.BBLDoubling.doubling._proof_1_3: kernel; axioms=[propext, Quot.sound]
info: Kobon/Audit.lean:7:0: AUDIT Kobon.BBLGridCuts.cut_right._proof_1_2: kernel; axioms=[propext, Quot.sound]
info: Kobon/Audit.lean:7:0: AUDIT Kobon.Universal.strict_odd_multiples._proof_1_4: kernel; axioms=[propext, Quot.sound]
info: Kobon/Audit.lean:7:0: AUDIT Kobon.Results.best_classical_010: native-evaluation; axioms=[propext,
 Classical.choice,
 Quot.sound,
 Kobon.Certificates.N010T00025Hb767c427.checked._native.native_decide.ax_1_1]
info: Kobon/Audit.lean:7:0: AUDIT Kobon.Universal.strict_odd_multiples._proof_1_1: kernel; axioms=[propext, Quot.sound]
info: Kobon/Audit.lean:7:0: AUDIT Kobon.FurediPalastiCount.disjoint_fiber: kernel; axioms=[propext, Classical.choice, Quot.sound]
info: Kobon/Audit.lean:7:0: AUDIT Kobon.FurediPalastiTwoCaps.upper_inner_sign._proof_1_2: kernel; axioms=[propext, Quot.sound]
info: Kobon/Audit.lean:7:0: AUDIT Kobon.BBLExtrema.evaluation_from_intersection: kernel; axioms=[propext, Classical.choice, Quot.sound]
info: Kobon/Audit.lean:7:0: AUDIT Kobon.Certificates.N044T00608Hb5277675.checked: native-evaluation; axioms=[propext,
 Kobon.Certificates.N044T00608Hb5277675.checked._native.native_decide.ax_1_1]
info: Kobon/Audit.lean:7:0: AUDIT Kobon.eval_intersection._simp_1_3: kernel; axioms=[propext]
info: Kobon/Audit.lean:7:0: AUDIT Kobon.Certificates.N161T08532H230691d5.simple_lower_bound: native-evaluation; axioms=[propext,
 Classical.choice,
 Quot.sound,
 Kobon.Certificates.N161T08532H230691d5.checked._native.native_decide.ax_1_1,
 Kobon.Certificates.N161T08532H230691d5.no_concurrent._native.native_decide.ax_1_1]
info: Kobon/Audit.lean:7:0: AUDIT Kobon.BBLCaps.cap_side._proof_1_8: kernel; axioms=[propext, Quot.sound]
info: Kobon/Audit.lean:7:0: AUDIT Kobon.BBLExtrema.graphLine.eq_1: kernel; axioms=[propext, Classical.choice, Quot.sound]
info: Kobon/Audit.lean:7:0: AUDIT Kobon.Results.best_simple_030: native-evaluation; axioms=[propext,
 Classical.choice,
 Quot.sound,
 Kobon.Certificates.N030T00275Hdcfe649a.checked._native.native_decide.ax_1_1,
 Kobon.Certificates.N030T00275Hdcfe649a.no_concurrent._native.native_decide.ax_1_1]
info: Kobon/Audit.lean:7:0: AUDIT Kobon.Parametric.evaluate_add: kernel; axioms=[propext, Classical.choice, Quot.sound]
info: Kobon/Audit.lean:7:0: AUDIT Kobon.Cells.ofPredicate.eq_1: kernel; axioms=[propext, Classical.choice, Quot.sound]
info: Kobon/Audit.lean:7:0: AUDIT Kobon.Certificates.N019T00107H5d2a7588.simple_lower_bound: native-evaluation; axioms=[propext,
 Classical.choice,
 Quot.sound,
 Kobon.Certificates.N019T00107H5d2a7588.checked._native.native_decide.ax_1_1,
 Kobon.Certificates.N019T00107H5d2a7588.no_concurrent._native.native_decide.ax_1_1]
info: Kobon/Audit.lean:7:0: AUDIT Kobon.Certificates.N036T00402Hce43a107.lower_bound: native-evaluation; axioms=[propext,
 Classical.choice,
 Quot.sound,
 Kobon.Certificates.N036T00402Hce43a107.checked._native.native_decide.ax_1_1]
info: Kobon/Audit.lean:7:0: AUDIT Kobon.Iteration49.boundary_49._proof_46: kernel; axioms=[propext]
info: Kobon/Audit.lean:7:0: AUDIT Kobon.Exterior.no_concurrent._proof_1_1: kernel; axioms=[propext, Quot.sound]
info: Kobon/Audit.lean:7:0: AUDIT Kobon.FurediPalastiWrap.selected_preserved._proof_1_2: kernel; axioms=[propext, Quot.sound]
info: Kobon/Audit.lean:7:0: AUDIT Kobon.AllN.baseline_le: kernel; axioms=[propext]
info: Kobon/Audit.lean:7:0: AUDIT Kobon.Certificates.N059T01103Hba482375.simple_lower_bound: native-evaluation; axioms=[propext,
 Classical.choice,
 Quot.sound,
 Kobon.Certificates.N059T01103Hba482375.checked._native.native_decide.ax_1_1,
 Kobon.Certificates.N059T01103Hba482375.no_concurrent._native.native_decide.ax_1_1]
info: Kobon/Audit.lean:7:0: AUDIT Kobon.Results.classical_050: native-evaluation; axioms=[propext,
 Classical.choice,
 Quot.sound,
 Kobon.Certificates.N050T00791H2ea22b55.checked._native.native_decide.ax_1_1]
info: Kobon/Audit.lean:7:0: AUDIT Kobon.BBLCentralEnvelope.central_endpoint._proof_1_4: kernel; axioms=[propext, Quot.sound]
info: Kobon/Audit.lean:7:0: AUDIT Kobon.ShiftedCount.good_count_plus._proof_1_2: kernel; axioms=[propext, Classical.choice, Quot.sound]
info: Kobon/Audit.lean:7:0: AUDIT Kobon.BBLNextSaturation.noncentral_gap._proof_1_27: kernel; axioms=[propext, Classical.choice, Quot.sound]
info: Kobon/Audit.lean:7:0: AUDIT Kobon.BBLLiftedKeys.lifted_anchor._proof_1_53: kernel; axioms=[propext, Quot.sound]
info: Kobon/Audit.lean:7:0: AUDIT Kobon.Universal.strict_at_odd_orders._proof_1_2: kernel; axioms=[propext, Quot.sound]
info: Kobon/Audit.lean:7:0: AUDIT Kobon.BBLSeed21.exterior_lower_bound._proof_1_1: kernel; axioms=[]
info: Kobon/Audit.lean:7:0: AUDIT Kobon.BBLGrid.tangent_product_identity._simp_1_4: kernel; axioms=[propext]
info: Kobon/Audit.lean:7:0: AUDIT Kobon.BBLProfiles.profile_key_bounds._proof_1_4: kernel; axioms=[propext, Classical.choice, Quot.sound]
info: Kobon/Audit.lean:7:0: AUDIT Kobon.Results.best_classical_032: native-evaluation; axioms=[propext,
 Classical.choice,
 Quot.sound,
 Kobon.Certificates.N032T00315H5914f2bb.checked._native.native_decide.ax_1_1]
info: Kobon/Audit.lean:7:0: AUDIT Kobon.AllN.enhancement.eq_51: kernel; axioms=[]
info: Kobon/Audit.lean:7:0: AUDIT Kobon.AllN.dominates_every_saved_certificate._proof_1_31: kernel; axioms=[]
info: Kobon/Audit.lean:7:0: AUDIT Kobon.Reindex.rotate_no_concurrent: kernel; axioms=[propext, Classical.choice, Quot.sound]
info: Kobon/Audit.lean:7:0: AUDIT Kobon.Certificates.N028T00238H56ef2acb.lower_bound: native-evaluation; axioms=[propext,
 Classical.choice,
 Quot.sound,
 Kobon.Certificates.N028T00238H56ef2acb.checked._native.native_decide.ax_1_1]
info: Kobon/Audit.lean:7:0: AUDIT Kobon.BBLRowOrder.auxiliary_outside_of_close._proof_1_92: kernel; axioms=[propext, Classical.choice, Quot.sound]
info: Kobon/Audit.lean:7:0: AUDIT Kobon.BBLCaps.cap_no_aux_between._proof_1_39: kernel; axioms=[propext, Quot.sound]
info: Kobon/Audit.lean:7:0: AUDIT Kobon.SharedFan.adjacent_triangles_distinct._proof_1_4: kernel; axioms=[propext]
info: Kobon/Audit.lean:7:0: AUDIT Kobon.FurediPalastiWrap.selected_preserved._proof_1_1: kernel; axioms=[propext, Quot.sound]
info: Kobon/Audit.lean:7:0: AUDIT Kobon.Reindex.no_concurrent_pullback._proof_1_1: kernel; axioms=[propext, Quot.sound]
info: Kobon/Audit.lean:7:0: AUDIT Kobon.FurediPalastiTwoCaps.lower_triangle._proof_1_6: kernel; axioms=[propext, Quot.sound]
info: Kobon/Audit.lean:7:0: AUDIT Kobon.BBLAlternation.alternating_algebra._simp_1_2: kernel; axioms=[propext]
info: Kobon/Audit.lean:7:0: AUDIT Kobon.BBLVisibleRetention.zero_visible_j_unique._proof_1_1: kernel; axioms=[propext, Quot.sound]
info: Kobon/Audit.lean:7:0: AUDIT Kobon.BBLRowOrder.auxiliary_outside_of_close._proof_1_75: kernel; axioms=[propext, Classical.choice, Quot.sound]
info: Kobon/Audit.lean:7:0: AUDIT Kobon.BBLVisible.auxPair_bounds._proof_1_3: kernel; axioms=[propext, Classical.choice, Quot.sound]
info: Kobon/Audit.lean:7:0: AUDIT Kobon.ShiftedFurediPalasti.noParallel: kernel; axioms=[propext, Classical.choice, Quot.sound]
info: Kobon/Audit.lean:7:0: AUDIT Kobon.Exterior.no_parallel._proof_1_2: kernel; axioms=[propext, Quot.sound]
info: Kobon/Audit.lean:7:0: AUDIT Kobon.BBLLiftedKeys.complement_key._proof_1_7: kernel; axioms=[propext, Classical.choice, Quot.sound]
info: Kobon/Audit.lean:7:0: AUDIT Kobon.HybridBoundary.seed_admissible_check: kernel; axioms=[propext, Classical.choice, Quot.sound]
info: Kobon/Audit.lean:7:0: AUDIT Kobon.AllN.dominates_every_saved_certificate._proof_1_97: kernel; axioms=[]
info: Kobon/Audit.lean:7:0: AUDIT Kobon.Certificates.N014T00053H45157b2f.lower_bound: native-evaluation; axioms=[propext,
 Classical.choice,
 Quot.sound,
 Kobon.Certificates.N014T00053H45157b2f.checked._native.native_decide.ax_1_1]
info: Kobon/Audit.lean:7:0: AUDIT Kobon.intersection.eq_1: kernel; axioms=[propext, Classical.choice, Quot.sound]
info: Kobon/Audit.lean:7:0: AUDIT Kobon.BBLSeed21.visible_count: kernel; axioms=[]
info: Kobon/Audit.lean:7:0: AUDIT Kobon.Certificates.N014T00051Hd67e7a6b.simple_lower_bound: native-evaluation; axioms=[propext,
 Classical.choice,
 Quot.sound,
 Kobon.Certificates.N014T00051Hd67e7a6b.checked._native.native_decide.ax_1_1,
 Kobon.Certificates.N014T00051Hd67e7a6b.no_concurrent._native.native_decide.ax_1_1]
info: Kobon/Audit.lean:7:0: AUDIT Kobon.BBLCentralPersistence.central_retained_eventually._proof_1_4: kernel; axioms=[propext, Quot.sound]
info: Kobon/Audit.lean:7:0: AUDIT Kobon.BBLRowOrder.oldKey.eq_1: kernel; axioms=[]
info: Kobon/Audit.lean:7:0: AUDIT Kobon.BBLCaps.cap_no_aux_between._proof_1_23: kernel; axioms=[propext, Quot.sound]
info: Kobon/Audit.lean:7:0: AUDIT Kobon.BBLRegularity.canonical_no_parallel_eventually._proof_1_6: kernel; axioms=[propext, Quot.sound]
info: Kobon/Audit.lean:7:0: AUDIT Kobon.BBLVisible.central_new_key_bound._proof_1_4: kernel; axioms=[propext, Quot.sound]
info: Kobon/Audit.lean:7:0: AUDIT Kobon.BBLRowOrder.newKey_symm._proof_1_38: kernel; axioms=[propext, Quot.sound]
info: Kobon/Audit.lean:7:0: AUDIT Kobon.BBLCapEnvelope.graph_horizontal_intersection._simp_1_3: kernel; axioms=[propext]
info: Kobon/Audit.lean:7:0: AUDIT Kobon.Certificates.N014T00052H2eb83dc2.simple_lower_bound: native-evaluation; axioms=[propext,
 Classical.choice,
 Quot.sound,
 Kobon.Certificates.N014T00052H2eb83dc2.checked._native.native_decide.ax_1_1,
 Kobon.Certificates.N014T00052H2eb83dc2.no_concurrent._native.native_decide.ax_1_1]
info: Kobon/Audit.lean:7:0: AUDIT Kobon.BBLPencilProfiles.pair_profile_eventually._proof_1_29: kernel; axioms=[propext, Quot.sound]
info: Kobon/Audit.lean:7:0: AUDIT Kobon.BBLRowOrder.key_bounds._proof_1_4: kernel; axioms=[propext, Classical.choice, Quot.sound]
info: Kobon/Audit.lean:7:0: AUDIT Kobon.Results.simple_017: native-evaluation; axioms=[propext,
 Classical.choice,
 Quot.sound,
 Kobon.Certificates.N017T00085H7cf3c061.checked._native.native_decide.ax_1_1,
 Kobon.Certificates.N017T00085H7cf3c061.no_concurrent._native.native_decide.ax_1_1]
info: Kobon/Audit.lean:7:0: AUDIT Kobon.BBLRowOrder.newKey_injective._proof_1_37: kernel; axioms=[propext, Quot.sound]
info: Kobon/Audit.lean:7:0: AUDIT Kobon.BBLPencilLimits.displacementCoeff_zero._simp_1_5: kernel; axioms=[propext]
info: Kobon/Audit.lean:7:0: AUDIT Kobon.BBLRealizedPencil.oldArrangement.eq_1: kernel; axioms=[propext, Classical.choice, Quot.sound]
info: Kobon/Audit.lean:7:0: AUDIT Kobon.BBLTriangles.three_signs: kernel; axioms=[propext, Classical.choice, Quot.sound]
info: Kobon/Audit.lean:7:0: AUDIT Kobon.ShiftedFurediPalasti.selected_sum_nonzero._proof_1_4: kernel; axioms=[propext, Quot.sound]
info: Kobon/Audit.lean:7:0: AUDIT Kobon.BBLNextSaturation.noncentral_gap._proof_1_16: kernel; axioms=[propext, Classical.choice, Quot.sound]
info: Kobon/Audit.lean:7:0: AUDIT Kobon.Iteration49.boundary_49._proof_45: kernel; axioms=[propext]
info: Kobon/Audit.lean:7:0: AUDIT Kobon.BBLRealizedPencil.arrangement_eq_canonical: kernel; axioms=[propext, Classical.choice, Quot.sound]
info: Kobon/Audit.lean:7:0: AUDIT Kobon.ShiftedFurediPalasti.selected_triangle._proof_1_5: kernel; axioms=[propext, Quot.sound]
info: Kobon/Audit.lean:7:0: AUDIT Kobon.BBLVisibleRetention.zero_visible_j_unique: kernel; axioms=[propext, Classical.choice, Quot.sound]
info: Kobon/Audit.lean:7:0: AUDIT Kobon.BBLCanonicalPencil.old_slopes_ne_zero: kernel; axioms=[propext, Classical.choice, Quot.sound]
info: Kobon/Audit.lean:7:0: AUDIT Kobon.BBLCount.neighbors_count._proof_1_14: kernel; axioms=[propext, Classical.choice, Quot.sound]
info: Kobon/Audit.lean:7:0: AUDIT Kobon.BBLVisible.central_visible._proof_1_1: kernel; axioms=[propext, Quot.sound]
info: Kobon/Audit.lean:7:0: AUDIT Kobon.BBLCount.neighbors_count._simp_1_13: kernel; axioms=[propext, Quot.sound]
info: Kobon/Audit.lean:7:0: AUDIT Kobon.BBLAssembly.replaced_witness: kernel; axioms=[propext, Classical.choice, Quot.sound]
info: Kobon/Audit.lean:7:0: AUDIT Kobon.BBLNextSaturation.next_saturated._proof_1_1: kernel; axioms=[propext, Quot.sound]
info: Kobon/Audit.lean:7:0: AUDIT Kobon.BBLGrid.sum_tan_negative: kernel; axioms=[propext, Classical.choice, Quot.sound]
info: Kobon/Audit.lean:7:0: AUDIT Kobon.BBLRowGeometry.mixed_triangle._proof_1_11: kernel; axioms=[propext, Quot.sound]
info: Kobon/Audit.lean:7:0: AUDIT Kobon.BBLCapEnvelope.cap_left_endpoint._proof_1_6: kernel; axioms=[propext, Quot.sound]
info: Kobon/Audit.lean:7:0: AUDIT Kobon.BBLGridReindex.perm_bound._proof_1_4: kernel; axioms=[propext, Quot.sound]
info: Kobon/Audit.lean:7:0: AUDIT Kobon.Iteration49.boundary_49._proof_38: kernel; axioms=[propext]
info: Kobon/Audit.lean:7:0: AUDIT Kobon.BBLCaps.cap_no_aux_between._proof_1_9: kernel; axioms=[propext, Quot.sound]
info: Kobon/Audit.lean:7:0: AUDIT Kobon.Iteration49.boundary_49._proof_20: kernel; axioms=[propext]
info: Kobon/Audit.lean:7:0: AUDIT Kobon.FurediPalasti.selected_triangle._proof_1_9: kernel; axioms=[propext, Quot.sound]
info: Kobon/Audit.lean:7:0: AUDIT Kobon.AllN.exact_exception_values._proof_1_13: kernel; axioms=[]
info: Kobon/Audit.lean:7:0: AUDIT Kobon.BBLRowOrder.newKey_injective._proof_1_88: kernel; axioms=[propext, Quot.sound]
info: Kobon/Audit.lean:7:0: AUDIT Kobon.FurediPalasti.selected_sum_nonzero._proof_1_6: kernel; axioms=[propext, Quot.sound]
info: Kobon/Audit.lean:7:0: AUDIT Kobon.BBLCapHeight.cap_endpoint_height._proof_1_1: kernel; axioms=[propext, Quot.sound]
info: Kobon/Audit.lean:7:0: AUDIT Kobon.Results.earlier_057: native-evaluation; axioms=[propext,
 Classical.choice,
 Quot.sound,
 Kobon.Certificates.N057T01045H9a1d337c.checked._native.native_decide.ax_1_1]
info: Kobon/Audit.lean:7:0: AUDIT Kobon.BBLCaps.capRow_injective._proof_1_11: kernel; axioms=[propext, Quot.sound]
info: Kobon/Audit.lean:7:0: AUDIT Kobon.BBLRowOrder.key_bounds._proof_1_12: kernel; axioms=[propext, Classical.choice, Quot.sound]
info: Kobon/Audit.lean:7:0: AUDIT Kobon.BBLPencilProfiles.pair_profile_eventually._proof_1_16: kernel; axioms=[propext, Quot.sound]
info: Kobon/Audit.lean:7:0: AUDIT Kobon.ShiftedFurediPalasti.sum_sin_pos2: kernel; axioms=[propext, Classical.choice, Quot.sound]
info: Kobon/Audit.lean:7:0: AUDIT Kobon.BBLLiftedKeys.lifted_le_old_iff._proof_1_3: kernel; axioms=[propext, Classical.choice, Quot.sound]
info: Kobon/Audit.lean:7:0: AUDIT Kobon.Results.best_classical_031: native-evaluation; axioms=[propext,
 Classical.choice,
 Quot.sound,
 Kobon.Certificates.N031T00299H70f23b94.checked._native.native_decide.ax_1_1]
info: Kobon/Audit.lean:7:0: AUDIT Kobon.FurediPalastiCount.ordered_bound._proof_1_1: kernel; axioms=[propext, Classical.choice, Quot.sound]
info: Kobon/Audit.lean:7:0: AUDIT Kobon.AllN.baseline_after_last_exception._proof_1_26: kernel; axioms=[propext, Quot.sound]
info: Kobon/Audit.lean:7:0: AUDIT Kobon.SharedFan.radial_nonzero: kernel; axioms=[propext, Classical.choice, Quot.sound]
info: Kobon/Audit.lean:7:0: AUDIT Kobon.BBLRowOrder.auxiliary_outside_of_close._proof_1_103: kernel; axioms=[propext, Classical.choice, Quot.sound]
info: Kobon/Audit.lean:7:0: AUDIT Kobon.BBLCount.outside_characterization._proof_1_5: kernel; axioms=[propext, Classical.choice, Quot.sound]
info: Kobon/Audit.lean:7:0: AUDIT Kobon.CleanLineBudget.general_multiplicity_budget: kernel; axioms=[propext, Quot.sound]
info: Kobon/Audit.lean:7:0: AUDIT Kobon.BBLRowOrder.newKey_injective._proof_1_95: kernel; axioms=[propext, Quot.sound]
info: Kobon/Audit.lean:7:0: AUDIT Kobon.BBLGrid.tangent_sum_rational._simp_1_5: kernel; axioms=[propext]
info: Kobon/Audit.lean:7:0: AUDIT Kobon.FurediPalastiCaps.above_left_caps._proof_1_4: kernel; axioms=[propext, Quot.sound]
info: Kobon/Audit.lean:7:0: AUDIT Kobon.Certificates.N022T00142He683945e.lower_bound: native-evaluation; axioms=[propext,
 Classical.choice,
 Quot.sound,
 Kobon.Certificates.N022T00142He683945e.checked._native.native_decide.ax_1_1]
info: Kobon/Audit.lean:7:0: AUDIT Kobon.BBLLiftedKeys.lifted_anchor._proof_1_34: kernel; axioms=[propext, Quot.sound]
info: Kobon/Audit.lean:7:0: AUDIT Kobon.SeedFamily.distinguished_checks: kernel; axioms=[propext, Classical.choice, Quot.sound]
info: Kobon/Audit.lean:7:0: AUDIT Kobon.Cells.ofPredicate._proof_22: kernel; axioms=[propext, Classical.choice, Quot.sound]
info: Kobon/Audit.lean:7:0: AUDIT Kobon.TamuraTangentBounds.tan_32_14_bounds: kernel; axioms=[propext, Classical.choice, Quot.sound]
info: Kobon/Audit.lean:7:0: AUDIT Kobon.AllN.exact_exception_values._proof_1_38: kernel; axioms=[]
info: Kobon/Audit.lean:7:0: AUDIT Kobon.BBLPencilProfiles.pair_profile_eventually._proof_1_18: kernel; axioms=[propext, Quot.sound]
info: Kobon/Audit.lean:7:0: AUDIT Kobon.FurediPalastiWrap.selected_preserved: kernel; axioms=[propext, Classical.choice, Quot.sound]
info: Kobon/Audit.lean:7:0: AUDIT Kobon.BBLGrid.factor_trigonometric._simp_1_3: kernel; axioms=[propext]
info: Kobon/Audit.lean:7:0: AUDIT Kobon.Certificates.N039T00469Hcf24d7d3.lower_bound: native-evaluation; axioms=[propext,
 Classical.choice,
 Quot.sound,
 Kobon.Certificates.N039T00469Hcf24d7d3.checked._native.native_decide.ax_1_1]
info: Kobon/Audit.lean:7:0: AUDIT Kobon.Iteration.two_steps_49_obstruction._proof_1_1: kernel; axioms=[propext, Quot.sound]
info: Kobon/Audit.lean:7:0: AUDIT Kobon.AllN.dominates_every_saved_certificate._proof_1_50: kernel; axioms=[]
info: Kobon/Audit.lean:7:0: AUDIT Kobon.BBLRowMax.row_bound_not_last._proof_1_4: kernel; axioms=[propext, Quot.sound]
info: Kobon/Audit.lean:7:0: AUDIT Kobon.FurediPalastiTwoCaps.upper_cap_sign._proof_1_9: kernel; axioms=[propext, Quot.sound]
info: Kobon/Audit.lean:7:0: AUDIT Kobon.Results.best_simple_009: native-evaluation; axioms=[propext,
 Classical.choice,
 Quot.sound,
 Kobon.Certificates.N009T00021H6ebbed82.checked._native.native_decide.ax_1_1,
 Kobon.Certificates.N009T00021H6ebbed82.no_concurrent._native.native_decide.ax_1_1]
info: Kobon/Audit.lean:7:0: AUDIT Kobon.Results.classical_058: native-evaluation; axioms=[propext,
 Classical.choice,
 Quot.sound,
 Kobon.Certificates.N058T01073Hd988db55.checked._native.native_decide.ax_1_1]
info: Kobon/Audit.lean:7:0: AUDIT Kobon.AllN.exact_exception_values._proof_1_59: kernel; axioms=[]
info: Kobon/Audit.lean:7:0: AUDIT Kobon.Certificates.N060T01140H16af6d0b.checked: native-evaluation; axioms=[propext,
 Kobon.Certificates.N060T01140H16af6d0b.checked._native.native_decide.ax_1_1]
info: Kobon/Audit.lean:7:0: AUDIT Kobon.BBLRowOrder.newKey_injective._proof_1_10: kernel; axioms=[propext, Quot.sound]
info: Kobon/Audit.lean:7:0: AUDIT Kobon.Iteration49.profile_attains_50: kernel; axioms=[propext, Classical.choice, Quot.sound]
info: Kobon/Audit.lean:7:0: AUDIT Kobon.BBLCrossingCoordinates.coordinate_old_zero: kernel; axioms=[propext, Classical.choice, Quot.sound]
info: Kobon/Audit.lean:7:0: AUDIT Kobon.BBLPencilRegularity.factors_distinct: kernel; axioms=[propext, Classical.choice, Quot.sound]
info: Kobon/Audit.lean:7:0: AUDIT Kobon.BBLCaps.cap_no_aux_between._proof_1_5: kernel; axioms=[propext, Quot.sound]
info: Kobon/Audit.lean:7:0: AUDIT Kobon.Certificates.N022T00142He683945e.simple_lower_bound: native-evaluation; axioms=[propext,
 Classical.choice,
 Quot.sound,
 Kobon.Certificates.N022T00142He683945e.checked._native.native_decide.ax_1_1,
 Kobon.Certificates.N022T00142He683945e.no_concurrent._native.native_decide.ax_1_1]
info: Kobon/Audit.lean:7:0: AUDIT Kobon.FurediPalastiWrap.one_cap_simple_lower_bound._proof_1_3: kernel; axioms=[propext, Quot.sound]
info: Kobon/Audit.lean:7:0: AUDIT Kobon.AllN.dominates_every_saved_certificate._proof_1_77: kernel; axioms=[]
info: Kobon/Audit.lean:7:0: AUDIT Kobon.BBLGrid.tangent_sum_rational._simp_1_3: kernel; axioms=[propext]
info: Kobon/Audit.lean:7:0: AUDIT Kobon.FurediPalastiTwoCaps.lower_outer_sign._proof_1_10: kernel; axioms=[propext, Quot.sound]
info: Kobon/Audit.lean:7:0: AUDIT Kobon.AllN.enhancement.eq_15: kernel; axioms=[]
info: Kobon/Audit.lean:7:0: AUDIT Kobon.BBLVisible.auxiliary_witness._proof_1_1: kernel; axioms=[propext, Quot.sound]
info: Kobon/Audit.lean:7:0: AUDIT Kobon.BBLTangentBounds.sqrt_five_sharp: kernel; axioms=[propext, Classical.choice, Quot.sound]
info: Kobon/Audit.lean:7:0: AUDIT Kobon.BBLRowOrder.newKey_symm._proof_1_13: kernel; axioms=[propext, Quot.sound]
info: Kobon/Audit.lean:7:0: AUDIT Kobon.BBLCapBridge.endpointSigns_of_canonical._proof_1_2: kernel; axioms=[propext, Quot.sound]
info: Kobon/Audit.lean:7:0: AUDIT Kobon.BBLRowOrder.auxiliary_outside_of_close._proof_1_37: kernel; axioms=[propext, Classical.choice, Quot.sound]
info: Kobon/Audit.lean:7:0: AUDIT Kobon.Reindex.oriented_swap: kernel; axioms=[propext, Classical.choice, Quot.sound]
info: Kobon/Audit.lean:7:0: AUDIT Kobon.AllN.baseline_dominates_49_target._proof_1_2: kernel; axioms=[propext, Quot.sound]
info: Kobon/Audit.lean:7:0: AUDIT Kobon.BBLConsecutive.supports_consecutive._proof_1_3: kernel; axioms=[propext, Quot.sound]
info: Kobon/Audit.lean:7:0: AUDIT Kobon.BBLCaps.cap_no_aux_between._proof_1_18: kernel; axioms=[propext, Quot.sound]
info: Kobon/Audit.lean:7:0: AUDIT Kobon.BBLCapHeight.cap_endpoint_height: kernel; axioms=[propext, Classical.choice, Quot.sound]
info: Kobon/Audit.lean:7:0: AUDIT Kobon.BBLPencilLimits.crossing_right_eventually: kernel; axioms=[propext, Classical.choice, Quot.sound]
info: Kobon/Audit.lean:7:0: AUDIT Kobon.BBLRowOrder.auxiliary_outside_of_close._proof_1_84: kernel; axioms=[propext, Classical.choice, Quot.sound]
info: Kobon/Audit.lean:7:0: AUDIT Kobon.Results.best_classical_050: native-evaluation; axioms=[propext,
 Classical.choice,
 Quot.sound,
 Kobon.Certificates.N050T00792H3d40cb58.checked._native.native_decide.ax_1_1]
info: Kobon/Audit.lean:7:0: AUDIT Kobon.Universal.polynomial_gap_exact._proof_1_9: kernel; axioms=[propext, Quot.sound]
info: Kobon/Audit.lean:7:0: AUDIT Kobon.BBLCapReplacement.support_right: kernel; axioms=[propext, Classical.choice, Quot.sound]
info: Kobon/Audit.lean:7:0: AUDIT Kobon.BBLAlternation.signs_from_odd_center._proof_1_1: kernel; axioms=[propext, Quot.sound]
info: Kobon/Audit.lean:7:0: AUDIT Kobon.BBLSeed21.visible_checks: native-evaluation; axioms=[propext,
 Classical.choice,
 Quot.sound,
 Kobon.BBLSeed21.visible_checks._native.native_decide.ax_1_1]
info: Kobon/Audit.lean:7:0: AUDIT Kobon.Iteration49.boundary_52._proof_1: kernel; axioms=[propext]
info: Kobon/Audit.lean:7:0: AUDIT Kobon.Results.earlier_047: native-evaluation; axioms=[propext,
 Classical.choice,
 Quot.sound,
 Kobon.Certificates.N047T00691Hfac44af1.checked._native.native_decide.ax_1_1]
info: Kobon/Audit.lean:7:0: AUDIT Kobon.AllN.baseline_after_last_exception._proof_1_6: kernel; axioms=[propext, Quot.sound]
info: Kobon/Audit.lean:7:0: AUDIT Kobon.BBLCapSigns.cap_key_signs._proof_1_29: kernel; axioms=[propext, Quot.sound]
info: Kobon/Audit.lean:7:0: AUDIT Kobon.BBLCapSigns.cap_key_signs._proof_1_41: kernel; axioms=[propext, Classical.choice, Quot.sound]
info: Kobon/Audit.lean:7:0: AUDIT Kobon.BBLRowOrder.auxiliary_outside_of_close._proof_1_86: kernel; axioms=[propext, Classical.choice, Quot.sound]
info: Kobon/Audit.lean:7:0: AUDIT Kobon.Certificates.N005T00005Hdd0748b7.lower_bound: native-evaluation; axioms=[propext,
 Classical.choice,
 Quot.sound,
 Kobon.Certificates.N005T00005Hdd0748b7.checked._native.native_decide.ax_1_1]
info: Kobon/Audit.lean:7:0: AUDIT Kobon.AllN.dominates_every_saved_certificate._proof_1_13: kernel; axioms=[]
info: Kobon/Audit.lean:7:0: AUDIT Kobon.BBLRowOrder.auxiliary_outside_of_close._proof_1_63: kernel; axioms=[propext, Classical.choice, Quot.sound]
info: Kobon/Audit.lean:7:0: AUDIT Kobon.AllN.baseline_after_last_exception._proof_1_56: kernel; axioms=[propext, Quot.sound]
info: Kobon/Audit.lean:7:0: AUDIT Kobon.Results.best_simple_041: native-evaluation; axioms=[propext,
 Classical.choice,
 Quot.sound,
 Kobon.Certificates.N041T00533H01e2ef66.checked._native.native_decide.ax_1_1,
 Kobon.Certificates.N041T00533H01e2ef66.no_concurrent._native.native_decide.ax_1_1]
info: Kobon/Audit.lean:7:0: AUDIT Kobon.BBLRowOrder.newKey_injective._proof_1_73: kernel; axioms=[propext, Quot.sound]
info: Kobon/Audit.lean:7:0: AUDIT Kobon.Certificates.N014T00054H18bbcff4.checked: native-evaluation; axioms=[propext,
 Kobon.Certificates.N014T00054H18bbcff4.checked._native.native_decide.ax_1_1]
info: Kobon/Audit.lean:7:0: AUDIT Kobon.BBLCrossingCoordinates.newIntercept_fin: kernel; axioms=[propext, Classical.choice, Quot.sound]
info: Kobon/Audit.lean:7:0: AUDIT Kobon.Iteration.two_steps_49_obstruction: kernel; axioms=[propext, Quot.sound]
info: Kobon/Audit.lean:7:0: AUDIT Kobon.Certificates.N014T00053H5e6068f5.checked: native-evaluation; axioms=[propext,
 Kobon.Certificates.N014T00053H5e6068f5.checked._native.native_decide.ax_1_1]
info: Kobon/Audit.lean:7:0: AUDIT Kobon.Certificates.N051T00816H6fa6b7d9.checked: native-evaluation; axioms=[propext,
 Kobon.Certificates.N051T00816H6fa6b7d9.checked._native.native_decide.ax_1_1]
info: Kobon/Audit.lean:7:0: AUDIT Kobon.Universal.classical_baseline_le._proof_1_4: kernel; axioms=[]
info: Kobon/Audit.lean:7:0: AUDIT Kobon.AllN.dominates_every_saved_certificate._proof_1_69: kernel; axioms=[]
info: Kobon/Audit.lean:7:0: AUDIT Kobon.BBLRowOrder.auxiliary_outside_of_close._proof_1_54: kernel; axioms=[propext, Classical.choice, Quot.sound]
info: Kobon/Audit.lean:7:0: AUDIT Kobon.BBLVisible.auxPair_keys._proof_1_19: kernel; axioms=[propext, Classical.choice, Quot.sound]
info: Kobon/Audit.lean:7:0: AUDIT Kobon.BBLPersistence.triangle_preserved_eventually: kernel; axioms=[propext, Classical.choice, Quot.sound]
info: Kobon/Audit.lean:7:0: AUDIT Kobon.Certificates.N029T00261Hd4805c25.no_concurrent: native-evaluation; axioms=[propext,
 Kobon.Certificates.N029T00261Hd4805c25.no_concurrent._native.native_decide.ax_1_1]
info: Kobon/Audit.lean:7:0: AUDIT Kobon.FurediPalasti.selected_sum_nonzero._proof_1_5: kernel; axioms=[propext, Quot.sound]
info: Kobon/Audit.lean:7:0: AUDIT Kobon.BBLAssembly.replace_second_lt._proof_1_1: kernel; axioms=[propext, Quot.sound]
info: Kobon/Audit.lean:7:0: AUDIT Kobon.BBLAlternation.signs_from_negative: kernel; axioms=[propext, Classical.choice, Quot.sound]
info: Kobon/Audit.lean:7:0: AUDIT Kobon.AllN.exact_exception_values._proof_1_3: kernel; axioms=[]
info: Kobon/Audit.lean:7:0: AUDIT Kobon.AllN.floor_benchmark_le: kernel; axioms=[propext, Quot.sound]
info: Kobon/Audit.lean:7:0: AUDIT Kobon.AllN.dominates_every_saved_certificate._proof_1_53: kernel; axioms=[]
info: Kobon/Audit.lean:7:0: AUDIT Kobon.FurediPalastiWrap.wrap_triangle._proof_1_5: kernel; axioms=[propext, Quot.sound]
info: Kobon/Audit.lean:7:0: AUDIT Kobon.AllN.enhancement.eq_23: kernel; axioms=[]
info: Kobon/Audit.lean:7:0: AUDIT Kobon.BBLPencilLimits.positive_over_small: kernel; axioms=[propext, Classical.choice, Quot.sound]
info: Kobon/Audit.lean:7:0: AUDIT Kobon.BBLGrid.reduced_bounds._proof_1_3: kernel; axioms=[propext, Classical.choice, Quot.sound]
info: Kobon/Audit.lean:7:0: AUDIT Kobon.Certificates.N042T00553H2bdc9d67.checked: native-evaluation; axioms=[propext,
 Kobon.Certificates.N042T00553H2bdc9d67.checked._native.native_decide.ax_1_1]
info: Kobon/Audit.lean:7:0: AUDIT Kobon.Results.best_classical_019: native-evaluation; axioms=[propext,
 Classical.choice,
 Quot.sound,
 Kobon.Certificates.N019T00107Ha2f32bdb.checked._native.native_decide.ax_1_1]
info: Kobon/Audit.lean:7:0: AUDIT Kobon.BBLRowOrder.auxiliary_outside_of_close._proof_1_53: kernel; axioms=[propext, Classical.choice, Quot.sound]
info: Kobon/Audit.lean:7:0: AUDIT Kobon.Certificates.N014T00051Hd67e7a6b.no_concurrent: native-evaluation; axioms=[propext,
 Kobon.Certificates.N014T00051Hd67e7a6b.no_concurrent._native.native_decide.ax_1_1]
info: Kobon/Audit.lean:7:0: AUDIT Kobon.ShiftedFurediPalasti.selected_triangle._proof_1_1: kernel; axioms=[propext, Quot.sound]
info: Kobon/Audit.lean:7:0: AUDIT Kobon.BBLPencilLimits.pairX_continuousAt_zero: kernel; axioms=[propext, Classical.choice, Quot.sound]
info: Kobon/Audit.lean:7:0: AUDIT Kobon.Certificates.N014T00054H1ec1fd5c.lower_bound: native-evaluation; axioms=[propext,
 Classical.choice,
 Quot.sound,
 Kobon.Certificates.N014T00054H1ec1fd5c.checked._native.native_decide.ax_1_1]
info: Kobon/Audit.lean:7:0: AUDIT Kobon.AllN.dominates_every_saved_certificate._proof_1_89: kernel; axioms=[]
info: Kobon/Audit.lean:7:0: AUDIT Kobon.BBLRealization.horizontal_profile._proof_1_15: kernel; axioms=[propext, Quot.sound]
info: Kobon/Audit.lean:7:0: AUDIT Kobon.Certificates.N051T00816H6fa6b7d9.lower_bound: native-evaluation; axioms=[propext,
 Classical.choice,
 Quot.sound,
 Kobon.Certificates.N051T00816H6fa6b7d9.checked._native.native_decide.ax_1_1]
info: Kobon/Audit.lean:7:0: AUDIT Kobon.Results.earlier_013: native-evaluation; axioms=[propext,
 Classical.choice,
 Quot.sound,
 Kobon.Certificates.N013T00047Hddec1f78.checked._native.native_decide.ax_1_1]
info: Kobon/Audit.lean:7:0: AUDIT Kobon.AllN.baseline_after_last_exception._proof_1_25: kernel; axioms=[propext, Quot.sound]
info: Kobon/Audit.lean:7:0: AUDIT Kobon.BBLRealizedPencil.no_concurrent._proof_1_6: kernel; axioms=[propext, Quot.sound]
info: Kobon/Audit.lean:7:0: AUDIT Kobon.Results.simple_045: native-evaluation; axioms=[propext,
 Classical.choice,
 Quot.sound,
 Kobon.Certificates.N045T00645H3dc6e882.checked._native.native_decide.ax_1_1,
 Kobon.Certificates.N045T00645H3dc6e882.no_concurrent._native.native_decide.ax_1_1]
info: Kobon/Audit.lean:7:0: AUDIT Kobon.BBLCapEnvelope.cap_left_endpoint._proof_1_5: kernel; axioms=[propext, Quot.sound]
info: Kobon/Audit.lean:7:0: AUDIT Kobon.AllN.baseline_after_last_exception._proof_1_14: kernel; axioms=[propext, Quot.sound]
info: Kobon/Audit.lean:7:0: AUDIT Kobon.AllN.dominates_every_saved_certificate._proof_1_87: kernel; axioms=[]
info: Kobon/Audit.lean:7:0: AUDIT Kobon.BBLCaps.capRow.eq_1: kernel; axioms=[]
info: Kobon/Audit.lean:7:0: AUDIT Kobon.AllN.baseline_dominates_49_target._proof_1_4: kernel; axioms=[propext, Quot.sound]
info: Kobon/Audit.lean:7:0: AUDIT Kobon.Certificates.N039T00470H30caa6f7.no_concurrent: native-evaluation; axioms=[propext,
 Kobon.Certificates.N039T00470H30caa6f7.no_concurrent._native.native_decide.ax_1_1]
info: Kobon/Audit.lean:7:0: AUDIT Kobon.BBLVisibleRetention.retain_all_but_one._simp_1_1: kernel; axioms=[propext]
info: Kobon/Audit.lean:7:0: AUDIT Kobon.BBLRowOrder.newKey_injective._proof_1_1: kernel; axioms=[propext, Quot.sound]
info: Kobon/Audit.lean:7:0: AUDIT Kobon.Certificates.N034T00357Hfbde0a76.checked: native-evaluation; axioms=[propext,
 Kobon.Certificates.N034T00357Hfbde0a76.checked._native.native_decide.ax_1_1]
info: Kobon/Audit.lean:7:0: AUDIT Kobon.Certificates.N014T00054H91349990.checked: native-evaluation; axioms=[propext,
 Kobon.Certificates.N014T00054H91349990.checked._native.native_decide.ax_1_1]
info: Kobon/Audit.lean:7:0: AUDIT Kobon.BBLRowOrder.auxiliary_outside_of_close._proof_1_14: kernel; axioms=[propext, Quot.sound]
info: Kobon/Audit.lean:7:0: AUDIT Kobon.BBLVisible.key_row_max._proof_1_10: kernel; axioms=[propext, Quot.sound]
info: Kobon/Audit.lean:7:0: AUDIT Kobon.Universal.classical_baseline_le._proof_1_5: kernel; axioms=[]
info: Kobon/Audit.lean:7:0: AUDIT Kobon.BBLCount.neighbors_count._proof_1_7: kernel; axioms=[propext, Classical.choice, Quot.sound]
info: Kobon/Audit.lean:7:0: AUDIT Kobon.FanGeometry.FanStrip.radial_center: kernel; axioms=[propext, Classical.choice, Quot.sound]
info: Kobon/Audit.lean:7:0: AUDIT Kobon.BBLNextSaturation.noncentral_gap._proof_1_22: kernel; axioms=[propext, Classical.choice, Quot.sound]
info: Kobon/Audit.lean:7:0: AUDIT Kobon.BBLCanonicalPencil.old_slopes_distinct: kernel; axioms=[propext, Classical.choice, Quot.sound]
info: Kobon/Audit.lean:7:0: AUDIT Kobon.Certificates.N036T00402H3fc01b7d.no_concurrent: native-evaluation; axioms=[propext,
 Kobon.Certificates.N036T00402H3fc01b7d.no_concurrent._native.native_decide.ax_1_1]
info: Kobon/Audit.lean:7:0: AUDIT Kobon.BBLCapSigns.cap_key_signs._proof_1_60: kernel; axioms=[propext, Classical.choice, Quot.sound]
info: Kobon/Audit.lean:7:0: AUDIT Kobon.BBLRowOrder.newKey_injective._proof_1_99: kernel; axioms=[propext, Quot.sound]
info: Kobon/Audit.lean:7:0: AUDIT Kobon.BBLNextSaturation.next_saturated._proof_1_3: kernel; axioms=[propext, Quot.sound]
info: Kobon/Audit.lean:7:0: AUDIT Kobon.BBLCaps.cap_no_aux_between._proof_1_19: kernel; axioms=[propext, Quot.sound]
info: Kobon/Audit.lean:7:0: AUDIT Kobon.BBLLiftedKeys.complement_row_bound._proof_1_4: kernel; axioms=[propext, Quot.sound]
info: Kobon/Audit.lean:7:0: AUDIT Kobon.AllN.baseline_after_last_exception._proof_1_5: kernel; axioms=[propext, Quot.sound]
info: Kobon/Audit.lean:7:0: AUDIT Kobon.FurediPalasti.selected_indices._proof_1_3: kernel; axioms=[propext, Quot.sound]
info: Kobon/Audit.lean:7:0: AUDIT Kobon.BBLCapHeight.cap_endpoint_height._proof_1_5: kernel; axioms=[propext, Quot.sound]
info: Kobon/Audit.lean:7:0: AUDIT Kobon.TamuraSeed5.last_line: kernel; axioms=[propext, Classical.choice, Quot.sound]
info: Kobon/Audit.lean:7:0: AUDIT Kobon.BBLCount.neighbors.eq_1: kernel; axioms=[propext, Classical.choice, Quot.sound]
info: Kobon/Audit.lean:7:0: AUDIT Kobon.Certificates.N013T00047Hddec1f78.no_concurrent: native-evaluation; axioms=[propext,
 Kobon.Certificates.N013T00047Hddec1f78.no_concurrent._native.native_decide.ax_1_1]
info: Kobon/Audit.lean:7:0: AUDIT Kobon.Cells.overlap_forces_same_triple._proof_1_6: kernel; axioms=[propext, Quot.sound]
info: Kobon/Audit.lean:7:0: AUDIT Kobon.BBLCentralEnvelope.central_endpoint._proof_1_8: kernel; axioms=[propext, Quot.sound]
info: Kobon/Audit.lean:7:0: AUDIT Kobon.BBLRowOrder.newKey_injective._proof_1_19: kernel; axioms=[propext, Quot.sound]
info: Kobon/Audit.lean:7:0: AUDIT Kobon.FurediPalastiTwoCaps.two_cap_simple_lower_bound._proof_1_6: kernel; axioms=[propext, Quot.sound]
info: Kobon/Audit.lean:7:0: AUDIT Kobon.Certificates.N024T00172He63e906b.simple_lower_bound: native-evaluation; axioms=[propext,
 Classical.choice,
 Quot.sound,
 Kobon.Certificates.N024T00172He63e906b.checked._native.native_decide.ax_1_1,
 Kobon.Certificates.N024T00172He63e906b.no_concurrent._native.native_decide.ax_1_1]
info: Kobon/Audit.lean:7:0: AUDIT Kobon.CleanLineBudget.general_multiplicity_budget._proof_1_1: kernel; axioms=[propext, Quot.sound]
info: Kobon/Audit.lean:7:0: AUDIT Kobon.FurediPalastiTwoCaps.upper_inner_sign._proof_1_10: kernel; axioms=[propext, Quot.sound]
info: Kobon/Audit.lean:7:0: AUDIT KobonBoundary.full_step_iff_both_parities._proof_1_8: kernel; axioms=[propext, Quot.sound]
info: Kobon/Audit.lean:7:0: AUDIT Kobon.AllN.dominates_every_saved_certificate._proof_1_20: kernel; axioms=[]
info: Kobon/Audit.lean:7:0: AUDIT Kobon.BBLRowMax.row_extremal: kernel; axioms=[propext, Classical.choice, Quot.sound]
info: Kobon/Audit.lean:7:0: AUDIT Kobon.BBLRowOrder.newKey_symm._proof_1_49: kernel; axioms=[propext, Quot.sound]
info: Kobon/Audit.lean:7:0: AUDIT Kobon.Results.best_classical_034: native-evaluation; axioms=[propext,
 Classical.choice,
 Quot.sound,
 Kobon.Certificates.N034T00357Hfbde0a76.checked._native.native_decide.ax_1_1]
info: Kobon/Audit.lean:7:0: AUDIT Kobon.Results.best_classical_008: native-evaluation; axioms=[propext,
 Classical.choice,
 Quot.sound,
 Kobon.Certificates.N008T00015Ha1380810.checked._native.native_decide.ax_1_1]
info: Kobon/Audit.lean:7:0: AUDIT Kobon.FurediPalastiCaps.pairX._proof_1: kernel; axioms=[propext]
info: Kobon/Audit.lean:7:0: AUDIT Kobon.BBLCount.neighbors_count._proof_1_9: kernel; axioms=[propext, Classical.choice, Quot.sound]
info: Kobon/Audit.lean:7:0: AUDIT Kobon.Results.classical_051: native-evaluation; axioms=[propext,
 Classical.choice,
 Quot.sound,
 Kobon.Certificates.N051T00817Hbd215f67.checked._native.native_decide.ax_1_1]
info: Kobon/Audit.lean:7:0: AUDIT Kobon.AllN.exact_exception_values._proof_1_40: kernel; axioms=[]
info: Kobon/Audit.lean:7:0: AUDIT Kobon.AllN.enhancement.eq_59: kernel; axioms=[]
info: Kobon/Audit.lean:7:0: AUDIT Kobon.Cells.TriangleGeometry.closed_weights: kernel; axioms=[propext, Classical.choice, Quot.sound]
info: Kobon/Audit.lean:7:0: AUDIT Kobon.Certificates.N032T00314H9ab78b00.no_concurrent: native-evaluation; axioms=[propext,
 Kobon.Certificates.N032T00314H9ab78b00.no_concurrent._native.native_decide.ax_1_1]
info: Kobon/Audit.lean:7:0: AUDIT Kobon.Certificates.N047T00691Hfac44af1.simple_lower_bound: native-evaluation; axioms=[propext,
 Classical.choice,
 Quot.sound,
 Kobon.Certificates.N047T00691Hfac44af1.checked._native.native_decide.ax_1_1,
 Kobon.Certificates.N047T00691Hfac44af1.no_concurrent._native.native_decide.ax_1_1]
info: Kobon/Audit.lean:7:0: AUDIT Kobon.BBLVisibleAssembly.visible_gain._proof_1_2: kernel; axioms=[propext, Quot.sound]
info: Kobon/Audit.lean:7:0: AUDIT Kobon.BBLCapSigns.cap_key_signs._proof_1_2: kernel; axioms=[propext, Classical.choice, Quot.sound]
info: Kobon/Audit.lean:7:0: AUDIT Kobon.AllN.strict_improvements._proof_1_28: kernel; axioms=[]
info: Kobon/Audit.lean:7:0: AUDIT Kobon.SeedFamily.all_triangles._simp_1_1: kernel; axioms=[propext, Quot.sound]
info: Kobon/Audit.lean:7:0: AUDIT Kobon.BBLLiftedKeys.lifted_anchor._proof_1_23: kernel; axioms=[propext, Quot.sound]
info: Kobon/Audit.lean:7:0: AUDIT Kobon.CleanLineBudget.high_multiplicity_weight._proof_1_1: kernel; axioms=[propext, Quot.sound]
info: Kobon/Audit.lean:7:0: AUDIT Kobon.SharedFan.realLine.eq_1: kernel; axioms=[propext, Classical.choice, Quot.sound]
info: Kobon/Audit.lean:7:0: AUDIT Kobon.AllN.exact_exception_values._proof_1_41: kernel; axioms=[]
info: Kobon/Audit.lean:7:0: AUDIT Kobon.AllN.baseline_after_last_exception._proof_1_44: kernel; axioms=[propext, Quot.sound]
info: Kobon/Audit.lean:7:0: AUDIT Kobon.Results.best_simple_029: native-evaluation; axioms=[propext,
 Classical.choice,
 Quot.sound,
 Kobon.Certificates.N029T00261Hd4805c25.checked._native.native_decide.ax_1_1,
 Kobon.Certificates.N029T00261Hd4805c25.no_concurrent._native.native_decide.ax_1_1]
info: Kobon/Audit.lean:7:0: AUDIT Kobon.BBLRealization.horizontal_profile._proof_1_12: kernel; axioms=[propext, Quot.sound]
info: Kobon/Audit.lean:7:0: AUDIT Kobon.AllN.baseline_after_last_exception._proof_1_63: kernel; axioms=[propext, Quot.sound]
info: Kobon/Audit.lean:7:0: AUDIT Kobon.BBLRealization.horizontalCoordinate.eq_1: kernel; axioms=[propext, Classical.choice, Quot.sound]
info: Kobon/Audit.lean:7:0: AUDIT Kobon.FurediPalastiTwoCaps.lower_outer_sign._proof_1_11: kernel; axioms=[propext, Quot.sound]
info: Kobon/Audit.lean:7:0: AUDIT Kobon.BBLGridCuts.cut_anchor._proof_1_1: kernel; axioms=[propext, Quot.sound]
info: Kobon/Audit.lean:7:0: AUDIT Kobon.FurediPalastiCount.mem_bad._abel_1_7: kernel; axioms=[propext, Quot.sound]
info: Kobon/Audit.lean:7:0: AUDIT Kobon.Certificates.N042T00553H2bdc9d67.simple_lower_bound: native-evaluation; axioms=[propext,
 Classical.choice,
 Quot.sound,
 Kobon.Certificates.N042T00553H2bdc9d67.checked._native.native_decide.ax_1_1,
 Kobon.Certificates.N042T00553H2bdc9d67.no_concurrent._native.native_decide.ax_1_1]
info: Kobon/Audit.lean:7:0: AUDIT Kobon.BBLRowOrder.newKey_injective._proof_1_3: kernel; axioms=[propext, Quot.sound]
info: Kobon/Audit.lean:7:0: AUDIT Kobon.BBLRowOrder.newKey_symm._proof_1_50: kernel; axioms=[propext, Quot.sound]
info: Kobon/Audit.lean:7:0: AUDIT Kobon.BBLNextSaturation.noncentral_gap: kernel; axioms=[propext, Classical.choice, Quot.sound]
info: Kobon/Audit.lean:7:0: AUDIT Kobon.Certificates.N036T00402Hce43a107.no_concurrent: native-evaluation; axioms=[propext,
 Kobon.Certificates.N036T00402Hce43a107.no_concurrent._native.native_decide.ax_1_1]
info: Kobon/Audit.lean:7:0: AUDIT Kobon.ShiftedFurediPalasti.angle_strictMono: kernel; axioms=[propext, Classical.choice, Quot.sound]
info: Kobon/Audit.lean:7:0: AUDIT Kobon.FurediPalastiChart.cap_vertex._proof_1_2: kernel; axioms=[propext, Quot.sound]
info: Kobon/Audit.lean:7:0: AUDIT Kobon.AllN.strict_improvements._proof_1_13: kernel; axioms=[]
info: Kobon/Audit.lean:7:0: AUDIT Kobon.BBLVisible.central_visible._proof_1_5: kernel; axioms=[propext, Quot.sound]
info: Kobon/Audit.lean:7:0: AUDIT Kobon.Results.earlier_018: native-evaluation; axioms=[propext,
 Classical.choice,
 Quot.sound,
 Kobon.Certificates.N018T00093Hedb6246a.checked._native.native_decide.ax_1_1]
info: Kobon/Audit.lean:7:0: AUDIT Kobon.BBLRowOrder.newKey_symm._proof_1_35: kernel; axioms=[propext, Quot.sound]
info: Kobon/Audit.lean:7:0: AUDIT Kobon.Certificates.N014T00054Hd47aea63.lower_bound: native-evaluation; axioms=[propext,
 Classical.choice,
 Quot.sound,
 Kobon.Certificates.N014T00054Hd47aea63.checked._native.native_decide.ax_1_1]
info: Kobon/Audit.lean:7:0: AUDIT Kobon.BBLCaps.capRow_injective: kernel; axioms=[propext, Quot.sound]
info: Kobon/Audit.lean:7:0: AUDIT Kobon.BBLCapReplacement.oriented_self_left: kernel; axioms=[propext, Classical.choice, Quot.sound]
info: Kobon/Audit.lean:7:0: AUDIT Kobon.BBLSimple.canonical_no_concurrent._proof_1_5: kernel; axioms=[propext, Quot.sound]
info: Kobon/Audit.lean:7:0: AUDIT Kobon.BBLRowOrder.newKey_injective._proof_1_41: kernel; axioms=[propext, Quot.sound]
info: Kobon/Audit.lean:7:0: AUDIT Kobon.SeedFamily.parameters._proof_3: kernel; axioms=[propext]
info: Kobon/Audit.lean:7:0: AUDIT Kobon.BBLCapSigns.cap_key_signs._proof_1_68: kernel; axioms=[propext, Classical.choice, Quot.sound]
info: Kobon/Audit.lean:7:0: AUDIT Kobon.Iteration.no_infinite_full_gain_budget._proof_1_3: kernel; axioms=[propext, Quot.sound]
info: Kobon/Audit.lean:7:0: AUDIT Kobon.ShiftedFurediPalasti.selected_triangle._proof_1_8: kernel; axioms=[propext, Quot.sound]
info: Kobon/Audit.lean:7:0: AUDIT Kobon.BBLCapBridge.endpointSigns_of_canonical._proof_1_13: kernel; axioms=[propext, Quot.sound]
info: Kobon/Audit.lean:7:0: AUDIT Kobon.Universal.polynomial_gap_exact._proof_1_5: kernel; axioms=[propext, Quot.sound]
info: Kobon/Audit.lean:7:0: AUDIT Kobon.areaDet.eq_1: kernel; axioms=[propext, Classical.choice, Quot.sound]
info: Kobon/Audit.lean:7:0: AUDIT Kobon.BBLRowOrder.newKey_symm._proof_1_52: kernel; axioms=[propext, Quot.sound]
info: Kobon/Audit.lean:7:0: AUDIT Kobon.Results.simple_038: native-evaluation; axioms=[propext,
 Classical.choice,
 Quot.sound,
 Kobon.Certificates.N038T00449H46ad5a32.checked._native.native_decide.ax_1_1,
 Kobon.Certificates.N038T00449H46ad5a32.no_concurrent._native.native_decide.ax_1_1]
info: Kobon/Audit.lean:7:0: AUDIT Kobon.AllN.enhancement.eq_55: kernel; axioms=[]
info: Kobon/Audit.lean:7:0: AUDIT Kobon.Results.best_simple_065: native-evaluation; axioms=[propext,
 Classical.choice,
 Quot.sound,
 Kobon.Certificates.N065T01365Hb1dcbeb4.checked._native.native_decide.ax_1_1,
 Kobon.Certificates.N065T01365Hb1dcbeb4.no_concurrent._native.native_decide.ax_1_1]
info: Kobon/Audit.lean:7:0: AUDIT Kobon.Results.best_classical_059: native-evaluation; axioms=[propext,
 Classical.choice,
 Quot.sound,
 Kobon.Certificates.N059T01103Hba482375.checked._native.native_decide.ax_1_1]
info: Kobon/Audit.lean:7:0: AUDIT Kobon.Families.one_triangle_gap: kernel; axioms=[propext, Classical.choice, Quot.sound]
info: Kobon/Audit.lean:7:0: AUDIT Kobon.BBLRealization.horizontal_profile._proof_1_8: kernel; axioms=[propext, Quot.sound]
info: Kobon/Audit.lean:7:0: AUDIT Kobon.FurediPalasti.lower_bound._proof_1_1: kernel; axioms=[propext, Quot.sound]
info: Kobon/Audit.lean:7:0: AUDIT KobonBoundary.odd_full_gain._proof_1_1: kernel; axioms=[propext, Classical.choice, Quot.sound]
info: Kobon/Audit.lean:7:0: AUDIT Kobon.BBLRowOrder.newKey_injective._proof_1_77: kernel; axioms=[propext, Classical.choice, Quot.sound]
info: Kobon/Audit.lean:7:0: AUDIT Kobon.BBLGridCuts.cut_right_above: kernel; axioms=[propext, Classical.choice, Quot.sound]
info: Kobon/Audit.lean:7:0: AUDIT Kobon.BBLRowOrder.auxiliary_outside_of_close._proof_1_12: kernel; axioms=[propext, Classical.choice, Quot.sound]
info: Kobon/Audit.lean:7:0: AUDIT Kobon.FurediPalastiTwoCaps.lower_outer_sign: kernel; axioms=[propext, Classical.choice, Quot.sound]
info: Kobon/Audit.lean:7:0: AUDIT Kobon.Cells.ofPredicate._proof_10: kernel; axioms=[propext, Classical.choice, Quot.sound]
info: Kobon/Audit.lean:7:0: AUDIT Kobon.Universal.baseline_le: kernel; axioms=[propext]
info: Kobon/Audit.lean:7:0: AUDIT Kobon.AllN.exact_exception_values._proof_1_14: kernel; axioms=[]
info: Kobon/Audit.lean:7:0: AUDIT Kobon.SimpleLowerBound.mono: kernel; axioms=[propext, Classical.choice, Quot.sound]
info: Kobon/Audit.lean:7:0: AUDIT Kobon.CleanLineBudget.at_most_two_triple_points: kernel; axioms=[propext, Quot.sound]
info: Kobon/Audit.lean:7:0: AUDIT Kobon.BBLCaps.cap_no_aux_between._proof_1_54: kernel; axioms=[propext, Quot.sound]
info: Kobon/Audit.lean:7:0: AUDIT Kobon.Reindex.rotate_zero_triangle._proof_1_9: kernel; axioms=[propext, Quot.sound]
info: Kobon/Audit.lean:7:0: AUDIT Kobon.Certificates.N023T00161H969ad7d3.simple_lower_bound: native-evaluation; axioms=[propext,
 Classical.choice,
 Quot.sound,
 Kobon.Certificates.N023T00161H969ad7d3.checked._native.native_decide.ax_1_1,
 Kobon.Certificates.N023T00161H969ad7d3.no_concurrent._native.native_decide.ax_1_1]
info: Kobon/Audit.lean:7:0: AUDIT Kobon.Results.simple_023: native-evaluation; axioms=[propext,
 Classical.choice,
 Quot.sound,
 Kobon.Certificates.N023T00161H969ad7d3.checked._native.native_decide.ax_1_1,
 Kobon.Certificates.N023T00161H969ad7d3.no_concurrent._native.native_decide.ax_1_1]
info: Kobon/Audit.lean:7:0: AUDIT Kobon.Certificates.N017T00085H7cf3c061.checked: native-evaluation; axioms=[propext,
 Kobon.Certificates.N017T00085H7cf3c061.checked._native.native_decide.ax_1_1]
info: Kobon/Audit.lean:7:0: AUDIT Kobon.AllN.enhancement.eq_47: kernel; axioms=[]
info: Kobon/Audit.lean:7:0: AUDIT Kobon.FurediPalastiCaps.cos_four_thirds_pi: kernel; axioms=[propext, Classical.choice, Quot.sound]
info: Kobon/Audit.lean:7:0: AUDIT Kobon.Certificates.N014T00052Hc6615430.checked: native-evaluation; axioms=[propext,
 Kobon.Certificates.N014T00052Hc6615430.checked._native.native_decide.ax_1_1]
info: Kobon/Audit.lean:7:0: AUDIT Kobon.Certificates.N060T01140H16af6d0b.simple_lower_bound: native-evaluation; axioms=[propext,
 Classical.choice,
 Quot.sound,
 Kobon.Certificates.N060T01140H16af6d0b.checked._native.native_decide.ax_1_1,
 Kobon.Certificates.N060T01140H16af6d0b.no_concurrent._native.native_decide.ax_1_1]
info: Kobon/Audit.lean:7:0: AUDIT Kobon.SharedFan.radial_elementary: kernel; axioms=[propext, Classical.choice, Quot.sound]
info: Kobon/Audit.lean:7:0: AUDIT Kobon.FurediPalasti.selected_triangle._simp_1_4: kernel; axioms=[propext]
info: Kobon/Audit.lean:7:0: AUDIT Kobon.BBLRowOrder.newKey_injective: kernel; axioms=[propext, Classical.choice, Quot.sound]
info: Kobon/Audit.lean:7:0: AUDIT Kobon.Results.earlier_059: native-evaluation; axioms=[propext,
 Classical.choice,
 Quot.sound,
 Kobon.Certificates.N059T01103Hba482375.checked._native.native_decide.ax_1_1]
info: Kobon/Audit.lean:7:0: AUDIT Kobon.Iteration.no_infinite_full_gain_budget._proof_1_1: kernel; axioms=[propext, Quot.sound]
info: Kobon/Audit.lean:7:0: AUDIT Kobon.BBLRowGeometry.mixed_triangle: kernel; axioms=[propext, Classical.choice, Quot.sound]
info: Kobon/Audit.lean:7:0: AUDIT Kobon.BBLRowOrder.newKey_injective._proof_1_28: kernel; axioms=[propext, Classical.choice, Quot.sound]
info: Kobon/Audit.lean:7:0: AUDIT Kobon.BBLCapEnvelope.cap_right_endpoint._proof_1_9: kernel; axioms=[propext, Quot.sound]
info: Kobon/Audit.lean:7:0: AUDIT Kobon.BBLRowOrder.newKey_symm._proof_1_46: kernel; axioms=[propext, Quot.sound]
info: Kobon/Audit.lean:7:0: AUDIT Kobon.Certificates.N003T00001H05c82de6.no_concurrent: native-evaluation; axioms=[propext,
 Kobon.Certificates.N003T00001H05c82de6.no_concurrent._native.native_decide.ax_1_1]
info: Kobon/Audit.lean:7:0: AUDIT Kobon.BBLSeed21.all_visible._simp_1_1: kernel; axioms=[propext, Quot.sound]
info: Kobon/Audit.lean:7:0: AUDIT Kobon.Certificates.N044T00608Hb5277675.simple_lower_bound: native-evaluation; axioms=[propext,
 Classical.choice,
 Quot.sound,
 Kobon.Certificates.N044T00608Hb5277675.checked._native.native_decide.ax_1_1,
 Kobon.Certificates.N044T00608Hb5277675.no_concurrent._native.native_decide.ax_1_1]
info: Kobon/Audit.lean:7:0: AUDIT Kobon.BBLGridCuts.cut_zero._proof_1_3: kernel; axioms=[propext, Quot.sound]
info: Kobon/Audit.lean:7:0: AUDIT Kobon.Results.earlier_046: native-evaluation; axioms=[propext,
 Classical.choice,
 Quot.sound,
 Kobon.Certificates.N046T00667H32b8ca2f.checked._native.native_decide.ax_1_1]
info: Kobon/Audit.lean:7:0: AUDIT Kobon.BBLRowOrder.newKey_injective._proof_1_11: kernel; axioms=[propext, Quot.sound]
info: Kobon/Audit.lean:7:0: AUDIT Kobon.BBLProfiles.profile_strict_order._proof_1_3: kernel; axioms=[propext, Quot.sound]
info: Kobon/Audit.lean:7:0: AUDIT Kobon.BBLRowOrder.newKey_symm._proof_1_4: kernel; axioms=[propext, Quot.sound]
info: Kobon/Audit.lean:7:0: AUDIT Kobon.Certificates.N065T01365Hb1dcbeb4.simple_lower_bound: native-evaluation; axioms=[propext,
 Classical.choice,
 Quot.sound,
 Kobon.Certificates.N065T01365Hb1dcbeb4.checked._native.native_decide.ax_1_1,
 Kobon.Certificates.N065T01365Hb1dcbeb4.no_concurrent._native.native_decide.ax_1_1]
info: Kobon/Audit.lean:7:0: AUDIT Kobon.BBLCount.mixed_count_identity._proof_1_4: kernel; axioms=[propext, Quot.sound]
info: Kobon/Audit.lean:7:0: AUDIT Kobon.BBLCaps.cap_no_aux_between._proof_1_25: kernel; axioms=[propext, Quot.sound]
info: Kobon/Audit.lean:7:0: AUDIT Kobon.Cells.ofPredicate._proof_2: kernel; axioms=[propext, Quot.sound]
info: Kobon/Audit.lean:7:0: AUDIT Kobon.Certificates.N099T03168Ha0ea3082.simple_lower_bound: native-evaluation; axioms=[propext,
 Classical.choice,
 Quot.sound,
 Kobon.Certificates.N099T03168Ha0ea3082.checked._native.native_decide.ax_1_1,
 Kobon.Certificates.N099T03168Ha0ea3082.no_concurrent._native.native_decide.ax_1_1]
info: Kobon/Audit.lean:7:0: AUDIT Kobon.SeedFamily.simple: kernel; axioms=[propext, Classical.choice, Quot.sound]
info: Kobon/Audit.lean:7:0: AUDIT Kobon.BBLLiftedRows.crossKey_injective._proof_1_4: kernel; axioms=[propext, Quot.sound]
info: Kobon/Audit.lean:7:0: AUDIT Kobon.BBLCanonicalPencil.arrangement_eq_rotate_pencil._proof_1_1: kernel; axioms=[propext, Quot.sound]
info: Kobon/Audit.lean:7:0: AUDIT Kobon.BBLPencilLimits.displacementCoeff_zero: kernel; axioms=[propext, Classical.choice, Quot.sound]
info: Kobon/Audit.lean:7:0: AUDIT Kobon.BBLCanonicalPencil.old_slopes_ne_zero._proof_1_3: kernel; axioms=[propext, Quot.sound]
info: Kobon/Audit.lean:7:0: AUDIT Kobon.Results.best_simple_054: native-evaluation; axioms=[propext,
 Classical.choice,
 Quot.sound,
 Kobon.Certificates.N054T00919Ha254c1b4.checked._native.native_decide.ax_1_1,
 Kobon.Certificates.N054T00919Ha254c1b4.no_concurrent._native.native_decide.ax_1_1]
info: Kobon/Audit.lean:7:0: AUDIT Kobon.BBLProfiles.profile_left_eventually._proof_1_2: kernel; axioms=[propext, Quot.sound]
info: Kobon/Audit.lean:7:0: AUDIT Kobon.Certificates.N005T00005H948a0bdf.simple_lower_bound: native-evaluation; axioms=[propext,
 Classical.choice,
 Quot.sound,
 Kobon.Certificates.N005T00005H948a0bdf.checked._native.native_decide.ax_1_1,
 Kobon.Certificates.N005T00005H948a0bdf.no_concurrent._native.native_decide.ax_1_1]
info: Kobon/Audit.lean:7:0: AUDIT Kobon.AllN.exact_exception_values._proof_1_18: kernel; axioms=[]
info: Kobon/Audit.lean:7:0: AUDIT Kobon.AllN.polynomial_gap: kernel; axioms=[propext, Classical.choice, Quot.sound]
info: Kobon/Audit.lean:7:0: AUDIT Kobon.Certificates.N004T00002H0e541bd5.no_concurrent: native-evaluation; axioms=[propext,
 Kobon.Certificates.N004T00002H0e541bd5.no_concurrent._native.native_decide.ax_1_1]
info: Kobon/Audit.lean:7:0: AUDIT Kobon.BBLTriangles.outside_product: kernel; axioms=[propext, Classical.choice, Quot.sound]
info: Kobon/Audit.lean:7:0: AUDIT Kobon.TamuraTangentBounds.tan_16_1_bounds: kernel; axioms=[propext, Classical.choice, Quot.sound]
info: Kobon/Audit.lean:7:0: AUDIT Kobon.BBLRowOrder.newKey_injective._proof_1_53: kernel; axioms=[propext, Quot.sound]
info: Kobon/Audit.lean:7:0: AUDIT Kobon.BBLMaximization.rational_error_bound._simp_1_2: kernel; axioms=[propext]
info: Kobon/Audit.lean:7:0: AUDIT Kobon.Certificates.N043T00587H861d8be2.no_concurrent: native-evaluation; axioms=[propext,
 Kobon.Certificates.N043T00587H861d8be2.no_concurrent._native.native_decide.ax_1_1]
info: Kobon/Audit.lean:7:0: AUDIT Kobon.Certificates.N162T08612H1512e696.no_concurrent: native-evaluation; axioms=[propext,
 Kobon.Certificates.N162T08612H1512e696.no_concurrent._native.native_decide.ax_1_1]
info: Kobon/Audit.lean:7:0: AUDIT Kobon.Projective.nonneg_flipped: kernel; axioms=[propext, Classical.choice, Quot.sound]
info: Kobon/Audit.lean:7:0: AUDIT Kobon.Certificates.N008T00015Ha1380810.checked: native-evaluation; axioms=[propext,
 Kobon.Certificates.N008T00015Ha1380810.checked._native.native_decide.ax_1_1]
info: Kobon/Audit.lean:7:0: AUDIT Kobon.BBLCaps.cap_no_aux_between._proof_1_37: kernel; axioms=[propext, Classical.choice, Quot.sound]
info: Kobon/Audit.lean:7:0: AUDIT Kobon.BBLRowOrder.newKey_symm._proof_1_43: kernel; axioms=[propext, Classical.choice, Quot.sound]
info: Kobon/Audit.lean:7:0: AUDIT Kobon.ShiftedFurediPalasti.sin_diff_pos: kernel; axioms=[propext, Classical.choice, Quot.sound]
info: Kobon/Audit.lean:7:0: AUDIT Kobon.AllN.strict_improvements._proof_1_52: kernel; axioms=[]
info: Kobon/Audit.lean:7:0: AUDIT Kobon.BBLCount.outside_subset._proof_1_16: kernel; axioms=[propext, Quot.sound]
info: Kobon/Audit.lean:7:0: AUDIT Kobon.BBLGridCuts.oldAnchor.eq_1: kernel; axioms=[]
info: Kobon/Audit.lean:7:0: AUDIT Kobon.Cells.ofPredicate._proof_5: kernel; axioms=[propext, Classical.choice, Quot.sound]
info: Kobon/Audit.lean:7:0: AUDIT Kobon.Projective.factor_neg_negative: kernel; axioms=[propext, Classical.choice, Quot.sound]
info: Kobon/Audit.lean:7:0: AUDIT Kobon.BBLAnalytic.cotangent_bound: kernel; axioms=[propext, Classical.choice, Quot.sound]
info: Kobon/Audit.lean:7:0: AUDIT Kobon.BBLRowOrder.newKey_injective._proof_1_76: kernel; axioms=[propext, Quot.sound]
info: Kobon/Audit.lean:7:0: AUDIT Kobon.Certificates.N019T00107H6e8ca6f5.no_concurrent: native-evaluation; axioms=[propext,
 Kobon.Certificates.N019T00107H6e8ca6f5.no_concurrent._native.native_decide.ax_1_1]
info: Kobon/Audit.lean:7:0: AUDIT Kobon.BBLRowOrder.key_bounds._proof_1_9: kernel; axioms=[propext, Classical.choice, Quot.sound]
info: Kobon/Audit.lean:7:0: AUDIT Kobon.BBLCount.mixed_count_identity._proof_1_3: kernel; axioms=[propext, Quot.sound]
info: Kobon/Audit.lean:7:0: AUDIT Kobon.BBLRowOrder.auxiliary_outside_of_close._proof_1_32: kernel; axioms=[propext, Classical.choice, Quot.sound]
info: Kobon/Audit.lean:7:0: AUDIT Kobon.BBLGridCuts.cut_beta_right._proof_1_1: kernel; axioms=[propext, Quot.sound]
info: Kobon/Audit.lean:7:0: AUDIT Kobon.AllN.baseline_after_last_exception._proof_1_49: kernel; axioms=[propext, Quot.sound]
info: Kobon/Audit.lean:7:0: AUDIT Kobon.Certificates.N055T00954Hea7675d9.no_concurrent: native-evaluation; axioms=[propext,
 Kobon.Certificates.N055T00954Hea7675d9.no_concurrent._native.native_decide.ax_1_1]
info: Kobon/Audit.lean:7:0: AUDIT Kobon.BBLCapReplacement.cap_replacement_eventually._proof_1_2: kernel; axioms=[propext, Quot.sound]
info: Kobon/Audit.lean:7:0: AUDIT Kobon.FurediPalastiTwoCaps.lower_outer_sign._proof_1_3: kernel; axioms=[propext, Quot.sound]
info: Kobon/Audit.lean:7:0: AUDIT Kobon.TamuraSeed5.lineAt.eq_1: kernel; axioms=[propext, Classical.choice, Quot.sound]
info: Kobon/Audit.lean:7:0: AUDIT Kobon.FurediPalastiWrap.cap_nonneg._proof_1_4: kernel; axioms=[propext, Quot.sound]
info: Kobon/Audit.lean:7:0: AUDIT Kobon.FurediPalasti.selected_indices._proof_1_4: kernel; axioms=[propext, Quot.sound]
info: Kobon/Audit.lean:7:0: AUDIT Kobon.BBLCapEnvelope.cap_right_endpoint._proof_1_5: kernel; axioms=[propext, Quot.sound]
info: Kobon/Audit.lean:7:0: AUDIT Kobon.BBLSeed21.parameters._proof_7: kernel; axioms=[propext]
info: Kobon/Audit.lean:7:0: AUDIT Kobon.Results.best_simple_019: native-evaluation; axioms=[propext,
 Classical.choice,
 Quot.sound,
 Kobon.Certificates.N019T00107Ha2f32bdb.checked._native.native_decide.ax_1_1,
 Kobon.Certificates.N019T00107Ha2f32bdb.no_concurrent._native.native_decide.ax_1_1]
info: Kobon/Audit.lean:7:0: AUDIT Kobon.BBLCapSigns.cap_key_signs._proof_1_18: kernel; axioms=[propext, Quot.sound]
info: Kobon/Audit.lean:7:0: AUDIT Kobon.BBLRowOrder.newKey_injective._proof_1_25: kernel; axioms=[propext, Quot.sound]
info: Kobon/Audit.lean:7:0: AUDIT Kobon.AllN.exact_exception_values._proof_1_46: kernel; axioms=[]
info: Kobon/Audit.lean:7:0: AUDIT Kobon.BBLPencilLimits.displacementCoeff_zero._simp_1_3: kernel; axioms=[propext]
info: Kobon/Audit.lean:7:0: AUDIT Kobon.AllN.dominates_every_saved_certificate._proof_1_3: kernel; axioms=[]
info: Kobon/Audit.lean:7:0: AUDIT Kobon.BBLMaximization.sine_grid_separation._proof_1_2: kernel; axioms=[propext, Quot.sound]
info: Kobon/Audit.lean:7:0: AUDIT Kobon.FurediPalastiTwoCaps.lower_triangle._proof_1_3: kernel; axioms=[propext, Quot.sound]
info: Kobon/Audit.lean:7:0: AUDIT Kobon.BBLGridCuts.cut_zero: kernel; axioms=[propext, Classical.choice, Quot.sound]
info: Kobon/Audit.lean:7:0: AUDIT Kobon.BBLRealization.coordinate_zero_profile._proof_1_4: kernel; axioms=[propext, Quot.sound]
info: Kobon/Audit.lean:7:0: AUDIT Kobon.BBLCaps.cap_no_aux_between._proof_1_44: kernel; axioms=[propext, Quot.sound]
info: Kobon/Audit.lean:7:0: AUDIT Kobon.SharedFan.center_on_segment: kernel; axioms=[propext, Classical.choice, Quot.sound]
info: Kobon/Audit.lean:7:0: AUDIT Kobon.BBLCapSigns.horizontalKey_eq._proof_1_2: kernel; axioms=[propext, Quot.sound]
info: Kobon/Audit.lean:7:0: AUDIT Kobon.BBLRowMax.row_bound_not_last: kernel; axioms=[propext, Classical.choice, Quot.sound]
info: Kobon/Audit.lean:7:0: AUDIT Kobon.FurediPalastiTwoCaps.upper_outer_sign._proof_1_4: kernel; axioms=[propext, Quot.sound]
info: Kobon/Audit.lean:7:0: AUDIT Kobon.BBLCapSigns.horizontalKey_eq._proof_1_11: kernel; axioms=[propext, Quot.sound]
info: Kobon/Audit.lean:7:0: AUDIT Kobon.BBLCaps.cap_no_aux_between._proof_1_7: kernel; axioms=[propext, Quot.sound]
info: Kobon/Audit.lean:7:0: AUDIT Kobon.BBLCapSigns.cap_key_signs._proof_1_66: kernel; axioms=[propext, Classical.choice, Quot.sound]
info: Kobon/Audit.lean:7:0: AUDIT Kobon.BBLRowOrder.newKey_symm._proof_1_8: kernel; axioms=[propext, Quot.sound]
info: Kobon/Audit.lean:7:0: AUDIT Kobon.Certificates.N022T00142He683945e.no_concurrent: native-evaluation; axioms=[propext,
 Kobon.Certificates.N022T00142He683945e.no_concurrent._native.native_decide.ax_1_1]
info: Kobon/Audit.lean:7:0: AUDIT Kobon.Certificates.N055T00955H202625a3.lower_bound: native-evaluation; axioms=[propext,
 Classical.choice,
 Quot.sound,
 Kobon.Certificates.N055T00955H202625a3.checked._native.native_decide.ax_1_1]
info: Kobon/Audit.lean:7:0: AUDIT Kobon.BBLGrid.reduced_bounds._proof_1_1: kernel; axioms=[propext, Classical.choice, Quot.sound]
info: Kobon/Audit.lean:7:0: AUDIT Kobon.Certificates.N053T00885H6bc5b14d.lower_bound: native-evaluation; axioms=[propext,
 Classical.choice,
 Quot.sound,
 Kobon.Certificates.N053T00885H6bc5b14d.checked._native.native_decide.ax_1_1]
info: Kobon/Audit.lean:7:0: AUDIT Kobon.BBLCapReplacement.oriented_swap: kernel; axioms=[propext, Classical.choice, Quot.sound]
info: Kobon/Audit.lean:7:0: AUDIT Kobon.FurediPalasti.selected_sum_nonzero._proof_1_4: kernel; axioms=[propext, Quot.sound]
info: Kobon/Audit.lean:7:0: AUDIT Kobon.Reindex.shift.eq_1: kernel; axioms=[]
info: Kobon/Audit.lean:7:0: AUDIT Kobon.TamuraTangentBounds.tan_32_5_bounds: kernel; axioms=[propext, Classical.choice, Quot.sound]
info: Kobon/Audit.lean:7:0: AUDIT Kobon.BBLCentralPersistence.centralSigns_of_canonical._proof_1_6: kernel; axioms=[propext, Quot.sound]
info: Kobon/Audit.lean:7:0: AUDIT Kobon.BBLLiftedKeys.lifted_anchor._proof_1_20: kernel; axioms=[propext, Quot.sound]
info: Kobon/Audit.lean:7:0: AUDIT Kobon.BBLConsecutive.supports_consecutive._proof_1_15: kernel; axioms=[propext, Quot.sound]
info: Kobon/Audit.lean:7:0: AUDIT Kobon.BBLRealization.horizontal_coordinate_profile._proof_1_4: kernel; axioms=[propext, Quot.sound]
info: Kobon/Audit.lean:7:0: AUDIT Kobon.BBLCaps.capRow_injective._proof_1_1: kernel; axioms=[propext, Quot.sound]
info: Kobon/Audit.lean:7:0: AUDIT Kobon.Results.best_classical_020: native-evaluation; axioms=[propext,
 Classical.choice,
 Quot.sound,
 Kobon.Certificates.N020T00117H382171ac.checked._native.native_decide.ax_1_1]
info: Kobon/Audit.lean:7:0: AUDIT Kobon.Results.classical_048: native-evaluation; axioms=[propext,
 Classical.choice,
 Quot.sound,
 Kobon.Certificates.N048T00720H5e9767e7.checked._native.native_decide.ax_1_1]
info: Kobon/Audit.lean:7:0: AUDIT Kobon.BBLGridCuts.anchor_bounds._proof_1_1: kernel; axioms=[propext, Classical.choice, Quot.sound]
info: Kobon/Audit.lean:7:0: AUDIT Kobon.Results.earlier_033: native-evaluation; axioms=[propext,
 Classical.choice,
 Quot.sound,
 Kobon.Certificates.N033T00341H95f3b770.checked._native.native_decide.ax_1_1]
info: Kobon/Audit.lean:7:0: AUDIT Kobon.Certificates.N014T00051Hd67e7a6b.lower_bound: native-evaluation; axioms=[propext,
 Classical.choice,
 Quot.sound,
 Kobon.Certificates.N014T00051Hd67e7a6b.checked._native.native_decide.ax_1_1]
info: Kobon/Audit.lean:7:0: AUDIT Kobon.BBLExtrema.extremal_preserved: kernel; axioms=[propext, Classical.choice, Quot.sound]
info: Kobon/Audit.lean:7:0: AUDIT Kobon.BBLPencilLimits.displacementCoeff_zero._simp_1_7: kernel; axioms=[propext]
info: Kobon/Audit.lean:7:0: AUDIT Kobon.Results.classical_015: native-evaluation; axioms=[propext,
 Classical.choice,
 Quot.sound,
 Kobon.Certificates.N015T00065H4d3bf3b4.checked._native.native_decide.ax_1_1]
info: Kobon/Audit.lean:7:0: AUDIT Kobon.BBLAlternation.signs_from_negative._proof_1_2: kernel; axioms=[propext, Quot.sound]
info: Kobon/Audit.lean:7:0: AUDIT Kobon.AllN.strict_improvements._proof_1_43: kernel; axioms=[]
info: Kobon/Audit.lean:7:0: AUDIT Kobon.BBLVisible.auxPair_keys._proof_1_10: kernel; axioms=[propext, Classical.choice, Quot.sound]
info: Kobon/Audit.lean:7:0: AUDIT Kobon.Cells.TriangleGeometry.Br: kernel; axioms=[propext, Classical.choice, Quot.sound]
info: Kobon/Audit.lean:7:0: AUDIT Kobon.ShiftedFurediPalasti.selected_indices: kernel; axioms=[propext, Quot.sound]
info: Kobon/Audit.lean:7:0: AUDIT Kobon.BBLPencilProfiles.pair_profile_eventually._proof_1_13: kernel; axioms=[propext, Quot.sound]
info: Kobon/Audit.lean:7:0: AUDIT Kobon.BBLGridReindex.perm_inv._proof_1_8: kernel; axioms=[propext, Quot.sound]
info: Kobon/Audit.lean:7:0: AUDIT Kobon.Certificates.N032T00315H5914f2bb.checked: native-evaluation; axioms=[propext,
 Kobon.Certificates.N032T00315H5914f2bb.checked._native.native_decide.ax_1_1]
info: Kobon/Audit.lean:7:0: AUDIT Kobon.BBLCapSigns.cap_key_signs._proof_1_17: kernel; axioms=[propext, Quot.sound]
info: Kobon/Audit.lean:7:0: AUDIT Kobon.BBLRowOrder.newKey_symm._proof_1_60: kernel; axioms=[propext, Quot.sound]
info: Kobon/Audit.lean:7:0: AUDIT Kobon.FurediPalastiCaps.left_cap_value._proof_1_2: kernel; axioms=[propext, Quot.sound]
info: Kobon/Audit.lean:7:0: AUDIT Kobon.AffineLemmas.exterior_preserves_triangle: kernel; axioms=[propext, Classical.choice, Quot.sound]
info: Kobon/Audit.lean:7:0: AUDIT Kobon.BBLRowOrder.auxiliary_outside_of_close._proof_1_69: kernel; axioms=[propext, Classical.choice, Quot.sound]
info: Kobon/Audit.lean:7:0: AUDIT Kobon.BBLLiftedKeys.lifted_anchor._proof_1_39: kernel; axioms=[propext, Classical.choice, Quot.sound]
info: Kobon/Audit.lean:7:0: AUDIT Kobon.FurediPalasti.det_line: kernel; axioms=[propext, Classical.choice, Quot.sound]
info: Kobon/Audit.lean:7:0: AUDIT KobonBoundary.cap_mass: kernel; axioms=[propext, Classical.choice, Quot.sound]
info: Kobon/Audit.lean:7:0: AUDIT Kobon.BBLCount.outside_count_le: kernel; axioms=[propext, Classical.choice, Quot.sound]
info: Kobon/Audit.lean:7:0: AUDIT Kobon.Iteration49.boundary_51._proof_1: kernel; axioms=[propext]
info: Kobon/Audit.lean:7:0: AUDIT Kobon.AllN.exact_exception_values._proof_1_21: kernel; axioms=[]
info: Kobon/Audit.lean:7:0: AUDIT Kobon.BBLVisible.auxVisible_injective._proof_1_5: kernel; axioms=[propext, Quot.sound]
info: Kobon/Audit.lean:7:0: AUDIT Kobon.SharedFan.six_shared_sides: kernel; axioms=[propext, Classical.choice, Quot.sound]
info: Kobon/Audit.lean:7:0: AUDIT Kobon.Results.earlier_029: native-evaluation; axioms=[propext,
 Classical.choice,
 Quot.sound,
 Kobon.Certificates.N029T00261Hd4805c25.checked._native.native_decide.ax_1_1]
info: Kobon/Audit.lean:7:0: AUDIT Kobon.BBLCapHeight.cap_endpoint_height._proof_1_2: kernel; axioms=[propext, Quot.sound]
info: Kobon/Audit.lean:7:0: AUDIT Kobon.BBLSeed21.lines.eq_1: kernel; axioms=[propext, Classical.choice, Quot.sound]
info: Kobon/Audit.lean:7:0: AUDIT Kobon.BBLVisible.auxVisible_injective._proof_1_3: kernel; axioms=[propext, Quot.sound]
info: Kobon/Audit.lean:7:0: AUDIT Kobon.Cells.ofPredicate._proof_6: kernel; axioms=[propext, Classical.choice, Quot.sound]
info: Kobon/Audit.lean:7:0: AUDIT Kobon.FurediPalastiTwoCaps.lower_cap_sign._proof_1_2: kernel; axioms=[propext, Quot.sound]
info: Kobon/Audit.lean:7:0: AUDIT Kobon.BBLVisible.auxPair_keys._proof_1_7: kernel; axioms=[propext, Quot.sound]
info: Kobon/Audit.lean:7:0: AUDIT Kobon.FurediPalastiChart.index_cos_le: kernel; axioms=[propext, Classical.choice, Quot.sound]
info: Kobon/Audit.lean:7:0: AUDIT Kobon.BBLSeed21.parameters._proof_5: kernel; axioms=[propext]
info: Kobon/Audit.lean:7:0: AUDIT Kobon.BBLRowGeometry.row_outside._proof_1_15: kernel; axioms=[propext, Quot.sound]
info: Kobon/Audit.lean:7:0: AUDIT Kobon.BBLRowGeometry.mixed_triangle._proof_1_4: kernel; axioms=[propext, Quot.sound]
info: Kobon/Audit.lean:7:0: AUDIT Kobon.BBLCaps.cap_no_aux_between._proof_1_15: kernel; axioms=[propext, Quot.sound]
info: Kobon/Audit.lean:7:0: AUDIT Kobon.BBLSeed21.zero_line: kernel; axioms=[propext, Classical.choice, Quot.sound]
info: Kobon/Audit.lean:7:0: AUDIT Kobon.BBLCaps.cap_side: kernel; axioms=[propext, Classical.choice, Quot.sound]
info: Kobon/Audit.lean:7:0: AUDIT Kobon.AllN.strict_improvements._proof_1_47: kernel; axioms=[]
info: Kobon/Audit.lean:7:0: AUDIT Kobon.BBLRowOrder.auxiliary_outside_of_close._proof_1_96: kernel; axioms=[propext, Classical.choice, Quot.sound]
info: Kobon/Audit.lean:7:0: AUDIT Kobon.Reindex.rotate_zero_triangle._proof_1_4: kernel; axioms=[propext, Quot.sound]
info: Kobon/Audit.lean:7:0: AUDIT Kobon.Results.classical_021: native-evaluation; axioms=[propext,
 Classical.choice,
 Quot.sound,
 Kobon.Certificates.N021T00133H36bae754.checked._native.native_decide.ax_1_1]
info: Kobon/Audit.lean:7:0: AUDIT Kobon.FurediPalastiCount.card_bad_le: kernel; axioms=[propext, Classical.choice, Quot.sound]
info: Kobon/Audit.lean:7:0: AUDIT Kobon.AllN.baseline_after_last_exception._proof_1_30: kernel; axioms=[propext, Quot.sound]
info: Kobon/Audit.lean:7:0: AUDIT Kobon.ShiftedFurediPalasti.angle_sum: kernel; axioms=[propext, Classical.choice, Quot.sound]
info: Kobon/Audit.lean:7:0: AUDIT Kobon.ShiftedFurediPalasti.sin_diff_neg._proof_1_1: kernel; axioms=[propext, Quot.sound]
info: Kobon/Audit.lean:7:0: AUDIT Kobon.Iteration49.profile_attains_51: kernel; axioms=[propext, Classical.choice, Quot.sound]
info: Kobon/Audit.lean:7:0: AUDIT Kobon.BBLLiftedKeys.complement_row_bound._proof_1_7: kernel; axioms=[propext, Quot.sound]
info: Kobon/Audit.lean:7:0: AUDIT Kobon.BBLCanonicalPencil.old_intercepts_strict._proof_1_1: kernel; axioms=[propext, Quot.sound]
info: Kobon/Audit.lean:7:0: AUDIT Kobon.Results.best_classical_039: native-evaluation; axioms=[propext,
 Classical.choice,
 Quot.sound,
 Kobon.Certificates.N039T00470H30caa6f7.checked._native.native_decide.ax_1_1]
info: Kobon/Audit.lean:7:0: AUDIT Kobon.BBLCentralEnvelope.central_endpoint._proof_1_16: kernel; axioms=[propext, Quot.sound]
info: Kobon/Audit.lean:7:0: AUDIT Kobon.Results.best_simple_056: native-evaluation; axioms=[propext,
 Classical.choice,
 Quot.sound,
 Kobon.Certificates.N056T00990Hde8a415c.checked._native.native_decide.ax_1_1,
 Kobon.Certificates.N056T00990Hde8a415c.no_concurrent._native.native_decide.ax_1_1]
info: Kobon/Audit.lean:7:0: AUDIT Kobon.ShiftedFurediPalasti.noConcurrent._proof_1_2: kernel; axioms=[propext, Quot.sound]
info: Kobon/Audit.lean:7:0: AUDIT Kobon.AllN.enhancement.eq_5: kernel; axioms=[]
info: Kobon/Audit.lean:7:0: AUDIT Kobon.Certificates.N038T00449H46ad5a32.simple_lower_bound: native-evaluation; axioms=[propext,
 Classical.choice,
 Quot.sound,
 Kobon.Certificates.N038T00449H46ad5a32.checked._native.native_decide.ax_1_1,
 Kobon.Certificates.N038T00449H46ad5a32.no_concurrent._native.native_decide.ax_1_1]
info: Kobon/Audit.lean:7:0: AUDIT Kobon.BBLPencilLimits.displacementCoeff_zero._simp_1_6: kernel; axioms=[propext, Classical.choice, Quot.sound]
info: Kobon/Audit.lean:7:0: AUDIT Kobon.Certificates.N020T00116Hadc03eed.checked: native-evaluation; axioms=[propext,
 Kobon.Certificates.N020T00116Hadc03eed.checked._native.native_decide.ax_1_1]
info: Kobon/Audit.lean:7:0: AUDIT Kobon.FurediPalastiTwoCaps.lower_cap_sign._proof_1_6: kernel; axioms=[propext, Quot.sound]
info: Kobon/Audit.lean:7:0: AUDIT Kobon.BBLCapEnvelope.cap_right_endpoint._proof_1_10: kernel; axioms=[propext, Quot.sound]
info: Kobon/Audit.lean:7:0: AUDIT Kobon.BBLCaps.capRow_le._proof_1_4: kernel; axioms=[propext, Quot.sound]
info: Kobon/Audit.lean:7:0: AUDIT Kobon.BBLRealizedPencil.no_parallel_eventually._simp_1_1: kernel; axioms=[propext, Classical.choice, Quot.sound]
info: Kobon/Audit.lean:7:0: AUDIT Kobon.BBLCanonicalPencil.new_intercepts_strict._proof_1_1: kernel; axioms=[propext, Quot.sound]
info: Kobon/Audit.lean:7:0: AUDIT Kobon.AllN.strict_improvements._proof_1_18: kernel; axioms=[]
info: Kobon/Audit.lean:7:0: AUDIT Kobon.BBLRowOrder.auxiliary_outside_of_close._proof_1_82: kernel; axioms=[propext, Classical.choice, Quot.sound]
info: Kobon/Audit.lean:7:0: AUDIT Kobon.Certificates.N054T00918H915abb8e.simple_lower_bound: native-evaluation; axioms=[propext,
 Classical.choice,
 Quot.sound,
 Kobon.Certificates.N054T00918H915abb8e.checked._native.native_decide.ax_1_1,
 Kobon.Certificates.N054T00918H915abb8e.no_concurrent._native.native_decide.ax_1_1]
info: Kobon/Audit.lean:7:0: AUDIT Kobon.Results.best_classical_014: native-evaluation; axioms=[propext,
 Classical.choice,
 Quot.sound,
 Kobon.Certificates.N014T00054Hd47aea63.checked._native.native_decide.ax_1_1]
info: Kobon/Audit.lean:7:0: AUDIT Kobon.BBLCentralEnvelope.central_endpoint._proof_1_1: kernel; axioms=[propext, Quot.sound]
info: Kobon/Audit.lean:7:0: AUDIT Kobon.Certificates.N058T01073Hd988db55.no_concurrent: native-evaluation; axioms=[propext,
 Kobon.Certificates.N058T01073Hd988db55.no_concurrent._native.native_decide.ax_1_1]
info: Kobon/Audit.lean:7:0: AUDIT Kobon.BBLExtrema.visible_extremal: kernel; axioms=[propext, Classical.choice, Quot.sound]
info: Kobon/Audit.lean:7:0: AUDIT Kobon.BBLGrid.tangent_product_identity._simp_1_6: kernel; axioms=[propext, Classical.choice, Quot.sound]
info: Kobon/Audit.lean:7:0: AUDIT Kobon.Certificates.N014T00053H45157b2f.simple_lower_bound: native-evaluation; axioms=[propext,
 Classical.choice,
 Quot.sound,
 Kobon.Certificates.N014T00053H45157b2f.checked._native.native_decide.ax_1_1,
 Kobon.Certificates.N014T00053H45157b2f.no_concurrent._native.native_decide.ax_1_1]
info: Kobon/Audit.lean:7:0: AUDIT Kobon.BBLCaps.capRow_injective._proof_1_7: kernel; axioms=[propext, Quot.sound]
info: Kobon/Audit.lean:7:0: AUDIT Kobon.Certificates.N005T00005H948a0bdf.checked: native-evaluation; axioms=[propext,
 Kobon.Certificates.N005T00005H948a0bdf.checked._native.native_decide.ax_1_1]
info: Kobon/Audit.lean:7:0: AUDIT Kobon.FurediPalastiTwoCaps.upper_cap_sign: kernel; axioms=[propext, Classical.choice, Quot.sound]
info: Kobon/Audit.lean:7:0: AUDIT Kobon.TamuraSeed5.parameters_in_box: kernel; axioms=[propext, Classical.choice, Quot.sound]
info: Kobon/Audit.lean:7:0: AUDIT Kobon.BBLCapEnvelope.cap_right_endpoint._proof_1_1: kernel; axioms=[propext, Quot.sound]
info: Kobon/Audit.lean:7:0: AUDIT Kobon.ShiftedFurediPalasti.selected_indices._proof_1_3: kernel; axioms=[propext, Quot.sound]
info: Kobon/Audit.lean:7:0: AUDIT Kobon.Results.best_simple_038: native-evaluation; axioms=[propext,
 Classical.choice,
 Quot.sound,
 Kobon.Certificates.N038T00449H46ad5a32.checked._native.native_decide.ax_1_1,
 Kobon.Certificates.N038T00449H46ad5a32.no_concurrent._native.native_decide.ax_1_1]
info: Kobon/Audit.lean:7:0: AUDIT Kobon.BBLCount.mem_pairs._proof_1_6: kernel; axioms=[propext, Quot.sound]
info: Kobon/Audit.lean:7:0: AUDIT Kobon.BBLRowOrder.newKey_ne_oldKey._proof_1_1: kernel; axioms=[propext, Quot.sound]
info: Kobon/Audit.lean:7:0: AUDIT KobonBoundary.odd_full_gain: kernel; axioms=[propext, Classical.choice, Quot.sound]
info: Kobon/Audit.lean:7:0: AUDIT Kobon.BBLCentral.g._proof_1: kernel; axioms=[propext]
info: Kobon/Audit.lean:7:0: AUDIT Kobon.FurediPalastiTwoCaps.upper_inner_sign._proof_1_8: kernel; axioms=[propext, Quot.sound]
info: Kobon/Audit.lean:7:0: AUDIT Kobon.Results.best_classical_052: native-evaluation; axioms=[propext,
 Classical.choice,
 Quot.sound,
 Kobon.Certificates.N052T00850H4b0d823a.checked._native.native_decide.ax_1_1]
info: Kobon/Audit.lean:7:0: AUDIT Kobon.Cells.weights_affineEval: kernel; axioms=[propext, Classical.choice, Quot.sound]
info: Kobon/Audit.lean:7:0: AUDIT Kobon.BBLCapSigns.cap_key_signs._proof_1_80: kernel; axioms=[propext, Quot.sound]
info: Kobon/Audit.lean:7:0: AUDIT Kobon.Iteration49.boundary_49._proof_30: kernel; axioms=[propext]
info: Kobon/Audit.lean:7:0: AUDIT Kobon.BBLRealization.coordinate_zero_profile: kernel; axioms=[propext, Classical.choice, Quot.sound]
info: Kobon/Audit.lean:7:0: AUDIT Kobon.ShiftedFurediPalasti.low_before._proof_1_2: kernel; axioms=[propext, Quot.sound]
info: Kobon/Audit.lean:7:0: AUDIT Kobon.Iteration49.profile_bound_50._proof_1_1: kernel; axioms=[propext, Classical.choice, Quot.sound]
info: Kobon/Audit.lean:7:0: AUDIT Kobon.SeedFamily.distinguished_checks._proof_1_1: kernel; axioms=[propext, Classical.choice, Quot.sound]
info: Kobon/Audit.lean:7:0: AUDIT Kobon.BBLCapSigns.cap_key_signs._proof_1_71: kernel; axioms=[propext, Quot.sound]
info: Kobon/Audit.lean:7:0: AUDIT Kobon.FurediPalastiChart.cap_vertex._proof_1_3: kernel; axioms=[propext, Quot.sound]
info: Kobon/Audit.lean:7:0: AUDIT Kobon.Certificates.N014T00054H3e5d182f.checked: native-evaluation; axioms=[propext,
 Kobon.Certificates.N014T00054H3e5d182f.checked._native.native_decide.ax_1_1]
info: Kobon/Audit.lean:7:0: AUDIT Kobon.Results.best_simple_044: native-evaluation; axioms=[propext,
 Classical.choice,
 Quot.sound,
 Kobon.Certificates.N044T00608Hb5277675.checked._native.native_decide.ax_1_1,
 Kobon.Certificates.N044T00608Hb5277675.no_concurrent._native.native_decide.ax_1_1]
info: Kobon/Audit.lean:7:0: AUDIT Kobon.BBLExtrema.visible_extremal_right: kernel; axioms=[propext, Classical.choice, Quot.sound]
info: Kobon/Audit.lean:7:0: AUDIT Kobon.BBLLiftedKeys.lifted_anchor._proof_1_36: kernel; axioms=[propext, Quot.sound]
info: Kobon/Audit.lean:7:0: AUDIT Kobon.BBLRowOrder.newKey_symm._proof_1_40: kernel; axioms=[propext, Classical.choice, Quot.sound]
info: Kobon/Audit.lean:7:0: AUDIT Kobon.Exterior.no_parallel._proof_1_1: kernel; axioms=[propext, Quot.sound]
info: Kobon/Audit.lean:7:0: AUDIT Kobon.BBLCapSigns.cap_key_signs._proof_1_59: kernel; axioms=[propext, Classical.choice, Quot.sound]
info: Kobon/Audit.lean:7:0: AUDIT Kobon.BBLCentralEnvelope.central_endpoint._proof_1_19: kernel; axioms=[propext, Quot.sound]
info: Kobon/Audit.lean:7:0: AUDIT Kobon.BBLCanonicalPencil.new_slopes_neg._proof_1_1: kernel; axioms=[propext, Quot.sound]
info: Kobon/Audit.lean:7:0: AUDIT Kobon.AllN.dominates_every_saved_certificate._proof_1_54: kernel; axioms=[]
info: Kobon/Audit.lean:7:0: AUDIT Kobon.BBLVisible.central_new_key_bound._proof_1_10: kernel; axioms=[propext, Classical.choice, Quot.sound]
info: Kobon/Audit.lean:7:0: AUDIT Kobon.FurediPalastiTwoCaps.lower_inner_sign: kernel; axioms=[propext, Classical.choice, Quot.sound]
info: Kobon/Audit.lean:7:0: AUDIT Kobon.Results.best_simple_013: native-evaluation; axioms=[propext,
 Classical.choice,
 Quot.sound,
 Kobon.Certificates.N013T00047Hddec1f78.checked._native.native_decide.ax_1_1,
 Kobon.Certificates.N013T00047Hddec1f78.no_concurrent._native.native_decide.ax_1_1]
info: Kobon/Audit.lean:7:0: AUDIT Kobon.Certificates.N051T00816H6fa6b7d9.no_concurrent: native-evaluation; axioms=[propext,
 Kobon.Certificates.N051T00816H6fa6b7d9.no_concurrent._native.native_decide.ax_1_1]
info: Kobon/Audit.lean:7:0: AUDIT Kobon.BBLVisible.auxVisible_injective._proof_1_8: kernel; axioms=[propext, Quot.sound]
info: Kobon/Audit.lean:7:0: AUDIT Kobon.ShiftedFurediPalasti.simple_lower_bound._proof_1_3: kernel; axioms=[propext, Quot.sound]
info: Kobon/Audit.lean:7:0: AUDIT Kobon.Reindex.rotate.eq_1: kernel; axioms=[propext, Classical.choice, Quot.sound]
info: Kobon/Audit.lean:7:0: AUDIT Kobon.Results.classical_060: native-evaluation; axioms=[propext,
 Classical.choice,
 Quot.sound,
 Kobon.Certificates.N060T01140H16af6d0b.checked._native.native_decide.ax_1_1]
info: Kobon/Audit.lean:7:0: AUDIT Kobon.BBLIntersection.complementary_crossing: kernel; axioms=[propext, Classical.choice, Quot.sound]
info: Kobon/Audit.lean:7:0: AUDIT Kobon.AllN.exact_exception_values._proof_1_44: kernel; axioms=[]
info: Kobon/Audit.lean:7:0: AUDIT Kobon.TamuraSeed5.central_lines: kernel; axioms=[propext, Classical.choice, Quot.sound]
info: Kobon/Audit.lean:7:0: AUDIT Kobon.FurediPalastiTwoCaps.upper_triangle._proof_1_1: kernel; axioms=[propext, Quot.sound]
info: Kobon/Audit.lean:7:0: AUDIT KobonBoundary.full_step_iff_both_parities._proof_1_7: kernel; axioms=[propext, Quot.sound]
info: Kobon/Audit.lean:7:0: AUDIT Kobon.FurediPalastiCaps.LeftCaps.eq_1: kernel; axioms=[]
info: Kobon/Audit.lean:7:0: AUDIT Kobon.BBLRowOrder.auxiliary_outside_of_close._proof_1_67: kernel; axioms=[propext, Classical.choice, Quot.sound]
info: Kobon/Audit.lean:7:0: AUDIT Kobon.Results.classical_025: native-evaluation; axioms=[propext,
 Classical.choice,
 Quot.sound,
 Kobon.Certificates.N025T00191Hb568bffb.checked._native.native_decide.ax_1_1]
info: Kobon/Audit.lean:7:0: AUDIT Kobon.Results.simple_039: native-evaluation; axioms=[propext,
 Classical.choice,
 Quot.sound,
 Kobon.Certificates.N039T00468H5c5b0b26.checked._native.native_decide.ax_1_1,
 Kobon.Certificates.N039T00468H5c5b0b26.no_concurrent._native.native_decide.ax_1_1]
info: Kobon/Audit.lean:7:0: AUDIT Kobon.Certificates.N027T00225H7d6ae9a0.no_concurrent: native-evaluation; axioms=[propext,
 Kobon.Certificates.N027T00225H7d6ae9a0.no_concurrent._native.native_decide.ax_1_1]
info: Kobon/Audit.lean:7:0: AUDIT Kobon.Iteration49.profile_bound_49: kernel; axioms=[propext, Classical.choice, Quot.sound]
info: Kobon/Audit.lean:7:0: AUDIT Kobon.FurediPalastiTwoCaps.lower_triangle._proof_1_5: kernel; axioms=[propext, Quot.sound]
info: Kobon/Audit.lean:7:0: AUDIT Kobon.BBLRowOrder.newKey_symm._proof_1_27: kernel; axioms=[propext, Quot.sound]
info: Kobon/Audit.lean:7:0: AUDIT Kobon.Cells.TriangleGeometry.mk.sizeOf_spec: kernel; axioms=[propext, Classical.choice, Quot.sound]
info: Kobon/Audit.lean:7:0: AUDIT Kobon.BBLSeed21.no_concurrent: native-evaluation; axioms=[propext,
 Classical.choice,
 Quot.sound,
 Kobon.BBLSeed21.simple._native.native_decide.ax_1_1]
info: Kobon/Audit.lean:7:0: AUDIT Kobon.BBLRowOrder.newKey_symm._proof_1_30: kernel; axioms=[propext, Classical.choice, Quot.sound]
info: Kobon/Audit.lean:7:0: AUDIT Kobon.Certificates.N014T00052H2eb83dc2.no_concurrent: native-evaluation; axioms=[propext,
 Kobon.Certificates.N014T00052H2eb83dc2.no_concurrent._native.native_decide.ax_1_1]
info: Kobon/Audit.lean:7:0: AUDIT Kobon.Certificates.N005T00003H6265d6a7.checked: native-evaluation; axioms=[propext,
 Kobon.Certificates.N005T00003H6265d6a7.checked._native.native_decide.ax_1_1]
info: Kobon/Audit.lean:7:0: AUDIT Kobon.BBLSeed21.all_triangles._simp_1_1: kernel; axioms=[propext, Quot.sound]
info: Kobon/Audit.lean:7:0: AUDIT Kobon.AllN.strict_improvements._proof_1_23: kernel; axioms=[]
info: Kobon/Audit.lean:7:0: AUDIT Kobon.CleanLineBudget.one_triple_point._proof_1_1: kernel; axioms=[propext, Quot.sound]
info: Kobon/Audit.lean:7:0: AUDIT Kobon.Certificates.N028T00238H56ef2acb.simple_lower_bound: native-evaluation; axioms=[propext,
 Classical.choice,
 Quot.sound,
 Kobon.Certificates.N028T00238H56ef2acb.checked._native.native_decide.ax_1_1,
 Kobon.Certificates.N028T00238H56ef2acb.no_concurrent._native.native_decide.ax_1_1]
info: Kobon/Audit.lean:7:0: AUDIT Kobon.Iteration.requested_samples: kernel; axioms=[]
info: Kobon/Audit.lean:7:0: AUDIT Kobon.Universal.polynomial_gap_exact._proof_1_3: kernel; axioms=[propext, Quot.sound]
info: Kobon/Audit.lean:7:0: AUDIT Kobon.SeedFamily.arbitrarily_small: kernel; axioms=[propext, Classical.choice, Quot.sound]
info: Kobon/Audit.lean:7:0: AUDIT Kobon.BBLCapEnvelope.cap_left_endpoint._proof_1_1: kernel; axioms=[propext, Quot.sound]
info: Kobon/Audit.lean:7:0: AUDIT Kobon.FanGeometry.FanStrip.opposite_avoids_center: kernel; axioms=[propext, Classical.choice, Quot.sound]
info: Kobon/Audit.lean:7:0: AUDIT Kobon.FurediPalasti.sumAngle_band: kernel; axioms=[propext, Classical.choice, Quot.sound]
info: Kobon/Audit.lean:7:0: AUDIT Kobon.Certificates.N017T00085H7cf3c061.no_concurrent: native-evaluation; axioms=[propext,
 Kobon.Certificates.N017T00085H7cf3c061.no_concurrent._native.native_decide.ax_1_1]
info: Kobon/Audit.lean:7:0: AUDIT Kobon.BBLIntersection.graph_crossing_x._simp_1_6: kernel; axioms=[propext, Classical.choice, Quot.sound]
info: Kobon/Audit.lean:7:0: AUDIT Kobon.BBLGrid.reducedIndex.eq_1: kernel; axioms=[]
info: Kobon/Audit.lean:7:0: AUDIT Kobon.BBLCapReplacement.cap_replacement_eventually._proof_1_1: kernel; axioms=[propext, Quot.sound]
info: Kobon/Audit.lean:7:0: AUDIT Kobon.BBLCanonicalPencil.arrangement_eq_rotate_pencil: kernel; axioms=[propext, Classical.choice, Quot.sound]
info: Kobon/Audit.lean:7:0: AUDIT Kobon.FurediPalasti.selected_triangle._proof_1_3: kernel; axioms=[propext, Quot.sound]
info: Kobon/Audit.lean:7:0: AUDIT Kobon.Iteration49.profile_bound_51._proof_1_1: kernel; axioms=[propext, Classical.choice, Quot.sound]
info: Kobon/Audit.lean:7:0: AUDIT Kobon.BBLRowOrder.auxiliary_outside_of_close._proof_1_41: kernel; axioms=[propext, Classical.choice, Quot.sound]
info: Kobon/Audit.lean:7:0: AUDIT Kobon.BBLRowOrder.key_bounds._proof_1_6: kernel; axioms=[propext, Classical.choice, Quot.sound]
info: Kobon/Audit.lean:7:0: AUDIT Kobon.BBLCaps.cap_no_aux_between._proof_1_51: kernel; axioms=[propext, Quot.sound]
info: Kobon/Audit.lean:7:0: AUDIT Kobon.Certificates.N050T00792H3d40cb58.checked: native-evaluation; axioms=[propext,
 Kobon.Certificates.N050T00792H3d40cb58.checked._native.native_decide.ax_1_1]
info: Kobon/Audit.lean:7:0: AUDIT Kobon.BBLGridCuts.cut_right._proof_1_4: kernel; axioms=[propext, Quot.sound]
info: Kobon/Audit.lean:7:0: AUDIT Kobon.AllN.baseline_after_last_exception._proof_1_20: kernel; axioms=[propext, Quot.sound]
info: Kobon/Audit.lean:7:0: AUDIT Kobon.BBLRealization.horizontal_coordinate_profile: kernel; axioms=[propext, Classical.choice, Quot.sound]
info: Kobon/Audit.lean:7:0: AUDIT Kobon.FurediPalastiTwoCaps.upper_triangle._proof_1_10: kernel; axioms=[propext, Quot.sound]
info: Kobon/Audit.lean:7:0: AUDIT KobonBoundary.defect_extension_bound._proof_1_2: kernel; axioms=[propext, Classical.choice, Quot.sound]
info: Kobon/Audit.lean:7:0: AUDIT Kobon.BBLGridReindex.perm_bound._proof_1_3: kernel; axioms=[propext, Quot.sound]
info: Kobon/Audit.lean:7:0: AUDIT Kobon.BBLSeed21.admissible_check: native-evaluation; axioms=[propext,
 Classical.choice,
 Quot.sound,
 Kobon.BBLSeed21.admissible_check._native.native_decide.ax_1_1]
info: Kobon/Audit.lean:7:0: AUDIT Kobon.Certificates.N041T00533H01e2ef66.no_concurrent: native-evaluation; axioms=[propext,
 Kobon.Certificates.N041T00533H01e2ef66.no_concurrent._native.native_decide.ax_1_1]
info: Kobon/Audit.lean:7:0: AUDIT KobonBoundary.even_full_gain._proof_1_1: kernel; axioms=[propext, Quot.sound]
info: Kobon/Audit.lean:7:0: AUDIT Kobon.BBLRowOrder.newKey_symm._proof_1_48: kernel; axioms=[propext, Quot.sound]
info: Kobon/Audit.lean:7:0: AUDIT Kobon.AllN.baseline_sound._proof_1_1: kernel; axioms=[propext, Quot.sound]
info: Kobon/Audit.lean:7:0: AUDIT Kobon.BBLRowMax.row_extremal._proof_1_6: kernel; axioms=[propext, Quot.sound]
info: Kobon/Audit.lean:7:0: AUDIT Kobon.BBLTangentBounds.tan_5_bounds: kernel; axioms=[propext, Classical.choice, Quot.sound]
info: Kobon/Audit.lean:7:0: AUDIT Kobon.BBLVisible.key_row_max._proof_1_3: kernel; axioms=[propext, Quot.sound]
info: Kobon/Audit.lean:7:0: AUDIT Kobon.AllN.dominates_every_saved_certificate._proof_1_15: kernel; axioms=[]
info: Kobon/Audit.lean:7:0: AUDIT Kobon.BBLPencilRegularity.pairDen_eventually_ne: kernel; axioms=[propext, Classical.choice, Quot.sound]
info: Kobon/Audit.lean:7:0: AUDIT Kobon.BBLRowOrder.newKey_ne_oldKey._proof_1_4: kernel; axioms=[propext, Quot.sound]
info: Kobon/Audit.lean:7:0: AUDIT Kobon.BBLGridReindex.central_right: kernel; axioms=[propext, Quot.sound]
info: Kobon/Audit.lean:7:0: AUDIT Kobon.Certificates.N006T00004H7e060e9a.no_concurrent: native-evaluation; axioms=[propext,
 Kobon.Certificates.N006T00004H7e060e9a.no_concurrent._native.native_decide.ax_1_1]
info: Kobon/Audit.lean:7:0: AUDIT Kobon.AllN.strict_improvements._proof_1_37: kernel; axioms=[]
info: Kobon/Audit.lean:7:0: AUDIT Kobon.FurediPalasti.sin_diff_neg._proof_1_1: kernel; axioms=[propext, Quot.sound]
info: Kobon/Audit.lean:7:0: AUDIT Kobon.BBLCapEnvelope.key_evaluation_product._proof_1_5: kernel; axioms=[propext, Classical.choice, Quot.sound]
info: Kobon/Audit.lean:7:0: AUDIT Kobon.AllN.strict_improvements._proof_1_7: kernel; axioms=[]
info: Kobon/Audit.lean:7:0: AUDIT Kobon.Certificates.N014T00054H912da8ec.lower_bound: native-evaluation; axioms=[propext,
 Classical.choice,
 Quot.sound,
 Kobon.Certificates.N014T00054H912da8ec.checked._native.native_decide.ax_1_1]
info: Kobon/Audit.lean:7:0: AUDIT Kobon.BBLCaps.capRow_injective._proof_1_21: kernel; axioms=[propext, Quot.sound]
info: Kobon/Audit.lean:7:0: AUDIT Kobon.BBLVisible.auxVisible_injective._proof_1_1: kernel; axioms=[propext, Quot.sound]
info: Kobon/Audit.lean:7:0: AUDIT Kobon.Cells.TriangleGeometry.mk.congr_simp: kernel; axioms=[propext, Classical.choice, Quot.sound]
info: Kobon/Audit.lean:7:0: AUDIT Kobon.FurediPalasti.lower_bound._proof_1_2: kernel; axioms=[propext, Quot.sound]
info: Kobon/Audit.lean:7:0: AUDIT Kobon.BBLRowOrder.newKey_injective._proof_1_17: kernel; axioms=[propext, Quot.sound]
info: Kobon/Audit.lean:7:0: AUDIT Kobon.Iteration.gainPrefix_closed: kernel; axioms=[propext, Classical.choice, Quot.sound]
info: Kobon/Audit.lean:7:0: AUDIT Kobon.BBLRealization.crossing_order_eventually._proof_1_4: kernel; axioms=[propext, Quot.sound]
info: Kobon/Audit.lean:7:0: AUDIT Kobon.AllN.enhancement.eq_33: kernel; axioms=[]
info: Kobon/Audit.lean:7:0: AUDIT Kobon.Certificates.N014T00052Hc6615430.lower_bound: native-evaluation; axioms=[propext,
 Classical.choice,
 Quot.sound,
 Kobon.Certificates.N014T00052Hc6615430.checked._native.native_decide.ax_1_1]
info: Kobon/Audit.lean:7:0: AUDIT Kobon.Reindex.triangle_pullback: kernel; axioms=[propext, Classical.choice, Quot.sound]
info: Kobon/Audit.lean:7:0: AUDIT Kobon.Certificates.N042T00553H9849e255.simple_lower_bound: native-evaluation; axioms=[propext,
 Classical.choice,
 Quot.sound,
 Kobon.Certificates.N042T00553H9849e255.checked._native.native_decide.ax_1_1,
 Kobon.Certificates.N042T00553H9849e255.no_concurrent._native.native_decide.ax_1_1]
info: Kobon/Audit.lean:7:0: AUDIT Kobon.FanGeometry.ordinary_nonradial_unique: kernel; axioms=[propext, Classical.choice, Quot.sound]
info: Kobon/Audit.lean:7:0: AUDIT Kobon.SeedFamily.lo.eq_1: kernel; axioms=[propext, Classical.choice, Quot.sound]
info: Kobon/Audit.lean:7:0: AUDIT Kobon.BBLCapSigns.cap_key_signs._proof_1_67: kernel; axioms=[propext, Quot.sound]
info: Kobon/Audit.lean:7:0: AUDIT Kobon.BBLCapSigns.horizontalKey_eq._proof_1_13: kernel; axioms=[propext, Classical.choice, Quot.sound]
info: Kobon/Audit.lean:7:0: AUDIT Kobon.Certificates.N195T12481Hcd3497db.checked: native-evaluation; axioms=[propext,
 Kobon.Certificates.N195T12481Hcd3497db.checked._native.native_decide.ax_1_1]
info: Kobon/Audit.lean:7:0: AUDIT Kobon.Projective.triangle_preserved_negative._proof_1_1: kernel; axioms=[propext, Quot.sound]
info: Kobon/Audit.lean:7:0: AUDIT Kobon.Results.simple_052: native-evaluation; axioms=[propext,
 Classical.choice,
 Quot.sound,
 Kobon.Certificates.N052T00850H4b0d823a.checked._native.native_decide.ax_1_1,
 Kobon.Certificates.N052T00850H4b0d823a.no_concurrent._native.native_decide.ax_1_1]
info: Kobon/Audit.lean:7:0: AUDIT Kobon.Certificates.N018T00093Hedb6246a.no_concurrent: native-evaluation; axioms=[propext,
 Kobon.Certificates.N018T00093Hedb6246a.no_concurrent._native.native_decide.ax_1_1]
info: Kobon/Audit.lean:7:0: AUDIT Kobon.ShiftedFurediPalasti.angle_lt_pi._proof_1_1: kernel; axioms=[propext, Quot.sound]
info: Kobon/Audit.lean:7:0: AUDIT Kobon.BBLCapSigns.cap_key_signs._proof_1_21: kernel; axioms=[propext, Classical.choice, Quot.sound]
info: Kobon/Audit.lean:7:0: AUDIT Kobon.BBLCount.outside_subset._proof_1_17: kernel; axioms=[propext, Quot.sound]
info: Kobon/Audit.lean:7:0: AUDIT Kobon.BBLRowGeometry.row_outside._proof_1_12: kernel; axioms=[propext, Quot.sound]
info: Kobon/Audit.lean:7:0: AUDIT Kobon.BBLRowOrder.auxiliary_outside_of_close._proof_1_93: kernel; axioms=[propext, Classical.choice, Quot.sound]
info: Kobon/Audit.lean:7:0: AUDIT Kobon.Iteration49.boundary_49._proof_43: kernel; axioms=[propext]
info: Kobon/Audit.lean:7:0: AUDIT Kobon.Certificates.N056T00990Hde8a415c.checked: native-evaluation; axioms=[propext,
 Kobon.Certificates.N056T00990Hde8a415c.checked._native.native_decide.ax_1_1]
info: Kobon/Audit.lean:7:0: AUDIT Kobon.AllN.exact_exception_values: kernel; axioms=[]
info: Kobon/Audit.lean:7:0: AUDIT Kobon.CleanLineBudget.at_most_two_multiple_points: kernel; axioms=[propext, Quot.sound]
info: Kobon/Audit.lean:7:0: AUDIT Kobon.AllN.strict_improvements._proof_1_38: kernel; axioms=[]
info: Kobon/Audit.lean:7:0: AUDIT Kobon.BBLVisible.central_new_key_bound._proof_1_1: kernel; axioms=[propext, Quot.sound]
info: Kobon/Audit.lean:7:0: AUDIT Kobon.BBLRowOrder.newKey_symm._proof_1_17: kernel; axioms=[propext, Quot.sound]
info: Kobon/Audit.lean:7:0: AUDIT Kobon.AllN.enhancement.eq_65: kernel; axioms=[]
info: Kobon/Audit.lean:7:0: AUDIT Kobon.BBLMaximization.rational_error_bound._simp_1_3: kernel; axioms=[propext]
info: Kobon/Audit.lean:7:0: AUDIT Kobon.BBLCapSigns.cap_key_signs._proof_1_34: kernel; axioms=[propext, Classical.choice, Quot.sound]
info: Kobon/Audit.lean:7:0: AUDIT Kobon.Certificates.N026T00203H5452b4ff.simple_lower_bound: native-evaluation; axioms=[propext,
 Classical.choice,
 Quot.sound,
 Kobon.Certificates.N026T00203H5452b4ff.checked._native.native_decide.ax_1_1,
 Kobon.Certificates.N026T00203H5452b4ff.no_concurrent._native.native_decide.ax_1_1]
info: Kobon/Audit.lean:7:0: AUDIT Kobon.BBLCaps.cap_no_aux_between._proof_1_50: kernel; axioms=[propext, Quot.sound]
info: Kobon/Audit.lean:7:0: AUDIT Kobon.Certificates.N054T00918H915abb8e.lower_bound: native-evaluation; axioms=[propext,
 Classical.choice,
 Quot.sound,
 Kobon.Certificates.N054T00918H915abb8e.checked._native.native_decide.ax_1_1]
info: Kobon/Audit.lean:7:0: AUDIT Kobon.Families.gap_preserved: kernel; axioms=[propext, Classical.choice, Quot.sound]
info: Kobon/Audit.lean:7:0: AUDIT Kobon.AllN.strict_improvements._proof_1_55: kernel; axioms=[]
info: Kobon/Audit.lean:7:0: AUDIT Kobon.BBLRowOrder.newKey_injective._proof_1_75: kernel; axioms=[propext, Quot.sound]
info: Kobon/Audit.lean:7:0: AUDIT Kobon.Iteration.from_49_conditional: kernel; axioms=[propext, Classical.choice, Quot.sound]
info: Kobon/Audit.lean:7:0: AUDIT Kobon.Universal.baseline_sound._proof_1_9: kernel; axioms=[propext, Quot.sound]
info: Kobon/Audit.lean:7:0: AUDIT Kobon.FurediPalasti.selected_sum_nonzero._proof_1_3: kernel; axioms=[propext, Quot.sound]
info: Kobon/Audit.lean:7:0: AUDIT Kobon.Exterior.no_concurrent: kernel; axioms=[propext, Classical.choice, Quot.sound]
info: Kobon/Audit.lean:7:0: AUDIT Kobon.BBLIntersection.graph_crossing_x._simp_1_3: kernel; axioms=[propext]
info: Kobon/Audit.lean:7:0: AUDIT Kobon.BBLRowOrder.newKey_symm._proof_1_21: kernel; axioms=[propext, Quot.sound]
info: Kobon/Audit.lean:7:0: AUDIT Kobon.BBLRealization.horizontal_coordinate_profile._proof_1_24: kernel; axioms=[propext, Quot.sound]
info: Kobon/Audit.lean:7:0: AUDIT Kobon.FurediPalastiWrap.selected_witness._proof_1_2: kernel; axioms=[propext, Quot.sound]
info: Kobon/Audit.lean:7:0: AUDIT Kobon.Results.classical_029: native-evaluation; axioms=[propext,
 Classical.choice,
 Quot.sound,
 Kobon.Certificates.N029T00261Hd4805c25.checked._native.native_decide.ax_1_1]
info: Kobon/Audit.lean:7:0: AUDIT Kobon.BBLCapSigns.horizontalKey_eq._proof_1_10: kernel; axioms=[propext, Classical.choice, Quot.sound]
info: Kobon/Audit.lean:7:0: AUDIT Kobon.BBLCapReplacement.old_test_eventually: kernel; axioms=[propext, Classical.choice, Quot.sound]
info: Kobon/Audit.lean:7:0: AUDIT Kobon.FurediPalastiWrap.wrap_triangle._proof_1_8: kernel; axioms=[propext, Quot.sound]
info: Kobon/Audit.lean:7:0: AUDIT KobonBoundary.full_step_iff_both_parities._proof_1_6: kernel; axioms=[propext, Quot.sound]
info: Kobon/Audit.lean:7:0: AUDIT Kobon.BBLVisible.auxPair_keys._proof_1_3: kernel; axioms=[propext, Quot.sound]
info: Kobon/Audit.lean:7:0: AUDIT Kobon.BBLCount.outside_subset._simp_1_4: kernel; axioms=[propext, Classical.choice, Quot.sound]
info: Kobon/Audit.lean:7:0: AUDIT Kobon.BBLCrossingCoordinates.arrangement_zero: kernel; axioms=[propext, Classical.choice, Quot.sound]
info: Kobon/Audit.lean:7:0: AUDIT Kobon.BBLVisible.new_visible_witness._proof_1_1: kernel; axioms=[propext, Quot.sound]
info: Kobon/Audit.lean:7:0: AUDIT Kobon.Cells.open_iff_weights: kernel; axioms=[propext, Classical.choice, Quot.sound]
info: Kobon/Audit.lean:7:0: AUDIT Kobon.BBLIntersection.crossing_displacement._simp_1_4: kernel; axioms=[propext]
info: Kobon/Audit.lean:7:0: AUDIT Kobon.BBLLiftedRows.liftedCrossKey_le_iff._proof_1_7: kernel; axioms=[propext, Quot.sound]
info: Kobon/Audit.lean:7:0: AUDIT Kobon.BBLGridCuts.left_angle_bounds: kernel; axioms=[propext, Classical.choice, Quot.sound]
info: Kobon/Audit.lean:7:0: AUDIT Kobon.BBLVisible.auxPair_keys._proof_1_16: kernel; axioms=[propext, Classical.choice, Quot.sound]
info: Kobon/Audit.lean:7:0: AUDIT Kobon.Results.simple_003: native-evaluation; axioms=[propext,
 Classical.choice,
 Quot.sound,
 Kobon.Certificates.N003T00001H05c82de6.checked._native.native_decide.ax_1_1,
 Kobon.Certificates.N003T00001H05c82de6.no_concurrent._native.native_decide.ax_1_1]
info: Kobon/Audit.lean:7:0: AUDIT Kobon.Universal.baseline_sound: kernel; axioms=[propext, Classical.choice, Quot.sound]
info: Kobon/Audit.lean:7:0: AUDIT Kobon.AllN.dominates_every_saved_certificate._proof_1_36: kernel; axioms=[]
info: Kobon/Audit.lean:7:0: AUDIT Kobon.Iteration49.boundary_49._proof_19: kernel; axioms=[propext]
info: Kobon/Audit.lean:7:0: AUDIT Kobon.BBLVisibleRetention.zero_visible_j_unique._proof_1_2: kernel; axioms=[propext, Quot.sound]
info: Kobon/Audit.lean:7:0: AUDIT Kobon.BBLRowOrder.auxiliary_outside_of_close._proof_1_81: kernel; axioms=[propext, Classical.choice, Quot.sound]
info: Kobon/Audit.lean:7:0: AUDIT Kobon.FurediPalastiWrap.wrap_triangle._proof_1_7: kernel; axioms=[propext, Quot.sound]
info: Kobon/Audit.lean:7:0: AUDIT Kobon.Certificates.N047T00691Hfac44af1.lower_bound: native-evaluation; axioms=[propext,
 Classical.choice,
 Quot.sound,
 Kobon.Certificates.N047T00691Hfac44af1.checked._native.native_decide.ax_1_1]
info: Kobon/Audit.lean:7:0: AUDIT Kobon.AllN.strict_improvements._proof_1_17: kernel; axioms=[]
info: Kobon/Audit.lean:7:0: AUDIT KobonExamples.bad6_simple: kernel; axioms=[propext, Classical.choice, Quot.sound]
info: Kobon/Audit.lean:7:0: AUDIT Kobon.Iteration49.boundary_49._proof_18: kernel; axioms=[propext]
info: Kobon/Audit.lean:7:0: AUDIT Kobon.AllN.dominates_every_saved_certificate._proof_1_71: kernel; axioms=[]
info: Kobon/Audit.lean:7:0: AUDIT Kobon.BBLVisible.auxPair_keys._proof_1_5: kernel; axioms=[propext, Classical.choice, Quot.sound]
info: Kobon/Audit.lean:7:0: AUDIT Kobon.BBLCapSigns.cap_key_signs._proof_1_37: kernel; axioms=[propext, Quot.sound]
info: Kobon/Audit.lean:7:0: AUDIT Kobon.BBLGridCuts.cut_pos._proof_1_2: kernel; axioms=[propext, Quot.sound]
info: Kobon/Audit.lean:7:0: AUDIT Kobon.BBLVisible.central_visible._proof_1_13: kernel; axioms=[propext, Quot.sound]
info: Kobon/Audit.lean:7:0: AUDIT Kobon.FurediPalastiTwoCaps.upper_triangle._proof_1_9: kernel; axioms=[propext, Quot.sound]
info: Kobon/Audit.lean:7:0: AUDIT Kobon.BBLCaps.capRow_injective._proof_1_4: kernel; axioms=[propext, Quot.sound]
info: Kobon/Audit.lean:7:0: AUDIT Kobon.AllN.strict_improvements._proof_1_53: kernel; axioms=[]
info: Kobon/Audit.lean:7:0: AUDIT Kobon.Certificates.N049T00767H957e6f15.no_concurrent: native-evaluation; axioms=[propext,
 Kobon.Certificates.N049T00767H957e6f15.no_concurrent._native.native_decide.ax_1_1]
info: Kobon/Audit.lean:7:0: AUDIT Kobon.BBLCount.outside_characterization._proof_1_1: kernel; axioms=[propext, Quot.sound]
info: Kobon/Audit.lean:7:0: AUDIT Kobon.Certificates.N130T05525He0559b54.no_concurrent: native-evaluation; axioms=[propext,
 Kobon.Certificates.N130T05525He0559b54.no_concurrent._native.native_decide.ax_1_1]
info: Kobon/Audit.lean:7:0: AUDIT Kobon.BBLRowOrder.newKey_symm._proof_1_12: kernel; axioms=[propext, Quot.sound]
info: Kobon/Audit.lean:7:0: AUDIT Kobon.BBLPencilLimits.crossing_left_eventually: kernel; axioms=[propext, Classical.choice, Quot.sound]
info: Kobon/Audit.lean:7:0: AUDIT Kobon.Iteration.no_infinite_full_gain_budget: kernel; axioms=[propext, Quot.sound]
info: Kobon/Audit.lean:7:0: AUDIT Kobon.Results.classical_010: native-evaluation; axioms=[propext,
 Classical.choice,
 Quot.sound,
 Kobon.Certificates.N010T00025Hb767c427.checked._native.native_decide.ax_1_1]
info: Kobon/Audit.lean:7:0: AUDIT Kobon.ShiftedFurediPalasti.low_before._proof_1_1: kernel; axioms=[propext, Quot.sound]
info: Kobon/Audit.lean:7:0: AUDIT Kobon.Projective.triangle_preserved: kernel; axioms=[propext, Classical.choice, Quot.sound]
info: Kobon/Audit.lean:7:0: AUDIT Kobon.BBLPencilLimits.pairX_zero._simp_1_4: kernel; axioms=[propext]
info: Kobon/Audit.lean:7:0: AUDIT Kobon.FanGeometry.FanStrip.adjacent_opposites_eq._proof_1_4: kernel; axioms=[propext,
 Classical.choice,
 Quot.sound]
info: Kobon/Audit.lean:7:0: AUDIT Kobon.SharedFan.real_nonparallel: kernel; axioms=[propext, Classical.choice, Quot.sound]
info: Kobon/Audit.lean:7:0: AUDIT Kobon.BBLRowOrder.newKey_injective._proof_1_29: kernel; axioms=[propext, Quot.sound]
info: Kobon/Audit.lean:7:0: AUDIT Kobon.Results.classical_036: native-evaluation; axioms=[propext,
 Classical.choice,
 Quot.sound,
 Kobon.Certificates.N036T00402H3fc01b7d.checked._native.native_decide.ax_1_1]
info: Kobon/Audit.lean:7:0: AUDIT Kobon.FurediPalastiCaps.left_cap_value: kernel; axioms=[propext, Classical.choice, Quot.sound]
info: Kobon/Audit.lean:7:0: AUDIT Kobon.FurediPalastiCaps.above_left_caps._proof_1_5: kernel; axioms=[propext, Quot.sound]
info: Kobon/Audit.lean:7:0: AUDIT Kobon.Iteration.from_49_conditional._proof_1_1: kernel; axioms=[propext, Quot.sound]
info: Kobon/Audit.lean:7:0: AUDIT Kobon.CyclicFan.Geometry.radial_center: kernel; axioms=[propext, Classical.choice, Quot.sound]
info: Kobon/Audit.lean:7:0: AUDIT Kobon.AllN.enhancement.eq_64: kernel; axioms=[]
info: Kobon/Audit.lean:7:0: AUDIT Kobon.TamuraTangentBounds.tan_32_9_bounds: kernel; axioms=[propext, Classical.choice, Quot.sound]
info: Kobon/Audit.lean:7:0: AUDIT Kobon.BBLGrid.tangent_sum_rational._simp_1_6: kernel; axioms=[propext, Classical.choice, Quot.sound]
info: Kobon/Audit.lean:7:0: AUDIT Kobon.AllN.strict_improvements._proof_1_26: kernel; axioms=[]
info: Kobon/Audit.lean:7:0: AUDIT Kobon.Universal.baseline_formula: kernel; axioms=[propext, Quot.sound]
info: Kobon/Audit.lean:7:0: AUDIT Kobon.Certificates.N039T00470H30caa6f7.checked: native-evaluation; axioms=[propext,
 Kobon.Certificates.N039T00470H30caa6f7.checked._native.native_decide.ax_1_1]
info: Kobon/Audit.lean:7:0: AUDIT Kobon.BBLRowOrder.newKey_injective._proof_1_56: kernel; axioms=[propext, Quot.sound]
info: Kobon/Audit.lean:7:0: AUDIT Kobon.BBLRealization.horizontal_coordinate_eq._proof_1_3: kernel; axioms=[propext, Quot.sound]
info: Kobon/Audit.lean:7:0: AUDIT Kobon.BBLCount.outside_subset._proof_1_8: kernel; axioms=[propext, Quot.sound]
info: Kobon/Audit.lean:7:0: AUDIT Kobon.BBLVisible.auxPair_keys._proof_1_1: kernel; axioms=[propext, Quot.sound]
info: Kobon/Audit.lean:7:0: AUDIT Kobon.Universal.baseline.eq_1: kernel; axioms=[]
info: Kobon/Audit.lean:7:0: AUDIT Kobon.BBLVisible.auxPair_keys._proof_1_29: kernel; axioms=[propext, Quot.sound]
info: Kobon/Audit.lean:7:0: AUDIT Kobon.AllN.strict_improvements._proof_1_35: kernel; axioms=[]
info: Kobon/Audit.lean:7:0: AUDIT Kobon.Certificates.N042T00553H9849e255.no_concurrent: native-evaluation; axioms=[propext,
 Kobon.Certificates.N042T00553H9849e255.no_concurrent._native.native_decide.ax_1_1]
info: Kobon/Audit.lean:7:0: AUDIT Kobon.BBLGridCuts.cut_left: kernel; axioms=[propext, Classical.choice, Quot.sound]
info: Kobon/Audit.lean:7:0: AUDIT Kobon.Cells.overlap_forces_same_triple._proof_1_8: kernel; axioms=[propext, Quot.sound]
info: Kobon/Audit.lean:7:0: AUDIT Kobon.BBLCapSigns.horizontalKey_eq._proof_1_9: kernel; axioms=[propext, Quot.sound]
info: Kobon/Audit.lean:7:0: AUDIT Kobon.Results.classical_053: native-evaluation; axioms=[propext,
 Classical.choice,
 Quot.sound,
 Kobon.Certificates.N053T00884H723d7eff.checked._native.native_decide.ax_1_1]
info: Kobon/Audit.lean:7:0: AUDIT Kobon.BBLCapEnvelope.cap_left_endpoint._proof_1_10: kernel; axioms=[propext, Quot.sound]
info: Kobon/Audit.lean:7:0: AUDIT Kobon.Certificates.N014T00052H2eb83dc2.lower_bound: native-evaluation; axioms=[propext,
 Classical.choice,
 Quot.sound,
 Kobon.Certificates.N014T00052H2eb83dc2.checked._native.native_decide.ax_1_1]
info: Kobon/Audit.lean:7:0: AUDIT Kobon.AllN.exact_exception_values._proof_1_24: kernel; axioms=[]
info: Kobon/Audit.lean:7:0: AUDIT Kobon.Certificates.N016T00072H391cf79a.checked: native-evaluation; axioms=[propext,
 Kobon.Certificates.N016T00072H391cf79a.checked._native.native_decide.ax_1_1]
info: Kobon/Audit.lean:7:0: AUDIT Kobon.Cells.TriangleGeometry.mk.inj: kernel; axioms=[propext, Classical.choice, Quot.sound]
info: Kobon/Audit.lean:7:0: AUDIT Kobon.BBLRowOrder.newKey_symm._proof_1_26: kernel; axioms=[propext, Quot.sound]
info: Kobon/Audit.lean:7:0: AUDIT Kobon.FurediPalastiCaps.abs_cos_middle: kernel; axioms=[propext, Classical.choice, Quot.sound]
info: Kobon/Audit.lean:7:0: AUDIT Kobon.BBLCaps.capRow_injective._proof_1_17: kernel; axioms=[propext, Quot.sound]
info: Kobon/Audit.lean:7:0: AUDIT Kobon.BBLCount.pairs_count: kernel; axioms=[propext, Classical.choice, Quot.sound]
info: Kobon/Audit.lean:7:0: AUDIT KobonExamples.QLine.mk.injEq: kernel; axioms=[propext]
info: Kobon/Audit.lean:7:0: AUDIT Kobon.Certificates.N014T00054H10576514.lower_bound: native-evaluation; axioms=[propext,
 Classical.choice,
 Quot.sound,
 Kobon.Certificates.N014T00054H10576514.checked._native.native_decide.ax_1_1]
info: Kobon/Audit.lean:7:0: AUDIT Kobon.BBLRowOrder.newKey_injective._proof_1_87: kernel; axioms=[propext, Quot.sound]
info: Kobon/Audit.lean:7:0: AUDIT Kobon.ShiftedFurediPalasti.high_after._proof_1_3: kernel; axioms=[propext, Quot.sound]
info: Kobon/Audit.lean:7:0: AUDIT Kobon.BBLGridCuts.leftAngle._proof_1: kernel; axioms=[propext]
info: Kobon/Audit.lean:7:0: AUDIT Kobon.BBLRowMax.row_extremal._proof_1_5: kernel; axioms=[propext, Quot.sound]
info: Kobon/Audit.lean:7:0: AUDIT Kobon.BBLRowMax.row_bound_not_last._proof_1_10: kernel; axioms=[propext, Quot.sound]
info: Kobon/Audit.lean:7:0: AUDIT Kobon.ShiftedFurediPalasti.simple_lower_bound._proof_1_2: kernel; axioms=[propext, Quot.sound]
info: Kobon/Audit.lean:7:0: AUDIT Kobon.BBLRowOrder.auxiliary_outside_of_close._proof_1_15: kernel; axioms=[propext, Classical.choice, Quot.sound]
info: Kobon/Audit.lean:7:0: AUDIT Kobon.Exterior.preserves_triangle._proof_1_4: kernel; axioms=[propext, Quot.sound]
info: Kobon/Audit.lean:7:0: AUDIT Kobon.SeedFamily.parameters_in_box: kernel; axioms=[propext, Classical.choice, Quot.sound]
info: Kobon/Audit.lean:7:0: AUDIT Kobon.Certificates.N024T00172He63e906b.checked: native-evaluation; axioms=[propext,
 Kobon.Certificates.N024T00172He63e906b.checked._native.native_decide.ax_1_1]
info: Kobon/Audit.lean:7:0: AUDIT Kobon.BBLRealization.horizontal_coordinate_eq._proof_1_4: kernel; axioms=[propext, Quot.sound]
info: Kobon/Audit.lean:7:0: AUDIT Kobon.ShiftedFurediPalasti.high_after._proof_1_2: kernel; axioms=[propext, Quot.sound]
info: Kobon/Audit.lean:7:0: AUDIT Kobon.BBLRowMax.row_extremal_label._proof_1_2: kernel; axioms=[propext, Quot.sound]
info: Kobon/Audit.lean:7:0: AUDIT Kobon.BBLCaps.cap_no_aux_between._proof_1_56: kernel; axioms=[propext, Quot.sound]
info: Kobon/Audit.lean:7:0: AUDIT Kobon.Results.classical_040: native-evaluation; axioms=[propext,
 Classical.choice,
 Quot.sound,
 Kobon.Certificates.N040T00494H785374ca.checked._native.native_decide.ax_1_1]
info: Kobon/Audit.lean:7:0: AUDIT Kobon.Iteration49.boundary_49._proof_32: kernel; axioms=[propext]
info: Kobon/Audit.lean:7:0: AUDIT Kobon.BBLRowOrder.auxiliary_outside_of_close._proof_1_9: kernel; axioms=[propext, Quot.sound]
info: Kobon/Audit.lean:7:0: AUDIT Kobon.Reindex.rotate_visible._proof_1_7: kernel; axioms=[propext, Quot.sound]
info: Kobon/Audit.lean:7:0: AUDIT Kobon.BBLCapBridge.canonical_endpoint_signs._proof_1_4: kernel; axioms=[propext, Quot.sound]
info: Kobon/Audit.lean:7:0: AUDIT Kobon.FurediPalastiTwoCaps.upper_triangle._proof_1_6: kernel; axioms=[propext, Quot.sound]
info: Kobon/Audit.lean:7:0: AUDIT Kobon.FurediPalastiTwoCaps.upper_outer_sign._proof_1_6: kernel; axioms=[propext, Quot.sound]
info: Kobon/Audit.lean:7:0: AUDIT Kobon.Certificates.N054T00919Ha254c1b4.no_concurrent: native-evaluation; axioms=[propext,
 Kobon.Certificates.N054T00919Ha254c1b4.no_concurrent._native.native_decide.ax_1_1]
info: Kobon/Audit.lean:7:0: AUDIT Kobon.BBLRowMax.row_extremal_label: kernel; axioms=[propext, Classical.choice, Quot.sound]
info: Kobon/Audit.lean:7:0: AUDIT Kobon.BBLVisible.auxPair_bounds._proof_1_1: kernel; axioms=[propext, Classical.choice, Quot.sound]
info: Kobon/Audit.lean:7:0: AUDIT Kobon.BBLRowOrder.newKey_injective._proof_1_97: kernel; axioms=[propext, Quot.sound]
info: Kobon/Audit.lean:7:0: AUDIT Kobon.BBLRowOrder.newKey_injective._proof_1_46: kernel; axioms=[propext, Quot.sound]
info: Kobon/Audit.lean:7:0: AUDIT Kobon.Results.best_classical_028: native-evaluation; axioms=[propext,
 Classical.choice,
 Quot.sound,
 Kobon.Certificates.N028T00238H56ef2acb.checked._native.native_decide.ax_1_1]
info: Kobon/Audit.lean:7:0: AUDIT Kobon.AllN.dominates_every_saved_certificate._proof_1_33: kernel; axioms=[]
info: Kobon/Audit.lean:7:0: AUDIT Kobon.Certificates.N003T00001H05c82de6.simple_lower_bound: native-evaluation; axioms=[propext,
 Classical.choice,
 Quot.sound,
 Kobon.Certificates.N003T00001H05c82de6.checked._native.native_decide.ax_1_1,
 Kobon.Certificates.N003T00001H05c82de6.no_concurrent._native.native_decide.ax_1_1]
info: Kobon/Audit.lean:7:0: AUDIT Kobon.Projective.nonneg_preserved_negative: kernel; axioms=[propext, Classical.choice, Quot.sound]
info: Kobon/Audit.lean:7:0: AUDIT Kobon.FurediPalastiChart.index_cos_le._proof_1_3: kernel; axioms=[propext, Quot.sound]
info: Kobon/Audit.lean:7:0: AUDIT Kobon.Results.best_simple_010: native-evaluation; axioms=[propext,
 Classical.choice,
 Quot.sound,
 Kobon.Certificates.N010T00025Hb767c427.checked._native.native_decide.ax_1_1,
 Kobon.Certificates.N010T00025Hb767c427.no_concurrent._native.native_decide.ax_1_1]
info: Kobon/Audit.lean:7:0: AUDIT Kobon.BBLRowGeometry.mixedTriangle_injective._proof_1_2: kernel; axioms=[propext, Quot.sound]
info: Kobon/Audit.lean:7:0: AUDIT Kobon.FurediPalasti.selected_triangle._proof_1_11: kernel; axioms=[propext, Quot.sound]
info: Kobon/Audit.lean:7:0: AUDIT Kobon.AllN.baseline_after_last_exception._proof_1_57: kernel; axioms=[propext, Quot.sound]
info: Kobon/Audit.lean:7:0: AUDIT Kobon.BBLAlternation.alternating_algebra._simp_1_5: kernel; axioms=[propext]
info: Kobon/Audit.lean:7:0: AUDIT Kobon.SharedFan.triangle_injective._proof_1_1: kernel; axioms=[propext, Classical.choice, Quot.sound]
info: Kobon/Audit.lean:7:0: AUDIT Kobon.Certificates.N162T08612H1512e696.lower_bound: native-evaluation; axioms=[propext,
 Classical.choice,
 Quot.sound,
 Kobon.Certificates.N162T08612H1512e696.checked._native.native_decide.ax_1_1]
info: Kobon/Audit.lean:7:0: AUDIT Kobon.BBLCentralEnvelope.central_endpoint._proof_1_9: kernel; axioms=[propext, Quot.sound]
info: Kobon/Audit.lean:7:0: AUDIT Kobon.Cells.overlap_forces_same_triple._proof_1_4: kernel; axioms=[propext, Quot.sound]
info: Kobon/Audit.lean:7:0: AUDIT Kobon.BBLRowOrder.newKey_symm._proof_1_1: kernel; axioms=[propext, Quot.sound]
info: Kobon/Audit.lean:7:0: AUDIT Kobon.AllN.exact_exception_values._proof_1_51: kernel; axioms=[]
info: Kobon/Audit.lean:7:0: AUDIT Kobon.BBLLiftedKeys.complement_row_bound: kernel; axioms=[propext, Classical.choice, Quot.sound]
info: Kobon/Audit.lean:7:0: AUDIT Kobon.BBLCanonicalPencil.new_slopes_pos: kernel; axioms=[propext, Classical.choice, Quot.sound]
info: Kobon/Audit.lean:7:0: AUDIT Kobon.Cells.TriangleGeometry.eval_B: kernel; axioms=[propext, Classical.choice, Quot.sound]
info: Kobon/Audit.lean:7:0: AUDIT Kobon.BBLGrid.factor_trigonometric._simp_1_1: kernel; axioms=[propext]
info: Kobon/Audit.lean:7:0: AUDIT Kobon.Certificates.N042T00552H7b29a6bd.simple_lower_bound: native-evaluation; axioms=[propext,
 Classical.choice,
 Quot.sound,
 Kobon.Certificates.N042T00552H7b29a6bd.checked._native.native_decide.ax_1_1,
 Kobon.Certificates.N042T00552H7b29a6bd.no_concurrent._native.native_decide.ax_1_1]
info: Kobon/Audit.lean:7:0: AUDIT Kobon.BBLRowOrder.auxiliary_outside_of_close._proof_1_33: kernel; axioms=[propext, Classical.choice, Quot.sound]
info: Kobon/Audit.lean:7:0: AUDIT Kobon.Certificates.N023T00161H969ad7d3.no_concurrent: native-evaluation; axioms=[propext,
 Kobon.Certificates.N023T00161H969ad7d3.no_concurrent._native.native_decide.ax_1_1]
info: Kobon/Audit.lean:7:0: AUDIT Kobon.Line.mk.sizeOf_spec: kernel; axioms=[]
info: Kobon/Audit.lean:7:0: AUDIT Kobon.Cells.ofPredicate._proof_16: kernel; axioms=[propext, Classical.choice, Quot.sound]
info: Kobon/Audit.lean:7:0: AUDIT Kobon.BBLRowOrder.newKey_injective._proof_1_45: kernel; axioms=[propext, Quot.sound]
info: Kobon/Audit.lean:7:0: AUDIT Kobon.BBLCapReplacement.triangle_strict_test._proof_1_1: kernel; axioms=[propext, Quot.sound]
info: Kobon/Audit.lean:7:0: AUDIT Kobon.TamuraTangentBounds.tan_32_8_bounds: kernel; axioms=[propext, Classical.choice, Quot.sound]
info: Kobon/Audit.lean:7:0: AUDIT Kobon.Certificates.N036T00402Hce43a107.checked: native-evaluation; axioms=[propext,
 Kobon.Certificates.N036T00402Hce43a107.checked._native.native_decide.ax_1_1]
info: Kobon/Audit.lean:7:0: AUDIT Kobon.BBLRowOrder.newKey_injective._proof_1_44: kernel; axioms=[propext, Quot.sound]
info: Kobon/Audit.lean:7:0: AUDIT Kobon.Certificates.N032T00314H9ab78b00.simple_lower_bound: native-evaluation; axioms=[propext,
 Classical.choice,
 Quot.sound,
 Kobon.Certificates.N032T00314H9ab78b00.checked._native.native_decide.ax_1_1,
 Kobon.Certificates.N032T00314H9ab78b00.no_concurrent._native.native_decide.ax_1_1]
info: Kobon/Audit.lean:7:0: AUDIT Kobon.FurediPalastiWrap.halfphase_simple: kernel; axioms=[propext, Classical.choice, Quot.sound]
info: Kobon/Audit.lean:7:0: AUDIT Kobon.Iteration49.boundary_49._proof_31: kernel; axioms=[propext]
info: Kobon/Audit.lean:7:0: AUDIT Kobon.FurediPalastiWrap.upper_pair_nonpos: kernel; axioms=[propext, Classical.choice, Quot.sound]
info: Kobon/Audit.lean:7:0: AUDIT Kobon.AllN.enhancement.eq_27: kernel; axioms=[]
info: Kobon/Audit.lean:7:0: AUDIT Kobon.BBLProfiles.profile_left_eventually._proof_1_1: kernel; axioms=[propext, Quot.sound]
info: Kobon/Audit.lean:7:0: AUDIT Kobon.Results.simple_014: native-evaluation; axioms=[propext,
 Classical.choice,
 Quot.sound,
 Kobon.Certificates.N014T00053H45157b2f.checked._native.native_decide.ax_1_1,
 Kobon.Certificates.N014T00053H45157b2f.no_concurrent._native.native_decide.ax_1_1]
info: Kobon/Audit.lean:7:0: AUDIT Kobon.AllN.dominates_every_saved_certificate._proof_1_63: kernel; axioms=[]
info: Kobon/Audit.lean:7:0: AUDIT Kobon.Results.best_simple_018: native-evaluation; axioms=[propext,
 Classical.choice,
 Quot.sound,
 Kobon.Certificates.N018T00093Hedb6246a.checked._native.native_decide.ax_1_1,
 Kobon.Certificates.N018T00093Hedb6246a.no_concurrent._native.native_decide.ax_1_1]
info: Kobon/Audit.lean:7:0: AUDIT Kobon.Iteration49.boundary_49._proof_27: kernel; axioms=[propext]
info: Kobon/Audit.lean:7:0: AUDIT Kobon.ShiftedFurediPalasti.low_after._proof_1_2: kernel; axioms=[propext, Quot.sound]
info: Kobon/Audit.lean:7:0: AUDIT Kobon.BBLCount.outside_subset._proof_1_9: kernel; axioms=[propext, Quot.sound]
info: Kobon/Audit.lean:7:0: AUDIT Kobon.BBLCanonicalPencil.arrangement_eq_rotate_pencil._proof_1_3: kernel; axioms=[propext, Quot.sound]
info: Kobon/Audit.lean:7:0: AUDIT Kobon.Results.simple_048: native-evaluation; axioms=[propext,
 Classical.choice,
 Quot.sound,
 Kobon.Certificates.N048T00720H5e9767e7.checked._native.native_decide.ax_1_1,
 Kobon.Certificates.N048T00720H5e9767e7.no_concurrent._native.native_decide.ax_1_1]
info: Kobon/Audit.lean:7:0: AUDIT Kobon.Results.simple_004: native-evaluation; axioms=[propext,
 Classical.choice,
 Quot.sound,
 Kobon.Certificates.N004T00002H0e541bd5.checked._native.native_decide.ax_1_1,
 Kobon.Certificates.N004T00002H0e541bd5.no_concurrent._native.native_decide.ax_1_1]
info: Kobon/Audit.lean:7:0: AUDIT Kobon.Iteration.gainPrefix_succ._proof_1_3: kernel; axioms=[propext, Quot.sound]
info: Kobon/Audit.lean:7:0: AUDIT Kobon.Certificates.N010T00025Hb767c427.simple_lower_bound: native-evaluation; axioms=[propext,
 Classical.choice,
 Quot.sound,
 Kobon.Certificates.N010T00025Hb767c427.checked._native.native_decide.ax_1_1,
 Kobon.Certificates.N010T00025Hb767c427.no_concurrent._native.native_decide.ax_1_1]
info: Kobon/Audit.lean:7:0: AUDIT Kobon.Reindex.rotate_zero_triangle._proof_1_3: kernel; axioms=[propext, Quot.sound]
info: Kobon/Audit.lean:7:0: AUDIT Kobon.BBLGridReindex.perm_inv._proof_1_3: kernel; axioms=[propext, Quot.sound]
info: Kobon/Audit.lean:7:0: AUDIT Kobon.Results.classical_039: native-evaluation; axioms=[propext,
 Classical.choice,
 Quot.sound,
 Kobon.Certificates.N039T00469Hcf24d7d3.checked._native.native_decide.ax_1_1]
info: Kobon/Audit.lean:7:0: AUDIT Kobon.SharedFan.endpoint._proof_1: kernel; axioms=[propext]
info: Kobon/Audit.lean:7:0: AUDIT Kobon.Certificates.N009T00021H6ebbed82.no_concurrent: native-evaluation; axioms=[propext,
 Kobon.Certificates.N009T00021H6ebbed82.no_concurrent._native.native_decide.ax_1_1]
info: Kobon/Audit.lean:7:0: AUDIT Kobon.BBLRealizedPencil.realized_pencil_exists: kernel; axioms=[propext, Classical.choice, Quot.sound]
info: Kobon/Audit.lean:7:0: AUDIT Kobon.AllN.enhancement.eq_21: kernel; axioms=[]
info: Kobon/Audit.lean:7:0: AUDIT Kobon.Results.earlier_021: native-evaluation; axioms=[propext,
 Classical.choice,
 Quot.sound,
 Kobon.Certificates.N021T00133H36bae754.checked._native.native_decide.ax_1_1]
info: Kobon/Audit.lean:7:0: AUDIT Kobon.BBLVisible.auxPair_keys: kernel; axioms=[propext, Classical.choice, Quot.sound]
info: Kobon/Audit.lean:7:0: AUDIT Kobon.Certificates.N043T00587H861d8be2.simple_lower_bound: native-evaluation; axioms=[propext,
 Classical.choice,
 Quot.sound,
 Kobon.Certificates.N043T00587H861d8be2.checked._native.native_decide.ax_1_1,
 Kobon.Certificates.N043T00587H861d8be2.no_concurrent._native.native_decide.ax_1_1]
info: Kobon/Audit.lean:7:0: AUDIT Kobon.BBLCrossingCoordinates.coordinate_eq_crossing._proof_1_4: kernel; axioms=[propext, Quot.sound]
info: Kobon/Audit.lean:7:0: AUDIT Kobon.Cells.weights_reconstruct: kernel; axioms=[propext, Classical.choice, Quot.sound]
info: Kobon/Audit.lean:7:0: AUDIT Kobon.AllN.strict_improvements._proof_1_54: kernel; axioms=[]
info: Kobon/Audit.lean:7:0: AUDIT Kobon.BBLRowOrder.newKey_injective._proof_1_33: kernel; axioms=[propext, Quot.sound]
info: Kobon/Audit.lean:7:0: AUDIT Kobon.Certificates.N014T00054H912da8ec.checked: native-evaluation; axioms=[propext,
 Kobon.Certificates.N014T00054H912da8ec.checked._native.native_decide.ax_1_1]
info: Kobon/Audit.lean:7:0: AUDIT Kobon.Results.classical_031: native-evaluation; axioms=[propext,
 Classical.choice,
 Quot.sound,
 Kobon.Certificates.N031T00299H70f23b94.checked._native.native_decide.ax_1_1]
info: Kobon/Audit.lean:7:0: AUDIT Kobon.AllN.dominates_every_saved_certificate._proof_1_66: kernel; axioms=[]
info: Kobon/Audit.lean:7:0: AUDIT Kobon.Results.best_classical_013: native-evaluation; axioms=[propext,
 Classical.choice,
 Quot.sound,
 Kobon.Certificates.N013T00047Hddec1f78.checked._native.native_decide.ax_1_1]
info: Kobon/Audit.lean:7:0: AUDIT Kobon.AllN.baseline_after_last_exception._proof_1_15: kernel; axioms=[propext, Quot.sound]
info: Kobon/Audit.lean:7:0: AUDIT Kobon.BBLTangentBounds.tan_4_bounds: kernel; axioms=[propext, Classical.choice, Quot.sound]
info: Kobon/Audit.lean:7:0: AUDIT Kobon.BBLGrid.reduced_bounds: kernel; axioms=[propext, Classical.choice, Quot.sound]
info: Kobon/Audit.lean:7:0: AUDIT Kobon.BBLRealization.horizontal_profile._proof_1_9: kernel; axioms=[propext, Classical.choice, Quot.sound]
info: Kobon/Audit.lean:7:0: AUDIT Kobon.BBLVisible.central_visible._proof_1_2: kernel; axioms=[propext, Quot.sound]
info: Kobon/Audit.lean:7:0: AUDIT Kobon.BBLMaximization.sine_grid_separation._proof_1_3: kernel; axioms=[propext, Quot.sound]
info: Kobon/Audit.lean:7:0: AUDIT Kobon.BBLPencilLimits.old_new_crossing_tendsto: kernel; axioms=[propext, Classical.choice, Quot.sound]
info: Kobon/Audit.lean:7:0: AUDIT Kobon.orientedEval.eq_1: kernel; axioms=[]
info: Kobon/Audit.lean:7:0: AUDIT Kobon.Certificates.N195T12480H1b9230fb.lower_bound: native-evaluation; axioms=[propext,
 Classical.choice,
 Quot.sound,
 Kobon.Certificates.N195T12480H1b9230fb.checked._native.native_decide.ax_1_1]
info: Kobon/Audit.lean:7:0: AUDIT Kobon.FurediPalastiChart.cos_angle_lt: kernel; axioms=[propext, Classical.choice, Quot.sound]
info: Kobon/Audit.lean:7:0: AUDIT Kobon.BBLRowOrder.newKey_symm._proof_1_56: kernel; axioms=[propext, Classical.choice, Quot.sound]
info: Kobon/Audit.lean:7:0: AUDIT Kobon.BBLCapSigns.cap_key_signs._proof_1_33: kernel; axioms=[propext, Classical.choice, Quot.sound]
info: Kobon/Audit.lean:7:0: AUDIT Kobon.BBLRealizedPencil.no_concurrent._proof_1_1: kernel; axioms=[propext, Quot.sound]
info: Kobon/Audit.lean:7:0: AUDIT Kobon.BBLRowOrder.auxiliary_outside_of_close._proof_1_88: kernel; axioms=[propext, Classical.choice, Quot.sound]
info: Kobon/Audit.lean:7:0: AUDIT Kobon.Iteration.gainPrefix_succ: kernel; axioms=[propext, Quot.sound]
info: Kobon/Audit.lean:7:0: AUDIT Kobon.Results.best_classical_023: native-evaluation; axioms=[propext,
 Classical.choice,
 Quot.sound,
 Kobon.Certificates.N023T00161H969ad7d3.checked._native.native_decide.ax_1_1]
info: Kobon/Audit.lean:7:0: AUDIT Kobon.BBLSeed21.rightmost_last: native-evaluation; axioms=[propext,
 Classical.choice,
 Quot.sound,
 Kobon.BBLSeed21.admissible_check._native.native_decide.ax_1_1,
 Kobon.BBLSeed21.directions._native.native_decide.ax_1_1,
 Kobon.BBLSeed21.visible_checks._native.native_decide.ax_1_1]
info: Kobon/Audit.lean:7:0: AUDIT Kobon.FurediPalastiTwoCaps.two_cap_simple_lower_bound: kernel; axioms=[propext, Classical.choice, Quot.sound]
info: Kobon/Audit.lean:7:0: AUDIT Kobon.BBLCaps.cap_no_aux_between._proof_1_1: kernel; axioms=[propext, Quot.sound]
info: Kobon/Audit.lean:7:0: AUDIT Kobon.BBLRealization.coordinate_order_eventually._proof_1_1: kernel; axioms=[propext, Quot.sound]
info: Kobon/Audit.lean:7:0: AUDIT Kobon.BBLGridReindex.perm_inv._proof_1_4: kernel; axioms=[propext, Quot.sound]
info: Kobon/Audit.lean:7:0: AUDIT Kobon.BBLLiftedKeys.lifted_anchor._proof_1_8: kernel; axioms=[propext, Quot.sound]
info: Kobon/Audit.lean:7:0: AUDIT Kobon.BBLCaps.cap_no_aux_between._proof_1_32: kernel; axioms=[propext, Classical.choice, Quot.sound]
info: Kobon/Audit.lean:7:0: AUDIT Kobon.Results.earlier_045: native-evaluation; axioms=[propext,
 Classical.choice,
 Quot.sound,
 Kobon.Certificates.N045T00645H3dc6e882.checked._native.native_decide.ax_1_1]
info: Kobon/Audit.lean:7:0: AUDIT Kobon.BBLDoubling.doubling._proof_1_10: kernel; axioms=[propext, Quot.sound]
info: Kobon/Audit.lean:7:0: AUDIT Kobon.BBLRowOrder.newKey_injective._proof_1_50: kernel; axioms=[propext, Quot.sound]
info: Kobon/Audit.lean:7:0: AUDIT Kobon.FurediPalastiWrap.halfphase_simple._proof_1_6: kernel; axioms=[propext, Quot.sound]
info: Kobon/Audit.lean:7:0: AUDIT Kobon.Certificates.N014T00054H9c871e10.lower_bound: native-evaluation; axioms=[propext,
 Classical.choice,
 Quot.sound,
 Kobon.Certificates.N014T00054H9c871e10.checked._native.native_decide.ax_1_1]
info: Kobon/Audit.lean:7:0: AUDIT Kobon.BBLRowOrder.newKey_injective._proof_1_96: kernel; axioms=[propext, Quot.sound]
info: Kobon/Audit.lean:7:0: AUDIT Kobon.FurediPalastiTwoCaps.upper_outer_sign._proof_1_12: kernel; axioms=[propext, Quot.sound]
info: Kobon/Audit.lean:7:0: AUDIT Kobon.BBLCapEnvelope.cap_left_endpoint._proof_1_7: kernel; axioms=[propext, Quot.sound]
info: Kobon/Audit.lean:7:0: AUDIT Kobon.BBLCapSigns.cap_key_signs._proof_1_75: kernel; axioms=[propext, Quot.sound]
info: Kobon/Audit.lean:7:0: AUDIT Kobon.FurediPalastiTwoCaps.lower_inner_sign._proof_1_5: kernel; axioms=[propext, Quot.sound]
info: Kobon/Audit.lean:7:0: AUDIT Kobon.BBLLiftedKeys.lifted_anchor._proof_1_12: kernel; axioms=[propext, Quot.sound]
info: Kobon/Audit.lean:7:0: AUDIT Kobon.SharedFan.center_is_triple: kernel; axioms=[propext, Classical.choice, Quot.sound]
info: Kobon/Audit.lean:7:0: AUDIT Kobon.BBLSeed21.simple: native-evaluation; axioms=[propext,
 Classical.choice,
 Quot.sound,
 Kobon.BBLSeed21.simple._native.native_decide.ax_1_1]
info: Kobon/Audit.lean:7:0: AUDIT Kobon.AllN.enhancement.eq_29: kernel; axioms=[]
info: Kobon/Audit.lean:7:0: AUDIT Kobon.BBLRowOrder.newKey_injective._proof_1_80: kernel; axioms=[propext, Quot.sound]
info: Kobon/Audit.lean:7:0: AUDIT Kobon.Certificates.N015T00065H4d3bf3b4.simple_lower_bound: native-evaluation; axioms=[propext,
 Classical.choice,
 Quot.sound,
 Kobon.Certificates.N015T00065H4d3bf3b4.checked._native.native_decide.ax_1_1,
 Kobon.Certificates.N015T00065H4d3bf3b4.no_concurrent._native.native_decide.ax_1_1]
info: Kobon/Audit.lean:7:0: AUDIT Kobon.Reindex.triangle_cyclic_pullback: kernel; axioms=[propext, Classical.choice, Quot.sound]
info: Kobon/Audit.lean:7:0: AUDIT Kobon.FurediPalastiWrap.upper_pair_nonpos._proof_1_3: kernel; axioms=[propext, Quot.sound]
info: Kobon/Audit.lean:7:0: AUDIT Kobon.BBLCaps.capRow_le._proof_1_2: kernel; axioms=[propext, Quot.sound]
info: Kobon/Audit.lean:7:0: AUDIT Kobon.BBLCapSigns.cap_key_signs._proof_1_27: kernel; axioms=[propext, Quot.sound]
info: Kobon/Audit.lean:7:0: AUDIT Kobon.BBLRowMax.max_pair_visible._proof_1_2: kernel; axioms=[propext, Quot.sound]
info: Kobon/Audit.lean:7:0: AUDIT Kobon.BBLTangentBounds.tan_small: kernel; axioms=[propext, Classical.choice, Quot.sound]
info: Kobon/Audit.lean:7:0: AUDIT Kobon.FurediPalastiCount.good_subset_orbits._proof_1_6: kernel; axioms=[propext, Quot.sound]
info: Kobon/Audit.lean:7:0: AUDIT Kobon.BBLRowOrder.newKey_symm._proof_1_51: kernel; axioms=[propext, Quot.sound]
info: Kobon/Audit.lean:7:0: AUDIT Kobon.BBLVisibleRetention.retain_all_but_one: kernel; axioms=[propext, Classical.choice, Quot.sound]
info: Kobon/Audit.lean:7:0: AUDIT Kobon.SeedFamily.triangle_checks: kernel; axioms=[propext, Classical.choice, Quot.sound]
info: Kobon/Audit.lean:7:0: AUDIT Kobon.BBLTangentBounds.tan_9_bounds: kernel; axioms=[propext, Classical.choice, Quot.sound]
info: Kobon/Audit.lean:7:0: AUDIT Kobon.FurediPalasti.low_after._proof_1_1: kernel; axioms=[propext, Quot.sound]
info: Kobon/Audit.lean:7:0: AUDIT Kobon.FurediPalastiCaps.exists_left_cut._proof_1_1: kernel; axioms=[propext, Quot.sound]
info: Kobon/Audit.lean:7:0: AUDIT Kobon.Results.simple_008: native-evaluation; axioms=[propext,
 Classical.choice,
 Quot.sound,
 Kobon.Certificates.N008T00014H2a63f4d9.checked._native.native_decide.ax_1_1,
 Kobon.Certificates.N008T00014H2a63f4d9.no_concurrent._native.native_decide.ax_1_1]
info: Kobon/Audit.lean:7:0: AUDIT Kobon.Results.earlier_043: native-evaluation; axioms=[propext,
 Classical.choice,
 Quot.sound,
 Kobon.Certificates.N043T00587H861d8be2.checked._native.native_decide.ax_1_1]
info: Kobon/Audit.lean:7:0: AUDIT Kobon.AllN.exact_exception_values._proof_1_27: kernel; axioms=[]
info: Kobon/Audit.lean:7:0: AUDIT Kobon.SeedFamily.triangle_checks._proof_1_1: kernel; axioms=[propext, Classical.choice, Quot.sound]
info: Kobon/Audit.lean:7:0: AUDIT Kobon.BBLRealization.crossing_order_eventually._proof_1_2: kernel; axioms=[propext, Quot.sound]
info: Kobon/Audit.lean:7:0: AUDIT Kobon.BBLOldRetention.eventually_list: kernel; axioms=[propext, Classical.choice, Quot.sound]
info: Kobon/Audit.lean:7:0: AUDIT Kobon.BBLGridReindex.central_left._proof_1_4: kernel; axioms=[propext, Quot.sound]
info: Kobon/Audit.lean:7:0: AUDIT Kobon.ShiftedFurediPalasti.selected_triangle._proof_1_10: kernel; axioms=[propext, Quot.sound]
info: Kobon/Audit.lean:7:0: AUDIT Kobon.Certificates.N006T00004H7e060e9a.simple_lower_bound: native-evaluation; axioms=[propext,
 Classical.choice,
 Quot.sound,
 Kobon.Certificates.N006T00004H7e060e9a.checked._native.native_decide.ax_1_1,
 Kobon.Certificates.N006T00004H7e060e9a.no_concurrent._native.native_decide.ax_1_1]
info: Kobon/Audit.lean:7:0: AUDIT Kobon.HybridBoundary.derivative_nonneg_iff._simp_1_3: kernel; axioms=[propext]
info: Kobon/Audit.lean:7:0: AUDIT Kobon.Certificates.N099T03169H4fef38d8.checked: native-evaluation; axioms=[propext,
 Kobon.Certificates.N099T03169H4fef38d8.checked._native.native_decide.ax_1_1]
info: Kobon/Audit.lean:7:0: AUDIT Kobon.BBLRowOrder.auxiliary_outside_of_close._proof_1_70: kernel; axioms=[propext, Classical.choice, Quot.sound]
info: Kobon/Audit.lean:7:0: AUDIT Kobon.Certificates.N025T00191Hb568bffb.lower_bound: native-evaluation; axioms=[propext,
 Classical.choice,
 Quot.sound,
 Kobon.Certificates.N025T00191Hb568bffb.checked._native.native_decide.ax_1_1]
info: Kobon/Audit.lean:7:0: AUDIT Kobon.BBLLiftedKeys.lifted_anchor._proof_1_51: kernel; axioms=[propext, Classical.choice, Quot.sound]
info: Kobon/Audit.lean:7:0: AUDIT Kobon.BBLCapReplacement.cap_replacement_eventually._proof_1_3: kernel; axioms=[propext, Quot.sound]
info: Kobon/Audit.lean:7:0: AUDIT Kobon.BBLVisible.auxPair_keys._proof_1_25: kernel; axioms=[propext, Quot.sound]
info: Kobon/Audit.lean:7:0: AUDIT Kobon.Certificates.N005T00005Hdd0748b7.checked: native-evaluation; axioms=[propext,
 Kobon.Certificates.N005T00005Hdd0748b7.checked._native.native_decide.ax_1_1]
info: Kobon/Audit.lean:7:0: AUDIT Kobon.SharedFan.endpoint.eq_1: kernel; axioms=[propext, Classical.choice, Quot.sound]
info: Kobon/Audit.lean:7:0: AUDIT Kobon.BBLCentralEnvelope.central_endpoint._proof_1_20: kernel; axioms=[propext, Quot.sound]
info: Kobon/Audit.lean:7:0: AUDIT Kobon.BBLCapSigns.cap_key_signs._proof_1_13: kernel; axioms=[propext, Classical.choice, Quot.sound]
info: Kobon/Audit.lean:7:0: AUDIT Kobon.BBLRowOrder.newKey_injective._proof_1_82: kernel; axioms=[propext, Quot.sound]
info: Kobon/Audit.lean:7:0: AUDIT Kobon.AllN.baseline_after_last_exception._proof_1_42: kernel; axioms=[propext, Quot.sound]
info: Kobon/Audit.lean:7:0: AUDIT Kobon.BBLRowOrder.newKey_injective._proof_1_12: kernel; axioms=[propext, Quot.sound]
info: Kobon/Audit.lean:7:0: AUDIT Kobon.CleanLineBudget.high_multiplicity_weight._proof_1_2: kernel; axioms=[propext, Quot.sound]
info: Kobon/Audit.lean:7:0: AUDIT Kobon.Projective.factor_pos_negative: kernel; axioms=[propext, Classical.choice, Quot.sound]
info: Kobon/Audit.lean:7:0: AUDIT KobonExamples.good7_count._proof_1_1: kernel; axioms=[propext, Classical.choice, Quot.sound]
info: Kobon/Audit.lean:7:0: AUDIT Kobon.Parametric.simple_sound: kernel; axioms=[propext, Classical.choice, Quot.sound]
info: Kobon/Audit.lean:7:0: AUDIT Kobon.FurediPalastiChart.cap_vertex._proof_1_1: kernel; axioms=[propext, Quot.sound]
info: Kobon/Audit.lean:7:0: AUDIT Kobon.BBLGridReindex.next_cut._proof_1_9: kernel; axioms=[propext, Quot.sound]
info: Kobon/Audit.lean:7:0: AUDIT Kobon.Iteration49.boundary_49._proof_13: kernel; axioms=[propext]
info: Kobon/Audit.lean:7:0: AUDIT Kobon.BBLLiftedKeys.complement_row_strict._proof_1_1: kernel; axioms=[propext, Quot.sound]
info: Kobon/Audit.lean:7:0: AUDIT Kobon.BBLCapSigns.horizontalKey_eq: kernel; axioms=[propext, Classical.choice, Quot.sound]
info: Kobon/Audit.lean:7:0: AUDIT Kobon.Certificates.N161T08532H230691d5.no_concurrent: native-evaluation; axioms=[propext,
 Kobon.Certificates.N161T08532H230691d5.no_concurrent._native.native_decide.ax_1_1]
info: Kobon/Audit.lean:7:0: AUDIT Kobon.BBLDoubling.doubling._proof_1_8: kernel; axioms=[propext, Quot.sound]
info: Kobon/Audit.lean:7:0: AUDIT Kobon.BBLGridReindex.perm_inv._proof_1_2: kernel; axioms=[propext, Quot.sound]
info: Kobon/Audit.lean:7:0: AUDIT Kobon.BBLAlternation.saturated_alternation._proof_1_13: kernel; axioms=[propext, Quot.sound]
info: Kobon/Audit.lean:7:0: AUDIT Kobon.HybridBoundary.seedPairs.eq_1: kernel; axioms=[]
info: Kobon/Audit.lean:7:0: AUDIT Kobon.BBLCapEnvelope.key_evaluation_product._proof_1_4: kernel; axioms=[propext, Quot.sound]
info: Kobon/Audit.lean:7:0: AUDIT Kobon.BBLLiftedKeys.lifted_anchor._proof_1_54: kernel; axioms=[propext, Classical.choice, Quot.sound]
info: Kobon/Audit.lean:7:0: AUDIT Kobon.FurediPalastiCaps.quadratic_nonadjacent: kernel; axioms=[propext, Classical.choice, Quot.sound]
info: Kobon/Audit.lean:7:0: AUDIT Kobon.BBLVisible.central_new_key_bound._proof_1_5: kernel; axioms=[propext, Classical.choice, Quot.sound]
info: Kobon/Audit.lean:7:0: AUDIT Kobon.BBLConsecutive.supports_consecutive._proof_1_1: kernel; axioms=[propext, Quot.sound]
info: Kobon/Audit.lean:7:0: AUDIT Kobon.Certificates.N047T00691Hfac44af1.no_concurrent: native-evaluation; axioms=[propext,
 Kobon.Certificates.N047T00691Hfac44af1.no_concurrent._native.native_decide.ax_1_1]
info: Kobon/Audit.lean:7:0: AUDIT Kobon.ShiftedCount.card_bad_zero: kernel; axioms=[propext, Classical.choice, Quot.sound]
info: Kobon/Audit.lean:7:0: AUDIT Kobon.BBLCapReplacement.weakSigns_aligned: kernel; axioms=[propext, Classical.choice, Quot.sound]
info: Kobon/Audit.lean:7:0: AUDIT Kobon.Certificates.N010T00025Hb767c427.checked: native-evaluation; axioms=[propext,
 Kobon.Certificates.N010T00025Hb767c427.checked._native.native_decide.ax_1_1]
info: Kobon/Audit.lean:7:0: AUDIT Kobon.Iteration49.boundary_49._proof_14: kernel; axioms=[propext]
info: Kobon/Audit.lean:7:0: AUDIT Kobon.SeedFamily.simple._proof_1_1: kernel; axioms=[propext, Classical.choice, Quot.sound]
info: Kobon/Audit.lean:7:0: AUDIT Kobon.BBLCentralEnvelope.central_endpoint._proof_1_17: kernel; axioms=[propext, Quot.sound]
info: Kobon/Audit.lean:7:0: AUDIT Kobon.AllN.strict_improvements._proof_1_50: kernel; axioms=[]
info: Kobon/Audit.lean:7:0: AUDIT Kobon.validate_sound: kernel; axioms=[propext, Classical.choice, Quot.sound]
info: Kobon/Audit.lean:7:0: AUDIT Kobon.BBLRowOrder.newKey_injective._proof_1_27: kernel; axioms=[propext, Quot.sound]
info: Kobon/Audit.lean:7:0: AUDIT Kobon.AllN.strict_improvements._proof_1_51: kernel; axioms=[]
info: Kobon/Audit.lean:7:0: AUDIT Kobon.BBLCentralPersistence.centralSigns_of_canonical._proof_1_5: kernel; axioms=[propext, Quot.sound]
info: Kobon/Audit.lean:7:0: AUDIT Kobon.BBLRowMax.row_extremal._proof_1_1: kernel; axioms=[propext, Quot.sound]
info: Kobon/Audit.lean:7:0: AUDIT Kobon.ShiftedFurediPalasti.high_before._proof_1_2: kernel; axioms=[propext, Quot.sound]
info: Kobon/Audit.lean:7:0: AUDIT Kobon.BBLRowOrder.newKey_symm._proof_1_24: kernel; axioms=[propext, Classical.choice, Quot.sound]
info: Kobon/Audit.lean:7:0: AUDIT Kobon.BBLLiftedKeys.lifted_new_le_iff._proof_1_2: kernel; axioms=[propext, Classical.choice, Quot.sound]
info: Kobon/Audit.lean:7:0: AUDIT Kobon.BBLLiftedKeys.lifted_old_le_iff._proof_1_3: kernel; axioms=[propext, Classical.choice, Quot.sound]
info: Kobon/Audit.lean:7:0: AUDIT Kobon.TamuraSeed5.hi.eq_1: kernel; axioms=[propext, Classical.choice, Quot.sound]
info: Kobon/Audit.lean:7:0: AUDIT Kobon.BBLGridCuts.cut_right_strict: kernel; axioms=[propext, Classical.choice, Quot.sound]
info: Kobon/Audit.lean:7:0: AUDIT Kobon.BBLCapSigns.cap_key_signs._proof_1_48: kernel; axioms=[propext, Classical.choice, Quot.sound]
info: Kobon/Audit.lean:7:0: AUDIT Kobon.Certificates.N026T00204Hf71379c4.checked: native-evaluation; axioms=[propext,
 Kobon.Certificates.N026T00204Hf71379c4.checked._native.native_decide.ax_1_1]
info: Kobon/Audit.lean:7:0: AUDIT Kobon.Certificates.N008T00014Hebff5868.no_concurrent: native-evaluation; axioms=[propext,
 Kobon.Certificates.N008T00014Hebff5868.no_concurrent._native.native_decide.ax_1_1]
info: Kobon/Audit.lean:7:0: AUDIT Kobon.Results.best_classical_195: native-evaluation; axioms=[propext,
 Classical.choice,
 Quot.sound,
 Kobon.Certificates.N195T12482H5413dd7b.checked._native.native_decide.ax_1_1]
info: Kobon/Audit.lean:7:0: AUDIT Kobon.Certificates.N014T00054H17f8c052.lower_bound: native-evaluation; axioms=[propext,
 Classical.choice,
 Quot.sound,
 Kobon.Certificates.N014T00054H17f8c052.checked._native.native_decide.ax_1_1]
info: Kobon/Audit.lean:7:0: AUDIT Kobon.AllN.dominates_every_saved_certificate._proof_1_78: kernel; axioms=[]
info: Kobon/Audit.lean:7:0: AUDIT Kobon.Results.best_classical_054: native-evaluation; axioms=[propext,
 Classical.choice,
 Quot.sound,
 Kobon.Certificates.N054T00919Ha254c1b4.checked._native.native_decide.ax_1_1]
info: Kobon/Audit.lean:7:0: AUDIT Kobon.BBLLiftedKeys.lifted_anchor._proof_1_50: kernel; axioms=[propext, Quot.sound]
info: Kobon/Audit.lean:7:0: AUDIT Kobon.BBLSeed21.right_slope_positive: kernel; axioms=[propext, Classical.choice, Quot.sound]
info: Kobon/Audit.lean:7:0: AUDIT Kobon.Results.best_simple_003: native-evaluation; axioms=[propext,
 Classical.choice,
 Quot.sound,
 Kobon.Certificates.N003T00001H05c82de6.checked._native.native_decide.ax_1_1,
 Kobon.Certificates.N003T00001H05c82de6.no_concurrent._native.native_decide.ax_1_1]
info: Kobon/Audit.lean:7:0: AUDIT Kobon.Results.simple_033: native-evaluation; axioms=[propext,
 Classical.choice,
 Quot.sound,
 Kobon.Certificates.N033T00341H95f3b770.checked._native.native_decide.ax_1_1,
 Kobon.Certificates.N033T00341H95f3b770.no_concurrent._native.native_decide.ax_1_1]
info: Kobon/Audit.lean:7:0: AUDIT Kobon.Certificates.N040T00494H785374ca.no_concurrent: native-evaluation; axioms=[propext,
 Kobon.Certificates.N040T00494H785374ca.no_concurrent._native.native_decide.ax_1_1]
info: Kobon/Audit.lean:7:0: AUDIT Kobon.Parametric.ParamLine.mk.inj: kernel; axioms=[]
info: Kobon/Audit.lean:7:0: AUDIT Kobon.FanGeometry.FanStrip.mk.injEq: kernel; axioms=[propext, Classical.choice, Quot.sound]
info: Kobon/Audit.lean:7:0: AUDIT Kobon.BBLRowOrder.auxiliary_outside_of_close._proof_1_52: kernel; axioms=[propext, Classical.choice, Quot.sound]
info: Kobon/Audit.lean:7:0: AUDIT Kobon.Certificates.N195T12482H5413dd7b.simple_lower_bound: native-evaluation; axioms=[propext,
 Classical.choice,
 Quot.sound,
 Kobon.Certificates.N195T12482H5413dd7b.checked._native.native_decide.ax_1_1,
 Kobon.Certificates.N195T12482H5413dd7b.no_concurrent._native.native_decide.ax_1_1]
info: Kobon/Audit.lean:7:0: AUDIT Kobon.BBLGridReindex.next_cut._proof_1_2: kernel; axioms=[propext, Quot.sound]
info: Kobon/Audit.lean:7:0: AUDIT Kobon.AllN.dominates_every_saved_certificate._proof_1_55: kernel; axioms=[]
info: Kobon/Audit.lean:7:0: AUDIT Kobon.BBLPencilProfiles.pair_profile_eventually._proof_1_30: kernel; axioms=[propext, Quot.sound]
info: Kobon/Audit.lean:7:0: AUDIT KobonBoundary.full_step_iff_both_parities._proof_1_2: kernel; axioms=[propext, Quot.sound]
info: Kobon/Audit.lean:7:0: AUDIT Kobon.BBLRowGeometry.mixed_witness._proof_1_1: kernel; axioms=[propext, Quot.sound]
info: Kobon/Audit.lean:7:0: AUDIT Kobon.Results.best_classical_056: native-evaluation; axioms=[propext,
 Classical.choice,
 Quot.sound,
 Kobon.Certificates.N056T00990Hde8a415c.checked._native.native_decide.ax_1_1]
info: Kobon/Audit.lean:7:0: AUDIT Kobon.Iteration49.boundary_49._proof_17: kernel; axioms=[propext]
info: Kobon/Audit.lean:7:0: AUDIT Kobon.BBLRealization.horizontal_profile._proof_1_7: kernel; axioms=[propext, Quot.sound]
info: Kobon/Audit.lean:7:0: AUDIT Kobon.FurediPalastiCount.good_subset_orbits: kernel; axioms=[propext, Classical.choice, Quot.sound]
info: Kobon/Audit.lean:7:0: AUDIT Kobon.Results.simple_035: native-evaluation; axioms=[propext,
 Classical.choice,
 Quot.sound,
 Kobon.Certificates.N035T00385H9ee99af6.checked._native.native_decide.ax_1_1,
 Kobon.Certificates.N035T00385H9ee99af6.no_concurrent._native.native_decide.ax_1_1]
info: Kobon/Audit.lean:7:0: AUDIT Kobon.Results.earlier_039: native-evaluation; axioms=[propext,
 Classical.choice,
 Quot.sound,
 Kobon.Certificates.N039T00470H30caa6f7.checked._native.native_decide.ax_1_1]
info: Kobon/Audit.lean:7:0: AUDIT Kobon.Certificates.N039T00470H30caa6f7.lower_bound: native-evaluation; axioms=[propext,
 Classical.choice,
 Quot.sound,
 Kobon.Certificates.N039T00470H30caa6f7.checked._native.native_decide.ax_1_1]
info: Kobon/Audit.lean:7:0: AUDIT Kobon.BBLLiftedRows.crossKey_injective._proof_1_9: kernel; axioms=[propext, Quot.sound]
info: Kobon/Audit.lean:7:0: AUDIT Kobon.Iteration49.boundary_49._proof_3: kernel; axioms=[propext]
info: Kobon/Audit.lean:7:0: AUDIT Kobon.Results.best_simple_047: native-evaluation; axioms=[propext,
 Classical.choice,
 Quot.sound,
 Kobon.Certificates.N047T00691Hfac44af1.checked._native.native_decide.ax_1_1,
 Kobon.Certificates.N047T00691Hfac44af1.no_concurrent._native.native_decide.ax_1_1]
info: Kobon/Audit.lean:7:0: AUDIT Kobon.BBLPencilProfiles.pair_profile_eventually._proof_1_14: kernel; axioms=[propext, Quot.sound]
info: Kobon/Audit.lean:7:0: AUDIT Kobon.AllN.baseline_after_last_exception._proof_1_3: kernel; axioms=[propext, Quot.sound]
info: Kobon/Audit.lean:7:0: AUDIT Kobon.TamuraTangentBounds.tan_16_6_bounds: kernel; axioms=[propext, Classical.choice, Quot.sound]
info: Kobon/Audit.lean:7:0: AUDIT Kobon.Certificates.N195T12480H1b9230fb.checked: native-evaluation; axioms=[propext,
 Kobon.Certificates.N195T12480H1b9230fb.checked._native.native_decide.ax_1_1]
info: Kobon/Audit.lean:7:0: AUDIT Kobon.BBLPencilProfiles.pair_profile_eventually._proof_1_8: kernel; axioms=[propext, Quot.sound]
info: Kobon/Audit.lean:7:0: AUDIT Kobon.FurediPalastiTwoCaps.lower_triangle._proof_1_2: kernel; axioms=[propext, Quot.sound]
info: Kobon/Audit.lean:7:0: AUDIT Kobon.BBLLiftedKeys.lifted_anchor._proof_1_9: kernel; axioms=[propext, Quot.sound]
info: Kobon/Audit.lean:7:0: AUDIT Kobon.FurediPalastiTwoCaps.upper_triangle._proof_1_2: kernel; axioms=[propext, Quot.sound]
info: Kobon/Audit.lean:7:0: AUDIT Kobon.BBLRowOrder.newKey_ne_oldKey._proof_1_11: kernel; axioms=[propext, Quot.sound]
info: Kobon/Audit.lean:7:0: AUDIT Kobon.TamuraSeed5.lines.eq_1: kernel; axioms=[propext, Classical.choice, Quot.sound]
info: Kobon/Audit.lean:7:0: AUDIT Kobon.FurediPalasti.selected_indices._proof_1_2: kernel; axioms=[propext, Quot.sound]
info: Kobon/Audit.lean:7:0: AUDIT Kobon.BBLLiftedKeys.lifted_anchor._proof_1_32: kernel; axioms=[propext, Quot.sound]
info: Kobon/Audit.lean:7:0: AUDIT Kobon.BBLGrid.sum_angle: kernel; axioms=[propext, Classical.choice, Quot.sound]
info: Kobon/Audit.lean:7:0: AUDIT Kobon.Cells.segment_closed: kernel; axioms=[propext, Classical.choice, Quot.sound]
info: Kobon/Audit.lean:7:0: AUDIT Kobon.BBLVisible.auxPair_keys._proof_1_30: kernel; axioms=[propext, Quot.sound]
info: Kobon/Audit.lean:7:0: AUDIT Kobon.Universal.baseline_formula._proof_1_2: kernel; axioms=[propext, Quot.sound]
info: Kobon/Audit.lean:7:0: AUDIT Kobon.BBLRowOrder.newKey_injective._proof_1_60: kernel; axioms=[propext, Quot.sound]
info: Kobon/Audit.lean:7:0: AUDIT Kobon.BBLGridReindex.next_cut._proof_1_5: kernel; axioms=[propext, Quot.sound]
info: Kobon/Audit.lean:7:0: AUDIT Kobon.Results.best_simple_015: native-evaluation; axioms=[propext,
 Classical.choice,
 Quot.sound,
 Kobon.Certificates.N015T00065H4d3bf3b4.checked._native.native_decide.ax_1_1,
 Kobon.Certificates.N015T00065H4d3bf3b4.no_concurrent._native.native_decide.ax_1_1]
info: Kobon/Audit.lean:7:0: AUDIT Kobon.AllN.exact_exception_values._proof_1_39: kernel; axioms=[]
info: Kobon/Audit.lean:7:0: AUDIT Kobon.increasing_nodup: kernel; axioms=[propext, Classical.choice, Quot.sound]
info: Kobon/Audit.lean:7:0: AUDIT Kobon.BBLGrid.sum_tangent: kernel; axioms=[propext, Classical.choice, Quot.sound]
info: Kobon/Audit.lean:7:0: AUDIT Kobon.ShiftedFurediPalasti.selected_triangle._proof_1_6: kernel; axioms=[propext, Quot.sound]
info: Kobon/Audit.lean:7:0: AUDIT Kobon.eval_intersection._simp_1_5: kernel; axioms=[propext]
info: Kobon/Audit.lean:7:0: AUDIT Kobon.CleanLineBudget.multiplicity_surplus._proof_1_1: kernel; axioms=[propext, Quot.sound]
info: Kobon/Audit.lean:7:0: AUDIT Kobon.Certificates.N048T00720H5e9767e7.simple_lower_bound: native-evaluation; axioms=[propext,
 Classical.choice,
 Quot.sound,
 Kobon.Certificates.N048T00720H5e9767e7.checked._native.native_decide.ax_1_1,
 Kobon.Certificates.N048T00720H5e9767e7.no_concurrent._native.native_decide.ax_1_1]
info: Kobon/Audit.lean:7:0: AUDIT Kobon.AllN.enhancement.eq_40: kernel; axioms=[]
info: Kobon/Audit.lean:7:0: AUDIT Kobon.Projective.oriented_transform: kernel; axioms=[propext, Classical.choice, Quot.sound]
info: Kobon/Audit.lean:7:0: AUDIT Kobon.FurediPalastiTwoCaps.upper_inner_sign._proof_1_3: kernel; axioms=[propext, Quot.sound]
info: Kobon/Audit.lean:7:0: AUDIT Kobon.BBLAnalytic.alpha._proof_1: kernel; axioms=[propext]
info: Kobon/Audit.lean:7:0: AUDIT Kobon.BBLGridReindex.next_cut._proof_1_21: kernel; axioms=[propext, Quot.sound]
info: Kobon/Audit.lean:7:0: AUDIT Kobon.BBLCapSigns.cap_key_signs._proof_1_7: kernel; axioms=[propext, Quot.sound]
info: Kobon/Audit.lean:7:0: AUDIT Kobon.Results.best_classical_007: native-evaluation; axioms=[propext,
 Classical.choice,
 Quot.sound,
 Kobon.Certificates.N007T00011He6b9a626.checked._native.native_decide.ax_1_1]
info: Kobon/Audit.lean:7:0: AUDIT Kobon.Results.best_classical_048: native-evaluation; axioms=[propext,
 Classical.choice,
 Quot.sound,
 Kobon.Certificates.N048T00721H2fb5ef0d.checked._native.native_decide.ax_1_1]
info: Kobon/Audit.lean:7:0: AUDIT Kobon.BBLPencilProfiles.pair_profile_eventually._proof_1_19: kernel; axioms=[propext, Quot.sound]
info: Kobon/Audit.lean:7:0: AUDIT Kobon.AllN.strict_improvements._proof_1_16: kernel; axioms=[]
info: Kobon/Audit.lean:7:0: AUDIT Kobon.BBLCaps.cap_no_aux_between._proof_1_10: kernel; axioms=[propext, Quot.sound]
info: Kobon/Audit.lean:7:0: AUDIT Kobon.AllN.dominates_every_saved_certificate._proof_1_14: kernel; axioms=[]
info: Kobon/Audit.lean:7:0: AUDIT Kobon.BBLTriangles.triangle_of_two_sides._proof_1_1: kernel; axioms=[propext, Quot.sound]
info: Kobon/Audit.lean:7:0: AUDIT Kobon.BBLGridCuts.cut_left_strict: kernel; axioms=[propext, Classical.choice, Quot.sound]
info: Kobon/Audit.lean:7:0: AUDIT Kobon.BBLCapSigns.cap_key_signs._proof_1_57: kernel; axioms=[propext, Quot.sound]
info: Kobon/Audit.lean:7:0: AUDIT Kobon.BBLRowGeometry.mixed_triangle._proof_1_8: kernel; axioms=[propext, Quot.sound]
info: Kobon/Audit.lean:7:0: AUDIT Kobon.Exterior.det_level_right: kernel; axioms=[propext, Classical.choice, Quot.sound]
info: Kobon/Audit.lean:7:0: AUDIT Kobon.Results.best_classical_021: native-evaluation; axioms=[propext,
 Classical.choice,
 Quot.sound,
 Kobon.Certificates.N021T00133H36bae754.checked._native.native_decide.ax_1_1]
info: Kobon/Audit.lean:7:0: AUDIT Kobon.BBLIntersection.pencil_crossing_x._simp_1_8: kernel; axioms=[propext]
info: Kobon/Audit.lean:7:0: AUDIT Kobon.BBLRowOrder.auxiliary_outside_of_close._proof_1_101: kernel; axioms=[propext, Classical.choice, Quot.sound]
info: Kobon/Audit.lean:7:0: AUDIT Kobon.BBLRowGeometry.row_outside._proof_1_8: kernel; axioms=[propext, Quot.sound]
info: Kobon/Audit.lean:7:0: AUDIT Kobon.BBLRealizedPencil.no_concurrent._proof_1_5: kernel; axioms=[propext, Quot.sound]
info: Kobon/Audit.lean:7:0: AUDIT Kobon.BBLVisible.central_visible._proof_1_7: kernel; axioms=[propext, Quot.sound]
info: Kobon/Audit.lean:7:0: AUDIT Kobon.Results.earlier_024: native-evaluation; axioms=[propext,
 Classical.choice,
 Quot.sound,
 Kobon.Certificates.N024T00172He63e906b.checked._native.native_decide.ax_1_1]
info: Kobon/Audit.lean:7:0: AUDIT Kobon.Certificates.N195T12481Hcd3497db.lower_bound: native-evaluation; axioms=[propext,
 Classical.choice,
 Quot.sound,
 Kobon.Certificates.N195T12481Hcd3497db.checked._native.native_decide.ax_1_1]
info: Kobon/Audit.lean:7:0: AUDIT Kobon.BBLTangentBounds.tan_8_bounds: kernel; axioms=[propext, Classical.choice, Quot.sound]
info: Kobon/Audit.lean:7:0: AUDIT Kobon.AllN.dominates_every_saved_certificate._proof_1_60: kernel; axioms=[]
info: Kobon/Audit.lean:7:0: AUDIT Kobon.BBLGridCuts.cut_increasing._proof_1_5: kernel; axioms=[propext, Quot.sound]
info: Kobon/Audit.lean:7:0: AUDIT Kobon.Results.best_classical_005: native-evaluation; axioms=[propext,
 Classical.choice,
 Quot.sound,
 Kobon.Certificates.N005T00005H948a0bdf.checked._native.native_decide.ax_1_1]
info: Kobon/Audit.lean:7:0: AUDIT Kobon.BBLRealization.coordinate_zero_profile._proof_1_2: kernel; axioms=[propext, Quot.sound]
info: Kobon/Audit.lean:7:0: AUDIT Kobon.BBLCaps.cap_no_aux_between._proof_1_47: kernel; axioms=[propext, Classical.choice, Quot.sound]
info: Kobon/Audit.lean:7:0: AUDIT Kobon.Certificates.N020T00117H382171ac.checked: native-evaluation; axioms=[propext,
 Kobon.Certificates.N020T00117H382171ac.checked._native.native_decide.ax_1_1]
info: Kobon/Audit.lean:7:0: AUDIT Kobon.BBLRowOrder.auxiliary_outside_of_close: kernel; axioms=[propext, Classical.choice, Quot.sound]
info: Kobon/Audit.lean:7:0: AUDIT Kobon.BBLMaximization.rational_error_bound._simp_1_1: kernel; axioms=[propext]
info: Kobon/Audit.lean:7:0: AUDIT Kobon.Universal.baseline_improvement._proof_1_2: kernel; axioms=[propext, Quot.sound]
info: Kobon/Audit.lean:7:0: AUDIT Kobon.Results.classical_047: native-evaluation; axioms=[propext,
 Classical.choice,
 Quot.sound,
 Kobon.Certificates.N047T00690Hd8af27fc.checked._native.native_decide.ax_1_1]
info: Kobon/Audit.lean:7:0: AUDIT Kobon.BBLRealization.horizontal_profile._proof_1_6: kernel; axioms=[propext, Quot.sound]
info: Kobon/Audit.lean:7:0: AUDIT Kobon.Results.simple_054: native-evaluation; axioms=[propext,
 Classical.choice,
 Quot.sound,
 Kobon.Certificates.N054T00918H915abb8e.checked._native.native_decide.ax_1_1,
 Kobon.Certificates.N054T00918H915abb8e.no_concurrent._native.native_decide.ax_1_1]
info: Kobon/Audit.lean:7:0: AUDIT Kobon.Results.classical_046: native-evaluation; axioms=[propext,
 Classical.choice,
 Quot.sound,
 Kobon.Certificates.N046T00667H32b8ca2f.checked._native.native_decide.ax_1_1]
info: Kobon/Audit.lean:7:0: AUDIT Kobon.AllN.strict_improvements._proof_1_2: kernel; axioms=[]
info: Kobon/Audit.lean:7:0: AUDIT Kobon.BBLGridCuts.cut_increasing._proof_1_1: kernel; axioms=[propext, Quot.sound]
info: Kobon/Audit.lean:7:0: AUDIT Kobon.BBLRowOrder.auxiliary_outside_of_close._proof_1_64: kernel; axioms=[propext, Classical.choice, Quot.sound]
info: Kobon/Audit.lean:7:0: AUDIT Kobon.HybridBoundary.seed_visible: kernel; axioms=[propext, Classical.choice, Quot.sound]
info: Kobon/Audit.lean:7:0: AUDIT Kobon.TamuraTangentBounds.tan_32_3_bounds: kernel; axioms=[propext, Classical.choice, Quot.sound]
info: Kobon/Audit.lean:7:0: AUDIT Kobon.BBLRowMax.max_pair_visible._proof_1_1: kernel; axioms=[propext, Quot.sound]
info: Kobon/Audit.lean:7:0: AUDIT Kobon.BBLRealization.old_profile: kernel; axioms=[propext, Classical.choice, Quot.sound]
info: Kobon/Audit.lean:7:0: AUDIT Kobon.BBLGrid.tangent_pair_sum_pos: kernel; axioms=[propext, Classical.choice, Quot.sound]
info: Kobon/Audit.lean:7:0: AUDIT Kobon.TamuraTangentBounds.tan_32_13_bounds: kernel; axioms=[propext, Classical.choice, Quot.sound]
info: Kobon/Audit.lean:7:0: AUDIT Kobon.BBLPencilProfiles.key_anchor._proof_1_2: kernel; axioms=[propext, Quot.sound]
info: Kobon/Audit.lean:7:0: AUDIT Kobon.Certificates.N012T00037H8c718a33.simple_lower_bound: native-evaluation; axioms=[propext,
 Classical.choice,
 Quot.sound,
 Kobon.Certificates.N012T00037H8c718a33.checked._native.native_decide.ax_1_1,
 Kobon.Certificates.N012T00037H8c718a33.no_concurrent._native.native_decide.ax_1_1]
info: Kobon/Audit.lean:7:0: AUDIT Kobon.FurediPalastiCount.fiber.eq_1: kernel; axioms=[propext, Classical.choice, Quot.sound]
info: Kobon/Audit.lean:7:0: AUDIT Kobon.FanCount.ordinary_shared_ray_bound._proof_1_2: kernel; axioms=[propext, Classical.choice, Quot.sound]
info: Kobon/Audit.lean:7:0: AUDIT Kobon.BBLCount.mixed_count: kernel; axioms=[propext, Classical.choice, Quot.sound]
info: Kobon/Audit.lean:7:0: AUDIT Kobon.CyclicFan.Geometry.mk.inj: kernel; axioms=[propext, Classical.choice, Quot.sound]
info: Kobon/Audit.lean:7:0: AUDIT Kobon.Certificates.N065T01365Hb1dcbeb4.no_concurrent: native-evaluation; axioms=[propext,
 Kobon.Certificates.N065T01365Hb1dcbeb4.no_concurrent._native.native_decide.ax_1_1]
info: Kobon/Audit.lean:7:0: AUDIT Kobon.BBLCentralPersistence.canonical_central_signs._proof_1_4: kernel; axioms=[propext, Quot.sound]
info: Kobon/Audit.lean:7:0: AUDIT Kobon.BBLSeed21.arbitrarily_small: native-evaluation; axioms=[propext,
 Classical.choice,
 Quot.sound,
 Kobon.BBLSeed21.admissible_check._native.native_decide.ax_1_1,
 Kobon.BBLSeed21.directions._native.native_decide.ax_1_1,
 Kobon.BBLSeed21.simple._native.native_decide.ax_1_1,
 Kobon.BBLSeed21.triangle_checks._native.native_decide.ax_1_1,
 Kobon.BBLSeed21.visible_checks._native.native_decide.ax_1_1]
info: Kobon/Audit.lean:7:0: AUDIT Kobon.Certificates.N009T00021H6ebbed82.lower_bound: native-evaluation; axioms=[propext,
 Classical.choice,
 Quot.sound,
 Kobon.Certificates.N009T00021H6ebbed82.checked._native.native_decide.ax_1_1]
info: Kobon/Audit.lean:7:0: AUDIT Kobon.AllN.all_n: native-evaluation; axioms=[propext,
 Classical.choice,
 Quot.sound,
 Kobon.Certificates.N003T00001H05c82de6.checked._native.native_decide.ax_1_1,
 Kobon.Certificates.N005T00005H948a0bdf.checked._native.native_decide.ax_1_1,
 Kobon.Certificates.N006T00007H6ea9ebaa.checked._native.native_decide.ax_1_1,
 Kobon.Certificates.N007T00011He6b9a626.checked._native.native_decide.ax_1_1,
 Kobon.Certificates.N008T00015Ha1380810.checked._native.native_decide.ax_1_1,
 Kobon.Certificates.N009T00021H6ebbed82.checked._native.native_decide.ax_1_1,
 Kobon.Certificates.N010T00025Hb767c427.checked._native.native_decide.ax_1_1,
 Kobon.Certificates.N011T00032Hb955e7c9.checked._native.native_decide.ax_1_1,
 Kobon.Certificates.N012T00038H38f69f38.checked._native.native_decide.ax_1_1,
 Kobon.Certificates.N013T00047Hddec1f78.checked._native.native_decide.ax_1_1,
 Kobon.Certificates.N014T00054Hd47aea63.checked._native.native_decide.ax_1_1,
 Kobon.Certificates.N015T00065H4d3bf3b4.checked._native.native_decide.ax_1_1,
 Kobon.Certificates.N016T00072H391cf79a.checked._native.native_decide.ax_1_1,
 Kobon.Certificates.N017T00085H7cf3c061.checked._native.native_decide.ax_1_1,
 Kobon.Certificates.N018T00093Hedb6246a.checked._native.native_decide.ax_1_1,
 Kobon.Certificates.N019T00107Ha2f32bdb.checked._native.native_decide.ax_1_1,
 Kobon.Certificates.N020T00117H382171ac.checked._native.native_decide.ax_1_1,
 Kobon.Certificates.N021T00133H36bae754.checked._native.native_decide.ax_1_1,
 Kobon.Certificates.N022T00143H54396c64.checked._native.native_decide.ax_1_1,
 Kobon.Certificates.N023T00161H969ad7d3.checked._native.native_decide.ax_1_1,
 Kobon.Certificates.N024T00172He63e906b.checked._native.native_decide.ax_1_1,
 Kobon.Certificates.N025T00191Hb568bffb.checked._native.native_decide.ax_1_1,
 Kobon.Certificates.N026T00204Hf71379c4.checked._native.native_decide.ax_1_1,
 Kobon.Certificates.N027T00225H7d6ae9a0.checked._native.native_decide.ax_1_1,
 Kobon.Certificates.N028T00238H56ef2acb.checked._native.native_decide.ax_1_1,
 Kobon.Certificates.N029T00261Hd4805c25.checked._native.native_decide.ax_1_1,
 Kobon.Certificates.N030T00275Hdcfe649a.checked._native.native_decide.ax_1_1,
 Kobon.Certificates.N031T00299H70f23b94.checked._native.native_decide.ax_1_1,
 Kobon.Certificates.N032T00315H5914f2bb.checked._native.native_decide.ax_1_1,
 Kobon.Certificates.N033T00341H95f3b770.checked._native.native_decide.ax_1_1,
 Kobon.Certificates.N034T00357Hfbde0a76.checked._native.native_decide.ax_1_1,
 Kobon.Certificates.N035T00385H9ee99af6.checked._native.native_decide.ax_1_1,
 Kobon.Certificates.N036T00402H3fc01b7d.checked._native.native_decide.ax_1_1,
 Kobon.Certificates.N037T00431H11f0bde7.checked._native.native_decide.ax_1_1,
 Kobon.Certificates.N038T00450H8ba2bdb1.checked._native.native_decide.ax_1_1,
 Kobon.Certificates.N039T00470H30caa6f7.checked._native.native_decide.ax_1_1,
 Kobon.Certificates.N041T00533H01e2ef66.checked._native.native_decide.ax_1_1,
 Kobon.Certificates.N042T00553H2bdc9d67.checked._native.native_decide.ax_1_1,
 Kobon.Certificates.N043T00587H861d8be2.checked._native.native_decide.ax_1_1,
 Kobon.Certificates.N044T00608Hb5277675.checked._native.native_decide.ax_1_1,
 Kobon.Certificates.N045T00645H3dc6e882.checked._native.native_decide.ax_1_1,
 Kobon.Certificates.N046T00667H32b8ca2f.checked._native.native_decide.ax_1_1,
 Kobon.Certificates.N047T00691Hfac44af1.checked._native.native_decide.ax_1_1,
 Kobon.Certificates.N048T00721H2fb5ef0d.checked._native.native_decide.ax_1_1,
 Kobon.Certificates.N049T00767H957e6f15.checked._native.native_decide.ax_1_1,
 Kobon.Certificates.N050T00792H3d40cb58.checked._native.native_decide.ax_1_1,
 Kobon.Certificates.N051T00818Hc18e1baf.checked._native.native_decide.ax_1_1,
 Kobon.Certificates.N053T00885H6bc5b14d.checked._native.native_decide.ax_1_1,
 Kobon.Certificates.N054T00919Ha254c1b4.checked._native.native_decide.ax_1_1,
 Kobon.Certificates.N055T00955H202625a3.checked._native.native_decide.ax_1_1,
 Kobon.Certificates.N057T01045H9a1d337c.checked._native.native_decide.ax_1_1,
 Kobon.Certificates.N058T01073Hd988db55.checked._native.native_decide.ax_1_1,
 Kobon.Certificates.N059T01103Hba482375.checked._native.native_decide.ax_1_1,
 Kobon.Certificates.N060T01141H9bc5096c.checked._native.native_decide.ax_1_1,
 Kobon.Certificates.N065T01365Hb1dcbeb4.checked._native.native_decide.ax_1_1,
 Kobon.Certificates.N066T01397H327ecbb9.checked._native.native_decide.ax_1_1,
 Kobon.Certificates.N081T02132H7bc6b303.checked._native.native_decide.ax_1_1,
 Kobon.Certificates.N082T02172Hd75c9101.checked._native.native_decide.ax_1_1,
 Kobon.Certificates.N099T03170Hea507e2d.checked._native.native_decide.ax_1_1,
 Kobon.Certificates.N129T05461H6dae0012.checked._native.native_decide.ax_1_1,
 Kobon.Certificates.N130T05525He0559b54.checked._native.native_decide.ax_1_1,
 Kobon.Certificates.N161T08532H230691d5.checked._native.native_decide.ax_1_1,
 Kobon.Certificates.N162T08612H1512e696.checked._native.native_decide.ax_1_1,
 Kobon.Certificates.N195T12482H5413dd7b.checked._native.native_decide.ax_1_1]
info: Kobon/Audit.lean:7:0: AUDIT Kobon.Certificates.N041T00532H6d48a341.lower_bound: native-evaluation; axioms=[propext,
 Classical.choice,
 Quot.sound,
 Kobon.Certificates.N041T00532H6d48a341.checked._native.native_decide.ax_1_1]
info: Kobon/Audit.lean:7:0: AUDIT Kobon.Results.earlier_052: native-evaluation; axioms=[propext,
 Classical.choice,
 Quot.sound,
 Kobon.Certificates.N052T00850H4b0d823a.checked._native.native_decide.ax_1_1]
info: Kobon/Audit.lean:7:0: AUDIT Kobon.Universal.baseline_sound._proof_1_12: kernel; axioms=[propext, Quot.sound]
info: Kobon/Audit.lean:7:0: AUDIT Kobon.BBLNextSaturation.noncentral_gap._simp_1_14: kernel; axioms=[propext]
info: Kobon/Audit.lean:7:0: AUDIT Kobon.FurediPalastiTwoCaps.upper_outer_sign._proof_1_8: kernel; axioms=[propext, Quot.sound]
info: Kobon/Audit.lean:7:0: AUDIT Kobon.FurediPalastiTwoCaps.selected_preserved._proof_1_1: kernel; axioms=[propext, Quot.sound]
info: Kobon/Audit.lean:7:0: AUDIT Kobon.BBLCentralEnvelope.central_endpoint._proof_1_22: kernel; axioms=[propext, Classical.choice, Quot.sound]
info: Kobon/Audit.lean:7:0: AUDIT Kobon.AllN.dominates_49_target._proof_1_3: kernel; axioms=[propext, Quot.sound]
info: Kobon/Audit.lean:7:0: AUDIT Kobon.BBLCentral.rightmost_crossing_x._simp_1_7: kernel; axioms=[propext]
info: Kobon/Audit.lean:7:0: AUDIT Kobon.BBLLiftedKeys.lifted_anchor._proof_1_57: kernel; axioms=[propext, Classical.choice, Quot.sound]
info: Kobon/Audit.lean:7:0: AUDIT Kobon.BBLCaps.capRow_injective._proof_1_9: kernel; axioms=[propext, Quot.sound]
info: Kobon/Audit.lean:7:0: AUDIT Kobon.Certificates.N046T00667H32b8ca2f.lower_bound: native-evaluation; axioms=[propext,
 Classical.choice,
 Quot.sound,
 Kobon.Certificates.N046T00667H32b8ca2f.checked._native.native_decide.ax_1_1]
info: Kobon/Audit.lean:7:0: AUDIT Kobon.BBLGridReindex.central_left._proof_1_3: kernel; axioms=[propext, Quot.sound]
info: Kobon/Audit.lean:7:0: AUDIT Kobon.Iteration49.boundary_49._proof_8: kernel; axioms=[propext]
info: Kobon/Audit.lean:7:0: AUDIT Kobon.Iteration49.boundary_49._proof_23: kernel; axioms=[propext]
info: Kobon/Audit.lean:7:0: AUDIT Kobon.BBLAssembly.doubling_bound._proof_1_1: kernel; axioms=[propext, Quot.sound]
info: Kobon/Audit.lean:7:0: AUDIT Kobon.affineEval.eq_1: kernel; axioms=[propext, Classical.choice, Quot.sound]
info: Kobon/Audit.lean:7:0: AUDIT Kobon.BBLLiftedKeys.complement_row_bound._proof_1_3: kernel; axioms=[propext, Quot.sound]
info: Kobon/Audit.lean:7:0: AUDIT Kobon.BBLNextSaturation.next_saturated: kernel; axioms=[propext, Classical.choice, Quot.sound]
info: Kobon/Audit.lean:7:0: AUDIT Kobon.Certificates.N006T00006Haf8f599e.lower_bound: native-evaluation; axioms=[propext,
 Classical.choice,
 Quot.sound,
 Kobon.Certificates.N006T00006Haf8f599e.checked._native.native_decide.ax_1_1]
info: Kobon/Audit.lean:7:0: AUDIT Kobon.Universal.classical_baseline_le._proof_1_1: kernel; axioms=[propext, Quot.sound]
info: Kobon/Audit.lean:7:0: AUDIT Kobon.Results.earlier_011: native-evaluation; axioms=[propext,
 Classical.choice,
 Quot.sound,
 Kobon.Certificates.N011T00032Hb955e7c9.checked._native.native_decide.ax_1_1]
info: Kobon/Audit.lean:7:0: AUDIT Kobon.BBLRowOrder.newKey_injective._proof_1_72: kernel; axioms=[propext, Quot.sound]
info: Kobon/Audit.lean:7:0: AUDIT Kobon.AllN.strict_improvements._proof_1_22: kernel; axioms=[]
info: Kobon/Audit.lean:7:0: AUDIT Kobon.Reindex.rotate_triangle._proof_1_2: kernel; axioms=[propext, Quot.sound]
info: Kobon/Audit.lean:7:0: AUDIT Kobon.BBLLiftedRows.liftedCrossKey.eq_1: kernel; axioms=[]
info: Kobon/Audit.lean:7:0: AUDIT Kobon.FurediPalastiCount.good.congr_simp: kernel; axioms=[propext, Classical.choice, Quot.sound]
info: Kobon/Audit.lean:7:0: AUDIT Kobon.FurediPalastiCaps.pairX_adjacent_strict._proof_1_1: kernel; axioms=[propext, Quot.sound]
info: Kobon/Audit.lean:7:0: AUDIT Kobon.Iteration.gainPrefix.eq_1: kernel; axioms=[]
info: Kobon/Audit.lean:7:0: AUDIT Kobon.BBLGridReindex.next_cut._proof_1_10: kernel; axioms=[propext, Quot.sound]
info: Kobon/Audit.lean:7:0: AUDIT Kobon.Projective.nonneg_preserved: kernel; axioms=[propext, Classical.choice, Quot.sound]
info: Kobon/Audit.lean:7:0: AUDIT Kobon.Results.earlier_048: native-evaluation; axioms=[propext,
 Classical.choice,
 Quot.sound,
 Kobon.Certificates.N048T00721H2fb5ef0d.checked._native.native_decide.ax_1_1]
info: Kobon/Audit.lean:7:0: AUDIT Kobon.BBLCentralEnvelope.central_endpoint._proof_1_2: kernel; axioms=[propext, Quot.sound]
info: Kobon/Audit.lean:7:0: AUDIT Kobon.BBLAlternation.consecutive_apices._proof_1_3: kernel; axioms=[propext, Quot.sound]
info: Kobon/Audit.lean:7:0: AUDIT Kobon.FurediPalastiChart.exists_cut: kernel; axioms=[propext, Classical.choice, Quot.sound]
info: Kobon/Audit.lean:7:0: AUDIT Kobon.Parametric.ParamLine.mk.injEq: kernel; axioms=[propext]
info: Kobon/Audit.lean:7:0: AUDIT KobonExamples.good6_simple: kernel; axioms=[propext, Classical.choice, Quot.sound]
info: Kobon/Audit.lean:7:0: AUDIT Kobon.Families.extraTriangles.eq_1: kernel; axioms=[propext]
info: Kobon/Audit.lean:7:0: AUDIT Kobon.BBLRowOrder.newKey_symm._proof_1_54: kernel; axioms=[propext, Quot.sound]
info: Kobon/Audit.lean:7:0: AUDIT Kobon.BBLCentralPersistence.centralSigns_of_canonical._proof_1_2: kernel; axioms=[propext, Quot.sound]
info: Kobon/Audit.lean:7:0: AUDIT Kobon.Certificates.N008T00014Hebff5868.lower_bound: native-evaluation; axioms=[propext,
 Classical.choice,
 Quot.sound,
 Kobon.Certificates.N008T00014Hebff5868.checked._native.native_decide.ax_1_1]
info: Kobon/Audit.lean:7:0: AUDIT Kobon.BBLRowOrder.auxiliary_outside_of_close._proof_1_30: kernel; axioms=[propext, Classical.choice, Quot.sound]
info: Kobon/Audit.lean:7:0: AUDIT Kobon.BBLCentralPersistence.centralSigns_of_canonical: kernel; axioms=[propext, Classical.choice, Quot.sound]
info: Kobon/Audit.lean:7:0: AUDIT Kobon.Reindex.no_parallel_pullback: kernel; axioms=[propext, Classical.choice, Quot.sound]
info: Kobon/Audit.lean:7:0: AUDIT Kobon.BBLCaps.capRow_injective._proof_1_2: kernel; axioms=[propext, Quot.sound]
info: Kobon/Audit.lean:7:0: AUDIT Kobon.SharedFan.interiors_nonempty: kernel; axioms=[propext, Classical.choice, Quot.sound]
info: Kobon/Audit.lean:7:0: AUDIT Kobon.AllN.exact_exception_values._proof_1_48: kernel; axioms=[]
info: Kobon/Audit.lean:7:0: AUDIT Kobon.Parametric.triangle_sound: kernel; axioms=[propext, Classical.choice, Quot.sound]
info: Kobon/Audit.lean:7:0: AUDIT Kobon.Results.best_simple_162: native-evaluation; axioms=[propext,
 Classical.choice,
 Quot.sound,
 Kobon.Certificates.N162T08612H1512e696.checked._native.native_decide.ax_1_1,
 Kobon.Certificates.N162T08612H1512e696.no_concurrent._native.native_decide.ax_1_1]
info: Kobon/Audit.lean:7:0: AUDIT Kobon.BBLLiftedKeys.complement_key._proof_1_4: kernel; axioms=[propext, Quot.sound]
info: Kobon/Audit.lean:7:0: AUDIT Kobon.BBLNextSaturation.noncentral_gap._proof_1_18: kernel; axioms=[propext, Classical.choice, Quot.sound]
info: Kobon/Audit.lean:7:0: AUDIT Kobon.FurediPalastiTwoCaps.lower_inner_sign._proof_1_12: kernel; axioms=[propext, Quot.sound]
info: Kobon/Audit.lean:7:0: AUDIT Kobon.Universal.previous_le: kernel; axioms=[propext]
info: Kobon/Audit.lean:7:0: AUDIT Kobon.BBLGridCuts.cut_beta_left._proof_1_1: kernel; axioms=[propext, Quot.sound]
info: Kobon/Audit.lean:7:0: AUDIT Kobon.BBLLiftedKeys.lifted_anchor._proof_1_40: kernel; axioms=[propext, Classical.choice, Quot.sound]
info: Kobon/Audit.lean:7:0: AUDIT Kobon.BBLRowOrder.auxiliary_outside_of_close._proof_1_45: kernel; axioms=[propext, Classical.choice, Quot.sound]
info: Kobon/Audit.lean:7:0: AUDIT Kobon.AllN.baseline_after_last_exception._proof_1_61: kernel; axioms=[propext, Quot.sound]
info: Kobon/Audit.lean:7:0: AUDIT Kobon.Results.classical_011: native-evaluation; axioms=[propext,
 Classical.choice,
 Quot.sound,
 Kobon.Certificates.N011T00032Hb955e7c9.checked._native.native_decide.ax_1_1]
info: Kobon/Audit.lean:7:0: AUDIT Kobon.BBLRealization.new_rows_injective_eventually._proof_1_1: kernel; axioms=[propext, Quot.sound]
info: Kobon/Audit.lean:7:0: AUDIT Kobon.BBLRowMax.row_extremal_label._proof_1_1: kernel; axioms=[propext, Quot.sound]
info: Kobon/Audit.lean:7:0: AUDIT Kobon.Triple.mk.injEq: kernel; axioms=[propext]
info: Kobon/Audit.lean:7:0: AUDIT Kobon.validate_simple_sound._simp_1_1: kernel; axioms=[propext, Quot.sound]
info: Kobon/Audit.lean:7:0: AUDIT Kobon.BBLCapEnvelope.graph_horizontal_intersection: kernel; axioms=[propext, Classical.choice, Quot.sound]
info: Kobon/Audit.lean:7:0: AUDIT Kobon.SeedFamily.parameters._proof_2: kernel; axioms=[propext]
info: Kobon/Audit.lean:7:0: AUDIT Kobon.BBLCanonicalPencil.arrangement_eq_rotate_pencil._proof_1_5: kernel; axioms=[propext, Quot.sound]
info: Kobon/Audit.lean:7:0: AUDIT Kobon.Certificates.N026T00203He61b423c.checked: native-evaluation; axioms=[propext,
 Kobon.Certificates.N026T00203He61b423c.checked._native.native_decide.ax_1_1]
info: Kobon/Audit.lean:7:0: AUDIT Kobon.AllN.strict_improvements._proof_1_58: kernel; axioms=[]
info: Kobon/Audit.lean:7:0: AUDIT Kobon.BBLAnalytic.beta_cot_bound._proof_1_1: kernel; axioms=[propext, Quot.sound]
info: Kobon/Audit.lean:7:0: AUDIT KobonBoundary.seven_profile_attains_two._proof_1_1: kernel; axioms=[propext, Classical.choice, Quot.sound]
info: Kobon/Audit.lean:7:0: AUDIT Kobon.FurediPalastiChart.below_cap._proof_1_2: kernel; axioms=[propext, Quot.sound]
info: Kobon/Audit.lean:7:0: AUDIT Kobon.Families.triangles.eq_1: kernel; axioms=[propext]
info: Kobon/Audit.lean:7:0: AUDIT Kobon.Certificates.N055T00955H202625a3.simple_lower_bound: native-evaluation; axioms=[propext,
 Classical.choice,
 Quot.sound,
 Kobon.Certificates.N055T00955H202625a3.checked._native.native_decide.ax_1_1,
 Kobon.Certificates.N055T00955H202625a3.no_concurrent._native.native_decide.ax_1_1]
info: Kobon/Audit.lean:7:0: AUDIT Kobon.Results.earlier_030: native-evaluation; axioms=[propext,
 Classical.choice,
 Quot.sound,
 Kobon.Certificates.N030T00275Hdcfe649a.checked._native.native_decide.ax_1_1]
info: Kobon/Audit.lean:7:0: AUDIT Kobon.Certificates.N020T00114Hbc312fc8.no_concurrent: native-evaluation; axioms=[propext,
 Kobon.Certificates.N020T00114Hbc312fc8.no_concurrent._native.native_decide.ax_1_1]
info: Kobon/Audit.lean:7:0: AUDIT Kobon.BBLRealization.coordinate_zero_profile._proof_1_5: kernel; axioms=[propext, Quot.sound]
info: Kobon/Audit.lean:7:0: AUDIT Kobon.TamuraSeed5.zero_line: kernel; axioms=[propext, Classical.choice, Quot.sound]
info: Kobon/Audit.lean:7:0: AUDIT Kobon.BBLExtrema.extremal_visible._proof_1_1: kernel; axioms=[propext, Quot.sound]
info: Kobon/Audit.lean:7:0: AUDIT Kobon.BBLCount.mem_pairs._proof_1_5: kernel; axioms=[propext, Classical.choice, Quot.sound]
info: Kobon/Audit.lean:7:0: AUDIT Kobon.BBLAlternation.alternating_algebra._simp_1_3: kernel; axioms=[propext]
info: Kobon/Audit.lean:7:0: AUDIT Kobon.ShiftedFurediPalasti.simple_lower_bound: kernel; axioms=[propext, Classical.choice, Quot.sound]
info: Kobon/Audit.lean:7:0: AUDIT Kobon.BBLVisible.aux_visible._proof_1_5: kernel; axioms=[propext, Quot.sound]
info: Kobon/Audit.lean:7:0: AUDIT Kobon.Results.best_classical_047: native-evaluation; axioms=[propext,
 Classical.choice,
 Quot.sound,
 Kobon.Certificates.N047T00691Hfac44af1.checked._native.native_decide.ax_1_1]
info: Kobon/Audit.lean:7:0: AUDIT Kobon.BBLVisible.auxVisible_injective._proof_1_7: kernel; axioms=[propext, Quot.sound]
info: Kobon/Audit.lean:7:0: AUDIT Kobon.AllN.baseline_after_last_exception._proof_1_4: kernel; axioms=[propext, Quot.sound]
info: Kobon/Audit.lean:7:0: AUDIT Kobon.HybridBoundary.derivativeNumerator.eq_1: kernel; axioms=[propext, Classical.choice, Quot.sound]
info: Kobon/Audit.lean:7:0: AUDIT Kobon.BBLCapBridge.endpointSigns_of_canonical._proof_1_9: kernel; axioms=[propext, Quot.sound]
info: Kobon/Audit.lean:7:0: AUDIT Kobon.Universal.polynomial_gap_exact._proof_1_4: kernel; axioms=[propext, Quot.sound]
info: Kobon/Audit.lean:7:0: AUDIT Kobon.Certificates.N009T00019He16410b8.checked: native-evaluation; axioms=[propext,
 Kobon.Certificates.N009T00019He16410b8.checked._native.native_decide.ax_1_1]
info: Kobon/Audit.lean:7:0: AUDIT Kobon.BBLNextSaturation.noncentral_gap._proof_1_33: kernel; axioms=[propext, Quot.sound]
info: Kobon/Audit.lean:7:0: AUDIT Kobon.BBLCapEnvelope.cap_right_endpoint._proof_1_8: kernel; axioms=[propext, Quot.sound]
info: Kobon/Audit.lean:7:0: AUDIT Kobon.Iteration.gainPrefix_closed._proof_1_5: kernel; axioms=[propext, Quot.sound]
info: Kobon/Audit.lean:7:0: AUDIT Kobon.BBLVisible.auxPair_keys._proof_1_8: kernel; axioms=[propext, Classical.choice, Quot.sound]
info: Kobon/Audit.lean:7:0: AUDIT Kobon.BBLCaps.cap_no_aux_between._proof_1_29: kernel; axioms=[propext, Quot.sound]
info: Kobon/Audit.lean:7:0: AUDIT Kobon.BBLLiftedRows.crossKey_injective._proof_1_2: kernel; axioms=[propext, Quot.sound]
info: Kobon/Audit.lean:7:0: AUDIT Kobon.Certificates.N018T00093Hedb6246a.checked: native-evaluation; axioms=[propext,
 Kobon.Certificates.N018T00093Hedb6246a.checked._native.native_decide.ax_1_1]
info: Kobon/Audit.lean:7:0: AUDIT Kobon.BBLRowOrder.newKey_injective._proof_1_79: kernel; axioms=[propext, Quot.sound]
info: Kobon/Audit.lean:7:0: AUDIT Kobon.Results.simple_040: native-evaluation; axioms=[propext,
 Classical.choice,
 Quot.sound,
 Kobon.Certificates.N040T00494H785374ca.checked._native.native_decide.ax_1_1,
 Kobon.Certificates.N040T00494H785374ca.no_concurrent._native.native_decide.ax_1_1]
info: Kobon/Audit.lean:7:0: AUDIT Kobon.Certificates.N035T00385H9ee99af6.simple_lower_bound: native-evaluation; axioms=[propext,
 Classical.choice,
 Quot.sound,
 Kobon.Certificates.N035T00385H9ee99af6.checked._native.native_decide.ax_1_1,
 Kobon.Certificates.N035T00385H9ee99af6.no_concurrent._native.native_decide.ax_1_1]
info: Kobon/Audit.lean:7:0: AUDIT Kobon.FurediPalastiWrap.one_cap_simple_lower_bound._proof_1_2: kernel; axioms=[propext, Quot.sound]
info: Kobon/Audit.lean:7:0: AUDIT Kobon.FurediPalastiWrap.cap_nonneg._proof_1_3: kernel; axioms=[propext, Quot.sound]
info: Kobon/Audit.lean:7:0: AUDIT KobonBoundary.full_step_iff_both_parities: kernel; axioms=[propext, Quot.sound]
info: Kobon/Audit.lean:7:0: AUDIT Kobon.Results.best_simple_036: native-evaluation; axioms=[propext,
 Classical.choice,
 Quot.sound,
 Kobon.Certificates.N036T00402H3fc01b7d.checked._native.native_decide.ax_1_1,
 Kobon.Certificates.N036T00402H3fc01b7d.no_concurrent._native.native_decide.ax_1_1]
info: Kobon/Audit.lean:7:0: AUDIT Kobon.BBLCount.outside_count_le._proof_1_1: kernel; axioms=[propext, Classical.choice, Quot.sound]
info: Kobon/Audit.lean:7:0: AUDIT Kobon.FurediPalasti.high_before: kernel; axioms=[propext, Classical.choice, Quot.sound]
info: Kobon/Audit.lean:7:0: AUDIT Kobon.BBLLiftedKeys.lifted_anchor._proof_1_4: kernel; axioms=[propext, Classical.choice, Quot.sound]
info: Kobon/Audit.lean:7:0: AUDIT Kobon.FurediPalastiCount.mem_fiber: kernel; axioms=[propext, Classical.choice, Quot.sound]
info: Kobon/Audit.lean:7:0: AUDIT Kobon.Certificates.N019T00107Ha2f32bdb.simple_lower_bound: native-evaluation; axioms=[propext,
 Classical.choice,
 Quot.sound,
 Kobon.Certificates.N019T00107Ha2f32bdb.checked._native.native_decide.ax_1_1,
 Kobon.Certificates.N019T00107Ha2f32bdb.no_concurrent._native.native_decide.ax_1_1]
info: Kobon/Audit.lean:7:0: AUDIT Kobon.BBLSeed21.lineAt.eq_1: kernel; axioms=[propext, Classical.choice, Quot.sound]
info: Kobon/Audit.lean:7:0: AUDIT Kobon.instDecidableEqLine.decEq._proof_3: kernel; axioms=[]
info: Kobon/Audit.lean:7:0: AUDIT Kobon.Cells.ofPredicate._proof_15: kernel; axioms=[propext, Classical.choice, Quot.sound]
info: Kobon/Audit.lean:7:0: AUDIT Kobon.Cells.ofPredicate._proof_11: kernel; axioms=[propext, Classical.choice, Quot.sound]
info: Kobon/Audit.lean:7:0: AUDIT Kobon.BBLRowOrder.newKey_symm._proof_1_16: kernel; axioms=[propext, Quot.sound]
info: Kobon/Audit.lean:7:0: AUDIT Kobon.Certificates.N014T00052Hc6615430.simple_lower_bound: native-evaluation; axioms=[propext,
 Classical.choice,
 Quot.sound,
 Kobon.Certificates.N014T00052Hc6615430.checked._native.native_decide.ax_1_1,
 Kobon.Certificates.N014T00052Hc6615430.no_concurrent._native.native_decide.ax_1_1]
info: Kobon/Audit.lean:7:0: AUDIT Kobon.HybridBoundary.derivative_nonpos_iff._simp_1_3: kernel; axioms=[propext]
info: Kobon/Audit.lean:7:0: AUDIT KobonExamples.good6_count._proof_1_1: kernel; axioms=[propext, Classical.choice, Quot.sound]
info: Kobon/Audit.lean:7:0: AUDIT Kobon.Results.best_simple_066: native-evaluation; axioms=[propext,
 Classical.choice,
 Quot.sound,
 Kobon.Certificates.N066T01397H327ecbb9.checked._native.native_decide.ax_1_1,
 Kobon.Certificates.N066T01397H327ecbb9.no_concurrent._native.native_decide.ax_1_1]
info: Kobon/Audit.lean:7:0: AUDIT Kobon.BBLCapSigns.cap_key_signs._proof_1_81: kernel; axioms=[propext, Classical.choice, Quot.sound]
info: Kobon/Audit.lean:7:0: AUDIT Kobon.BBLLiftedKeys.lifted_anchor._proof_1_22: kernel; axioms=[propext, Quot.sound]
info: Kobon/Audit.lean:7:0: AUDIT Kobon.orientedEval_affine._simp_1_6: kernel; axioms=[propext, Classical.choice, Quot.sound]
info: Kobon/Audit.lean:7:0: AUDIT Kobon.BBLTangentBounds.tan_6_bounds: kernel; axioms=[propext, Classical.choice, Quot.sound]
info: Kobon/Audit.lean:7:0: AUDIT Kobon.BBLCount.outside_characterization._proof_1_2: kernel; axioms=[propext, Classical.choice, Quot.sound]
info: Kobon/Audit.lean:7:0: AUDIT KobonExamples.good5_simple: kernel; axioms=[propext, Classical.choice, Quot.sound]
info: Kobon/Audit.lean:7:0: AUDIT Kobon.FurediPalastiChart.intersection_x: kernel; axioms=[propext, Classical.choice, Quot.sound]
info: Kobon/Audit.lean:7:0: AUDIT Kobon.Certificates.N016T00072H391cf79a.lower_bound: native-evaluation; axioms=[propext,
 Classical.choice,
 Quot.sound,
 Kobon.Certificates.N016T00072H391cf79a.checked._native.native_decide.ax_1_1]
info: Kobon/Audit.lean:7:0: AUDIT Kobon.Certificates.N014T00054Hfa427b3d.checked: native-evaluation; axioms=[propext,
 Kobon.Certificates.N014T00054Hfa427b3d.checked._native.native_decide.ax_1_1]
info: Kobon/Audit.lean:7:0: AUDIT Kobon.Results.earlier_027: native-evaluation; axioms=[propext,
 Classical.choice,
 Quot.sound,
 Kobon.Certificates.N027T00225H7d6ae9a0.checked._native.native_decide.ax_1_1]
info: Kobon/Audit.lean:7:0: AUDIT Kobon.BBLPencilProfiles.key_anchor._proof_1_5: kernel; axioms=[propext, Quot.sound]
info: Kobon/Audit.lean:7:0: AUDIT Kobon.Reindex.rotate_visible._proof_1_1: kernel; axioms=[propext, Quot.sound]
info: Kobon/Audit.lean:7:0: AUDIT Kobon.BBLCaps.cap_no_aux_between._proof_1_38: kernel; axioms=[propext, Quot.sound]
info: Kobon/Audit.lean:7:0: AUDIT Kobon.Results.simple_051: native-evaluation; axioms=[propext,
 Classical.choice,
 Quot.sound,
 Kobon.Certificates.N051T00816H6fa6b7d9.checked._native.native_decide.ax_1_1,
 Kobon.Certificates.N051T00816H6fa6b7d9.no_concurrent._native.native_decide.ax_1_1]
info: Kobon/Audit.lean:7:0: AUDIT Kobon.Results.classical_045: native-evaluation; axioms=[propext,
 Classical.choice,
 Quot.sound,
 Kobon.Certificates.N045T00645H3dc6e882.checked._native.native_decide.ax_1_1]
info: Kobon/Audit.lean:7:0: AUDIT Kobon.BBLVisible.auxVisible_injective._proof_1_4: kernel; axioms=[propext, Quot.sound]
info: Kobon/Audit.lean:7:0: AUDIT Kobon.Parametric.orientedForm_value: kernel; axioms=[propext, Classical.choice, Quot.sound]
info: Kobon/Audit.lean:7:0: AUDIT Kobon.ShiftedCount.card_bad_zero._proof_1_1: kernel; axioms=[propext, Classical.choice, Quot.sound]
info: Kobon/Audit.lean:7:0: AUDIT Kobon.Results.simple_032: native-evaluation; axioms=[propext,
 Classical.choice,
 Quot.sound,
 Kobon.Certificates.N032T00314H9ab78b00.checked._native.native_decide.ax_1_1,
 Kobon.Certificates.N032T00314H9ab78b00.no_concurrent._native.native_decide.ax_1_1]
info: Kobon/Audit.lean:7:0: AUDIT Kobon.BBLOldRetention.all_replaced_eventually._proof_1_1: kernel; axioms=[propext, Quot.sound]
info: Kobon/Audit.lean:7:0: AUDIT Kobon.BBLCapSigns.cap_key_signs._proof_1_74: kernel; axioms=[propext, Quot.sound]
info: Kobon/Audit.lean:7:0: AUDIT Kobon.BBLRowOrder.auxiliary_outside_of_close._proof_1_65: kernel; axioms=[propext, Classical.choice, Quot.sound]
info: Kobon/Audit.lean:7:0: AUDIT Kobon.ShiftedFurediPalasti.selected_sum_nonzero._proof_1_6: kernel; axioms=[propext, Quot.sound]
info: Kobon/Audit.lean:7:0: AUDIT Kobon.BBLRealization.horizontal_profile._proof_1_14: kernel; axioms=[propext, Quot.sound]
info: Kobon/Audit.lean:7:0: AUDIT Kobon.TamuraSeed5.simple: kernel; axioms=[propext, Classical.choice, Quot.sound]
info: Kobon/Audit.lean:7:0: AUDIT Kobon.Certificates.N195T12480H1b9230fb.simple_lower_bound: native-evaluation; axioms=[propext,
 Classical.choice,
 Quot.sound,
 Kobon.Certificates.N195T12480H1b9230fb.checked._native.native_decide.ax_1_1,
 Kobon.Certificates.N195T12480H1b9230fb.no_concurrent._native.native_decide.ax_1_1]
info: Kobon/Audit.lean:7:0: AUDIT Kobon.BBLRowOrder.newKey_symm._proof_1_57: kernel; axioms=[propext, Classical.choice, Quot.sound]
info: Kobon/Audit.lean:7:0: AUDIT Kobon.AllN.enhancement.eq_6: kernel; axioms=[]
info: Kobon/Audit.lean:7:0: AUDIT Kobon.BBLGridReindex.next_cut._proof_1_12: kernel; axioms=[propext, Quot.sound]
info: Kobon/Audit.lean:7:0: AUDIT Kobon.CleanLineBudget.nonnegative_core_weight._proof_1_1: kernel; axioms=[propext, Quot.sound]
info: Kobon/Audit.lean:7:0: AUDIT Kobon.FurediPalastiTwoCaps.upper_inner_sign._proof_1_5: kernel; axioms=[propext, Quot.sound]
info: Kobon/Audit.lean:7:0: AUDIT Kobon.Results.classical_023: native-evaluation; axioms=[propext,
 Classical.choice,
 Quot.sound,
 Kobon.Certificates.N023T00161H969ad7d3.checked._native.native_decide.ax_1_1]
info: Kobon/Audit.lean:7:0: AUDIT Kobon.AllN.strict_improvements._proof_1_60: kernel; axioms=[]
info: Kobon/Audit.lean:7:0: AUDIT Kobon.FurediPalastiTwoCaps.upper_outer_sign._proof_1_11: kernel; axioms=[propext, Quot.sound]
info: Kobon/Audit.lean:7:0: AUDIT Kobon.Exterior.level_nondegenerate: kernel; axioms=[propext, Classical.choice, Quot.sound]
info: Kobon/Audit.lean:7:0: AUDIT Kobon.BBLRowOrder.auxiliary_outside_of_close._proof_1_7: kernel; axioms=[propext, Classical.choice, Quot.sound]
info: Kobon/Audit.lean:7:0: AUDIT Kobon.Iteration49.boundary_49._proof_15: kernel; axioms=[propext]
info: Kobon/Audit.lean:7:0: AUDIT Kobon.Certificates.N030T00275Hdcfe649a.no_concurrent: native-evaluation; axioms=[propext,
 Kobon.Certificates.N030T00275Hdcfe649a.no_concurrent._native.native_decide.ax_1_1]
info: Kobon/Audit.lean:7:0: AUDIT Kobon.BBLCaps.cap_side._proof_1_3: kernel; axioms=[propext, Quot.sound]
info: Kobon/Audit.lean:7:0: AUDIT Kobon.Certificates.N019T00107H6e8ca6f5.simple_lower_bound: native-evaluation; axioms=[propext,
 Classical.choice,
 Quot.sound,
 Kobon.Certificates.N019T00107H6e8ca6f5.checked._native.native_decide.ax_1_1,
 Kobon.Certificates.N019T00107H6e8ca6f5.no_concurrent._native.native_decide.ax_1_1]
info: Kobon/Audit.lean:7:0: AUDIT Kobon.BBLCapHeight.cap_endpoint_height._proof_1_8: kernel; axioms=[propext, Quot.sound]
info: Kobon/Audit.lean:7:0: AUDIT Kobon.BBLCapEnvelope.cap_left_endpoint._proof_1_8: kernel; axioms=[propext, Quot.sound]
info: Kobon/Audit.lean:7:0: AUDIT Kobon.BBLGridReindex.next_cut: kernel; axioms=[propext, Classical.choice, Quot.sound]
info: Kobon/Audit.lean:7:0: AUDIT Kobon.TamuraTangentBounds.tan_8_2_bounds: kernel; axioms=[propext, Classical.choice, Quot.sound]
info: Kobon/Audit.lean:7:0: AUDIT Kobon.orientedEval_affine._simp_1_2: kernel; axioms=[propext]
info: Kobon/Audit.lean:7:0: AUDIT Kobon.Cells.weakSide_product_interior: kernel; axioms=[propext, Classical.choice, Quot.sound]
info: Kobon/Audit.lean:7:0: AUDIT Kobon.BBLRowOrder.newKey_injective._proof_1_92: kernel; axioms=[propext, Quot.sound]
info: Kobon/Audit.lean:7:0: AUDIT Kobon.AllN.baseline_after_last_exception._proof_1_48: kernel; axioms=[propext, Quot.sound]
info: Kobon/Audit.lean:7:0: AUDIT Kobon.HybridBoundary.derivative_nonpos_iff._simp_1_1: kernel; axioms=[propext]
info: Kobon/Audit.lean:7:0: AUDIT Kobon.BBLCount.mixed_count_identity: kernel; axioms=[propext, Classical.choice, Quot.sound]
info: Kobon/Audit.lean:7:0: AUDIT Kobon.BBLRowOrder.newKey_symm._proof_1_33: kernel; axioms=[propext, Quot.sound]
info: Kobon/Audit.lean:7:0: AUDIT Kobon.BBLProfiles.profile_strict_order._proof_1_10: kernel; axioms=[propext, Quot.sound]
info: Kobon/Audit.lean:7:0: AUDIT Kobon.BBLLiftedRows.liftedCrossKey_le_iff._proof_1_13: kernel; axioms=[propext, Quot.sound]
info: Kobon/Audit.lean:7:0: AUDIT Kobon.BBLConsecutive.supports_consecutive._proof_1_5: kernel; axioms=[propext, Quot.sound]
info: Kobon/Audit.lean:7:0: AUDIT Kobon.BBLPencilLimits.pairX_zero._simp_1_2: kernel; axioms=[propext]
info: Kobon/Audit.lean:7:0: AUDIT Kobon.Results.best_classical_030: native-evaluation; axioms=[propext,
 Classical.choice,
 Quot.sound,
 Kobon.Certificates.N030T00275Hdcfe649a.checked._native.native_decide.ax_1_1]
info: Kobon/Audit.lean:7:0: AUDIT Kobon.Certificates.N014T00053H45157b2f.checked: native-evaluation; axioms=[propext,
 Kobon.Certificates.N014T00053H45157b2f.checked._native.native_decide.ax_1_1]
info: Kobon/Audit.lean:7:0: AUDIT Kobon.BBLIntersection.pairDen.eq_1: kernel; axioms=[propext, Classical.choice, Quot.sound]
info: Kobon/Audit.lean:7:0: AUDIT Kobon.AllN.enhancement_le: kernel; axioms=[propext]
info: Kobon/Audit.lean:7:0: AUDIT Kobon.ShiftedFurediPalasti.selected_triangle._proof_1_3: kernel; axioms=[propext, Quot.sound]
info: Kobon/Audit.lean:7:0: AUDIT Kobon.HybridBoundary.derivative_nonpos_iff._simp_1_5: kernel; axioms=[propext]
info: Kobon/Audit.lean:7:0: AUDIT Kobon.Certificates.N048T00721H2fb5ef0d.simple_lower_bound: native-evaluation; axioms=[propext,
 Classical.choice,
 Quot.sound,
 Kobon.Certificates.N048T00721H2fb5ef0d.checked._native.native_decide.ax_1_1,
 Kobon.Certificates.N048T00721H2fb5ef0d.no_concurrent._native.native_decide.ax_1_1]
info: Kobon/Audit.lean:7:0: AUDIT Kobon.AllN.baseline_after_last_exception._proof_1_39: kernel; axioms=[propext, Quot.sound]
info: Kobon/Audit.lean:7:0: AUDIT Kobon.FurediPalastiWrap.lower_pair_nonpos._proof_1_3: kernel; axioms=[propext, Quot.sound]
info: Kobon/Audit.lean:7:0: AUDIT Kobon.BBLRowGeometry.row_outside: kernel; axioms=[propext, Classical.choice, Quot.sound]
info: Kobon/Audit.lean:7:0: AUDIT Kobon.Certificates.N020T00114Hbc312fc8.checked: native-evaluation; axioms=[propext,
 Kobon.Certificates.N020T00114Hbc312fc8.checked._native.native_decide.ax_1_1]
info: Kobon/Audit.lean:7:0: AUDIT Kobon.ShiftedFurediPalasti.high_before: kernel; axioms=[propext, Classical.choice, Quot.sound]
info: Kobon/Audit.lean:7:0: AUDIT Kobon.BBLGridCuts.cut_increasing._proof_1_7: kernel; axioms=[propext, Quot.sound]
info: Kobon/Audit.lean:7:0: AUDIT Kobon.AllN.exact_exception_values._proof_1_34: kernel; axioms=[]
info: Kobon/Audit.lean:7:0: AUDIT Kobon.Certificates.N033T00331H25fd8f0c.checked: native-evaluation; axioms=[propext,
 Kobon.Certificates.N033T00331H25fd8f0c.checked._native.native_decide.ax_1_1]
info: Kobon/Audit.lean:7:0: AUDIT Kobon.ShiftedFurediPalasti.low_before: kernel; axioms=[propext, Classical.choice, Quot.sound]
info: Kobon/Audit.lean:7:0: AUDIT Kobon.BBLCentralEnvelope.central_endpoint._proof_1_13: kernel; axioms=[propext, Quot.sound]
info: Kobon/Audit.lean:7:0: AUDIT Kobon.Certificates.N021T00133H36bae754.no_concurrent: native-evaluation; axioms=[propext,
 Kobon.Certificates.N021T00133H36bae754.no_concurrent._native.native_decide.ax_1_1]
info: Kobon/Audit.lean:7:0: AUDIT Kobon.FurediPalastiWrap.wrap_triangle._proof_1_12: kernel; axioms=[propext, Quot.sound]
info: Kobon/Audit.lean:7:0: AUDIT Kobon.AllN.exact_exception_values._proof_1_64: kernel; axioms=[]
info: Kobon/Audit.lean:7:0: AUDIT Kobon.Iteration.gainPrefix_succ._proof_1_5: kernel; axioms=[propext, Quot.sound]
info: Kobon/Audit.lean:7:0: AUDIT Kobon.Certificates.N028T00238H56ef2acb.no_concurrent: native-evaluation; axioms=[propext,
 Kobon.Certificates.N028T00238H56ef2acb.no_concurrent._native.native_decide.ax_1_1]
info: Kobon/Audit.lean:7:0: AUDIT Kobon.BBLGridCuts.cut_right_strict._proof_1_1: kernel; axioms=[propext, Quot.sound]
info: Kobon/Audit.lean:7:0: AUDIT Kobon.BBLNextSaturation.noncentral_gap._proof_1_7: kernel; axioms=[propext, Classical.choice, Quot.sound]
info: Kobon/Audit.lean:7:0: AUDIT Kobon.Results.earlier_003: native-evaluation; axioms=[propext,
 Classical.choice,
 Quot.sound,
 Kobon.Certificates.N003T00001H05c82de6.checked._native.native_decide.ax_1_1]
info: Kobon/Audit.lean:7:0: AUDIT Kobon.BBLRowOrder.newKey_symm._proof_1_14: kernel; axioms=[propext, Quot.sound]
info: Kobon/Audit.lean:7:0: AUDIT Kobon.Results.simple_059: native-evaluation; axioms=[propext,
 Classical.choice,
 Quot.sound,
 Kobon.Certificates.N059T01102Hfd3b4280.checked._native.native_decide.ax_1_1,
 Kobon.Certificates.N059T01102Hfd3b4280.no_concurrent._native.native_decide.ax_1_1]
info: Kobon/Audit.lean:7:0: AUDIT Kobon.AllN.exact_exception_values._proof_1_52: kernel; axioms=[]
info: Kobon/Audit.lean:7:0: AUDIT Kobon.Certificates.N012T00038H38f69f38.lower_bound: native-evaluation; axioms=[propext,
 Classical.choice,
 Quot.sound,
 Kobon.Certificates.N012T00038H38f69f38.checked._native.native_decide.ax_1_1]
info: Kobon/Audit.lean:7:0: AUDIT Kobon.FurediPalastiTwoCaps.lower_inner_sign._proof_1_3: kernel; axioms=[propext, Quot.sound]
info: Kobon/Audit.lean:7:0: AUDIT Kobon.AllN.dominates_every_saved_certificate._proof_1_11: kernel; axioms=[]
info: Kobon/Audit.lean:7:0: AUDIT Kobon.Iteration49.profile_bound_49._proof_1_1: kernel; axioms=[propext, Classical.choice, Quot.sound]
info: Kobon/Audit.lean:7:0: AUDIT Kobon.Certificates.N038T00450H8ba2bdb1.lower_bound: native-evaluation; axioms=[propext,
 Classical.choice,
 Quot.sound,
 Kobon.Certificates.N038T00450H8ba2bdb1.checked._native.native_decide.ax_1_1]
info: Kobon/Audit.lean:7:0: AUDIT Kobon.Cells.ofPredicate._proof_18: kernel; axioms=[propext, Classical.choice, Quot.sound]
info: Kobon/Audit.lean:7:0: AUDIT Kobon.Iteration.full_step_iteration._proof_1_4: kernel; axioms=[propext, Quot.sound]
info: Kobon/Audit.lean:7:0: AUDIT Kobon.BBLVisible.auxPair_keys._proof_1_4: kernel; axioms=[propext, Classical.choice, Quot.sound]
info: Kobon/Audit.lean:7:0: AUDIT Kobon.Certificates.N049T00767H957e6f15.checked: native-evaluation; axioms=[propext,
 Kobon.Certificates.N049T00767H957e6f15.checked._native.native_decide.ax_1_1]
info: Kobon/Audit.lean:7:0: AUDIT Kobon.BBLSeed21.ordered: kernel; axioms=[]
info: Kobon/Audit.lean:7:0: AUDIT Kobon.BBLCentralPersistence.centralSigns_of_canonical._proof_1_8: kernel; axioms=[propext, Quot.sound]
info: Kobon/Audit.lean:7:0: AUDIT Kobon.Results.best_classical_044: native-evaluation; axioms=[propext,
 Classical.choice,
 Quot.sound,
 Kobon.Certificates.N044T00608Hb5277675.checked._native.native_decide.ax_1_1]
info: Kobon/Audit.lean:7:0: AUDIT Kobon.BBLRowGeometry.row_outside._proof_1_16: kernel; axioms=[propext, Quot.sound]
info: Kobon/Audit.lean:7:0: AUDIT Kobon.BBLCapSigns.horizontalKey_eq._proof_1_6: kernel; axioms=[propext, Quot.sound]
info: Kobon/Audit.lean:7:0: AUDIT Kobon.AllN.baseline_after_last_exception._proof_1_9: kernel; axioms=[propext, Quot.sound]
info: Kobon/Audit.lean:7:0: AUDIT Kobon.BBLCapBridge.endpointSigns_of_canonical._proof_1_7: kernel; axioms=[propext, Quot.sound]
info: Kobon/Audit.lean:7:0: AUDIT Kobon.Certificates.N057T01045H9a1d337c.simple_lower_bound: native-evaluation; axioms=[propext,
 Classical.choice,
 Quot.sound,
 Kobon.Certificates.N057T01045H9a1d337c.checked._native.native_decide.ax_1_1,
 Kobon.Certificates.N057T01045H9a1d337c.no_concurrent._native.native_decide.ax_1_1]
info: Kobon/Audit.lean:7:0: AUDIT Kobon.BBLCentral.h.eq_1: kernel; axioms=[propext, Classical.choice, Quot.sound]
info: Kobon/Audit.lean:7:0: AUDIT Kobon.Cells.TriangleGeometry.Bp: kernel; axioms=[propext, Classical.choice, Quot.sound]
info: Kobon/Audit.lean:7:0: AUDIT Kobon.AllN.baseline_after_last_exception._proof_1_7: kernel; axioms=[propext, Quot.sound]
info: Kobon/Audit.lean:7:0: AUDIT Kobon.Parametric.triangle_sound._proof_1_1: kernel; axioms=[propext, Quot.sound]
info: Kobon/Audit.lean:7:0: AUDIT Kobon.Certificates.N036T00402H3fc01b7d.lower_bound: native-evaluation; axioms=[propext,
 Classical.choice,
 Quot.sound,
 Kobon.Certificates.N036T00402H3fc01b7d.checked._native.native_decide.ax_1_1]
info: Kobon/Audit.lean:7:0: AUDIT Kobon.Results.classical_042: native-evaluation; axioms=[propext,
 Classical.choice,
 Quot.sound,
 Kobon.Certificates.N042T00553H2bdc9d67.checked._native.native_decide.ax_1_1]
info: Kobon/Audit.lean:7:0: AUDIT Kobon.BBLPencilLimits.displacementCoeff.eq_1: kernel; axioms=[propext, Classical.choice, Quot.sound]
info: Kobon/Audit.lean:7:0: AUDIT KobonExamples.good7_simple: kernel; axioms=[propext, Classical.choice, Quot.sound]
info: Kobon/Audit.lean:7:0: AUDIT Kobon.FurediPalastiWrap.one_cap_lower_bound: kernel; axioms=[propext, Classical.choice, Quot.sound]
info: Kobon/Audit.lean:7:0: AUDIT Kobon.linesAt.eq_1: kernel; axioms=[]
info: Kobon/Audit.lean:7:0: AUDIT Kobon.Certificates.N014T00054H2b34ca22.checked: native-evaluation; axioms=[propext,
 Kobon.Certificates.N014T00054H2b34ca22.checked._native.native_decide.ax_1_1]
info: Kobon/Audit.lean:7:0: AUDIT Kobon.AllN.polynomial_gap._proof_1_4: kernel; axioms=[propext, Quot.sound]
info: Kobon/Audit.lean:7:0: AUDIT Kobon.BBLRowOrder.newKey_injective._proof_1_101: kernel; axioms=[propext, Quot.sound]
info: Kobon/Audit.lean:7:0: AUDIT Kobon.Results.classical_049: native-evaluation; axioms=[propext,
 Classical.choice,
 Quot.sound,
 Kobon.Certificates.N049T00767H957e6f15.checked._native.native_decide.ax_1_1]
info: Kobon/Audit.lean:7:0: AUDIT Kobon.BBLCrossingCoordinates.arrangement_zero._proof_1_2: kernel; axioms=[propext, Quot.sound]
info: Kobon/Audit.lean:7:0: AUDIT Kobon.BBLCount.mixed_count_identity._proof_1_6: kernel; axioms=[propext, Quot.sound]
info: Kobon/Audit.lean:7:0: AUDIT Kobon.Results.best_simple_037: native-evaluation; axioms=[propext,
 Classical.choice,
 Quot.sound,
 Kobon.Certificates.N037T00431H11f0bde7.checked._native.native_decide.ax_1_1,
 Kobon.Certificates.N037T00431H11f0bde7.no_concurrent._native.native_decide.ax_1_1]
info: Kobon/Audit.lean:7:0: AUDIT Kobon.AllN.dominates_every_saved_certificate._proof_1_108: kernel; axioms=[]
info: Kobon/Audit.lean:7:0: AUDIT Kobon.FanGeometry.FanStrip.radial_point: kernel; axioms=[propext, Classical.choice, Quot.sound]
info: Kobon/Audit.lean:7:0: AUDIT Kobon.AllN.exact_exception_values._proof_1_17: kernel; axioms=[]
info: Kobon/Audit.lean:7:0: AUDIT Kobon.BBLCapSigns.cap_key_signs._proof_1_15: kernel; axioms=[propext, Quot.sound]
info: Kobon/Audit.lean:7:0: AUDIT Kobon.BBLPencilLimits.displacementCoeff_zero._simp_1_1: kernel; axioms=[propext]
info: Kobon/Audit.lean:7:0: AUDIT Kobon.ShiftedFurediPalasti.angle_lt_pi: kernel; axioms=[propext, Classical.choice, Quot.sound]
info: Kobon/Audit.lean:7:0: AUDIT Kobon.BBLRowOrder.newKey_injective._proof_1_69: kernel; axioms=[propext, Quot.sound]
info: Kobon/Audit.lean:7:0: AUDIT Kobon.Certificates.N038T00449H46ad5a32.checked: native-evaluation; axioms=[propext,
 Kobon.Certificates.N038T00449H46ad5a32.checked._native.native_decide.ax_1_1]
info: Kobon/Audit.lean:7:0: AUDIT Kobon.SeedFamily.simple_lower_bound: kernel; axioms=[propext, Classical.choice, Quot.sound]
info: Kobon/Audit.lean:7:0: AUDIT Kobon.Certificates.N053T00884H723d7eff.simple_lower_bound: native-evaluation; axioms=[propext,
 Classical.choice,
 Quot.sound,
 Kobon.Certificates.N053T00884H723d7eff.checked._native.native_decide.ax_1_1,
 Kobon.Certificates.N053T00884H723d7eff.no_concurrent._native.native_decide.ax_1_1]
info: Kobon/Audit.lean:7:0: AUDIT Kobon.BBLLiftedKeys.lifted_anchor._proof_1_14: kernel; axioms=[propext, Classical.choice, Quot.sound]
info: Kobon/Audit.lean:7:0: AUDIT Kobon.Certificates.N162T08612H1512e696.simple_lower_bound: native-evaluation; axioms=[propext,
 Classical.choice,
 Quot.sound,
 Kobon.Certificates.N162T08612H1512e696.checked._native.native_decide.ax_1_1,
 Kobon.Certificates.N162T08612H1512e696.no_concurrent._native.native_decide.ax_1_1]
info: Kobon/Audit.lean:7:0: AUDIT Kobon.BBLRowMax.row_bound_not_last._proof_1_3: kernel; axioms=[propext, Quot.sound]
info: Kobon/Audit.lean:7:0: AUDIT Kobon.BBLPersistence.triangle_test_eventually: kernel; axioms=[propext, Classical.choice, Quot.sound]
info: Kobon/Audit.lean:7:0: AUDIT Kobon.Exterior.projection.eq_1: kernel; axioms=[propext, Classical.choice, Quot.sound]
info: Kobon/Audit.lean:7:0: AUDIT Kobon.AllN.dominates_every_saved_certificate._proof_1_42: kernel; axioms=[]
info: Kobon/Audit.lean:7:0: AUDIT Kobon.Results.earlier_054: native-evaluation; axioms=[propext,
 Classical.choice,
 Quot.sound,
 Kobon.Certificates.N054T00919Ha254c1b4.checked._native.native_decide.ax_1_1]
info: Kobon/Audit.lean:7:0: AUDIT Kobon.BBLAssembly.replace_injective_on: kernel; axioms=[propext, Classical.choice, Quot.sound]
info: Kobon/Audit.lean:7:0: AUDIT Kobon.BBLCaps.capRow_ne_horizontal._proof_1_4: kernel; axioms=[propext, Quot.sound]
info: Kobon/Audit.lean:7:0: AUDIT Kobon.BBLTriangles.eval_outer_swap: kernel; axioms=[propext, Classical.choice, Quot.sound]
info: Kobon/Audit.lean:7:0: AUDIT Kobon.BBLRowOrder.newKey_injective._proof_1_4: kernel; axioms=[propext, Quot.sound]
info: Kobon/Audit.lean:7:0: AUDIT Kobon.BBLCaps.cap_no_aux_between._proof_1_30: kernel; axioms=[propext, Quot.sound]
info: Kobon/Audit.lean:7:0: AUDIT Kobon.BBLPencilLimits.displacementCoeff_zero_pos: kernel; axioms=[propext, Classical.choice, Quot.sound]
info: Kobon/Audit.lean:7:0: AUDIT Kobon.BBLVisible.central_new_key_bound._proof_1_9: kernel; axioms=[propext, Quot.sound]
info: Kobon/Audit.lean:7:0: AUDIT Kobon.BBLPencilLimits.pairX_tendsto: kernel; axioms=[propext, Classical.choice, Quot.sound]
info: Kobon/Audit.lean:7:0: AUDIT Kobon.BBLLiftedKeys.lifted_anchor._proof_1_13: kernel; axioms=[propext, Quot.sound]
info: Kobon/Audit.lean:7:0: AUDIT Kobon.BBLCount.outside_characterization._proof_1_7: kernel; axioms=[propext, Classical.choice, Quot.sound]
info: Kobon/Audit.lean:7:0: AUDIT Kobon.Certificates.N006T00007H6ea9ebaa.lower_bound: native-evaluation; axioms=[propext,
 Classical.choice,
 Quot.sound,
 Kobon.Certificates.N006T00007H6ea9ebaa.checked._native.native_decide.ax_1_1]
info: Kobon/Audit.lean:7:0: AUDIT Kobon.BBLCount.outside_characterization._proof_1_10: kernel; axioms=[propext, Classical.choice, Quot.sound]
info: Kobon/Audit.lean:7:0: AUDIT Kobon.BBLCapSigns.cap_key_signs._proof_1_16: kernel; axioms=[propext, Quot.sound]
info: Kobon/Audit.lean:7:0: AUDIT Kobon.FurediPalastiCaps.adjacent_cos_strict._proof_1_4: kernel; axioms=[propext, Quot.sound]
info: Kobon/Audit.lean:7:0: AUDIT Kobon.FurediPalasti.low_before._proof_1_2: kernel; axioms=[propext, Quot.sound]
info: Kobon/Audit.lean:7:0: AUDIT Kobon.BBLRowOrder.newKey_symm._proof_1_23: kernel; axioms=[propext, Quot.sound]
info: Kobon/Audit.lean:7:0: AUDIT Kobon.TamuraSeed5.exterior_lower_bound._proof_1_1: kernel; axioms=[]
info: Kobon/Audit.lean:7:0: AUDIT Kobon.Exterior.visible_triangle._proof_1_2: kernel; axioms=[propext, Quot.sound]
info: Kobon/Audit.lean:7:0: AUDIT Kobon.BBLCapBridge.canonical_endpoint_signs._proof_1_1: kernel; axioms=[propext, Classical.choice, Quot.sound]
info: Kobon/Audit.lean:7:0: AUDIT Kobon.Certificates.N162T08612H1512e696.checked: native-evaluation; axioms=[propext,
 Kobon.Certificates.N162T08612H1512e696.checked._native.native_decide.ax_1_1]
info: Kobon/Audit.lean:7:0: AUDIT Kobon.BBLRowOrder.auxiliary_outside_of_close._proof_1_11: kernel; axioms=[propext, Classical.choice, Quot.sound]
info: Kobon/Audit.lean:7:0: AUDIT KobonBoundary.full_step_iff_both_parities._proof_1_3: kernel; axioms=[propext, Quot.sound]
info: Kobon/Audit.lean:7:0: AUDIT Kobon.Certificates.N050T00792H3d40cb58.lower_bound: native-evaluation; axioms=[propext,
 Classical.choice,
 Quot.sound,
 Kobon.Certificates.N050T00792H3d40cb58.checked._native.native_decide.ax_1_1]
info: Kobon/Audit.lean:7:0: AUDIT Kobon.Universal.baseline_improvement: kernel; axioms=[propext, Quot.sound]
info: Kobon/Audit.lean:7:0: AUDIT Kobon.AllN.exact_exception_values._proof_1_12: kernel; axioms=[]
info: Kobon/Audit.lean:7:0: AUDIT Kobon.Certificates.N005T00005H948a0bdf.no_concurrent: native-evaluation; axioms=[propext,
 Kobon.Certificates.N005T00005H948a0bdf.no_concurrent._native.native_decide.ax_1_1]
info: Kobon/Audit.lean:7:0: AUDIT Kobon.BBLCrossingCoordinates.old_slope_separation_eventually: kernel; axioms=[propext,
 Classical.choice,
 Quot.sound]
info: Kobon/Audit.lean:7:0: AUDIT Kobon.BBLLiftedKeys.lifted_anchor._proof_1_45: kernel; axioms=[propext, Quot.sound]
info: Kobon/Audit.lean:7:0: AUDIT Kobon.SharedFan.SideEndpoints.eq_1: kernel; axioms=[propext, Classical.choice, Quot.sound]
info: Kobon/Audit.lean:7:0: AUDIT Kobon.BBLPencilProfiles.pair_profile_eventually._proof_1_27: kernel; axioms=[propext, Quot.sound]
info: Kobon/Audit.lean:7:0: AUDIT Kobon.CyclicFan.Geometry.no_long_run: kernel; axioms=[propext, Classical.choice, Quot.sound]
info: Kobon/Audit.lean:7:0: AUDIT Kobon.ShiftedFurediPalasti.angle.eq_1: kernel; axioms=[propext, Classical.choice, Quot.sound]
info: Kobon/Audit.lean:7:0: AUDIT Kobon.Certificates.N005T00005Hdd0748b7.no_concurrent: native-evaluation; axioms=[propext,
 Kobon.Certificates.N005T00005Hdd0748b7.no_concurrent._native.native_decide.ax_1_1]
info: Kobon/Audit.lean:7:0: AUDIT Kobon.FurediPalastiWrap.lower_pair_nonpos._proof_1_6: kernel; axioms=[propext, Quot.sound]
info: Kobon/Audit.lean:7:0: AUDIT Kobon.Certificates.N042T00552H7b29a6bd.lower_bound: native-evaluation; axioms=[propext,
 Classical.choice,
 Quot.sound,
 Kobon.Certificates.N042T00552H7b29a6bd.checked._native.native_decide.ax_1_1]
info: Kobon/Audit.lean:7:0: AUDIT Kobon.Iteration49.boundary_49._proof_11: kernel; axioms=[propext]
info: Kobon/Audit.lean:7:0: AUDIT Kobon.BBLRowOrder.newKey_injective._proof_1_20: kernel; axioms=[propext, Quot.sound]
info: Kobon/Audit.lean:7:0: AUDIT Kobon.orientedEval_affine._simp_1_3: kernel; axioms=[propext]
info: Kobon/Audit.lean:7:0: AUDIT Kobon.Cells.ofPredicate._proof_17: kernel; axioms=[propext, Classical.choice, Quot.sound]
info: Kobon/Audit.lean:7:0: AUDIT Kobon.BBLProfiles.profile_strict_order._proof_1_2: kernel; axioms=[propext, Quot.sound]
info: Kobon/Audit.lean:7:0: AUDIT Kobon.BBLPencilLimits.pairX_zero._simp_1_3: kernel; axioms=[propext]
info: Kobon/Audit.lean:7:0: AUDIT Kobon.Results.earlier_009: native-evaluation; axioms=[propext,
 Classical.choice,
 Quot.sound,
 Kobon.Certificates.N009T00021H6ebbed82.checked._native.native_decide.ax_1_1]
info: Kobon/Audit.lean:7:0: AUDIT Kobon.Certificates.N055T00954Hea7675d9.checked: native-evaluation; axioms=[propext,
 Kobon.Certificates.N055T00954Hea7675d9.checked._native.native_decide.ax_1_1]
info: Kobon/Audit.lean:7:0: AUDIT Kobon.SharedFan.integer_triangles._proof_1_1: kernel; axioms=[propext]
info: Kobon/Audit.lean:7:0: AUDIT Kobon.BBLLiftedKeys.lifted_anchor._proof_1_26: kernel; axioms=[propext, Quot.sound]
info: Kobon/Audit.lean:7:0: AUDIT Kobon.BBLPencilLimits.displacementCoeff_continuousAt_zero: kernel; axioms=[propext, Classical.choice, Quot.sound]
info: Kobon/Audit.lean:7:0: AUDIT Kobon.SharedFan.interiors_disjoint: kernel; axioms=[propext, Classical.choice, Quot.sound]
info: Kobon/Audit.lean:7:0: AUDIT Kobon.Certificates.N039T00468H5c5b0b26.simple_lower_bound: native-evaluation; axioms=[propext,
 Classical.choice,
 Quot.sound,
 Kobon.Certificates.N039T00468H5c5b0b26.checked._native.native_decide.ax_1_1,
 Kobon.Certificates.N039T00468H5c5b0b26.no_concurrent._native.native_decide.ax_1_1]
info: Kobon/Audit.lean:7:0: AUDIT Kobon.Results.simple_005: native-evaluation; axioms=[propext,
 Classical.choice,
 Quot.sound,
 Kobon.Certificates.N005T00005H948a0bdf.checked._native.native_decide.ax_1_1,
 Kobon.Certificates.N005T00005H948a0bdf.no_concurrent._native.native_decide.ax_1_1]
info: Kobon/Audit.lean:7:0: AUDIT Kobon.Cells.ofPredicate._proof_4: kernel; axioms=[propext, Quot.sound]
info: Kobon/Audit.lean:7:0: AUDIT Kobon.Results.best_simple_048: native-evaluation; axioms=[propext,
 Classical.choice,
 Quot.sound,
 Kobon.Certificates.N048T00721H2fb5ef0d.checked._native.native_decide.ax_1_1,
 Kobon.Certificates.N048T00721H2fb5ef0d.no_concurrent._native.native_decide.ax_1_1]
info: Kobon/Audit.lean:7:0: AUDIT Kobon.Results.classical_026: native-evaluation; axioms=[propext,
 Classical.choice,
 Quot.sound,
 Kobon.Certificates.N026T00203He61b423c.checked._native.native_decide.ax_1_1]
info: Kobon/Audit.lean:7:0: AUDIT Kobon.Iteration49.profile_attains_52: kernel; axioms=[propext, Classical.choice, Quot.sound]
info: Kobon/Audit.lean:7:0: AUDIT Kobon.Results.best_classical_058: native-evaluation; axioms=[propext,
 Classical.choice,
 Quot.sound,
 Kobon.Certificates.N058T01073Hd988db55.checked._native.native_decide.ax_1_1]
info: Kobon/Audit.lean:7:0: AUDIT Kobon.BBLSeed21.all_triangles: native-evaluation; axioms=[propext,
 Classical.choice,
 Quot.sound,
 Kobon.BBLSeed21.simple._native.native_decide.ax_1_1,
 Kobon.BBLSeed21.triangle_checks._native.native_decide.ax_1_1]
info: Kobon/Audit.lean:7:0: AUDIT Kobon.BBLCaps.cap_no_aux_between._proof_1_49: kernel; axioms=[propext, Classical.choice, Quot.sound]
info: Kobon/Audit.lean:7:0: AUDIT Kobon.Certificates.N014T00054H2b34ca22.lower_bound: native-evaluation; axioms=[propext,
 Classical.choice,
 Quot.sound,
 Kobon.Certificates.N014T00054H2b34ca22.checked._native.native_decide.ax_1_1]
info: Kobon/Audit.lean:7:0: AUDIT Kobon.FanGeometry.FanStrip.center_not_affine_combination: kernel; axioms=[propext, Classical.choice, Quot.sound]
info: Kobon/Audit.lean:7:0: AUDIT Kobon.BBLProfiles.profile_strict_order._proof_1_4: kernel; axioms=[propext, Quot.sound]
info: Kobon/Audit.lean:7:0: AUDIT Kobon.AllN.dominates_every_saved_certificate._proof_1_2: kernel; axioms=[]
info: Kobon/Audit.lean:7:0: AUDIT Kobon.Results.classical_030: native-evaluation; axioms=[propext,
 Classical.choice,
 Quot.sound,
 Kobon.Certificates.N030T00275Hdcfe649a.checked._native.native_decide.ax_1_1]
info: Kobon/Audit.lean:7:0: AUDIT Kobon.BBLProfiles.profile_strict_order._proof_1_6: kernel; axioms=[propext, Quot.sound]
info: Kobon/Audit.lean:7:0: AUDIT Kobon.BBLCentralEnvelope.central_endpoint._proof_1_11: kernel; axioms=[propext, Quot.sound]
info: Kobon/Audit.lean:7:0: AUDIT Kobon.BBLCapSigns.cap_key_signs._proof_1_31: kernel; axioms=[propext, Quot.sound]
info: Kobon/Audit.lean:7:0: AUDIT Kobon.FurediPalastiCaps.pairX_adjacent_cap: kernel; axioms=[propext, Classical.choice, Quot.sound]
info: Kobon/Audit.lean:7:0: AUDIT Kobon.Results.simple_025: native-evaluation; axioms=[propext,
 Classical.choice,
 Quot.sound,
 Kobon.Certificates.N025T00191Hb568bffb.checked._native.native_decide.ax_1_1,
 Kobon.Certificates.N025T00191Hb568bffb.no_concurrent._native.native_decide.ax_1_1]
info: Kobon/Audit.lean:7:0: AUDIT Kobon.Results.best_simple_032: native-evaluation; axioms=[propext,
 Classical.choice,
 Quot.sound,
 Kobon.Certificates.N032T00314H9ab78b00.checked._native.native_decide.ax_1_1,
 Kobon.Certificates.N032T00314H9ab78b00.no_concurrent._native.native_decide.ax_1_1]
info: Kobon/Audit.lean:7:0: AUDIT Kobon.FanCount.ordinary_shared_ray_bound._proof_1_4: kernel; axioms=[propext, Classical.choice, Quot.sound]
info: Kobon/Audit.lean:7:0: AUDIT Kobon.Results.classical_059: native-evaluation; axioms=[propext,
 Classical.choice,
 Quot.sound,
 Kobon.Certificates.N059T01102Hfd3b4280.checked._native.native_decide.ax_1_1]
info: Kobon/Audit.lean:7:0: AUDIT Kobon.Certificates.N007T00010H4b5bb6e9.checked: native-evaluation; axioms=[propext,
 Kobon.Certificates.N007T00010H4b5bb6e9.checked._native.native_decide.ax_1_1]
info: Kobon/Audit.lean:7:0: AUDIT Kobon.BBLLiftedRows.liftedCrossKey_le_iff._proof_1_4: kernel; axioms=[propext, Quot.sound]
info: Kobon/Audit.lean:7:0: AUDIT Kobon.Certificates.N014T00054H91349990.lower_bound: native-evaluation; axioms=[propext,
 Classical.choice,
 Quot.sound,
 Kobon.Certificates.N014T00054H91349990.checked._native.native_decide.ax_1_1]
info: Kobon/Audit.lean:7:0: AUDIT Kobon.BBLCapSigns.cap_key_signs._proof_1_24: kernel; axioms=[propext, Classical.choice, Quot.sound]
info: Kobon/Audit.lean:7:0: AUDIT Kobon.AllN.enhancement.eq_22: kernel; axioms=[]
info: Kobon/Audit.lean:7:0: AUDIT Kobon.Certificates.N055T00954Hea7675d9.lower_bound: native-evaluation; axioms=[propext,
 Classical.choice,
 Quot.sound,
 Kobon.Certificates.N055T00954Hea7675d9.checked._native.native_decide.ax_1_1]
info: Kobon/Audit.lean:7:0: AUDIT Kobon.ShiftedCount.ordered_bound_plus: kernel; axioms=[propext, Classical.choice, Quot.sound]
info: Kobon/Audit.lean:7:0: AUDIT Kobon.ShiftedCount.good_count_plus: kernel; axioms=[propext, Classical.choice, Quot.sound]
info: Kobon/Audit.lean:7:0: AUDIT Kobon.BBLRowOrder.newKey_ne_oldKey._proof_1_2: kernel; axioms=[propext, Quot.sound]
info: Kobon/Audit.lean:7:0: AUDIT Kobon.BBLRowMax.row_extremal._proof_1_3: kernel; axioms=[propext, Quot.sound]
info: Kobon/Audit.lean:7:0: AUDIT Kobon.Results.simple_050: native-evaluation; axioms=[propext,
 Classical.choice,
 Quot.sound,
 Kobon.Certificates.N050T00791H2ea22b55.checked._native.native_decide.ax_1_1,
 Kobon.Certificates.N050T00791H2ea22b55.no_concurrent._native.native_decide.ax_1_1]
info: Kobon/Audit.lean:7:0: AUDIT Kobon.FurediPalastiTwoCaps.lower_cap_sign._proof_1_9: kernel; axioms=[propext, Quot.sound]
info: Kobon/Audit.lean:7:0: AUDIT Kobon.Certificates.N008T00014H2a63f4d9.checked: native-evaluation; axioms=[propext,
 Kobon.Certificates.N008T00014H2a63f4d9.checked._native.native_decide.ax_1_1]
info: Kobon/Audit.lean:7:0: AUDIT Kobon.BBLConsecutive.supports_consecutive._proof_1_7: kernel; axioms=[propext, Quot.sound]
info: Kobon/Audit.lean:7:0: AUDIT Kobon.BBLRowOrder.key_bounds._proof_1_2: kernel; axioms=[propext, Classical.choice, Quot.sound]
info: Kobon/Audit.lean:7:0: AUDIT Kobon.BBLSeed21.right_slope_small: kernel; axioms=[propext, Classical.choice, Quot.sound]
info: Kobon/Audit.lean:7:0: AUDIT Kobon.AllN.dominates_every_saved_certificate._proof_1_25: kernel; axioms=[]
info: Kobon/Audit.lean:7:0: AUDIT Kobon.BBLAlternation.signs_from_odd_center: kernel; axioms=[propext, Classical.choice, Quot.sound]
info: Kobon/Audit.lean:7:0: AUDIT Kobon.Cells.ofPredicate._proof_20: kernel; axioms=[propext, Classical.choice, Quot.sound]
info: Kobon/Audit.lean:7:0: AUDIT Kobon.FurediPalastiChart.cap_pos._proof_1_2: kernel; axioms=[propext, Quot.sound]
info: Kobon/Audit.lean:7:0: AUDIT Kobon.instDecidableEqTriple.decEq._proof_1: kernel; axioms=[]
info: Kobon/Audit.lean:7:0: AUDIT Kobon.AllN.enhancement.eq_14: kernel; axioms=[]
info: Kobon/Audit.lean:7:0: AUDIT Kobon.FanGeometry.no_opposite_end_fan: kernel; axioms=[propext, Classical.choice, Quot.sound]
info: Kobon/Audit.lean:7:0: AUDIT Kobon.BBLCaps.capRow_injective._proof_1_3: kernel; axioms=[propext, Quot.sound]
info: Kobon/Audit.lean:7:0: AUDIT Kobon.BBLRowOrder.auxiliary_outside_of_close._proof_1_89: kernel; axioms=[propext, Classical.choice, Quot.sound]
info: Kobon/Audit.lean:7:0: AUDIT Kobon.BBLGridReindex.inv_perm._proof_1_7: kernel; axioms=[propext, Quot.sound]
info: Kobon/Audit.lean:7:0: AUDIT Kobon.Results.best_classical_130: native-evaluation; axioms=[propext,
 Classical.choice,
 Quot.sound,
 Kobon.Certificates.N130T05525He0559b54.checked._native.native_decide.ax_1_1]
info: Kobon/Audit.lean:7:0: AUDIT Kobon.Results.best_classical_051: native-evaluation; axioms=[propext,
 Classical.choice,
 Quot.sound,
 Kobon.Certificates.N051T00818Hc18e1baf.checked._native.native_decide.ax_1_1]
info: Kobon/Audit.lean:7:0: AUDIT Kobon.FurediPalastiWrap.lower_pair_nonpos._proof_1_2: kernel; axioms=[propext, Quot.sound]
info: Kobon/Audit.lean:7:0: AUDIT Kobon.Iteration49.boundary_49._proof_36: kernel; axioms=[propext]
info: Kobon/Audit.lean:7:0: AUDIT Kobon.FurediPalastiWrap.selected_preserved._proof_1_6: kernel; axioms=[propext, Quot.sound]
info: Kobon/Audit.lean:7:0: AUDIT Kobon.BBLCount.neighbors_count: kernel; axioms=[propext, Classical.choice, Quot.sound]
info: Kobon/Audit.lean:7:0: AUDIT Kobon.ShiftedFurediPalasti.angle_pos: kernel; axioms=[propext, Classical.choice, Quot.sound]
info: Kobon/Audit.lean:7:0: AUDIT Kobon.Results.best_classical_006: native-evaluation; axioms=[propext,
 Classical.choice,
 Quot.sound,
 Kobon.Certificates.N006T00007H6ea9ebaa.checked._native.native_decide.ax_1_1]
info: Kobon/Audit.lean:7:0: AUDIT Kobon.BBLGridReindex.inv_perm._proof_1_9: kernel; axioms=[propext, Quot.sound]
info: Kobon/Audit.lean:7:0: AUDIT Kobon.BBLRowOrder.key_bounds: kernel; axioms=[propext, Classical.choice, Quot.sound]
info: Kobon/Audit.lean:7:0: AUDIT Kobon.BBLGrid.tangent_product_identity._simp_1_3: kernel; axioms=[propext]
info: Kobon/Audit.lean:7:0: AUDIT Kobon.BBLGrid.tangent_product_identity: kernel; axioms=[propext, Classical.choice, Quot.sound]
info: Kobon/Audit.lean:7:0: AUDIT Kobon.BBLCentralEnvelope.central_endpoint._proof_1_23: kernel; axioms=[propext, Quot.sound]
info: Kobon/Audit.lean:7:0: AUDIT Kobon.BBLAnalytic.beta_cot_bound: kernel; axioms=[propext, Classical.choice, Quot.sound]
info: Kobon/Audit.lean:7:0: AUDIT Kobon.BBLRealization.horizontal_coordinate_profile._proof_1_25: kernel; axioms=[propext,
 Classical.choice,
 Quot.sound]
info: Kobon/Audit.lean:7:0: AUDIT Kobon.BBLCentralPersistence.centralSigns_of_canonical._proof_1_3: kernel; axioms=[propext, Quot.sound]
info: Kobon/Audit.lean:7:0: AUDIT Kobon.AllN.strict_improvements._proof_1_10: kernel; axioms=[]
info: Kobon/Audit.lean:7:0: AUDIT Kobon.Results.earlier_012: native-evaluation; axioms=[propext,
 Classical.choice,
 Quot.sound,
 Kobon.Certificates.N012T00038H38f69f38.checked._native.native_decide.ax_1_1]
info: Kobon/Audit.lean:7:0: AUDIT Kobon.BBLLiftedRows.liftedCrossKey_le_iff._proof_1_11: kernel; axioms=[propext, Quot.sound]
info: Kobon/Audit.lean:7:0: AUDIT Kobon.BBLGrid.factor_trigonometric._simp_1_4: kernel; axioms=[propext]
info: Kobon/Audit.lean:7:0: AUDIT Kobon.AllN.exact_exception_values._proof_1_26: kernel; axioms=[]
info: Kobon/Audit.lean:7:0: AUDIT Kobon.BBLRowOrder.newKey_injective._proof_1_16: kernel; axioms=[propext, Quot.sound]
info: Kobon/Audit.lean:7:0: AUDIT Kobon.BBLGrid.sum_cos_ne_zero: kernel; axioms=[propext, Classical.choice, Quot.sound]
info: Kobon/Audit.lean:7:0: AUDIT Kobon.BBLCaps.cap_no_aux_between._proof_1_4: kernel; axioms=[propext, Quot.sound]
info: Kobon/Audit.lean:7:0: AUDIT Kobon.Certificates.N050T00791H6bde86a3.lower_bound: native-evaluation; axioms=[propext,
 Classical.choice,
 Quot.sound,
 Kobon.Certificates.N050T00791H6bde86a3.checked._native.native_decide.ax_1_1]
info: Kobon/Audit.lean:7:0: AUDIT Kobon.BBLIntersection.pencil_crossing_x._simp_1_7: kernel; axioms=[propext, Classical.choice, Quot.sound]
info: Kobon/Audit.lean:7:0: AUDIT Kobon.AllN.exact_exception_values._proof_1_31: kernel; axioms=[]
info: Kobon/Audit.lean:7:0: AUDIT Kobon.AllN.dominates_every_saved_certificate._proof_1_24: kernel; axioms=[]
info: Kobon/Audit.lean:7:0: AUDIT Kobon.BBLCaps.cap_no_aux_between._proof_1_17: kernel; axioms=[propext, Quot.sound]
info: Kobon/Audit.lean:7:0: AUDIT Kobon.BBLRowOrder.newKey_symm._proof_1_25: kernel; axioms=[propext, Quot.sound]
info: Kobon/Audit.lean:7:0: AUDIT Kobon.BBLCrossingCoordinates.coordinate_eq_crossing._proof_1_2: kernel; axioms=[propext, Quot.sound]
info: Kobon/Audit.lean:7:0: AUDIT Kobon.AllN.exact_exception_values._proof_1_28: kernel; axioms=[]
info: Kobon/Audit.lean:7:0: AUDIT Kobon.AllN.strict_improvements._proof_1_12: kernel; axioms=[]
info: Kobon/Audit.lean:7:0: AUDIT Kobon.BBLCentral.eventual_rightmost_central_maximum: kernel; axioms=[propext, Classical.choice, Quot.sound]
info: Kobon/Audit.lean:7:0: AUDIT Kobon.BBLCapBridge.endpointSigns_of_canonical._proof_1_12: kernel; axioms=[propext, Quot.sound]
info: Kobon/Audit.lean:7:0: AUDIT Kobon.Certificates.N051T00818Hc18e1baf.lower_bound: native-evaluation; axioms=[propext,
 Classical.choice,
 Quot.sound,
 Kobon.Certificates.N051T00818Hc18e1baf.checked._native.native_decide.ax_1_1]
info: Kobon/Audit.lean:7:0: AUDIT Kobon.BBLCount.neighbors_count._proof_1_15: kernel; axioms=[propext, Quot.sound]
info: Kobon/Audit.lean:7:0: AUDIT Kobon.Certificates.N015T00065H4d3bf3b4.lower_bound: native-evaluation; axioms=[propext,
 Classical.choice,
 Quot.sound,
 Kobon.Certificates.N015T00065H4d3bf3b4.checked._native.native_decide.ax_1_1]
info: Kobon/Audit.lean:7:0: AUDIT Kobon.AllN.enhancement.eq_30: kernel; axioms=[]
info: Kobon/Audit.lean:7:0: AUDIT Kobon.FurediPalastiCount.sum.eq_1: kernel; axioms=[propext, Quot.sound]
info: Kobon/Audit.lean:7:0: AUDIT Kobon.BBLCount.outside_subset: kernel; axioms=[propext, Classical.choice, Quot.sound]
info: Kobon/Audit.lean:7:0: AUDIT Kobon.BBLRowOrder.auxiliary_outside_of_close._proof_1_36: kernel; axioms=[propext, Classical.choice, Quot.sound]
info: Kobon/Audit.lean:7:0: AUDIT Kobon.BBLCaps.cap_no_aux_between: kernel; axioms=[propext, Classical.choice, Quot.sound]
info: Kobon/Audit.lean:7:0: AUDIT Kobon.FurediPalastiTwoCaps.lower_cap_sign._proof_1_1: kernel; axioms=[propext, Quot.sound]
info: Kobon/Audit.lean:7:0: AUDIT Kobon.Universal.baseline_sound._proof_1_11: kernel; axioms=[propext, Quot.sound]
info: Kobon/Audit.lean:7:0: AUDIT Kobon.Certificates.N014T00052Hb3f4749f.checked: native-evaluation; axioms=[propext,
 Kobon.Certificates.N014T00052Hb3f4749f.checked._native.native_decide.ax_1_1]
info: Kobon/Audit.lean:7:0: AUDIT Kobon.BBLLiftedRows.liftedCrossKey_le_iff._proof_1_14: kernel; axioms=[propext, Quot.sound]
info: Kobon/Audit.lean:7:0: AUDIT Kobon.Results.simple_030: native-evaluation; axioms=[propext,
 Classical.choice,
 Quot.sound,
 Kobon.Certificates.N030T00275Hdcfe649a.checked._native.native_decide.ax_1_1,
 Kobon.Certificates.N030T00275Hdcfe649a.no_concurrent._native.native_decide.ax_1_1]
info: Kobon/Audit.lean:7:0: AUDIT Kobon.ShiftedFurediPalasti.high_before._proof_1_1: kernel; axioms=[propext, Quot.sound]
info: Kobon/Audit.lean:7:0: AUDIT Kobon.BBLLiftedRows.crossKey_injective._proof_1_5: kernel; axioms=[propext, Quot.sound]
info: Kobon/Audit.lean:7:0: AUDIT Kobon.BBLRowGeometry.mixed_triangle._proof_1_5: kernel; axioms=[propext, Quot.sound]
info: Kobon/Audit.lean:7:0: AUDIT Kobon.Results.classical_022: native-evaluation; axioms=[propext,
 Classical.choice,
 Quot.sound,
 Kobon.Certificates.N022T00143H54396c64.checked._native.native_decide.ax_1_1]
info: Kobon/Audit.lean:7:0: AUDIT Kobon.AllN.dominates_every_saved_certificate._proof_1_67: kernel; axioms=[]
info: Kobon/Audit.lean:7:0: AUDIT Kobon.BBLVisible.auxPair_keys._proof_1_11: kernel; axioms=[propext, Quot.sound]
info: Kobon/Audit.lean:7:0: AUDIT Kobon.Reindex.rotate_zero_triangle._proof_1_2: kernel; axioms=[propext, Quot.sound]
info: Kobon/Audit.lean:7:0: AUDIT Kobon.FurediPalastiCount.card_fiber: kernel; axioms=[propext, Classical.choice, Quot.sound]
info: Kobon/Audit.lean:7:0: AUDIT Kobon.FurediPalasti.angle_sum: kernel; axioms=[propext, Classical.choice, Quot.sound]
info: Kobon/Audit.lean:7:0: AUDIT Kobon.Certificates.N040T00494H785374ca.checked: native-evaluation; axioms=[propext,
 Kobon.Certificates.N040T00494H785374ca.checked._native.native_decide.ax_1_1]
info: Kobon/Audit.lean:7:0: AUDIT Kobon.FurediPalastiWrap.cap_nonneg._proof_1_6: kernel; axioms=[propext, Quot.sound]
info: Kobon/Audit.lean:7:0: AUDIT Kobon.BBLCapEnvelope.cap_right_endpoint: kernel; axioms=[propext, Classical.choice, Quot.sound]
info: Kobon/Audit.lean:7:0: AUDIT Kobon.Certificates.N019T00107Ha2f32bdb.lower_bound: native-evaluation; axioms=[propext,
 Classical.choice,
 Quot.sound,
 Kobon.Certificates.N019T00107Ha2f32bdb.checked._native.native_decide.ax_1_1]
info: Kobon/Audit.lean:7:0: AUDIT Kobon.AllN.enhancement.eq_56: kernel; axioms=[]
info: Kobon/Audit.lean:7:0: AUDIT Kobon.AllN.dominates_every_saved_certificate._proof_1_27: kernel; axioms=[]
info: Kobon/Audit.lean:7:0: AUDIT Kobon.FurediPalastiTwoCaps.upper_cap_sign._proof_1_6: kernel; axioms=[propext, Quot.sound]
info: Kobon/Audit.lean:7:0: AUDIT Kobon.BBLCentral.corrected_strict_maximum: kernel; axioms=[propext, Classical.choice, Quot.sound]
info: Kobon/Audit.lean:7:0: AUDIT Kobon.BBLGridReindex.perm_inv: kernel; axioms=[propext, Quot.sound]
info: Kobon/Audit.lean:7:0: AUDIT Kobon.BBLCapBridge.endpointSigns_of_canonical._proof_1_8: kernel; axioms=[propext, Quot.sound]
info: Kobon/Audit.lean:7:0: AUDIT Kobon.BBLSeed21.distinguished_checks: native-evaluation; axioms=[propext,
 Classical.choice,
 Quot.sound,
 Kobon.BBLSeed21.distinguished_checks._native.native_decide.ax_1_1]
info: Kobon/Audit.lean:7:0: AUDIT Kobon.BBLCapSigns.cap_key_signs._proof_1_9: kernel; axioms=[propext, Quot.sound]
info: Kobon/Audit.lean:7:0: AUDIT Kobon.Certificates.N008T00015Ha1380810.lower_bound: native-evaluation; axioms=[propext,
 Classical.choice,
 Quot.sound,
 Kobon.Certificates.N008T00015Ha1380810.checked._native.native_decide.ax_1_1]
info: Kobon/Audit.lean:7:0: AUDIT Kobon.Line.mk.inj: kernel; axioms=[]
info: Kobon/Audit.lean:7:0: AUDIT Kobon.BBLPencilProfiles.pair_profile_eventually._proof_1_28: kernel; axioms=[propext, Quot.sound]
info: Kobon/Audit.lean:7:0: AUDIT Kobon.FurediPalastiTwoCaps.lower_inner_sign._proof_1_6: kernel; axioms=[propext, Quot.sound]
info: Kobon/Audit.lean:7:0: AUDIT Kobon.BBLVisible.key_row_max._proof_1_9: kernel; axioms=[propext, Quot.sound]
info: Kobon/Audit.lean:7:0: AUDIT Kobon.AllN.dominates_every_saved_certificate._proof_1_84: kernel; axioms=[]
info: Kobon/Audit.lean:7:0: AUDIT Kobon.Results.earlier_022: native-evaluation; axioms=[propext,
 Classical.choice,
 Quot.sound,
 Kobon.Certificates.N022T00143H54396c64.checked._native.native_decide.ax_1_1]
info: Kobon/Audit.lean:7:0: AUDIT Kobon.Results.best_classical_022: native-evaluation; axioms=[propext,
 Classical.choice,
 Quot.sound,
 Kobon.Certificates.N022T00143H54396c64.checked._native.native_decide.ax_1_1]
info: Kobon/Audit.lean:7:0: AUDIT Kobon.TamuraTangentBounds.tan_32_6_bounds: kernel; axioms=[propext, Classical.choice, Quot.sound]
info: Kobon/Audit.lean:7:0: AUDIT Kobon.BBLRowOrder.auxiliary_outside_of_close._proof_1_8: kernel; axioms=[propext, Classical.choice, Quot.sound]
info: Kobon/Audit.lean:7:0: AUDIT Kobon.FanGeometry.FanStrip.adjacent_opposites_eq._proof_1_1: kernel; axioms=[propext, Quot.sound]
info: Kobon/Audit.lean:7:0: AUDIT Kobon.BBLCapHeight.cap_key_height._proof_1_10: kernel; axioms=[propext, Classical.choice, Quot.sound]
info: Kobon/Audit.lean:7:0: AUDIT Kobon.FurediPalastiCaps.left_cap_value._proof_1_3: kernel; axioms=[propext, Quot.sound]
info: Kobon/Audit.lean:7:0: AUDIT Kobon.BBLGridCuts.cut_pos._proof_1_3: kernel; axioms=[propext, Quot.sound]
info: Kobon/Audit.lean:7:0: AUDIT Kobon.Cells.ofPredicate._proof_7: kernel; axioms=[propext, Classical.choice, Quot.sound]
info: Kobon/Audit.lean:7:0: AUDIT Kobon.Reindex.rotate_triangle._proof_1_6: kernel; axioms=[propext, Quot.sound]
info: Kobon/Audit.lean:7:0: AUDIT Kobon.BBLRowOrder.auxiliary_outside_of_close._proof_1_56: kernel; axioms=[propext, Classical.choice, Quot.sound]
info: Kobon/Audit.lean:7:0: AUDIT Kobon.BBLRealization.xDirection.eq_1: kernel; axioms=[propext, Classical.choice, Quot.sound]
info: Kobon/Audit.lean:7:0: AUDIT Kobon.Certificates.N022T00142He683945e.checked: native-evaluation; axioms=[propext,
 Kobon.Certificates.N022T00142He683945e.checked._native.native_decide.ax_1_1]
info: Kobon/Audit.lean:7:0: AUDIT Kobon.FanGeometry.FanStrip.all_opposites_eq._proof_1_1: kernel; axioms=[propext, Quot.sound]
info: Kobon/Audit.lean:7:0: AUDIT Kobon.FurediPalastiCount.bad.eq_1: kernel; axioms=[propext, Classical.choice, Quot.sound]
info: Kobon/Audit.lean:7:0: AUDIT Kobon.FurediPalastiTwoCaps.upper_cap_sign._proof_1_3: kernel; axioms=[propext, Quot.sound]
info: Kobon/Audit.lean:7:0: AUDIT Kobon.BBLRowOrder.auxiliary_outside_of_close._proof_1_46: kernel; axioms=[propext, Quot.sound]
info: Kobon/Audit.lean:7:0: AUDIT Kobon.Results.earlier_056: native-evaluation; axioms=[propext,
 Classical.choice,
 Quot.sound,
 Kobon.Certificates.N056T00990Hde8a415c.checked._native.native_decide.ax_1_1]
info: Kobon/Audit.lean:7:0: AUDIT Kobon.Certificates.N048T00721H2fb5ef0d.lower_bound: native-evaluation; axioms=[propext,
 Classical.choice,
 Quot.sound,
 Kobon.Certificates.N048T00721H2fb5ef0d.checked._native.native_decide.ax_1_1]
info: Kobon/Audit.lean:7:0: AUDIT Kobon.BBLCapSigns.cap_key_signs._proof_1_43: kernel; axioms=[propext, Classical.choice, Quot.sound]
info: Kobon/Audit.lean:7:0: AUDIT Kobon.AllN.dominates_every_saved_certificate._proof_1_72: kernel; axioms=[]
info: Kobon/Audit.lean:7:0: AUDIT Kobon.BBLRowOrder.newKey_injective._proof_1_78: kernel; axioms=[propext, Quot.sound]
info: Kobon/Audit.lean:7:0: AUDIT Kobon.Certificates.N040T00494H785374ca.simple_lower_bound: native-evaluation; axioms=[propext,
 Classical.choice,
 Quot.sound,
 Kobon.Certificates.N040T00494H785374ca.checked._native.native_decide.ax_1_1,
 Kobon.Certificates.N040T00494H785374ca.no_concurrent._native.native_decide.ax_1_1]
info: Kobon/Audit.lean:7:0: AUDIT Kobon.FanGeometry.FanStrip.ofTriangles._proof_4: kernel; axioms=[propext, Classical.choice, Quot.sound]
info: Kobon/Audit.lean:7:0: AUDIT Kobon.Projective.noParallel_transform: kernel; axioms=[propext, Classical.choice, Quot.sound]
info: Kobon/Audit.lean:7:0: AUDIT Kobon.BBLGridCuts.cut_zero._proof_1_2: kernel; axioms=[propext, Quot.sound]
info: Kobon/Audit.lean:7:0: AUDIT Kobon.BBLLiftedKeys.lifted_new_le_iff: kernel; axioms=[propext, Classical.choice, Quot.sound]
info: Kobon/Audit.lean:7:0: AUDIT Kobon.FurediPalastiWrap.halfphase_simple._proof_1_4: kernel; axioms=[propext, Quot.sound]
info: Kobon/Audit.lean:7:0: AUDIT Kobon.BBLMaximization.rational_error_bound._simp_1_5: kernel; axioms=[propext]
info: Kobon/Audit.lean:7:0: AUDIT Kobon.Certificates.N037T00431H11f0bde7.simple_lower_bound: native-evaluation; axioms=[propext,
 Classical.choice,
 Quot.sound,
 Kobon.Certificates.N037T00431H11f0bde7.checked._native.native_decide.ax_1_1,
 Kobon.Certificates.N037T00431H11f0bde7.no_concurrent._native.native_decide.ax_1_1]
info: Kobon/Audit.lean:7:0: AUDIT Kobon.BBLPersistence.triangle_preserved_eventually._proof_1_5: kernel; axioms=[propext, Quot.sound]
info: Kobon/Audit.lean:7:0: AUDIT Kobon.BBLProfiles.profile_right_eventually: kernel; axioms=[propext, Classical.choice, Quot.sound]
info: Kobon/Audit.lean:7:0: AUDIT Kobon.BBLIntersection.pencil_crossing_x._simp_1_5: kernel; axioms=[propext]
info: Kobon/Audit.lean:7:0: AUDIT Kobon.BBLRowOrder.newKey_injective._proof_1_90: kernel; axioms=[propext, Quot.sound]
info: Kobon/Audit.lean:7:0: AUDIT Kobon.eval_intersection._simp_1_4: kernel; axioms=[propext]
info: Kobon/Audit.lean:7:0: AUDIT Kobon.AllN.exact_exception_values._proof_1_4: kernel; axioms=[]
info: Kobon/Audit.lean:7:0: AUDIT Kobon.BBLCaps.capRow_injective._proof_1_6: kernel; axioms=[propext, Quot.sound]
info: Kobon/Audit.lean:7:0: AUDIT Kobon.Line.mk.injEq: kernel; axioms=[propext]
info: Kobon/Audit.lean:7:0: AUDIT Kobon.AllN.exact_exception_values._proof_1_43: kernel; axioms=[]
info: Kobon/Audit.lean:7:0: AUDIT Kobon.BBLVisible.aux_visible._proof_1_2: kernel; axioms=[propext, Quot.sound]
info: Kobon/Audit.lean:7:0: AUDIT Kobon.Results.earlier_053: native-evaluation; axioms=[propext,
 Classical.choice,
 Quot.sound,
 Kobon.Certificates.N053T00885H6bc5b14d.checked._native.native_decide.ax_1_1]
info: Kobon/Audit.lean:7:0: AUDIT Kobon.Certificates.N036T00402Hce43a107.simple_lower_bound: native-evaluation; axioms=[propext,
 Classical.choice,
 Quot.sound,
 Kobon.Certificates.N036T00402Hce43a107.checked._native.native_decide.ax_1_1,
 Kobon.Certificates.N036T00402Hce43a107.no_concurrent._native.native_decide.ax_1_1]
info: Kobon/Audit.lean:7:0: AUDIT Kobon.FurediPalastiWrap.selected_witness._proof_1_1: kernel; axioms=[propext, Quot.sound]
info: Kobon/Audit.lean:7:0: AUDIT Kobon.Certificates.N060T01141H9bc5096c.simple_lower_bound: native-evaluation; axioms=[propext,
 Classical.choice,
 Quot.sound,
 Kobon.Certificates.N060T01141H9bc5096c.checked._native.native_decide.ax_1_1,
 Kobon.Certificates.N060T01141H9bc5096c.no_concurrent._native.native_decide.ax_1_1]
info: Kobon/Audit.lean:7:0: AUDIT Kobon.CyclicFan.Geometry.opposite_avoids_center: kernel; axioms=[propext, Classical.choice, Quot.sound]
info: Kobon/Audit.lean:7:0: AUDIT Kobon.Results.best_simple_045: native-evaluation; axioms=[propext,
 Classical.choice,
 Quot.sound,
 Kobon.Certificates.N045T00645H3dc6e882.checked._native.native_decide.ax_1_1,
 Kobon.Certificates.N045T00645H3dc6e882.no_concurrent._native.native_decide.ax_1_1]
info: Kobon/Audit.lean:7:0: AUDIT Kobon.BBLRowOrder.newKey_injective._proof_1_49: kernel; axioms=[propext, Quot.sound]
info: Kobon/Audit.lean:7:0: AUDIT Kobon.AllN.dominates_every_saved_certificate._proof_1_49: kernel; axioms=[]
info: Kobon/Audit.lean:7:0: AUDIT Kobon.Results.best_simple_057: native-evaluation; axioms=[propext,
 Classical.choice,
 Quot.sound,
 Kobon.Certificates.N057T01045H9a1d337c.checked._native.native_decide.ax_1_1,
 Kobon.Certificates.N057T01045H9a1d337c.no_concurrent._native.native_decide.ax_1_1]
info: Kobon/Audit.lean:7:0: AUDIT Kobon.Certificates.N012T00037H8c718a33.no_concurrent: native-evaluation; axioms=[propext,
 Kobon.Certificates.N012T00037H8c718a33.no_concurrent._native.native_decide.ax_1_1]
info: Kobon/Audit.lean:7:0: AUDIT Kobon.BBLVisible.key_row_max._proof_1_5: kernel; axioms=[propext, Quot.sound]
info: Kobon/Audit.lean:7:0: AUDIT Kobon.BBLRowOrder.key_bounds._proof_1_11: kernel; axioms=[propext, Classical.choice, Quot.sound]
info: Kobon/Audit.lean:7:0: AUDIT Kobon.evalVertex.eq_1: kernel; axioms=[]
info: Kobon/Audit.lean:7:0: AUDIT Kobon.BBLGridCuts.cut_increasing: kernel; axioms=[propext, Classical.choice, Quot.sound]
info: Kobon/Audit.lean:7:0: AUDIT Kobon.BBLLiftedKeys.lifted_anchor._proof_1_46: kernel; axioms=[propext, Quot.sound]
info: Kobon/Audit.lean:7:0: AUDIT Kobon.Certificates.N044T00602H0b0250bf.checked: native-evaluation; axioms=[propext,
 Kobon.Certificates.N044T00602H0b0250bf.checked._native.native_decide.ax_1_1]
info: Kobon/Audit.lean:7:0: AUDIT Kobon.BBLCaps.capRow_le._proof_1_5: kernel; axioms=[propext, Quot.sound]
info: Kobon/Audit.lean:7:0: AUDIT Kobon.TangentBounds.tan_fifth_bounds: kernel; axioms=[propext, Classical.choice, Quot.sound]
info: Kobon/Audit.lean:7:0: AUDIT Kobon.FanGeometry.FanStrip.adjacent_opposites_eq._proof_1_2: kernel; axioms=[propext, Quot.sound]
info: Kobon/Audit.lean:7:0: AUDIT Kobon.Certificates.N049T00767H957e6f15.lower_bound: native-evaluation; axioms=[propext,
 Classical.choice,
 Quot.sound,
 Kobon.Certificates.N049T00767H957e6f15.checked._native.native_decide.ax_1_1]
info: Kobon/Audit.lean:7:0: AUDIT Kobon.Certificates.N059T01102Hfd3b4280.no_concurrent: native-evaluation; axioms=[propext,
 Kobon.Certificates.N059T01102Hfd3b4280.no_concurrent._native.native_decide.ax_1_1]
info: Kobon/Audit.lean:7:0: AUDIT Kobon.BBLCaps.cap_no_aux_between._proof_1_3: kernel; axioms=[propext, Quot.sound]
info: Kobon/Audit.lean:7:0: AUDIT Kobon.Certificates.N037T00431H11f0bde7.lower_bound: native-evaluation; axioms=[propext,
 Classical.choice,
 Quot.sound,
 Kobon.Certificates.N037T00431H11f0bde7.checked._native.native_decide.ax_1_1]
info: Kobon/Audit.lean:7:0: AUDIT Kobon.BBLRealization.horizontal_profile: kernel; axioms=[propext, Classical.choice, Quot.sound]
info: Kobon/Audit.lean:7:0: AUDIT Kobon.BBLRealization.horizontal_profile._proof_1_19: kernel; axioms=[propext, Classical.choice, Quot.sound]
info: Kobon/Audit.lean:7:0: AUDIT Kobon.Results.earlier_042: native-evaluation; axioms=[propext,
 Classical.choice,
 Quot.sound,
 Kobon.Certificates.N042T00553H2bdc9d67.checked._native.native_decide.ax_1_1]
info: Kobon/Audit.lean:7:0: AUDIT Kobon.AllN.exact_exception_values._proof_1_23: kernel; axioms=[]
info: Kobon/Audit.lean:7:0: AUDIT Kobon.Certificates.N048T00720H5e9767e7.no_concurrent: native-evaluation; axioms=[propext,
 Kobon.Certificates.N048T00720H5e9767e7.no_concurrent._native.native_decide.ax_1_1]
info: Kobon/Audit.lean:7:0: AUDIT Kobon.AllN.enhancement.eq_34: kernel; axioms=[]
info: Kobon/Audit.lean:7:0: AUDIT Kobon.BBLCapBridge.canonical_endpoint_signs._proof_1_6: kernel; axioms=[propext, Classical.choice, Quot.sound]
info: Kobon/Audit.lean:7:0: AUDIT Kobon.BBLVisible.new_visible_witness._proof_1_3: kernel; axioms=[propext, Classical.choice, Quot.sound]
info: Kobon/Audit.lean:7:0: AUDIT Kobon.Parametric.le_upper: kernel; axioms=[propext, Classical.choice, Quot.sound]
info: Kobon/Audit.lean:7:0: AUDIT Kobon.BBLExtrema.det_ne_of_ne: kernel; axioms=[propext, Classical.choice, Quot.sound]
info: Kobon/Audit.lean:7:0: AUDIT Kobon.BBLTriangles.triangle_of_last_two_sides: kernel; axioms=[propext, Classical.choice, Quot.sound]
info: Kobon/Audit.lean:7:0: AUDIT Kobon.Universal.baseline_sound._proof_1_3: kernel; axioms=[propext, Quot.sound]
info: Kobon/Audit.lean:7:0: AUDIT Kobon.ShiftedCount.ordered_bound_plus._proof_1_2: kernel; axioms=[propext, Classical.choice, Quot.sound]
info: Kobon/Audit.lean:7:0: AUDIT Kobon.BBLRowOrder.auxiliary_outside_of_close._proof_1_80: kernel; axioms=[propext, Classical.choice, Quot.sound]
info: Kobon/Audit.lean:7:0: AUDIT Kobon.BBLCapEnvelope.cap_left_endpoint._proof_1_3: kernel; axioms=[propext, Quot.sound]
info: Kobon/Audit.lean:7:0: AUDIT Kobon.FurediPalastiTwoCaps.upper_triangle._proof_1_11: kernel; axioms=[propext, Quot.sound]
info: Kobon/Audit.lean:7:0: AUDIT Kobon.Certificates.N015T00061H7c38d54f.lower_bound: native-evaluation; axioms=[propext,
 Classical.choice,
 Quot.sound,
 Kobon.Certificates.N015T00061H7c38d54f.checked._native.native_decide.ax_1_1]
info: Kobon/Audit.lean:7:0: AUDIT Kobon.Results.earlier_038: native-evaluation; axioms=[propext,
 Classical.choice,
 Quot.sound,
 Kobon.Certificates.N038T00450H8ba2bdb1.checked._native.native_decide.ax_1_1]
info: Kobon/Audit.lean:7:0: AUDIT Kobon.orientedEval_affine._simp_1_1: kernel; axioms=[propext]
info: Kobon/Audit.lean:7:0: AUDIT Kobon.Results.best_simple_130: native-evaluation; axioms=[propext,
 Classical.choice,
 Quot.sound,
 Kobon.Certificates.N130T05525He0559b54.checked._native.native_decide.ax_1_1,
 Kobon.Certificates.N130T05525He0559b54.no_concurrent._native.native_decide.ax_1_1]
info: Kobon/Audit.lean:7:0: AUDIT Kobon.BBLDoubling.doubling._proof_1_1: kernel; axioms=[propext, Quot.sound]
info: Kobon/Audit.lean:7:0: AUDIT Kobon.FurediPalastiWrap.selected_preserved._proof_1_4: kernel; axioms=[propext, Quot.sound]
info: Kobon/Audit.lean:7:0: AUDIT Kobon.FurediPalastiTwoCaps.upper_outer_sign._proof_1_9: kernel; axioms=[propext, Quot.sound]
info: Kobon/Audit.lean:7:0: AUDIT Kobon.BBLRowOrder.newKey_injective._proof_1_38: kernel; axioms=[propext, Quot.sound]
info: Kobon/Audit.lean:7:0: AUDIT Kobon.BBLPencilProfiles.shift_sign._proof_1_4: kernel; axioms=[propext, Classical.choice, Quot.sound]
info: Kobon/Audit.lean:7:0: AUDIT Kobon.SharedFan.triangle_injective: kernel; axioms=[propext, Classical.choice, Quot.sound]
info: Kobon/Audit.lean:7:0: AUDIT Kobon.Results.simple_057: native-evaluation; axioms=[propext,
 Classical.choice,
 Quot.sound,
 Kobon.Certificates.N057T01045H9a1d337c.checked._native.native_decide.ax_1_1,
 Kobon.Certificates.N057T01045H9a1d337c.no_concurrent._native.native_decide.ax_1_1]
info: Kobon/Audit.lean:7:0: AUDIT Kobon.Cells.vertices_contained: kernel; axioms=[propext, Classical.choice, Quot.sound]
info: Kobon/Audit.lean:7:0: AUDIT Kobon.BBLMaximization.rational_error_bound._simp_1_6: kernel; axioms=[propext, Classical.choice, Quot.sound]
info: Kobon/Audit.lean:7:0: AUDIT Kobon.Cells.side_index_mem: kernel; axioms=[propext, Classical.choice, Quot.sound]
info: Kobon/Audit.lean:7:0: AUDIT KobonBoundary.exists_average._proof_1_1: kernel; axioms=[propext, Quot.sound]
info: Kobon/Audit.lean:7:0: AUDIT Kobon.BBLCaps.cap_no_aux_between._proof_1_16: kernel; axioms=[propext, Quot.sound]
info: Kobon/Audit.lean:7:0: AUDIT Kobon.AllN.exact_exception_values._proof_1_5: kernel; axioms=[]
info: Kobon/Audit.lean:7:0: AUDIT Kobon.Certificates.N018T00093Hedb6246a.simple_lower_bound: native-evaluation; axioms=[propext,
 Classical.choice,
 Quot.sound,
 Kobon.Certificates.N018T00093Hedb6246a.checked._native.native_decide.ax_1_1,
 Kobon.Certificates.N018T00093Hedb6246a.no_concurrent._native.native_decide.ax_1_1]
info: Kobon/Audit.lean:7:0: AUDIT Kobon.ShiftedFurediPalasti.selected_triangle: kernel; axioms=[propext, Classical.choice, Quot.sound]
info: Kobon/Audit.lean:7:0: AUDIT Kobon.BBLCapHeight.cap_endpoint_height._proof_1_11: kernel; axioms=[propext, Quot.sound]
info: Kobon/Audit.lean:7:0: AUDIT Kobon.BBLVisible.central_visible._proof_1_4: kernel; axioms=[propext, Quot.sound]
info: Kobon/Audit.lean:7:0: AUDIT Kobon.SeedFamily.no_concurrent: kernel; axioms=[propext, Classical.choice, Quot.sound]
info: Kobon/Audit.lean:7:0: AUDIT Kobon.FurediPalasti.line._proof_1: kernel; axioms=[propext]
info: Kobon/Audit.lean:7:0: AUDIT Kobon.BBLSimple.canonical_no_concurrent._proof_1_3: kernel; axioms=[propext, Quot.sound]
info: Kobon/Audit.lean:7:0: AUDIT Kobon.Results.best_simple_049: native-evaluation; axioms=[propext,
 Classical.choice,
 Quot.sound,
 Kobon.Certificates.N049T00767H957e6f15.checked._native.native_decide.ax_1_1,
 Kobon.Certificates.N049T00767H957e6f15.no_concurrent._native.native_decide.ax_1_1]
info: Kobon/Audit.lean:7:0: AUDIT Kobon.Certificates.N057T01045H9a1d337c.checked: native-evaluation; axioms=[propext,
 Kobon.Certificates.N057T01045H9a1d337c.checked._native.native_decide.ax_1_1]
info: Kobon/Audit.lean:7:0: AUDIT Kobon.Families.triple_count: kernel; axioms=[propext, Classical.choice, Quot.sound]
info: Kobon/Audit.lean:7:0: AUDIT Kobon.BBLRowMax.row_bound_not_last._proof_1_7: kernel; axioms=[propext, Quot.sound]
info: Kobon/Audit.lean:7:0: AUDIT Kobon.FurediPalasti.sum_sin_pos2: kernel; axioms=[propext, Classical.choice, Quot.sound]
info: Kobon/Audit.lean:7:0: AUDIT Kobon.BBLVisibleAssembly.visible_gain._proof_1_3: kernel; axioms=[propext, Quot.sound]
info: Kobon/Audit.lean:7:0: AUDIT Kobon.BBLGridCuts.cut_increasing._proof_1_4: kernel; axioms=[propext, Quot.sound]
info: Kobon/Audit.lean:7:0: AUDIT Kobon.Reindex.no_concurrent_pullback._proof_1_2: kernel; axioms=[propext, Quot.sound]
info: Kobon/Audit.lean:7:0: AUDIT Kobon.SharedFan.integerLine.eq_1: kernel; axioms=[]
info: Kobon/Audit.lean:7:0: AUDIT Kobon.TangentBounds.tan_fifth_identity: kernel; axioms=[propext, Classical.choice, Quot.sound]
info: Kobon/Audit.lean:7:0: AUDIT Kobon.Certificates.N007T00010H4b5bb6e9.no_concurrent: native-evaluation; axioms=[propext,
 Kobon.Certificates.N007T00010H4b5bb6e9.no_concurrent._native.native_decide.ax_1_1]
info: Kobon/Audit.lean:7:0: AUDIT Kobon.BBLCaps.capRow_injective._proof_1_24: kernel; axioms=[propext, Quot.sound]
info: Kobon/Audit.lean:7:0: AUDIT Kobon.Iteration.full_step_iteration._proof_1_2: kernel; axioms=[propext, Quot.sound]
info: Kobon/Audit.lean:7:0: AUDIT Kobon.Certificates.N005T00003H6265d6a7.simple_lower_bound: native-evaluation; axioms=[propext,
 Classical.choice,
 Quot.sound,
 Kobon.Certificates.N005T00003H6265d6a7.checked._native.native_decide.ax_1_1,
 Kobon.Certificates.N005T00003H6265d6a7.no_concurrent._native.native_decide.ax_1_1]
info: Kobon/Audit.lean:7:0: AUDIT Kobon.Certificates.N066T01397H327ecbb9.simple_lower_bound: native-evaluation; axioms=[propext,
 Classical.choice,
 Quot.sound,
 Kobon.Certificates.N066T01397H327ecbb9.checked._native.native_decide.ax_1_1,
 Kobon.Certificates.N066T01397H327ecbb9.no_concurrent._native.native_decide.ax_1_1]
info: Kobon/Audit.lean:7:0: AUDIT Kobon.TangentBounds.tan_tenth_bounds: kernel; axioms=[propext, Classical.choice, Quot.sound]
info: Kobon/Audit.lean:7:0: AUDIT Kobon.FurediPalasti.oriented_line: kernel; axioms=[propext, Classical.choice, Quot.sound]
info: Kobon/Audit.lean:7:0: AUDIT Kobon.Universal.baseline_sound._proof_1_5: kernel; axioms=[propext, Quot.sound]
info: Kobon/Audit.lean:7:0: AUDIT Kobon.BBLAlternation.saturated_alternation._proof_1_5: kernel; axioms=[propext, Quot.sound]
info: Kobon/Audit.lean:7:0: AUDIT Kobon.BBLRealization.crossing_order_eventually._proof_1_3: kernel; axioms=[propext, Quot.sound]
info: Kobon/Audit.lean:7:0: AUDIT Kobon.Certificates.N048T00720H5e9767e7.lower_bound: native-evaluation; axioms=[propext,
 Classical.choice,
 Quot.sound,
 Kobon.Certificates.N048T00720H5e9767e7.checked._native.native_decide.ax_1_1]
info: Kobon/Audit.lean:7:0: AUDIT Kobon.BBLRealization.horizontal_coordinate_profile._proof_1_18: kernel; axioms=[propext, Quot.sound]
info: Kobon/Audit.lean:7:0: AUDIT Kobon.AllN.enhancement.eq_13: kernel; axioms=[]
info: Kobon/Audit.lean:7:0: AUDIT Kobon.BBLOldRetention.all_replaced_positive_eventually._proof_1_1: kernel; axioms=[propext, Quot.sound]
info: Kobon/Audit.lean:7:0: AUDIT Kobon.Projective.triangle_preserved_negative: kernel; axioms=[propext, Classical.choice, Quot.sound]
info: Kobon/Audit.lean:7:0: AUDIT Kobon.BBLCount.mem_mixed._simp_1_5: kernel; axioms=[propext, Quot.sound]
info: Kobon/Audit.lean:7:0: AUDIT Kobon.Universal.product_remainder: kernel; axioms=[propext, Quot.sound]
info: Kobon/Audit.lean:7:0: AUDIT Kobon.BBLRealization.horizontal_coordinate_profile._proof_1_22: kernel; axioms=[propext, Quot.sound]
info: Kobon/Audit.lean:7:0: AUDIT Kobon.BBLVisible.auxPair_keys._proof_1_15: kernel; axioms=[propext, Classical.choice, Quot.sound]
info: Kobon/Audit.lean:7:0: AUDIT Kobon.Certificates.N129T05461H6dae0012.checked: native-evaluation; axioms=[propext,
 Kobon.Certificates.N129T05461H6dae0012.checked._native.native_decide.ax_1_1]
info: Kobon/Audit.lean:7:0: AUDIT Kobon.FurediPalastiTwoCaps.lower_outer_sign._proof_1_2: kernel; axioms=[propext, Quot.sound]
info: Kobon/Audit.lean:7:0: AUDIT Kobon.BBLCentralEnvelope.central_endpoint._proof_1_10: kernel; axioms=[propext, Quot.sound]
info: Kobon/Audit.lean:7:0: AUDIT Kobon.Certificates.N013T00047Hddec1f78.simple_lower_bound: native-evaluation; axioms=[propext,
 Classical.choice,
 Quot.sound,
 Kobon.Certificates.N013T00047Hddec1f78.checked._native.native_decide.ax_1_1,
 Kobon.Certificates.N013T00047Hddec1f78.no_concurrent._native.native_decide.ax_1_1]
info: Kobon/Audit.lean:7:0: AUDIT Kobon.FurediPalastiTwoCaps.upper_inner_sign._proof_1_7: kernel; axioms=[propext, Quot.sound]
info: Kobon/Audit.lean:7:0: AUDIT Kobon.BBLCapReplacement.cap_replacement_eventually._proof_1_6: kernel; axioms=[propext, Quot.sound]
info: Kobon/Audit.lean:7:0: AUDIT Kobon.BBLConsecutive.supports_consecutive._proof_1_13: kernel; axioms=[propext, Quot.sound]
info: Kobon/Audit.lean:7:0: AUDIT Kobon.Certificates.N033T00341H95f3b770.checked: native-evaluation; axioms=[propext,
 Kobon.Certificates.N033T00341H95f3b770.checked._native.native_decide.ax_1_1]
info: Kobon/Audit.lean:7:0: AUDIT Kobon.Iteration.no_infinite_full_gain_budget._proof_1_2: kernel; axioms=[propext, Quot.sound]
info: Kobon/Audit.lean:7:0: AUDIT Kobon.BBLCapRetention.cap_retained_eventually._proof_1_3: kernel; axioms=[propext, Quot.sound]
info: Kobon/Audit.lean:7:0: AUDIT Kobon.Certificates.N014T00054H9219cdaa.checked: native-evaluation; axioms=[propext,
 Kobon.Certificates.N014T00054H9219cdaa.checked._native.native_decide.ax_1_1]
info: Kobon/Audit.lean:7:0: AUDIT Kobon.Certificates.N129T05461H6dae0012.no_concurrent: native-evaluation; axioms=[propext,
 Kobon.Certificates.N129T05461H6dae0012.no_concurrent._native.native_decide.ax_1_1]
info: Kobon/Audit.lean:7:0: AUDIT Kobon.Certificates.N021T00132H3d8bae2f.simple_lower_bound: native-evaluation; axioms=[propext,
 Classical.choice,
 Quot.sound,
 Kobon.Certificates.N021T00132H3d8bae2f.checked._native.native_decide.ax_1_1,
 Kobon.Certificates.N021T00132H3d8bae2f.no_concurrent._native.native_decide.ax_1_1]
info: Kobon/Audit.lean:7:0: AUDIT Kobon.FurediPalastiCaps.above_left_caps._proof_1_1: kernel; axioms=[propext, Quot.sound]
info: Kobon/Audit.lean:7:0: AUDIT Kobon.Cells.distinct_interiors_disjoint: kernel; axioms=[propext, Classical.choice, Quot.sound]
info: Kobon/Audit.lean:7:0: AUDIT Kobon.Certificates.N059T01102Hfd3b4280.checked: native-evaluation; axioms=[propext,
 Kobon.Certificates.N059T01102Hfd3b4280.checked._native.native_decide.ax_1_1]
info: Kobon/Audit.lean:7:0: AUDIT Kobon.AllN.dominates_every_saved_certificate._proof_1_111: kernel; axioms=[]
info: Kobon/Audit.lean:7:0: AUDIT Kobon.BBLLiftedKeys.lifted_anchor._proof_1_7: kernel; axioms=[propext, Quot.sound]
info: Kobon/Audit.lean:7:0: AUDIT Kobon.Certificates.N195T12482H5413dd7b.no_concurrent: native-evaluation; axioms=[propext,
 Kobon.Certificates.N195T12482H5413dd7b.no_concurrent._native.native_decide.ax_1_1]
info: Kobon/Audit.lean:7:0: AUDIT Kobon.AllN.baseline_after_last_exception._proof_1_24: kernel; axioms=[propext, Quot.sound]
info: Kobon/Audit.lean:7:0: AUDIT Kobon.BBLCaps.cap_no_aux_between._proof_1_20: kernel; axioms=[propext, Quot.sound]
info: Kobon/Audit.lean:7:0: AUDIT Kobon.AllN.dominates_every_saved_certificate._proof_1_93: kernel; axioms=[]
info: Kobon/Audit.lean:7:0: AUDIT KobonExamples.bad5_simple: kernel; axioms=[propext, Classical.choice, Quot.sound]
info: Kobon/Audit.lean:7:0: AUDIT Kobon.AllN.baseline_after_last_exception._proof_1_51: kernel; axioms=[propext, Quot.sound]
info: Kobon/Audit.lean:7:0: AUDIT Kobon.Certificates.N034T00357Hfbde0a76.lower_bound: native-evaluation; axioms=[propext,
 Classical.choice,
 Quot.sound,
 Kobon.Certificates.N034T00357Hfbde0a76.checked._native.native_decide.ax_1_1]
info: Kobon/Audit.lean:7:0: AUDIT Kobon.Certificates.N060T01140H16af6d0b.no_concurrent: native-evaluation; axioms=[propext,
 Kobon.Certificates.N060T01140H16af6d0b.no_concurrent._native.native_decide.ax_1_1]
info: Kobon/Audit.lean:7:0: AUDIT Kobon.Certificates.N038T00448H7d59f504.lower_bound: native-evaluation; axioms=[propext,
 Classical.choice,
 Quot.sound,
 Kobon.Certificates.N038T00448H7d59f504.checked._native.native_decide.ax_1_1]
info: Kobon/Audit.lean:7:0: AUDIT Kobon.Cells.weights_sum: kernel; axioms=[propext, Classical.choice, Quot.sound]
info: Kobon/Audit.lean:7:0: AUDIT Kobon.SharedFan.adjacent_triangles_distinct._proof_1_3: kernel; axioms=[propext]
info: Kobon/Audit.lean:7:0: AUDIT Kobon.AllN.dominates_every_saved_certificate._proof_1_85: kernel; axioms=[]
info: Kobon/Audit.lean:7:0: AUDIT Kobon.Iteration49.boundary_49._proof_9: kernel; axioms=[propext]
info: Kobon/Audit.lean:7:0: AUDIT Kobon.AllN.enhancement.eq_9: kernel; axioms=[]
info: Kobon/Audit.lean:7:0: AUDIT Kobon.BBLProfiles.profile_key_bounds._proof_1_3: kernel; axioms=[propext, Classical.choice, Quot.sound]
info: Kobon/Audit.lean:7:0: AUDIT Kobon.BBLDoubling.doubling._proof_1_9: kernel; axioms=[propext, Quot.sound]
info: Kobon/Audit.lean:7:0: AUDIT Kobon.BBLCrossingCoordinates.arrangement_new._proof_1_3: kernel; axioms=[propext, Quot.sound]
info: Kobon/Audit.lean:7:0: AUDIT Kobon.Results.classical_033: native-evaluation; axioms=[propext,
 Classical.choice,
 Quot.sound,
 Kobon.Certificates.N033T00341H95f3b770.checked._native.native_decide.ax_1_1]
info: Kobon/Audit.lean:7:0: AUDIT Kobon.Iteration49.boundary_49._proof_25: kernel; axioms=[propext]
info: Kobon/Audit.lean:7:0: AUDIT Kobon.BBLVisible.central_visible._proof_1_6: kernel; axioms=[propext, Quot.sound]
info: Kobon/Audit.lean:7:0: AUDIT Kobon.Results.classical_007: native-evaluation; axioms=[propext,
 Classical.choice,
 Quot.sound,
 Kobon.Certificates.N007T00011He6b9a626.checked._native.native_decide.ax_1_1]
info: Kobon/Audit.lean:7:0: AUDIT Kobon.Iteration49.profile_attains_50._proof_1_1: kernel; axioms=[propext, Classical.choice, Quot.sound]
info: Kobon/Audit.lean:7:0: AUDIT Kobon.Projective.triangle_preserved._proof_1_3: kernel; axioms=[propext, Quot.sound]
info: Kobon/Audit.lean:7:0: AUDIT Kobon.Results.best_simple_058: native-evaluation; axioms=[propext,
 Classical.choice,
 Quot.sound,
 Kobon.Certificates.N058T01073Hd988db55.checked._native.native_decide.ax_1_1,
 Kobon.Certificates.N058T01073Hd988db55.no_concurrent._native.native_decide.ax_1_1]
info: Kobon/Audit.lean:7:0: AUDIT Kobon.BBLRowOrder.newKey_symm._proof_1_55: kernel; axioms=[propext, Classical.choice, Quot.sound]
info: Kobon/Audit.lean:7:0: AUDIT Kobon.FurediPalastiTwoCaps.two_cap_simple_lower_bound._proof_1_5: kernel; axioms=[propext, Quot.sound]
info: Kobon/Audit.lean:7:0: AUDIT Kobon.CyclicFan.Geometry.mk.sizeOf_spec: kernel; axioms=[propext, Classical.choice, Quot.sound]
info: Kobon/Audit.lean:7:0: AUDIT Kobon.BBLCapEnvelope.graph_horizontal_intersection._simp_1_5: kernel; axioms=[propext]
info: Kobon/Audit.lean:7:0: AUDIT Kobon.BBLGrid.factor_trigonometric._simp_1_6: kernel; axioms=[propext, Classical.choice, Quot.sound]
info: Kobon/Audit.lean:7:0: AUDIT Kobon.Certificates.N046T00667H32b8ca2f.no_concurrent: native-evaluation; axioms=[propext,
 Kobon.Certificates.N046T00667H32b8ca2f.no_concurrent._native.native_decide.ax_1_1]
info: Kobon/Audit.lean:7:0: AUDIT Kobon.BBLIntersection.crossing_displacement._simp_1_6: kernel; axioms=[propext, Classical.choice, Quot.sound]
info: Kobon/Audit.lean:7:0: AUDIT Kobon.HybridBoundary.derivative_nonpos_iff._simp_1_2: kernel; axioms=[propext]
info: Kobon/Audit.lean:7:0: AUDIT Kobon.Results.classical_034: native-evaluation; axioms=[propext,
 Classical.choice,
 Quot.sound,
 Kobon.Certificates.N034T00357Hfbde0a76.checked._native.native_decide.ax_1_1]
info: Kobon/Audit.lean:7:0: AUDIT Kobon.Certificates.N130T05525He0559b54.lower_bound: native-evaluation; axioms=[propext,
 Classical.choice,
 Quot.sound,
 Kobon.Certificates.N130T05525He0559b54.checked._native.native_decide.ax_1_1]
info: Kobon/Audit.lean:7:0: AUDIT Kobon.Iteration49.boundary_49._proof_10: kernel; axioms=[propext]
info: Kobon/Audit.lean:7:0: AUDIT Kobon.AllN.enhancement.eq_49: kernel; axioms=[]
info: Kobon/Audit.lean:7:0: AUDIT Kobon.BBLLiftedRows.liftedCrossKey_le_iff: kernel; axioms=[propext, Classical.choice, Quot.sound]
info: Kobon/Audit.lean:7:0: AUDIT Kobon.AllN.enhancement.eq_1: kernel; axioms=[]
info: Kobon/Audit.lean:7:0: AUDIT Kobon.BBLVisible.auxPair_keys._proof_1_21: kernel; axioms=[propext, Quot.sound]
info: Kobon/Audit.lean:7:0: AUDIT Kobon.BBLAssembly.replace_second_lt: kernel; axioms=[propext, Quot.sound]
info: Kobon/Audit.lean:7:0: AUDIT Kobon.FurediPalastiChart.cap_pos._proof_1_1: kernel; axioms=[propext, Quot.sound]
info: Kobon/Audit.lean:7:0: AUDIT Kobon.Results.best_simple_034: native-evaluation; axioms=[propext,
 Classical.choice,
 Quot.sound,
 Kobon.Certificates.N034T00357Hfbde0a76.checked._native.native_decide.ax_1_1,
 Kobon.Certificates.N034T00357Hfbde0a76.no_concurrent._native.native_decide.ax_1_1]
info: Kobon/Audit.lean:7:0: AUDIT Kobon.BBLRealization.coordinate_order_eventually: kernel; axioms=[propext, Classical.choice, Quot.sound]
info: Kobon/Audit.lean:7:0: AUDIT Kobon.Results.earlier_020: native-evaluation; axioms=[propext,
 Classical.choice,
 Quot.sound,
 Kobon.Certificates.N020T00117H382171ac.checked._native.native_decide.ax_1_1]
info: Kobon/Audit.lean:7:0: AUDIT Kobon.BBLCentral.rightmost_crossing_x._simp_1_4: kernel; axioms=[propext]
info: Kobon/Audit.lean:7:0: AUDIT Kobon.AllN.enhancement.eq_24: kernel; axioms=[]
info: Kobon/Audit.lean:7:0: AUDIT Kobon.Certificates.N019T00107H6e8ca6f5.checked: native-evaluation; axioms=[propext,
 Kobon.Certificates.N019T00107H6e8ca6f5.checked._native.native_decide.ax_1_1]
info: Kobon/Audit.lean:7:0: AUDIT Kobon.BBLRegularity.canonical_no_parallel_eventually: kernel; axioms=[propext, Classical.choice, Quot.sound]
info: Kobon/Audit.lean:7:0: AUDIT Kobon.FurediPalasti.high_before._proof_1_1: kernel; axioms=[propext, Quot.sound]
info: Kobon/Audit.lean:7:0: AUDIT Kobon.BBLSeed21.parameters._proof_8: kernel; axioms=[propext]
info: Kobon/Audit.lean:7:0: AUDIT Kobon.Cells.ofPredicate._proof_9: kernel; axioms=[propext, Quot.sound]
info: Kobon/Audit.lean:7:0: AUDIT Kobon.BBLGrid.factor_trigonometric._simp_1_2: kernel; axioms=[propext]
info: Kobon/Audit.lean:7:0: AUDIT Kobon.BBLCapSigns.cap_key_signs._proof_1_52: kernel; axioms=[propext, Classical.choice, Quot.sound]
info: Kobon/Audit.lean:7:0: AUDIT Kobon.BBLCount.mem_mixed: kernel; axioms=[propext, Classical.choice, Quot.sound]
info: Kobon/Audit.lean:7:0: AUDIT Kobon.Certificates.N099T03169H4fef38d8.lower_bound: native-evaluation; axioms=[propext,
 Classical.choice,
 Quot.sound,
 Kobon.Certificates.N099T03169H4fef38d8.checked._native.native_decide.ax_1_1]
info: Kobon/Audit.lean:7:0: AUDIT Kobon.BBLCaps.cap_no_aux_between._proof_1_27: kernel; axioms=[propext, Quot.sound]
info: Kobon/Audit.lean:7:0: AUDIT Kobon.BBLRowOrder.newKey_injective._proof_1_63: kernel; axioms=[propext, Quot.sound]
info: Kobon/Audit.lean:7:0: AUDIT Kobon.BBLSeed21.rightSlope.eq_1: kernel; axioms=[propext, Classical.choice, Quot.sound]
info: Kobon/Audit.lean:7:0: AUDIT Kobon.BBLCapSigns.cap_key_signs._proof_1_58: kernel; axioms=[propext, Classical.choice, Quot.sound]
info: Kobon/Audit.lean:7:0: AUDIT Kobon.BBLRowOrder.newKey_symm._proof_1_2: kernel; axioms=[propext, Quot.sound]
info: Kobon/Audit.lean:7:0: AUDIT Kobon.FurediPalastiTwoCaps.lower_inner_sign._proof_1_2: kernel; axioms=[propext, Quot.sound]
info: Kobon/Audit.lean:7:0: AUDIT Kobon.Cells.overlap_forces_same_triple._proof_1_1: kernel; axioms=[propext, Quot.sound]
info: Kobon/Audit.lean:7:0: AUDIT Kobon.BBLCaps.cap_no_aux_between._proof_1_6: kernel; axioms=[propext, Quot.sound]
info: Kobon/Audit.lean:7:0: AUDIT Kobon.Results.simple_010: native-evaluation; axioms=[propext,
 Classical.choice,
 Quot.sound,
 Kobon.Certificates.N010T00025Hb767c427.checked._native.native_decide.ax_1_1,
 Kobon.Certificates.N010T00025Hb767c427.no_concurrent._native.native_decide.ax_1_1]
info: Kobon/Audit.lean:7:0: AUDIT Kobon.FurediPalastiCaps.pairX_adjacent_cap._proof_1_1: kernel; axioms=[propext, Quot.sound]
info: Kobon/Audit.lean:7:0: AUDIT Kobon.Results.simple_031: native-evaluation; axioms=[propext,
 Classical.choice,
 Quot.sound,
 Kobon.Certificates.N031T00299H70f23b94.checked._native.native_decide.ax_1_1,
 Kobon.Certificates.N031T00299H70f23b94.no_concurrent._native.native_decide.ax_1_1]
info: Kobon/Audit.lean:7:0: AUDIT Kobon.BBLGridReindex.central_left._proof_1_2: kernel; axioms=[propext, Quot.sound]
info: Kobon/Audit.lean:7:0: AUDIT Kobon.BBLRealizedPencil.no_concurrent._proof_1_4: kernel; axioms=[propext, Quot.sound]
info: Kobon/Audit.lean:7:0: AUDIT Kobon.FurediPalastiWrap.upper_pair_nonpos._proof_1_2: kernel; axioms=[propext, Quot.sound]
info: Kobon/Audit.lean:7:0: AUDIT Kobon.AllN.dominates_every_saved_certificate._proof_1_110: kernel; axioms=[]
info: Kobon/Audit.lean:7:0: AUDIT Kobon.BBLCapEnvelope.cap_left_endpoint._proof_1_2: kernel; axioms=[propext, Quot.sound]
info: Kobon/Audit.lean:7:0: AUDIT Kobon.BBLRowOrder.newKey_injective._proof_1_9: kernel; axioms=[propext, Quot.sound]
info: Kobon/Audit.lean:7:0: AUDIT Kobon.BBLAssembly.replace_injective_on._proof_1_2: kernel; axioms=[propext, Classical.choice, Quot.sound]
info: Kobon/Audit.lean:7:0: AUDIT Kobon.Certificates.N045T00645H3dc6e882.checked: native-evaluation; axioms=[propext,
 Kobon.Certificates.N045T00645H3dc6e882.checked._native.native_decide.ax_1_1]
info: Kobon/Audit.lean:7:0: AUDIT Kobon.BBLRowOrder.newKey_injective._proof_1_23: kernel; axioms=[propext, Quot.sound]
info: Kobon/Audit.lean:7:0: AUDIT Kobon.BBLAlternation.saturated_alternation._proof_1_8: kernel; axioms=[propext, Quot.sound]
info: Kobon/Audit.lean:7:0: AUDIT Kobon.Results.best_simple_027: native-evaluation; axioms=[propext,
 Classical.choice,
 Quot.sound,
 Kobon.Certificates.N027T00225H7d6ae9a0.checked._native.native_decide.ax_1_1,
 Kobon.Certificates.N027T00225H7d6ae9a0.no_concurrent._native.native_decide.ax_1_1]
info: Kobon/Audit.lean:7:0: AUDIT Kobon.Parametric.nonpos_of_upper: kernel; axioms=[propext, Classical.choice, Quot.sound]
info: Kobon/Audit.lean:7:0: AUDIT Kobon.BBLCaps.capRow_injective._proof_1_20: kernel; axioms=[propext, Quot.sound]
info: Kobon/Audit.lean:7:0: AUDIT Kobon.BBLOldRetention.noncap_eventually._proof_1_1: kernel; axioms=[propext, Quot.sound]
info: Kobon/Audit.lean:7:0: AUDIT Kobon.area_intersections: kernel; axioms=[propext, Classical.choice, Quot.sound]
info: Kobon/Audit.lean:7:0: AUDIT Kobon.BBLCaps.capRow_le: kernel; axioms=[propext, Quot.sound]
info: Kobon/Audit.lean:7:0: AUDIT Kobon.BBLRowOrder.newKey_injective._proof_1_85: kernel; axioms=[propext, Quot.sound]
info: Kobon/Audit.lean:7:0: AUDIT Kobon.Certificates.N014T00051Hd67e7a6b.checked: native-evaluation; axioms=[propext,
 Kobon.Certificates.N014T00051Hd67e7a6b.checked._native.native_decide.ax_1_1]
info: Kobon/Audit.lean:7:0: AUDIT Kobon.Reindex.rotate_triangle._proof_1_3: kernel; axioms=[propext, Quot.sound]
info: Kobon/Audit.lean:7:0: AUDIT Kobon.Certificates.N026T00204Hf71379c4.lower_bound: native-evaluation; axioms=[propext,
 Classical.choice,
 Quot.sound,
 Kobon.Certificates.N026T00204Hf71379c4.checked._native.native_decide.ax_1_1]
info: Kobon/Audit.lean:7:0: AUDIT Kobon.FurediPalastiCaps.cos_central_band_strict: kernel; axioms=[propext, Classical.choice, Quot.sound]
info: Kobon/Audit.lean:7:0: AUDIT Kobon.SharedFan.adjacent_triangles_distinct: kernel; axioms=[propext, Classical.choice, Quot.sound]
info: Kobon/Audit.lean:7:0: AUDIT Kobon.BBLPersistence.triangle_preserved_eventually._proof_1_1: kernel; axioms=[propext, Quot.sound]
info: Kobon/Audit.lean:7:0: AUDIT Kobon.BBLTriangles.triangle_of_last_two_sides._proof_1_1: kernel; axioms=[propext, Quot.sound]
info: Kobon/Audit.lean:7:0: AUDIT Kobon.FanCount.ordinary_shared_ray_bound._proof_1_1: kernel; axioms=[propext, Quot.sound]
info: Kobon/Audit.lean:7:0: AUDIT Kobon.BBLRealization.horizontal_coordinate_profile._proof_1_20: kernel; axioms=[propext, Quot.sound]
info: Kobon/Audit.lean:7:0: AUDIT Kobon.BBLRealization.horizontal_coordinate_profile._proof_1_17: kernel; axioms=[propext, Quot.sound]
info: Kobon/Audit.lean:7:0: AUDIT Kobon.Certificates.N055T00955H202625a3.no_concurrent: native-evaluation; axioms=[propext,
 Kobon.Certificates.N055T00955H202625a3.no_concurrent._native.native_decide.ax_1_1]
info: Kobon/Audit.lean:7:0: AUDIT Kobon.BBLMaximization.rational_error_bound: kernel; axioms=[propext, Classical.choice, Quot.sound]
info: Kobon/Audit.lean:7:0: AUDIT Kobon.BBLCapHeight.cap_key_height._proof_1_7: kernel; axioms=[propext, Classical.choice, Quot.sound]
info: Kobon/Audit.lean:7:0: AUDIT Kobon.BBLAnalytic.beta_data: kernel; axioms=[propext, Classical.choice, Quot.sound]
info: Kobon/Audit.lean:7:0: AUDIT Kobon.FurediPalastiChart.cap_vertex: kernel; axioms=[propext, Classical.choice, Quot.sound]
info: Kobon/Audit.lean:7:0: AUDIT Kobon.BBLLiftedKeys.complement_key._proof_1_8: kernel; axioms=[propext, Quot.sound]
info: Kobon/Audit.lean:7:0: AUDIT Kobon.Results.simple_019: native-evaluation; axioms=[propext,
 Classical.choice,
 Quot.sound,
 Kobon.Certificates.N019T00107Ha2f32bdb.checked._native.native_decide.ax_1_1,
 Kobon.Certificates.N019T00107Ha2f32bdb.no_concurrent._native.native_decide.ax_1_1]
info: Kobon/Audit.lean:7:0: AUDIT Kobon.BBLRowOrder.newKey_symm._proof_1_3: kernel; axioms=[propext, Quot.sound]
info: Kobon/Audit.lean:7:0: AUDIT Kobon.BBLGridReindex.central_right._proof_1_1: kernel; axioms=[propext, Quot.sound]
info: Kobon/Audit.lean:7:0: AUDIT Kobon.BBLLiftedRows.liftedCrossKey_le_iff._proof_1_10: kernel; axioms=[propext, Quot.sound]
info: Kobon/Audit.lean:7:0: AUDIT Kobon.FurediPalastiTwoCaps.lower_triangle._proof_1_12: kernel; axioms=[propext, Quot.sound]
info: Kobon/Audit.lean:7:0: AUDIT Kobon.BBLCaps.cap_side._proof_1_12: kernel; axioms=[propext, Quot.sound]
info: Kobon/Audit.lean:7:0: AUDIT Kobon.BBLCaps.cap_no_aux_between._proof_1_22: kernel; axioms=[propext, Quot.sound]
info: Kobon/Audit.lean:7:0: AUDIT KobonBoundary.full_step_iff_both_parities._proof_1_4: kernel; axioms=[propext, Quot.sound]
info: Kobon/Audit.lean:7:0: AUDIT Kobon.same_halfplane_barycenter: kernel; axioms=[propext, Classical.choice, Quot.sound]
info: Kobon/Audit.lean:7:0: AUDIT Kobon.FurediPalastiCaps.quadratic_adjacent: kernel; axioms=[propext, Classical.choice, Quot.sound]
info: Kobon/Audit.lean:7:0: AUDIT Kobon.Results.simple_044: native-evaluation; axioms=[propext,
 Classical.choice,
 Quot.sound,
 Kobon.Certificates.N044T00608Hb5277675.checked._native.native_decide.ax_1_1,
 Kobon.Certificates.N044T00608Hb5277675.no_concurrent._native.native_decide.ax_1_1]
info: Kobon/Audit.lean:7:0: AUDIT Kobon.BBLCentral.leading_strict_maximum._proof_1_2: kernel; axioms=[propext, Quot.sound]
info: Kobon/Audit.lean:7:0: AUDIT Kobon.AllN.enhancement.eq_10: kernel; axioms=[]
info: Kobon/Audit.lean:7:0: AUDIT Kobon.BBLCount.mixed_count_identity._proof_1_1: kernel; axioms=[propext, Quot.sound]
info: Kobon/Audit.lean:7:0: AUDIT Kobon.BBLCapReplacement.cap_replacement_eventually: kernel; axioms=[propext, Classical.choice, Quot.sound]
info: Kobon/Audit.lean:7:0: AUDIT Kobon.BBLVisible.central_visible._proof_1_10: kernel; axioms=[propext, Quot.sound]
info: Kobon/Audit.lean:7:0: AUDIT Kobon.FurediPalastiCaps.cos_outer_bands: kernel; axioms=[propext, Classical.choice, Quot.sound]
info: Kobon/Audit.lean:7:0: AUDIT Kobon.BBLSeed21.parameters._proof_1: kernel; axioms=[propext]
info: Kobon/Audit.lean:7:0: AUDIT Kobon.Certificates.N020T00114Hbc312fc8.lower_bound: native-evaluation; axioms=[propext,
 Classical.choice,
 Quot.sound,
 Kobon.Certificates.N020T00114Hbc312fc8.checked._native.native_decide.ax_1_1]
info: Kobon/Audit.lean:7:0: AUDIT Kobon.Results.earlier_006: native-evaluation; axioms=[propext,
 Classical.choice,
 Quot.sound,
 Kobon.Certificates.N006T00007H6ea9ebaa.checked._native.native_decide.ax_1_1]
info: Kobon/Audit.lean:7:0: AUDIT Kobon.Certificates.N022T00143H54396c64.checked: native-evaluation; axioms=[propext,
 Kobon.Certificates.N022T00143H54396c64.checked._native.native_decide.ax_1_1]
info: Kobon/Audit.lean:7:0: AUDIT Kobon.Projective.triangle_preserved._proof_1_2: kernel; axioms=[propext, Quot.sound]
info: Kobon/Audit.lean:7:0: AUDIT Kobon.BBLCaps.capRow_injective._proof_1_13: kernel; axioms=[propext, Quot.sound]
info: Kobon/Audit.lean:7:0: AUDIT Kobon.AllN.strict_improvements._proof_1_63: kernel; axioms=[]
info: Kobon/Audit.lean:7:0: AUDIT Kobon.BBLProfiles.profile_strict_order: kernel; axioms=[propext, Classical.choice, Quot.sound]
info: Kobon/Audit.lean:7:0: AUDIT Kobon.TamuraSeed5.lo.eq_1: kernel; axioms=[propext, Quot.sound]
info: Kobon/Audit.lean:7:0: AUDIT Kobon.AllN.strict_improvements._proof_1_34: kernel; axioms=[]
info: Kobon/Audit.lean:7:0: AUDIT Kobon.Iteration49.boundary_49._proof_28: kernel; axioms=[propext]
info: Kobon/Audit.lean:7:0: AUDIT Kobon.Projective.oriented_transform._simp_1_5: kernel; axioms=[propext]
info: Kobon/Audit.lean:7:0: AUDIT Kobon.TamuraTangentBounds.tan_32_2_bounds: kernel; axioms=[propext, Classical.choice, Quot.sound]
info: Kobon/Audit.lean:7:0: AUDIT Kobon.Certificates.N050T00791H2ea22b55.checked: native-evaluation; axioms=[propext,
 Kobon.Certificates.N050T00791H2ea22b55.checked._native.native_decide.ax_1_1]
info: Kobon/Audit.lean:7:0: AUDIT Kobon.BBLCapEnvelope.graph_horizontal_intersection._simp_1_1: kernel; axioms=[propext]
info: Kobon/Audit.lean:7:0: AUDIT Kobon.Certificates.N053T00884H723d7eff.no_concurrent: native-evaluation; axioms=[propext,
 Kobon.Certificates.N053T00884H723d7eff.no_concurrent._native.native_decide.ax_1_1]
info: Kobon/Audit.lean:7:0: AUDIT Kobon.Results.best_classical_036: native-evaluation; axioms=[propext,
 Classical.choice,
 Quot.sound,
 Kobon.Certificates.N036T00402H3fc01b7d.checked._native.native_decide.ax_1_1]
info: Kobon/Audit.lean:7:0: AUDIT Kobon.AllN.enhancement.eq_44: kernel; axioms=[]
info: Kobon/Audit.lean:7:0: AUDIT Kobon.FurediPalastiCount.ordered_bound._proof_1_4: kernel; axioms=[propext, Classical.choice, Quot.sound]
info: Kobon/Audit.lean:7:0: AUDIT Kobon.BBLTangentBounds.tan_7_bounds: kernel; axioms=[propext, Classical.choice, Quot.sound]
info: Kobon/Audit.lean:7:0: AUDIT Kobon.AllN.enhancement.eq_26: kernel; axioms=[]
info: Kobon/Audit.lean:7:0: AUDIT Kobon.Certificates.N195T12480H1b9230fb.no_concurrent: native-evaluation; axioms=[propext,
 Kobon.Certificates.N195T12480H1b9230fb.no_concurrent._native.native_decide.ax_1_1]
info: Kobon/Audit.lean:7:0: AUDIT Kobon.BBLLiftedKeys.lifted_anchor._proof_1_44: kernel; axioms=[propext, Quot.sound]
info: Kobon/Audit.lean:7:0: AUDIT Kobon.BBLIntersection.crossing_displacement: kernel; axioms=[propext, Classical.choice, Quot.sound]
info: Kobon/Audit.lean:7:0: AUDIT Kobon.HybridBoundary.seed_exterior._proof_1_1: kernel; axioms=[]
info: Kobon/Audit.lean:7:0: AUDIT Kobon.AllN.strict_improvements._proof_1_9: kernel; axioms=[]
info: Kobon/Audit.lean:7:0: AUDIT Kobon.BBLGrid.tangent_pair_sum_neg: kernel; axioms=[propext, Classical.choice, Quot.sound]
info: Kobon/Audit.lean:7:0: AUDIT Kobon.Universal.polynomial_gap_exact._proof_1_1: kernel; axioms=[propext, Quot.sound]
info: Kobon/Audit.lean:7:0: AUDIT Kobon.AllN.baseline_after_last_exception._proof_1_40: kernel; axioms=[propext, Quot.sound]
info: Kobon/Audit.lean:7:0: AUDIT Kobon.BBLCapSigns.cap_key_signs._proof_1_70: kernel; axioms=[propext, Quot.sound]
info: Kobon/Audit.lean:7:0: AUDIT Kobon.Universal.polynomial_gap_exact._proof_1_7: kernel; axioms=[propext, Quot.sound]
info: Kobon/Audit.lean:7:0: AUDIT Kobon.BBLRowOrder.auxiliary_outside_of_close._proof_1_24: kernel; axioms=[propext, Classical.choice, Quot.sound]
info: Kobon/Audit.lean:7:0: AUDIT Kobon.BBLAlternation.signs_from_negative._proof_1_3: kernel; axioms=[propext, Quot.sound]
info: Kobon/Audit.lean:7:0: AUDIT Kobon.AllN.exact_exception_values._proof_1_55: kernel; axioms=[]
info: Kobon/Audit.lean:7:0: AUDIT Kobon.BBLDoubling.doubling._proof_1_2: kernel; axioms=[propext, Quot.sound]
info: Kobon/Audit.lean:7:0: AUDIT Kobon.BBLCaps.capRow_injective._proof_1_15: kernel; axioms=[propext, Quot.sound]
info: Kobon/Audit.lean:7:0: AUDIT Kobon.HybridBoundary.derivative_nonneg_iff._simp_1_6: kernel; axioms=[propext, Classical.choice, Quot.sound]
info: Kobon/Audit.lean:7:0: AUDIT Kobon.BBLGridReindex.perm_inv._proof_1_6: kernel; axioms=[propext, Quot.sound]
info: Kobon/Audit.lean:7:0: AUDIT Kobon.ShiftedFurediPalasti.arrangement.eq_1: kernel; axioms=[propext, Classical.choice, Quot.sound]
info: Kobon/Audit.lean:7:0: AUDIT Kobon.BBLLiftedKeys.lifted_anchor._proof_1_1: kernel; axioms=[propext, Quot.sound]
info: Kobon/Audit.lean:7:0: AUDIT Kobon.BBLRowOrder.newKey_symm._proof_1_18: kernel; axioms=[propext, Classical.choice, Quot.sound]
info: Kobon/Audit.lean:7:0: AUDIT Kobon.BBLCapBridge.canonical_endpoint_signs._proof_1_3: kernel; axioms=[propext, Quot.sound]
info: Kobon/Audit.lean:7:0: AUDIT Kobon.Iteration.gainPrefix_succ._proof_1_2: kernel; axioms=[propext, Quot.sound]
info: Kobon/Audit.lean:7:0: AUDIT Kobon.AllN.exact_exception_values._proof_1_37: kernel; axioms=[]
info: Kobon/Audit.lean:7:0: AUDIT Kobon.Iteration49.boundary_49._proof_12: kernel; axioms=[propext]
info: Kobon/Audit.lean:7:0: AUDIT Kobon.BBLAssembly.replace_injective_on._proof_1_3: kernel; axioms=[propext, Classical.choice, Quot.sound]
info: Kobon/Audit.lean:7:0: AUDIT Kobon.TamuraTangentBounds.tan_32_4_bounds: kernel; axioms=[propext, Classical.choice, Quot.sound]
info: Kobon/Audit.lean:7:0: AUDIT Kobon.BBLRealization.new_rows_injective_eventually: kernel; axioms=[propext, Classical.choice, Quot.sound]
info: Kobon/Audit.lean:7:0: AUDIT Kobon.BBLCentralEnvelope.central_endpoint._proof_1_5: kernel; axioms=[propext, Quot.sound]
info: Kobon/Audit.lean:7:0: AUDIT Kobon.FurediPalasti.lower_bound._proof_1_3: kernel; axioms=[propext, Quot.sound]
info: Kobon/Audit.lean:7:0: AUDIT Kobon.FurediPalastiWrap.lower_pair_nonpos._proof_1_1: kernel; axioms=[propext, Quot.sound]
info: Kobon/Audit.lean:7:0: AUDIT Kobon.Reindex.shift_injective: kernel; axioms=[propext, Quot.sound]
info: Kobon/Audit.lean:7:0: AUDIT KobonExamples.QLine.mk.inj: kernel; axioms=[]
info: Kobon/Audit.lean:7:0: AUDIT Kobon.FurediPalastiTwoCaps.lower_inner_sign._proof_1_7: kernel; axioms=[propext, Quot.sound]
info: Kobon/Audit.lean:7:0: AUDIT Kobon.BBLRowOrder.newKey_symm._proof_1_9: kernel; axioms=[propext, Quot.sound]
info: Kobon/Audit.lean:7:0: AUDIT Kobon.BBLRowMax.row_extremal._proof_1_4: kernel; axioms=[propext, Quot.sound]
info: Kobon/Audit.lean:7:0: AUDIT Kobon.FurediPalastiCaps.step_bounds: kernel; axioms=[propext, Classical.choice, Quot.sound]
info: Kobon/Audit.lean:7:0: AUDIT Kobon.BBLRowOrder.newKey_injective._proof_1_59: kernel; axioms=[propext, Quot.sound]
info: Kobon/Audit.lean:7:0: AUDIT Kobon.BBLSeed21.all_visible: native-evaluation; axioms=[propext,
 Classical.choice,
 Quot.sound,
 Kobon.BBLSeed21.admissible_check._native.native_decide.ax_1_1,
 Kobon.BBLSeed21.directions._native.native_decide.ax_1_1,
 Kobon.BBLSeed21.visible_checks._native.native_decide.ax_1_1]
info: Kobon/Audit.lean:7:0: AUDIT Kobon.Results.best_classical_060: native-evaluation; axioms=[propext,
 Classical.choice,
 Quot.sound,
 Kobon.Certificates.N060T01141H9bc5096c.checked._native.native_decide.ax_1_1]
info: Kobon/Audit.lean:7:0: AUDIT Kobon.triangle_interior_uncut: kernel; axioms=[propext, Classical.choice, Quot.sound]
info: Kobon/Audit.lean:7:0: AUDIT Kobon.Results.classical_038: native-evaluation; axioms=[propext,
 Classical.choice,
 Quot.sound,
 Kobon.Certificates.N038T00449H46ad5a32.checked._native.native_decide.ax_1_1]
info: Kobon/Audit.lean:7:0: AUDIT Kobon.BBLRowOrder.newKey_injective._proof_1_14: kernel; axioms=[propext, Quot.sound]
info: Kobon/Audit.lean:7:0: AUDIT Kobon.Iteration49.profile_attains_49._proof_1_1: kernel; axioms=[propext, Classical.choice, Quot.sound]
info: Kobon/Audit.lean:7:0: AUDIT Kobon.BBLRowOrder.auxiliary_outside_of_close._proof_1_62: kernel; axioms=[propext, Classical.choice, Quot.sound]
info: Kobon/Audit.lean:7:0: AUDIT Kobon.BBLCentralPersistence.centralSigns_of_canonical._proof_1_7: kernel; axioms=[propext, Quot.sound]
info: Kobon/Audit.lean:7:0: AUDIT Kobon.FurediPalastiCaps.step_mul: kernel; axioms=[propext, Classical.choice, Quot.sound]
info: Kobon/Audit.lean:7:0: AUDIT Kobon.BBLNextSaturation.noncentral_gap._proof_1_24: kernel; axioms=[propext, Classical.choice, Quot.sound]
info: Kobon/Audit.lean:7:0: AUDIT Kobon.BBLAlternation.saturated_alternation._proof_1_3: kernel; axioms=[propext, Quot.sound]
info: Kobon/Audit.lean:7:0: AUDIT Kobon.BBLVisible.central_new_key_bound._proof_1_7: kernel; axioms=[propext, Quot.sound]
info: Kobon/Audit.lean:7:0: AUDIT Kobon.FurediPalastiCount.mem_bad._abel_1_5: kernel; axioms=[propext, Quot.sound]
info: Kobon/Audit.lean:7:0: AUDIT Kobon.BBLSeed21.parameters._proof_9: kernel; axioms=[propext]
info: Kobon/Audit.lean:7:0: AUDIT Kobon.BBLRowOrder.auxiliary_outside_of_close._proof_1_76: kernel; axioms=[propext, Classical.choice, Quot.sound]
info: Kobon/Audit.lean:7:0: AUDIT Kobon.Results.earlier_026: native-evaluation; axioms=[propext,
 Classical.choice,
 Quot.sound,
 Kobon.Certificates.N026T00204Hf71379c4.checked._native.native_decide.ax_1_1]
info: Kobon/Audit.lean:7:0: AUDIT Kobon.Results.classical_003: native-evaluation; axioms=[propext,
 Classical.choice,
 Quot.sound,
 Kobon.Certificates.N003T00001H05c82de6.checked._native.native_decide.ax_1_1]
info: Kobon/Audit.lean:7:0: AUDIT Kobon.BBLIntersection.pencil_crossing_x._simp_1_2: kernel; axioms=[propext]
info: Kobon/Audit.lean:7:0: AUDIT Kobon.BBLIntersection.crossing_displacement._simp_1_2: kernel; axioms=[propext]
info: Kobon/Audit.lean:7:0: AUDIT Kobon.Families.extra_family_identity: kernel; axioms=[propext, Classical.choice, Quot.sound]
info: Kobon/Audit.lean:7:0: AUDIT Kobon.Iteration49.profile_attains_53._proof_1_1: kernel; axioms=[propext, Classical.choice, Quot.sound]
info: Kobon/Audit.lean:7:0: AUDIT Kobon.FurediPalastiTwoCaps.upper_outer_sign._proof_1_13: kernel; axioms=[propext, Quot.sound]
info: Kobon/Audit.lean:7:0: AUDIT Kobon.BBLCentralEnvelope.central_endpoint._proof_1_3: kernel; axioms=[propext, Quot.sound]
info: Kobon/Audit.lean:7:0: AUDIT Kobon.BBLProfiles.profile_strict_order._proof_1_8: kernel; axioms=[propext, Quot.sound]
info: Kobon/Audit.lean:7:0: AUDIT Kobon.Results.best_classical_162: native-evaluation; axioms=[propext,
 Classical.choice,
 Quot.sound,
 Kobon.Certificates.N162T08612H1512e696.checked._native.native_decide.ax_1_1]
info: Kobon/Audit.lean:7:0: AUDIT Kobon.Certificates.N025T00191Hb568bffb.simple_lower_bound: native-evaluation; axioms=[propext,
 Classical.choice,
 Quot.sound,
 Kobon.Certificates.N025T00191Hb568bffb.checked._native.native_decide.ax_1_1,
 Kobon.Certificates.N025T00191Hb568bffb.no_concurrent._native.native_decide.ax_1_1]
info: Kobon/Audit.lean:7:0: AUDIT Kobon.BBLCanonicalPencil.arrangement_eq_rotate_pencil._proof_1_6: kernel; axioms=[propext, Quot.sound]
info: Kobon/Audit.lean:7:0: AUDIT Kobon.BBLGridReindex.perm_bound._proof_1_1: kernel; axioms=[propext, Quot.sound]
info: Kobon/Audit.lean:7:0: AUDIT Kobon.BBLRowOrder.auxiliary_outside_of_close._proof_1_59: kernel; axioms=[propext, Classical.choice, Quot.sound]
info: Kobon/Audit.lean:7:0: AUDIT Kobon.BBLRowOrder.key_bounds._proof_1_5: kernel; axioms=[propext, Classical.choice, Quot.sound]
info: Kobon/Audit.lean:7:0: AUDIT Kobon.Certificates.N025T00191Hb568bffb.checked: native-evaluation; axioms=[propext,
 Kobon.Certificates.N025T00191Hb568bffb.checked._native.native_decide.ax_1_1]
info: Kobon/Audit.lean:7:0: AUDIT Kobon.BBLLiftedRows.liftedCrossKey_le_iff._proof_1_2: kernel; axioms=[propext, Quot.sound]
info: Kobon/Audit.lean:7:0: AUDIT Kobon.Universal.classical_baseline_le._proof_1_6: kernel; axioms=[]
info: Kobon/Audit.lean:7:0: AUDIT Kobon.Certificates.N019T00107H5d2a7588.checked: native-evaluation; axioms=[propext,
 Kobon.Certificates.N019T00107H5d2a7588.checked._native.native_decide.ax_1_1]
info: Kobon/Audit.lean:7:0: AUDIT Kobon.BBLVisible.central_new_key_bound._proof_1_6: kernel; axioms=[propext, Quot.sound]
info: Kobon/Audit.lean:7:0: AUDIT Kobon.BBLCount.outside_subset._simp_1_2: kernel; axioms=[propext, Classical.choice, Quot.sound]
info: Kobon/Audit.lean:7:0: AUDIT Kobon.Certificates.N044T00608Hb5277675.no_concurrent: native-evaluation; axioms=[propext,
 Kobon.Certificates.N044T00608Hb5277675.no_concurrent._native.native_decide.ax_1_1]
info: Kobon/Audit.lean:7:0: AUDIT Kobon.AllN.baseline_after_last_exception._proof_1_2: kernel; axioms=[propext, Quot.sound]
info: Kobon/Audit.lean:7:0: AUDIT Kobon.BBLPencilProfiles.pair_profile_eventually._proof_1_6: kernel; axioms=[propext, Quot.sound]
info: Kobon/Audit.lean:7:0: AUDIT Kobon.BBLCrossingCoordinates.arrangement.eq_1: kernel; axioms=[propext, Classical.choice, Quot.sound]
info: Kobon/Audit.lean:7:0: AUDIT Kobon.BBLAlternation.saturated_alternation._proof_1_12: kernel; axioms=[propext, Quot.sound]
info: Kobon/Audit.lean:7:0: AUDIT Kobon.FurediPalastiWrap.upper_pair_nonpos._proof_1_9: kernel; axioms=[propext, Quot.sound]
info: Kobon/Audit.lean:7:0: AUDIT Kobon.BBLCaps.cap_no_aux_between._proof_1_53: kernel; axioms=[propext, Quot.sound]
info: Kobon/Audit.lean:7:0: AUDIT Kobon.AllN.exact_exception_values._proof_1_32: kernel; axioms=[]
info: Kobon/Audit.lean:7:0: AUDIT Kobon.FurediPalastiWrap.wrap_triangle: kernel; axioms=[propext, Classical.choice, Quot.sound]
info: Kobon/Audit.lean:7:0: AUDIT Kobon.BBLCapHeight.cap_key_height._proof_1_8: kernel; axioms=[propext, Classical.choice, Quot.sound]
info: Kobon/Audit.lean:7:0: AUDIT Kobon.BBLCaps.capRow_ne_horizontal._proof_1_5: kernel; axioms=[propext, Quot.sound]
info: Kobon/Audit.lean:7:0: AUDIT Kobon.BBLRowOrder.auxiliary_outside_of_close._proof_1_18: kernel; axioms=[propext, Classical.choice, Quot.sound]
info: Kobon/Audit.lean:7:0: AUDIT Kobon.CleanLineBudget.nonnegative_core_weight: kernel; axioms=[propext, Quot.sound]
info: Kobon/Audit.lean:7:0: AUDIT Kobon.BBLCount.outside.eq_1: kernel; axioms=[]
info: Kobon/Audit.lean:7:0: AUDIT Kobon.Universal.dominates_49_target: kernel; axioms=[propext, Classical.choice, Quot.sound]
info: Kobon/Audit.lean:7:0: AUDIT KobonBoundary.near_perfect_odd_extension: kernel; axioms=[propext, Classical.choice, Quot.sound]
info: Kobon/Audit.lean:7:0: AUDIT Kobon.BBLCaps.capRow_le._proof_1_1: kernel; axioms=[propext, Quot.sound]
info: Kobon/Audit.lean:7:0: AUDIT Kobon.ShiftedFurediPalasti.simple_lower_bound._proof_1_1: kernel; axioms=[propext, Quot.sound]
info: Kobon/Audit.lean:7:0: AUDIT Kobon.FurediPalastiTwoCaps.upper_triangle._proof_1_8: kernel; axioms=[propext, Quot.sound]
info: Kobon/Audit.lean:7:0: AUDIT Kobon.BBLCaps.capRow_ne_horizontal: kernel; axioms=[propext, Quot.sound]
info: Kobon/Audit.lean:7:0: AUDIT Kobon.BBLConsecutive.supports_consecutive._proof_1_2: kernel; axioms=[propext, Quot.sound]
info: Kobon/Audit.lean:7:0: AUDIT Kobon.BBLGrid.tangent_sum_rational._simp_1_2: kernel; axioms=[propext]
info: Kobon/Audit.lean:7:0: AUDIT Kobon.BBLPencilLimits.pairX._proof_1: kernel; axioms=[propext]
info: Kobon/Audit.lean:7:0: AUDIT Kobon.Cells.ofPredicate._proof_8: kernel; axioms=[propext, Quot.sound]
info: Kobon/Audit.lean:7:0: AUDIT Kobon.BBLAlternation.saturated_alternation._proof_1_4: kernel; axioms=[propext, Quot.sound]
info: Kobon/Audit.lean:7:0: AUDIT Kobon.AllN.dominates_every_saved_certificate._proof_1_19: kernel; axioms=[]
info: Kobon/Audit.lean:7:0: AUDIT Kobon.BBLRowOrder.auxiliary_outside_of_close._proof_1_5: kernel; axioms=[propext, Classical.choice, Quot.sound]
info: Kobon/Audit.lean:7:0: AUDIT Kobon.BBLCapBridge.endpointSigns_of_canonical._proof_1_10: kernel; axioms=[propext, Quot.sound]
info: Kobon/Audit.lean:7:0: AUDIT Kobon.BBLRowMax.row_bound_not_last._proof_1_5: kernel; axioms=[propext, Quot.sound]
info: Kobon/Audit.lean:7:0: AUDIT Kobon.Cells.TriangleGeometry.Cp: kernel; axioms=[propext, Classical.choice, Quot.sound]
info: Kobon/Audit.lean:7:0: AUDIT Kobon.Reindex.rotate_no_parallel: kernel; axioms=[propext, Classical.choice, Quot.sound]
info: Kobon/Audit.lean:7:0: AUDIT Kobon.Results.classical_006: native-evaluation; axioms=[propext,
 Classical.choice,
 Quot.sound,
 Kobon.Certificates.N006T00007H6ea9ebaa.checked._native.native_decide.ax_1_1]
info: Kobon/Audit.lean:7:0: AUDIT Kobon.Results.classical_028: native-evaluation; axioms=[propext,
 Classical.choice,
 Quot.sound,
 Kobon.Certificates.N028T00238H56ef2acb.checked._native.native_decide.ax_1_1]
info: Kobon/Audit.lean:7:0: AUDIT Kobon.BBLCaps.cap_side._proof_1_13: kernel; axioms=[propext, Quot.sound]
info: Kobon/Audit.lean:7:0: AUDIT Kobon.BBLConsecutive.supports_consecutive._proof_1_6: kernel; axioms=[propext, Quot.sound]
info: Kobon/Audit.lean:7:0: AUDIT Kobon.BBLSimple.canonical_no_concurrent._proof_1_2: kernel; axioms=[propext, Classical.choice, Quot.sound]
info: Kobon/Audit.lean:7:0: AUDIT Kobon.AllN.dominates_every_saved_certificate._proof_1_51: kernel; axioms=[]
info: Kobon/Audit.lean:7:0: AUDIT Kobon.Cells.line_valid._proof_1_2: kernel; axioms=[propext, Quot.sound]
info: Kobon/Audit.lean:7:0: AUDIT Kobon.AllN.enhancement.eq_43: kernel; axioms=[]
info: Kobon/Audit.lean:7:0: AUDIT Kobon.Universal.baseline_improvement._proof_1_1: kernel; axioms=[propext, Quot.sound]
info: Kobon/Audit.lean:7:0: AUDIT Kobon.AllN.baseline_after_last_exception._proof_1_41: kernel; axioms=[propext, Quot.sound]
info: Kobon/Audit.lean:7:0: AUDIT Kobon.AllN.dominates_every_saved_certificate._proof_1_106: kernel; axioms=[]
info: Kobon/Audit.lean:7:0: AUDIT Kobon.TamuraSeed5.directions._proof_1_1: kernel; axioms=[propext, Classical.choice, Quot.sound]
info: Kobon/Audit.lean:7:0: AUDIT Kobon.AllN.baseline_dominates_49_target._proof_1_3: kernel; axioms=[propext, Quot.sound]
info: Kobon/Audit.lean:7:0: AUDIT Kobon.Universal.baseline_improvement._proof_1_3: kernel; axioms=[propext, Quot.sound]
info: Kobon/Audit.lean:7:0: AUDIT Kobon.BBLSeed21.distinguished_count._proof_1_1: kernel; axioms=[]
info: Kobon/Audit.lean:7:0: AUDIT Kobon.BBLCentral.corrected.eq_1: kernel; axioms=[propext, Classical.choice, Quot.sound]
info: Kobon/Audit.lean:7:0: AUDIT Kobon.BBLRowOrder.auxiliary_outside_of_close._proof_1_4: kernel; axioms=[propext, Classical.choice, Quot.sound]
info: Kobon/Audit.lean:7:0: AUDIT Kobon.BBLRealization.horizontal_profile._proof_1_21: kernel; axioms=[propext, Quot.sound]
info: Kobon/Audit.lean:7:0: AUDIT Kobon.BBLLiftedKeys.lifted_anchor._proof_1_10: kernel; axioms=[propext, Classical.choice, Quot.sound]
info: Kobon/Audit.lean:7:0: AUDIT Kobon.BBLCentralEnvelope.central_endpoint._proof_1_15: kernel; axioms=[propext, Quot.sound]
info: Kobon/Audit.lean:7:0: AUDIT Kobon.BBLSimple.row_excludes_concurrence: kernel; axioms=[propext, Classical.choice, Quot.sound]
info: Kobon/Audit.lean:7:0: AUDIT Kobon.SimpleLowerBound.classical: kernel; axioms=[propext, Classical.choice, Quot.sound]
info: Kobon/Audit.lean:7:0: AUDIT Kobon.Parametric.orientedForm.eq_1: kernel; axioms=[propext, Classical.choice, Quot.sound]
info: Kobon/Audit.lean:7:0: AUDIT Kobon.BBLLiftedKeys.lifted_anchor._proof_1_30: kernel; axioms=[propext, Quot.sound]
info: Kobon/Audit.lean:7:0: AUDIT Kobon.FurediPalastiChart.vertexX._proof_1: kernel; axioms=[propext]
info: Kobon/Audit.lean:7:0: AUDIT Kobon.Certificates.N004T00002H0e541bd5.simple_lower_bound: native-evaluation; axioms=[propext,
 Classical.choice,
 Quot.sound,
 Kobon.Certificates.N004T00002H0e541bd5.checked._native.native_decide.ax_1_1,
 Kobon.Certificates.N004T00002H0e541bd5.no_concurrent._native.native_decide.ax_1_1]
info: Kobon/Audit.lean:7:0: AUDIT Kobon.BBLConsecutive.supports_consecutive._proof_1_10: kernel; axioms=[propext, Quot.sound]
info: Kobon/Audit.lean:7:0: AUDIT Kobon.HybridBoundary.derivative_nonneg_iff._simp_1_5: kernel; axioms=[propext]
info: Kobon/Audit.lean:7:0: AUDIT Kobon.AllN.baseline_after_last_exception._proof_1_8: kernel; axioms=[propext, Quot.sound]
info: Kobon/Audit.lean:7:0: AUDIT Kobon.Certificates.N099T03168Ha0ea3082.no_concurrent: native-evaluation; axioms=[propext,
 Kobon.Certificates.N099T03168Ha0ea3082.no_concurrent._native.native_decide.ax_1_1]
info: Kobon/Audit.lean:7:0: AUDIT Kobon.BBLLiftedKeys.lifted_anchor._proof_1_33: kernel; axioms=[propext, Classical.choice, Quot.sound]
info: Kobon/Audit.lean:7:0: AUDIT Kobon.BBLAlternation.graph_height: kernel; axioms=[propext, Classical.choice, Quot.sound]
info: Kobon/Audit.lean:7:0: AUDIT Kobon.Iteration49.boundary_51._proof_2: kernel; axioms=[propext]
info: Kobon/Audit.lean:7:0: AUDIT Kobon.BBLSeed21.distinguished_count: kernel; axioms=[]
info: Kobon/Audit.lean:7:0: AUDIT Kobon.Cells.TriangleGeometry.Aq: kernel; axioms=[propext, Classical.choice, Quot.sound]
info: Kobon/Audit.lean:7:0: AUDIT Kobon.Iteration49.boundary_49._proof_26: kernel; axioms=[propext]
info: Kobon/Audit.lean:7:0: AUDIT Kobon.BBLRowGeometry.row_outside._proof_1_13: kernel; axioms=[propext, Quot.sound]
info: Kobon/Audit.lean:7:0: AUDIT Kobon.FurediPalastiTwoCaps.lower_cap_sign._proof_1_10: kernel; axioms=[propext, Quot.sound]
info: Kobon/Audit.lean:7:0: AUDIT Kobon.Certificates.N055T00955H202625a3.checked: native-evaluation; axioms=[propext,
 Kobon.Certificates.N055T00955H202625a3.checked._native.native_decide.ax_1_1]
info: Kobon/Audit.lean:7:0: AUDIT Kobon.BBLRowOrder.newKey_symm._proof_1_58: kernel; axioms=[propext, Quot.sound]
info: Kobon/Audit.lean:7:0: AUDIT Kobon.Results.best_classical_029: native-evaluation; axioms=[propext,
 Classical.choice,
 Quot.sound,
 Kobon.Certificates.N029T00261Hd4805c25.checked._native.native_decide.ax_1_1]
info: Kobon/Audit.lean:7:0: AUDIT Kobon.BBLLiftedKeys.lifted_anchor._proof_1_49: kernel; axioms=[propext, Quot.sound]
info: Kobon/Audit.lean:7:0: AUDIT Kobon.BBLRowOrder.newKey_injective._proof_1_8: kernel; axioms=[propext, Quot.sound]
info: Kobon/Audit.lean:7:0: AUDIT Kobon.BBLCaps.cap_no_aux_between._proof_1_33: kernel; axioms=[propext, Quot.sound]
info: Kobon/Audit.lean:7:0: AUDIT Kobon.TamuraSeed5.triangle_checks._proof_1_1: kernel; axioms=[propext, Classical.choice, Quot.sound]
info: Kobon/Audit.lean:7:0: AUDIT Kobon.AllN.dominates_every_saved_certificate._proof_1_62: kernel; axioms=[]
info: Kobon/Audit.lean:7:0: AUDIT Kobon.FurediPalastiChart.exists_cut._simp_1_2: kernel; axioms=[propext]
info: Kobon/Audit.lean:7:0: AUDIT Kobon.AllN.enhancement.eq_45: kernel; axioms=[]
info: Kobon/Audit.lean:7:0: AUDIT Kobon.BBLRowGeometry.mixed_triangle._proof_1_7: kernel; axioms=[propext, Quot.sound]
info: Kobon/Audit.lean:7:0: AUDIT Kobon.Certificates.N008T00014H2a63f4d9.no_concurrent: native-evaluation; axioms=[propext,
 Kobon.Certificates.N008T00014H2a63f4d9.no_concurrent._native.native_decide.ax_1_1]
info: Kobon/Audit.lean:7:0: AUDIT Kobon.AllN.strict_improvements._proof_1_30: kernel; axioms=[]
info: Kobon/Audit.lean:7:0: AUDIT Kobon.BBLGridReindex.perm_inv._proof_1_12: kernel; axioms=[propext, Quot.sound]
info: Kobon/Audit.lean:7:0: AUDIT Kobon.Results.classical_016: native-evaluation; axioms=[propext,
 Classical.choice,
 Quot.sound,
 Kobon.Certificates.N016T00072H391cf79a.checked._native.native_decide.ax_1_1]
info: Kobon/Audit.lean:7:0: AUDIT KobonBoundary.even_full_gain: kernel; axioms=[propext, Classical.choice, Quot.sound]
info: Kobon/Audit.lean:7:0: AUDIT Kobon.BBLCount.mem_mixed._simp_1_3: kernel; axioms=[propext, Classical.choice, Quot.sound]
info: Kobon/Audit.lean:7:0: AUDIT Kobon.AllN.exact_exception_values._proof_1_50: kernel; axioms=[]
info: Kobon/Audit.lean:7:0: AUDIT Kobon.Certificates.N050T00791H6bde86a3.no_concurrent: native-evaluation; axioms=[propext,
 Kobon.Certificates.N050T00791H6bde86a3.no_concurrent._native.native_decide.ax_1_1]
info: Kobon/Audit.lean:7:0: AUDIT Kobon.BBLCapSigns.cap_key_signs._proof_1_19: kernel; axioms=[propext, Quot.sound]
info: Kobon/Audit.lean:7:0: AUDIT Kobon.BBLIntersection.one_add_sq_pos: kernel; axioms=[propext, Classical.choice, Quot.sound]
info: Kobon/Audit.lean:7:0: AUDIT Kobon.FanGeometry.FanStrip.ordinary_internal: kernel; axioms=[propext, Classical.choice, Quot.sound]
info: Kobon/Audit.lean:7:0: AUDIT Kobon.BBLVisible.auxPair_keys._proof_1_27: kernel; axioms=[propext, Quot.sound]
info: Kobon/Audit.lean:7:0: AUDIT Kobon.AllN.baseline_after_last_exception._proof_1_28: kernel; axioms=[propext, Quot.sound]
info: Kobon/Audit.lean:7:0: AUDIT Kobon.BBLCaps.cap_side._proof_1_10: kernel; axioms=[propext, Quot.sound]
info: Kobon/Audit.lean:7:0: AUDIT Kobon.Results.classical_041: native-evaluation; axioms=[propext,
 Classical.choice,
 Quot.sound,
 Kobon.Certificates.N041T00533H01e2ef66.checked._native.native_decide.ax_1_1]
info: Kobon/Audit.lean:7:0: AUDIT Kobon.Projective.nonpos_preserved_negative: kernel; axioms=[propext, Classical.choice, Quot.sound]
info: Kobon/Audit.lean:7:0: AUDIT Kobon.FurediPalastiTwoCaps.upper_inner_sign._proof_1_9: kernel; axioms=[propext, Quot.sound]
info: Kobon/Audit.lean:7:0: AUDIT Kobon.Results.best_simple_033: native-evaluation; axioms=[propext,
 Classical.choice,
 Quot.sound,
 Kobon.Certificates.N033T00341H95f3b770.checked._native.native_decide.ax_1_1,
 Kobon.Certificates.N033T00341H95f3b770.no_concurrent._native.native_decide.ax_1_1]
info: Kobon/Audit.lean:7:0: AUDIT Kobon.AllN.exact_exception_values._proof_1_7: kernel; axioms=[]
info: Kobon/Audit.lean:7:0: AUDIT Kobon.FurediPalastiTwoCaps.lower_inner_sign._proof_1_10: kernel; axioms=[propext, Quot.sound]
info: Kobon/Audit.lean:7:0: AUDIT Kobon.BBLCapEnvelope.sign_transfer: kernel; axioms=[propext, Classical.choice, Quot.sound]
info: Kobon/Audit.lean:7:0: AUDIT Kobon.BBLRowOrder.auxiliary_outside_of_close._proof_1_95: kernel; axioms=[propext, Classical.choice, Quot.sound]
info: Kobon/Audit.lean:7:0: AUDIT Kobon.ShiftedFurediPalasti.selected_sum_nonzero._proof_1_3: kernel; axioms=[propext, Quot.sound]
info: Kobon/Audit.lean:7:0: AUDIT Kobon.BBLRealizedPencil.no_concurrent._proof_1: kernel; axioms=[propext, Quot.sound]
info: Kobon/Audit.lean:7:0: AUDIT Kobon.TamuraTangentBounds.tan_8_3_bounds: kernel; axioms=[propext, Classical.choice, Quot.sound]
info: Kobon/Audit.lean:7:0: AUDIT Kobon.TamuraSeed5.ordered._proof_1_1: kernel; axioms=[]
info: Kobon/Audit.lean:7:0: AUDIT Kobon.BBLPencilLimits.displacementCoeff_zero._simp_1_4: kernel; axioms=[propext]
info: Kobon/Audit.lean:7:0: AUDIT Kobon.BBLCapEnvelope.cap_right_endpoint._proof_1_7: kernel; axioms=[propext, Quot.sound]
info: Kobon/Audit.lean:7:0: AUDIT Kobon.BBLCaps.capRow_ne_horizontal._proof_1_1: kernel; axioms=[propext, Quot.sound]
info: Kobon/Audit.lean:7:0: AUDIT KobonBoundary.full_step_iff_both_parities._proof_1_9: kernel; axioms=[propext, Quot.sound]
info: Kobon/Audit.lean:7:0: AUDIT Kobon.Universal.baseline_sound._proof_1_2: kernel; axioms=[propext, Quot.sound]
info: Kobon/Audit.lean:7:0: AUDIT Kobon.AllN.exact_exception_values._proof_1_10: kernel; axioms=[]
info: Kobon/Audit.lean:7:0: AUDIT Kobon.FurediPalastiCount.good_le_six_ordered: kernel; axioms=[propext, Classical.choice, Quot.sound]
info: Kobon/Audit.lean:7:0: AUDIT Kobon.TangentBounds.tan_two_fifths_bounds: kernel; axioms=[propext, Classical.choice, Quot.sound]
info: Kobon/Audit.lean:7:0: AUDIT Kobon.Certificates.N053T00885H6bc5b14d.simple_lower_bound: native-evaluation; axioms=[propext,
 Classical.choice,
 Quot.sound,
 Kobon.Certificates.N053T00885H6bc5b14d.checked._native.native_decide.ax_1_1,
 Kobon.Certificates.N053T00885H6bc5b14d.no_concurrent._native.native_decide.ax_1_1]
info: Kobon/Audit.lean:7:0: AUDIT Kobon.BBLCaps.cap_no_aux_between._proof_1_59: kernel; axioms=[propext, Classical.choice, Quot.sound]
info: Kobon/Audit.lean:7:0: AUDIT Kobon.FurediPalastiTwoCaps.lower_triangle._proof_1_8: kernel; axioms=[propext, Quot.sound]
info: Kobon/Audit.lean:7:0: AUDIT Kobon.BBLCapBridge.cap_replaced_eventually._proof_1_2: kernel; axioms=[propext, Quot.sound]
info: Kobon/Audit.lean:7:0: AUDIT Kobon.BBLGridReindex.rightmost._proof_1_2: kernel; axioms=[propext, Quot.sound]
info: Kobon/Audit.lean:7:0: AUDIT Kobon.FurediPalasti.selected_indices._proof_1_5: kernel; axioms=[propext, Quot.sound]
info: Kobon/Audit.lean:7:0: AUDIT Kobon.BBLRowOrder.newKey_injective._proof_1_34: kernel; axioms=[propext, Quot.sound]
info: Kobon/Audit.lean:7:0: AUDIT Kobon.BBLRowGeometry.row_outside._proof_1_6: kernel; axioms=[propext, Quot.sound]
info: Kobon/Audit.lean:7:0: AUDIT Kobon.Certificates.N051T00818Hc18e1baf.simple_lower_bound: native-evaluation; axioms=[propext,
 Classical.choice,
 Quot.sound,
 Kobon.Certificates.N051T00818Hc18e1baf.checked._native.native_decide.ax_1_1,
 Kobon.Certificates.N051T00818Hc18e1baf.no_concurrent._native.native_decide.ax_1_1]
info: Kobon/Audit.lean:7:0: AUDIT Kobon.BBLRowOrder.auxiliary_outside_of_close._proof_1_42: kernel; axioms=[propext, Classical.choice, Quot.sound]
info: Kobon/Audit.lean:7:0: AUDIT Kobon.BBLProfiles.profile_left_eventually._proof_1_4: kernel; axioms=[propext, Quot.sound]
info: Kobon/Audit.lean:7:0: AUDIT Kobon.Results.earlier_041: native-evaluation; axioms=[propext,
 Classical.choice,
 Quot.sound,
 Kobon.Certificates.N041T00533H01e2ef66.checked._native.native_decide.ax_1_1]
info: Kobon/Audit.lean:7:0: AUDIT Kobon.BBLAlternation.product_pos_of_weak: kernel; axioms=[propext, Classical.choice, Quot.sound]
info: Kobon/Audit.lean:7:0: AUDIT Kobon.BBLRowOrder.auxiliary_outside_of_close._proof_1_31: kernel; axioms=[propext, Quot.sound]
info: Kobon/Audit.lean:7:0: AUDIT Kobon.BBLPencilProfiles.pair_profile_eventually._proof_1_3: kernel; axioms=[propext, Quot.sound]
info: Kobon/Audit.lean:7:0: AUDIT Kobon.Certificates.N014T00052Hb3f4749f.lower_bound: native-evaluation; axioms=[propext,
 Classical.choice,
 Quot.sound,
 Kobon.Certificates.N014T00052Hb3f4749f.checked._native.native_decide.ax_1_1]
info: Kobon/Audit.lean:7:0: AUDIT Kobon.BBLLiftedRows.crossKey_injective._proof_1_6: kernel; axioms=[propext, Quot.sound]
info: Kobon/Audit.lean:7:0: AUDIT Kobon.AllN.exact_exception_values._proof_1_20: kernel; axioms=[]
info: Kobon/Audit.lean:7:0: AUDIT Kobon.Certificates.N007T00011He6b9a626.checked: native-evaluation; axioms=[propext,
 Kobon.Certificates.N007T00011He6b9a626.checked._native.native_decide.ax_1_1]
info: Kobon/Audit.lean:7:0: AUDIT Kobon.BBLRowOrder.auxiliary_outside_of_close._proof_1_16: kernel; axioms=[propext, Classical.choice, Quot.sound]
info: Kobon/Audit.lean:7:0: AUDIT Kobon.BBLRowOrder.auxiliary_outside_of_close._proof_1_21: kernel; axioms=[propext, Classical.choice, Quot.sound]
info: Kobon/Audit.lean:7:0: AUDIT Kobon.BBLGridCuts.cut_pos._proof_1_4: kernel; axioms=[propext, Quot.sound]
info: Kobon/Audit.lean:7:0: AUDIT Kobon.Exterior.extension._proof_1_1: kernel; axioms=[propext, Quot.sound]
info: Kobon/Audit.lean:7:0: AUDIT Kobon.BBLCapBridge.endpointSigns_of_canonical._proof_1_6: kernel; axioms=[propext, Quot.sound]
info: Kobon/Audit.lean:7:0: AUDIT Kobon.Certificates.N026T00203H5452b4ff.checked: native-evaluation; axioms=[propext,
 Kobon.Certificates.N026T00203H5452b4ff.checked._native.native_decide.ax_1_1]
info: Kobon/Audit.lean:7:0: AUDIT Kobon.BBLGrid.factor_trigonometric._simp_1_5: kernel; axioms=[propext]
info: Kobon/Audit.lean:7:0: AUDIT Kobon.TamuraSeed5.all_triangles._simp_1_1: kernel; axioms=[propext, Quot.sound]
info: Kobon/Audit.lean:7:0: AUDIT Kobon.CleanLineBudget.one_triple_point: kernel; axioms=[propext, Quot.sound]
info: Kobon/Audit.lean:7:0: AUDIT Kobon.BBLRealization.crossing_order_eventually: kernel; axioms=[propext, Classical.choice, Quot.sound]
info: Kobon/Audit.lean:7:0: AUDIT Kobon.Iteration49.boundary_49._proof_34: kernel; axioms=[propext]
info: Kobon/Audit.lean:7:0: AUDIT Kobon.BBLIntersection.pencil_crossing_x._simp_1_6: kernel; axioms=[propext]
info: Kobon/Audit.lean:7:0: AUDIT Kobon.BBLPencilProfiles.pair_profile_eventually: kernel; axioms=[propext, Classical.choice, Quot.sound]
info: Kobon/Audit.lean:7:0: AUDIT Kobon.AllN.strict_improvements._proof_1_57: kernel; axioms=[]
info: Kobon/Audit.lean:7:0: AUDIT Kobon.BBLCapSigns.cap_key_signs._proof_1_47: kernel; axioms=[propext, Classical.choice, Quot.sound]
info: Kobon/Audit.lean:7:0: AUDIT Kobon.BBLProfiles.profile_strict_order._proof_1_1: kernel; axioms=[propext, Quot.sound]
info: Kobon/Audit.lean:7:0: AUDIT Kobon.Results.simple_026: native-evaluation; axioms=[propext,
 Classical.choice,
 Quot.sound,
 Kobon.Certificates.N026T00203He61b423c.checked._native.native_decide.ax_1_1,
 Kobon.Certificates.N026T00203He61b423c.no_concurrent._native.native_decide.ax_1_1]
info: Kobon/Audit.lean:7:0: AUDIT Kobon.SharedFan.geometry.eq_1: kernel; axioms=[propext, Classical.choice, Quot.sound]
info: Kobon/Audit.lean:7:0: AUDIT Kobon.BBLVisible.central_visible._proof_1_3: kernel; axioms=[propext, Quot.sound]
info: Kobon/Audit.lean:7:0: AUDIT Kobon.BBLGridReindex.inv_perm._proof_1_3: kernel; axioms=[propext, Quot.sound]
info: Kobon/Audit.lean:7:0: AUDIT Kobon.SeedFamily.directions._proof_1_1: kernel; axioms=[propext, Classical.choice, Quot.sound]
info: Kobon/Audit.lean:7:0: AUDIT Kobon.BBLRealizedPencil.realized_pencil_eventually: kernel; axioms=[propext, Classical.choice, Quot.sound]
info: Kobon/Audit.lean:7:0: AUDIT Kobon.BBLCapRetention.cap_retained_eventually._proof_1_4: kernel; axioms=[propext, Quot.sound]
info: Kobon/Audit.lean:7:0: AUDIT Kobon.BBLCrossingCoordinates.arrangement_old: kernel; axioms=[propext, Classical.choice, Quot.sound]
info: Kobon/Audit.lean:7:0: AUDIT Kobon.Iteration.full_step_iteration._proof_1_1: kernel; axioms=[propext, Quot.sound]
info: Kobon/Audit.lean:7:0: AUDIT Kobon.BBLNextSaturation.noncentral_gap._proof_1_32: kernel; axioms=[propext, Quot.sound]
info: Kobon/Audit.lean:7:0: AUDIT Kobon.BBLVisible.central_new_key_bound: kernel; axioms=[propext, Classical.choice, Quot.sound]
info: Kobon/Audit.lean:7:0: AUDIT Kobon.BBLNextSaturation.noncentral_gap._proof_1_10: kernel; axioms=[propext, Quot.sound]
info: Kobon/Audit.lean:7:0: AUDIT Kobon.BBLCount.neighbors_count._simp_1_3: kernel; axioms=[propext, Classical.choice, Quot.sound]
info: Kobon/Audit.lean:7:0: AUDIT Kobon.FurediPalastiTwoCaps.two_cap_simple_lower_bound._proof_1_1: kernel; axioms=[propext, Quot.sound]
info: Kobon/Audit.lean:7:0: AUDIT Kobon.BBLRowOrder.auxiliary_outside_of_close._proof_1_66: kernel; axioms=[propext, Classical.choice, Quot.sound]
info: Kobon/Audit.lean:7:0: AUDIT Kobon.BBLCentral.leading_formula: kernel; axioms=[propext, Classical.choice, Quot.sound]
info: Kobon/Audit.lean:7:0: AUDIT Kobon.BBLGridCuts.right_angle_bounds._proof_1_1: kernel; axioms=[propext, Quot.sound]
info: Kobon/Audit.lean:7:0: AUDIT Kobon.BBLAlternation.oriented_base: kernel; axioms=[propext, Classical.choice, Quot.sound]
info: Kobon/Audit.lean:7:0: AUDIT Kobon.BBLVisible.central_visible._proof_1_9: kernel; axioms=[propext, Quot.sound]
info: Kobon/Audit.lean:7:0: AUDIT Kobon.AllN.enhancement.eq_28: kernel; axioms=[]
info: Kobon/Audit.lean:7:0: AUDIT Kobon.BBLGridReindex.next_cut._proof_1_8: kernel; axioms=[propext, Quot.sound]
info: Kobon/Audit.lean:7:0: AUDIT Kobon.BBLVisible.aux_visible._proof_1_1: kernel; axioms=[propext, Quot.sound]
info: Kobon/Audit.lean:7:0: AUDIT Kobon.FurediPalastiCount.mem_fiber._simp_1_2: kernel; axioms=[propext, Classical.choice, Quot.sound]
info: Kobon/Audit.lean:7:0: AUDIT Kobon.FurediPalastiCaps.above_left_caps._proof_1_6: kernel; axioms=[propext, Classical.choice, Quot.sound]
info: Kobon/Audit.lean:7:0: AUDIT Kobon.BBLGridCuts.cut_pos: kernel; axioms=[propext, Classical.choice, Quot.sound]
info: Kobon/Audit.lean:7:0: AUDIT Kobon.AllN.exact_exception_values._proof_1_60: kernel; axioms=[]
info: Kobon/Audit.lean:7:0: AUDIT Kobon.BBLGridReindex.next_cut._proof_1_15: kernel; axioms=[propext, Quot.sound]
info: Kobon/Audit.lean:7:0: AUDIT Kobon.BBLCapBridge.canonical_endpoint_signs._proof_1_5: kernel; axioms=[propext, Classical.choice, Quot.sound]
info: Kobon/Audit.lean:7:0: AUDIT Kobon.Certificates.N045T00645H3dc6e882.no_concurrent: native-evaluation; axioms=[propext,
 Kobon.Certificates.N045T00645H3dc6e882.no_concurrent._native.native_decide.ax_1_1]
info: Kobon/Audit.lean:7:0: AUDIT Kobon.FurediPalastiTwoCaps.lower_cap_sign._proof_1_4: kernel; axioms=[propext, Quot.sound]
info: Kobon/Audit.lean:7:0: AUDIT Kobon.BBLCount.outside_subset._proof_1_13: kernel; axioms=[propext, Quot.sound]
info: Kobon/Audit.lean:7:0: AUDIT Kobon.Certificates.N044T00602H0b0250bf.simple_lower_bound: native-evaluation; axioms=[propext,
 Classical.choice,
 Quot.sound,
 Kobon.Certificates.N044T00602H0b0250bf.checked._native.native_decide.ax_1_1,
 Kobon.Certificates.N044T00602H0b0250bf.no_concurrent._native.native_decide.ax_1_1]
info: Kobon/Audit.lean:7:0: AUDIT Kobon.BBLRowOrder.newKey_symm._proof_1_11: kernel; axioms=[propext, Classical.choice, Quot.sound]
info: Kobon/Audit.lean:7:0: AUDIT Kobon.Certificates.N011T00032Hb955e7c9.lower_bound: native-evaluation; axioms=[propext,
 Classical.choice,
 Quot.sound,
 Kobon.Certificates.N011T00032Hb955e7c9.checked._native.native_decide.ax_1_1]
info: Kobon/Audit.lean:7:0: AUDIT Kobon.Results.simple_013: native-evaluation; axioms=[propext,
 Classical.choice,
 Quot.sound,
 Kobon.Certificates.N013T00047Hddec1f78.checked._native.native_decide.ax_1_1,
 Kobon.Certificates.N013T00047Hddec1f78.no_concurrent._native.native_decide.ax_1_1]
info: Kobon/Audit.lean:7:0: AUDIT Kobon.BBLRowOrder.newKey_injective._proof_1_94: kernel; axioms=[propext, Classical.choice, Quot.sound]
info: Kobon/Audit.lean:7:0: AUDIT Kobon.BBLRealization.strict_new_rows_eventually: kernel; axioms=[propext, Classical.choice, Quot.sound]
info: Kobon/Audit.lean:7:0: AUDIT Kobon.ShiftedFurediPalasti.selected_triangle._proof_1_7: kernel; axioms=[propext, Quot.sound]
info: Kobon/Audit.lean:7:0: AUDIT Kobon.BBLRowOrder.newKey_symm._proof_1_10: kernel; axioms=[propext, Quot.sound]
info: Kobon/Audit.lean:7:0: AUDIT Kobon.BBLMaximization.sine_grid_separation._proof_1_1: kernel; axioms=[propext, Quot.sound]
info: Kobon/Audit.lean:7:0: AUDIT Kobon.BBLLiftedRows.crossKey_injective._proof_1_1: kernel; axioms=[propext, Quot.sound]
info: Kobon/Audit.lean:7:0: AUDIT Kobon.BBLSeed21.parameters.eq_1: kernel; axioms=[propext, Classical.choice, Quot.sound]
info: Kobon/Audit.lean:7:0: AUDIT Kobon.BBLLiftedRows.liftedCrossKey_le_iff._proof_1_9: kernel; axioms=[propext, Quot.sound]
info: Kobon/Audit.lean:7:0: AUDIT Kobon.BBLGridReindex.rightmost._proof_1_4: kernel; axioms=[propext, Quot.sound]
info: Kobon/Audit.lean:7:0: AUDIT Kobon.HybridBoundary.visible_sound: kernel; axioms=[propext, Classical.choice, Quot.sound]
info: Kobon/Audit.lean:7:0: AUDIT Kobon.Results.classical_009: native-evaluation; axioms=[propext,
 Classical.choice,
 Quot.sound,
 Kobon.Certificates.N009T00021H6ebbed82.checked._native.native_decide.ax_1_1]
info: Kobon/Audit.lean:7:0: AUDIT Kobon.BBLCaps.cap_no_aux_between._proof_1_60: kernel; axioms=[propext, Classical.choice, Quot.sound]
info: Kobon/Audit.lean:7:0: AUDIT Kobon.FanCount.window_bound._proof_1_1: kernel; axioms=[propext, Classical.choice, Quot.sound]
info: Kobon/Audit.lean:7:0: AUDIT Kobon.BBLRowOrder.newKey_injective._proof_1_83: kernel; axioms=[propext, Quot.sound]
info: Kobon/Audit.lean:7:0: AUDIT Kobon.Certificates.N037T00431H11f0bde7.no_concurrent: native-evaluation; axioms=[propext,
 Kobon.Certificates.N037T00431H11f0bde7.no_concurrent._native.native_decide.ax_1_1]
info: Kobon/Audit.lean:7:0: AUDIT KobonExamples.good5_count: kernel; axioms=[propext, Classical.choice, Quot.sound]
info: Kobon/Audit.lean:7:0: AUDIT Kobon.Certificates.N008T00014H2a63f4d9.simple_lower_bound: native-evaluation; axioms=[propext,
 Classical.choice,
 Quot.sound,
 Kobon.Certificates.N008T00014H2a63f4d9.checked._native.native_decide.ax_1_1,
 Kobon.Certificates.N008T00014H2a63f4d9.no_concurrent._native.native_decide.ax_1_1]
info: Kobon/Audit.lean:7:0: AUDIT Kobon.Parametric.lower_le: kernel; axioms=[propext, Classical.choice, Quot.sound]
info: Kobon/Audit.lean:7:0: AUDIT Kobon.FurediPalastiCaps.cap_eq_step: kernel; axioms=[propext, Classical.choice, Quot.sound]
info: Kobon/Audit.lean:7:0: AUDIT Kobon.BBLLiftedKeys.complement_key: kernel; axioms=[propext, Classical.choice, Quot.sound]
info: Kobon/Audit.lean:7:0: AUDIT Kobon.BBLCount.outsidePairs.eq_1: kernel; axioms=[propext, Classical.choice, Quot.sound]
info: Kobon/Audit.lean:7:0: AUDIT Kobon.ShiftedFurediPalasti.noConcurrent._proof_1_5: kernel; axioms=[propext, Quot.sound]
info: Kobon/Audit.lean:7:0: AUDIT Kobon.BBLRowMax.row_extremal._proof_1_2: kernel; axioms=[propext, Quot.sound]
info: Kobon/Audit.lean:7:0: AUDIT Kobon.eval_intersection: kernel; axioms=[propext, Classical.choice, Quot.sound]
info: Kobon/Audit.lean:7:0: AUDIT Kobon.BBLLiftedKeys.lifted_anchor._proof_1_2: kernel; axioms=[propext, Quot.sound]
info: Kobon/Audit.lean:7:0: AUDIT Kobon.Certificates.N015T00061H7c38d54f.checked: native-evaluation; axioms=[propext,
 Kobon.Certificates.N015T00061H7c38d54f.checked._native.native_decide.ax_1_1]
info: Kobon/Audit.lean:7:0: AUDIT Kobon.BBLRealization.horizontal_coordinate_profile._proof_1_19: kernel; axioms=[propext,
 Classical.choice,
 Quot.sound]
info: Kobon/Audit.lean:7:0: AUDIT Kobon.BBLRowOrder.newKey_symm._proof_1_15: kernel; axioms=[propext, Quot.sound]
info: Kobon/Audit.lean:7:0: AUDIT Kobon.Results.best_simple_006: native-evaluation; axioms=[propext,
 Classical.choice,
 Quot.sound,
 Kobon.Certificates.N006T00007H6ea9ebaa.checked._native.native_decide.ax_1_1,
 Kobon.Certificates.N006T00007H6ea9ebaa.no_concurrent._native.native_decide.ax_1_1]
info: Kobon/Audit.lean:7:0: AUDIT KobonExamples.bad5_count: kernel; axioms=[propext, Classical.choice, Quot.sound]
info: Kobon/Audit.lean:7:0: AUDIT Kobon.Certificates.N030T00275Hdcfe649a.simple_lower_bound: native-evaluation; axioms=[propext,
 Classical.choice,
 Quot.sound,
 Kobon.Certificates.N030T00275Hdcfe649a.checked._native.native_decide.ax_1_1,
 Kobon.Certificates.N030T00275Hdcfe649a.no_concurrent._native.native_decide.ax_1_1]
info: Kobon/Audit.lean:7:0: AUDIT Kobon.BBLExtrema.extremal_visible: kernel; axioms=[propext, Classical.choice, Quot.sound]
info: Kobon/Audit.lean:7:0: AUDIT Kobon.AllN.dominates_every_saved_certificate._proof_1_109: kernel; axioms=[]
info: Kobon/Audit.lean:7:0: AUDIT Kobon.BBLVisible.key_row_max: kernel; axioms=[propext, Classical.choice, Quot.sound]
info: Kobon/Audit.lean:7:0: AUDIT Kobon.FurediPalastiChart.exists_cut._proof_1_1: kernel; axioms=[propext, Quot.sound]
info: Kobon/Audit.lean:7:0: AUDIT Kobon.BBLRowOrder.auxiliary_outside_of_close._proof_1_1: kernel; axioms=[propext, Classical.choice, Quot.sound]
info: Kobon/Audit.lean:7:0: AUDIT Kobon.Certificates.N059T01102Hfd3b4280.simple_lower_bound: native-evaluation; axioms=[propext,
 Classical.choice,
 Quot.sound,
 Kobon.Certificates.N059T01102Hfd3b4280.checked._native.native_decide.ax_1_1,
 Kobon.Certificates.N059T01102Hfd3b4280.no_concurrent._native.native_decide.ax_1_1]
info: Kobon/Audit.lean:7:0: AUDIT Kobon.Certificates.N030T00275Hdcfe649a.lower_bound: native-evaluation; axioms=[propext,
 Classical.choice,
 Quot.sound,
 Kobon.Certificates.N030T00275Hdcfe649a.checked._native.native_decide.ax_1_1]
info: Kobon/Audit.lean:7:0: AUDIT Kobon.BBLCentralPersistence.central_retained_eventually._proof_1_3: kernel; axioms=[propext, Quot.sound]
info: Kobon/Audit.lean:7:0: AUDIT Kobon.BBLPencilLimits.displacement_identity: kernel; axioms=[propext, Classical.choice, Quot.sound]
info: Kobon/Audit.lean:7:0: AUDIT Kobon.Cells.TriangleGeometry.eval_C: kernel; axioms=[propext, Classical.choice, Quot.sound]
info: Kobon/Audit.lean:7:0: AUDIT Kobon.BBLRowGeometry.row_outside._proof_1_9: kernel; axioms=[propext, Quot.sound]
info: Kobon/Audit.lean:7:0: AUDIT Kobon.Certificates.N014T00052Hc6615430.no_concurrent: native-evaluation; axioms=[propext,
 Kobon.Certificates.N014T00052Hc6615430.no_concurrent._native.native_decide.ax_1_1]
info: Kobon/Audit.lean:7:0: AUDIT Kobon.Projective.oriented_transform._simp_1_3: kernel; axioms=[propext]
info: Kobon/Audit.lean:7:0: AUDIT Kobon.BBLRowOrder.newKey_injective._proof_1_7: kernel; axioms=[propext, Quot.sound]
info: Kobon/Audit.lean:7:0: AUDIT Kobon.BBLRealization.coordinate_zero_profile._proof_1_1: kernel; axioms=[propext, Quot.sound]
info: Kobon/Audit.lean:7:0: AUDIT Kobon.BBLRowOrder.newKey_injective._proof_1_66: kernel; axioms=[propext, Quot.sound]
info: Kobon/Audit.lean:7:0: AUDIT Kobon.Iteration49.profile_bound_51: kernel; axioms=[propext, Classical.choice, Quot.sound]
info: Kobon/Audit.lean:7:0: AUDIT Kobon.Certificates.N020T00114Hbc312fc8.simple_lower_bound: native-evaluation; axioms=[propext,
 Classical.choice,
 Quot.sound,
 Kobon.Certificates.N020T00114Hbc312fc8.checked._native.native_decide.ax_1_1,
 Kobon.Certificates.N020T00114Hbc312fc8.no_concurrent._native.native_decide.ax_1_1]
info: Kobon/Audit.lean:7:0: AUDIT Kobon.CyclicFan.Geometry.no_long_run._proof_1_4: kernel; axioms=[propext, Quot.sound]
info: Kobon/Audit.lean:7:0: AUDIT Kobon.BBLCapEnvelope.key_evaluation_product._proof_1_1: kernel; axioms=[propext, Quot.sound]
info: Kobon/Audit.lean:7:0: AUDIT Kobon.Certificates.N015T00065H4d3bf3b4.no_concurrent: native-evaluation; axioms=[propext,
 Kobon.Certificates.N015T00065H4d3bf3b4.no_concurrent._native.native_decide.ax_1_1]
info: Kobon/Audit.lean:7:0: AUDIT Kobon.BBLRowMax.row_bound_not_last._proof_1_8: kernel; axioms=[propext, Quot.sound]
info: Kobon/Audit.lean:7:0: AUDIT Kobon.Universal.strict_even_multiples._proof_1_2: kernel; axioms=[propext, Quot.sound]
info: Kobon/Audit.lean:7:0: AUDIT Kobon.FurediPalastiCount.mem_fiber._simp_1_3: kernel; axioms=[propext, Quot.sound]
info: Kobon/Audit.lean:7:0: AUDIT Kobon.Certificates.N031T00299H70f23b94.simple_lower_bound: native-evaluation; axioms=[propext,
 Classical.choice,
 Quot.sound,
 Kobon.Certificates.N031T00299H70f23b94.checked._native.native_decide.ax_1_1,
 Kobon.Certificates.N031T00299H70f23b94.no_concurrent._native.native_decide.ax_1_1]
info: Kobon/Audit.lean:7:0: AUDIT Kobon.BBLTangentBounds.tan_3_bounds: kernel; axioms=[propext, Classical.choice, Quot.sound]
info: Kobon/Audit.lean:7:0: AUDIT Kobon.BBLCapEnvelope.graph_horizontal_intersection._simp_1_7: kernel; axioms=[propext]
info: Kobon/Audit.lean:7:0: AUDIT Kobon.BBLCentralPersistence.central_replaced_eventually: kernel; axioms=[propext, Classical.choice, Quot.sound]
info: Kobon/Audit.lean:7:0: AUDIT Kobon.BBLLiftedRows.liftedCrossKey_injective: kernel; axioms=[propext, Classical.choice, Quot.sound]
info: Kobon/Audit.lean:7:0: AUDIT Kobon.CyclicFan.Geometry.no_long_run._proof_1_2: kernel; axioms=[propext, Quot.sound]
info: Kobon/Audit.lean:7:0: AUDIT Kobon.BBLLiftedKeys.lifted_anchor._proof_1_19: kernel; axioms=[propext, Quot.sound]
info: Kobon/Audit.lean:7:0: AUDIT Kobon.TamuraTangentBounds.tan_4_1_bounds: kernel; axioms=[propext, Classical.choice, Quot.sound]
info: Kobon/Audit.lean:7:0: AUDIT Kobon.BBLLiftedKeys.lifted_anchor._proof_1_6: kernel; axioms=[propext, Quot.sound]
info: Kobon/Audit.lean:7:0: AUDIT Kobon.BBLGridReindex.perm_inv._proof_1_11: kernel; axioms=[propext, Quot.sound]
info: Kobon/Audit.lean:7:0: AUDIT Kobon.Certificates.N054T00918H915abb8e.checked: native-evaluation; axioms=[propext,
 Kobon.Certificates.N054T00918H915abb8e.checked._native.native_decide.ax_1_1]
info: Kobon/Audit.lean:7:0: AUDIT Kobon.AllN.dominates_every_saved_certificate._proof_1_102: kernel; axioms=[]
info: Kobon/Audit.lean:7:0: AUDIT Kobon.Families.power_identity: kernel; axioms=[propext]
info: Kobon/Audit.lean:7:0: AUDIT Kobon.FurediPalastiCaps.left_cap_value._proof_1_1: kernel; axioms=[propext, Quot.sound]
info: Kobon/Audit.lean:7:0: AUDIT Kobon.AllN.baseline_after_last_exception._proof_1_65: kernel; axioms=[propext, Quot.sound]
info: Kobon/Audit.lean:7:0: AUDIT Kobon.ShiftedFurediPalasti.sum_sin_neg1: kernel; axioms=[propext, Classical.choice, Quot.sound]
info: Kobon/Audit.lean:7:0: AUDIT Kobon.BBLVisible.aux_visible: kernel; axioms=[propext, Classical.choice, Quot.sound]
info: Kobon/Audit.lean:7:0: AUDIT Kobon.BBLCapSigns.cap_key_signs._proof_1_42: kernel; axioms=[propext, Classical.choice, Quot.sound]
info: Kobon/Audit.lean:7:0: AUDIT Kobon.AllN.bound.eq_1: kernel; axioms=[]
info: Kobon/Audit.lean:7:0: AUDIT Kobon.SeedFamily.parameters._proof_4: kernel; axioms=[propext]
info: Kobon/Audit.lean:7:0: AUDIT Kobon.BBLCanonicalPencil.arrangement_eq_rotate_pencil._proof_1_2: kernel; axioms=[propext, Quot.sound]
info: Kobon/Audit.lean:7:0: AUDIT Kobon.Certificates.N021T00132H3d8bae2f.lower_bound: native-evaluation; axioms=[propext,
 Classical.choice,
 Quot.sound,
 Kobon.Certificates.N021T00132H3d8bae2f.checked._native.native_decide.ax_1_1]
info: Kobon/Audit.lean:7:0: AUDIT Kobon.Results.earlier_016: native-evaluation; axioms=[propext,
 Classical.choice,
 Quot.sound,
 Kobon.Certificates.N016T00072H391cf79a.checked._native.native_decide.ax_1_1]
info: Kobon/Audit.lean:7:0: AUDIT Kobon.BBLCapBridge.canonical_endpoint_signs: kernel; axioms=[propext, Classical.choice, Quot.sound]
info: Kobon/Audit.lean:7:0: AUDIT Kobon.AllN.enhancement.eq_12: kernel; axioms=[]
info: Kobon/Audit.lean:7:0: AUDIT Kobon.FurediPalastiCaps.adjacent_cos_strict._proof_1_1: kernel; axioms=[propext, Quot.sound]
info: Kobon/Audit.lean:7:0: AUDIT Kobon.BBLCaps.cap_no_aux_between._proof_1_2: kernel; axioms=[propext, Quot.sound]
info: Kobon/Audit.lean:7:0: AUDIT Kobon.Certificates.N044T00602H0b0250bf.no_concurrent: native-evaluation; axioms=[propext,
 Kobon.Certificates.N044T00602H0b0250bf.no_concurrent._native.native_decide.ax_1_1]
info: Kobon/Audit.lean:7:0: AUDIT Kobon.BBLAlternation.saturated_alternation._proof_1_11: kernel; axioms=[propext, Quot.sound]
info: Kobon/Audit.lean:7:0: AUDIT Kobon.BBLRealization.horizontal_coordinate_eq: kernel; axioms=[propext, Classical.choice, Quot.sound]
info: Kobon/Audit.lean:7:0: AUDIT Kobon.BBLSimple.canonical_no_concurrent._proof_1_10: kernel; axioms=[propext, Quot.sound]
info: Kobon/Audit.lean:7:0: AUDIT Kobon.CleanLineBudget.multiplicity_surplus._proof_1_2: kernel; axioms=[propext, Quot.sound]
info: Kobon/Audit.lean:7:0: AUDIT Kobon.Certificates.N054T00919Ha254c1b4.simple_lower_bound: native-evaluation; axioms=[propext,
 Classical.choice,
 Quot.sound,
 Kobon.Certificates.N054T00919Ha254c1b4.checked._native.native_decide.ax_1_1,
 Kobon.Certificates.N054T00919Ha254c1b4.no_concurrent._native.native_decide.ax_1_1]
info: Kobon/Audit.lean:7:0: AUDIT Kobon.Certificates.N014T00054H78f750c0.checked: native-evaluation; axioms=[propext,
 Kobon.Certificates.N014T00054H78f750c0.checked._native.native_decide.ax_1_1]
info: Kobon/Audit.lean:7:0: AUDIT Kobon.AllN.dominates_every_saved_certificate._proof_1_5: kernel; axioms=[]
info: Kobon/Audit.lean:7:0: AUDIT Kobon.AllN.dominates_every_saved_certificate._proof_1_112: kernel; axioms=[]
info: Kobon/Audit.lean:7:0: AUDIT Kobon.BBLVisible.auxPair_keys._proof_1_13: kernel; axioms=[propext, Classical.choice, Quot.sound]
info: Kobon/Audit.lean:7:0: AUDIT Kobon.FurediPalasti.selected_sum_nonzero._proof_1_1: kernel; axioms=[propext, Quot.sound]
info: Kobon/Audit.lean:7:0: AUDIT Kobon.BBLVisibleAssembly.visible_gain._proof_1_4: kernel; axioms=[propext, Quot.sound]
info: Kobon/Audit.lean:7:0: AUDIT Kobon.Certificates.N052T00850H4b0d823a.no_concurrent: native-evaluation; axioms=[propext,
 Kobon.Certificates.N052T00850H4b0d823a.no_concurrent._native.native_decide.ax_1_1]
info: Kobon/Audit.lean:7:0: AUDIT Kobon.BBLPencilLimits.pairX_zero._simp_1_1: kernel; axioms=[propext]
info: Kobon/Audit.lean:7:0: AUDIT Kobon.FurediPalasti.angle.eq_1: kernel; axioms=[propext, Classical.choice, Quot.sound]
info: Kobon/Audit.lean:7:0: AUDIT Kobon.Certificates.N099T03168Ha0ea3082.lower_bound: native-evaluation; axioms=[propext,
 Classical.choice,
 Quot.sound,
 Kobon.Certificates.N099T03168Ha0ea3082.checked._native.native_decide.ax_1_1]
info: Kobon/Audit.lean:7:0: AUDIT Kobon.Exterior.safeHeight_beyond: kernel; axioms=[propext, Classical.choice, Quot.sound]
info: Kobon/Audit.lean:7:0: AUDIT Kobon.Results.best_simple_021: native-evaluation; axioms=[propext,
 Classical.choice,
 Quot.sound,
 Kobon.Certificates.N021T00133H36bae754.checked._native.native_decide.ax_1_1,
 Kobon.Certificates.N021T00133H36bae754.no_concurrent._native.native_decide.ax_1_1]
info: Kobon/Audit.lean:7:0: AUDIT Kobon.FurediPalastiTwoCaps.selected_preserved._proof_1_2: kernel; axioms=[propext, Quot.sound]
info: Kobon/Audit.lean:7:0: AUDIT Kobon.BBLVisible.key_row_max._proof_1_8: kernel; axioms=[propext, Quot.sound]
info: Kobon/Audit.lean:7:0: AUDIT Kobon.CyclicFan.Geometry.triangle_nondegenerate: kernel; axioms=[propext, Classical.choice, Quot.sound]
info: Kobon/Audit.lean:7:0: AUDIT Kobon.Cells.ofPredicate._proof_14: kernel; axioms=[propext, Classical.choice, Quot.sound]
info: Kobon/Audit.lean:7:0: AUDIT Kobon.Certificates.N012T00037H8c718a33.lower_bound: native-evaluation; axioms=[propext,
 Classical.choice,
 Quot.sound,
 Kobon.Certificates.N012T00037H8c718a33.checked._native.native_decide.ax_1_1]
info: Kobon/Audit.lean:7:0: AUDIT Kobon.BBLCapBridge.cap_replaced_eventually._proof_1_1: kernel; axioms=[propext, Quot.sound]
info: Kobon/Audit.lean:7:0: AUDIT Kobon.Reindex.rotate_triangle._proof_1_8: kernel; axioms=[propext, Quot.sound]
info: Kobon/Audit.lean:7:0: AUDIT Kobon.Certificates.N019T00107H5d2a7588.no_concurrent: native-evaluation; axioms=[propext,
 Kobon.Certificates.N019T00107H5d2a7588.no_concurrent._native.native_decide.ax_1_1]
info: Kobon/Audit.lean:7:0: AUDIT Kobon.Results.earlier_014: native-evaluation; axioms=[propext,
 Classical.choice,
 Quot.sound,
 Kobon.Certificates.N014T00054Hd47aea63.checked._native.native_decide.ax_1_1]
info: Kobon/Audit.lean:7:0: AUDIT Kobon.FurediPalastiWrap.wrap_triangle._proof_1_2: kernel; axioms=[propext, Quot.sound]
info: Kobon/Audit.lean:7:0: AUDIT Kobon.Certificates.N050T00791H6bde86a3.simple_lower_bound: native-evaluation; axioms=[propext,
 Classical.choice,
 Quot.sound,
 Kobon.Certificates.N050T00791H6bde86a3.checked._native.native_decide.ax_1_1,
 Kobon.Certificates.N050T00791H6bde86a3.no_concurrent._native.native_decide.ax_1_1]
info: Kobon/Audit.lean:7:0: AUDIT Kobon.BBLVisible.auxPair_keys._proof_1_18: kernel; axioms=[propext, Classical.choice, Quot.sound]
info: Kobon/Audit.lean:7:0: AUDIT Kobon.AllN.dominates_every_saved_certificate._proof_1_6: kernel; axioms=[]
info: Kobon/Audit.lean:7:0: AUDIT Kobon.BBLCapSigns.horizontalKey_eq._proof_1_4: kernel; axioms=[propext, Quot.sound]
info: Kobon/Audit.lean:7:0: AUDIT Kobon.BBLProfiles.profile_strict_order._proof_1_7: kernel; axioms=[propext, Quot.sound]
info: Kobon/Audit.lean:7:0: AUDIT Kobon.BBLGridReindex.perm_injective: kernel; axioms=[propext, Quot.sound]
info: Kobon/Audit.lean:7:0: AUDIT Kobon.BBLCentralPersistence.centralSigns_of_canonical._proof_1_1: kernel; axioms=[propext, Quot.sound]
info: Kobon/Audit.lean:7:0: AUDIT Kobon.Cells.line_valid._proof_1_3: kernel; axioms=[propext, Quot.sound]
info: Kobon/Audit.lean:7:0: AUDIT Kobon.Families.one_triangle_gap._proof_1_1: kernel; axioms=[propext, Quot.sound]
info: Kobon/Audit.lean:7:0: AUDIT Kobon.BBLGridReindex.next_cut._proof_1_4: kernel; axioms=[propext, Quot.sound]
info: Kobon/Audit.lean:7:0: AUDIT Kobon.BBLRowOrder.newKey_ne_oldKey._proof_1_7: kernel; axioms=[propext, Quot.sound]
info: Kobon/Audit.lean:7:0: AUDIT Kobon.Certificates.N043T00587H861d8be2.checked: native-evaluation; axioms=[propext,
 Kobon.Certificates.N043T00587H861d8be2.checked._native.native_decide.ax_1_1]
info: Kobon/Audit.lean:7:0: AUDIT Kobon.BBLRealization.horizontal_coordinate_profile._proof_1_11: kernel; axioms=[propext, Quot.sound]
info: Kobon/Audit.lean:7:0: AUDIT Kobon.AllN.enhancement.eq_46: kernel; axioms=[]
info: Kobon/Audit.lean:7:0: AUDIT Kobon.Reindex.rotate_triangle._proof_1_1: kernel; axioms=[propext, Quot.sound]
info: Kobon/Audit.lean:7:0: AUDIT Kobon.BBLRowOrder.newKey_injective._proof_1_21: kernel; axioms=[propext, Quot.sound]
info: Kobon/Audit.lean:7:0: AUDIT Kobon.Reindex.rotate_visible._proof_1_4: kernel; axioms=[propext, Quot.sound]
info: Kobon/Audit.lean:7:0: AUDIT Kobon.BBLCanonicalPencil.new_intercepts_strict: kernel; axioms=[propext, Classical.choice, Quot.sound]
info: Kobon/Audit.lean:7:0: AUDIT Kobon.FurediPalasti.selected_indices: kernel; axioms=[propext, Quot.sound]
info: Kobon/Audit.lean:7:0: AUDIT Kobon.BBLOldRetention.noncap_eventually._proof_1_2: kernel; axioms=[propext, Quot.sound]
info: Kobon/Audit.lean:7:0: AUDIT Kobon.BBLCapSigns.cap_key_signs._proof_1_20: kernel; axioms=[propext, Quot.sound]
info: Kobon/Audit.lean:7:0: AUDIT Kobon.BBLCapSigns.cap_key_signs._proof_1_49: kernel; axioms=[propext, Quot.sound]
info: Kobon/Audit.lean:7:0: AUDIT Kobon.Certificates.N006T00004H7e060e9a.checked: native-evaluation; axioms=[propext,
 Kobon.Certificates.N006T00004H7e060e9a.checked._native.native_decide.ax_1_1]
info: Kobon/Audit.lean:7:0: AUDIT Kobon.Certificates.N009T00021H6ebbed82.simple_lower_bound: native-evaluation; axioms=[propext,
 Classical.choice,
 Quot.sound,
 Kobon.Certificates.N009T00021H6ebbed82.checked._native.native_decide.ax_1_1,
 Kobon.Certificates.N009T00021H6ebbed82.no_concurrent._native.native_decide.ax_1_1]
info: Kobon/Audit.lean:7:0: AUDIT Kobon.FurediPalasti.selected_triangle._proof_1_8: kernel; axioms=[propext, Quot.sound]
info: Kobon/Audit.lean:7:0: AUDIT Kobon.Results.best_classical_017: native-evaluation; axioms=[propext,
 Classical.choice,
 Quot.sound,
 Kobon.Certificates.N017T00085H7cf3c061.checked._native.native_decide.ax_1_1]
info: Kobon/Audit.lean:7:0: AUDIT Kobon.Results.earlier_036: native-evaluation; axioms=[propext,
 Classical.choice,
 Quot.sound,
 Kobon.Certificates.N036T00402H3fc01b7d.checked._native.native_decide.ax_1_1]
info: Kobon/Audit.lean:7:0: AUDIT Kobon.AllN.dominates_every_saved_certificate._proof_1_9: kernel; axioms=[]
info: Kobon/Audit.lean:7:0: AUDIT Kobon.BBLCaps.cap_no_aux_between._proof_1_11: kernel; axioms=[propext, Classical.choice, Quot.sound]
info: Kobon/Audit.lean:7:0: AUDIT Kobon.BBLRealization.old_profile._proof_1_2: kernel; axioms=[propext, Quot.sound]
info: Kobon/Audit.lean:7:0: AUDIT Kobon.Results.simple_060: native-evaluation; axioms=[propext,
 Classical.choice,
 Quot.sound,
 Kobon.Certificates.N060T01140H16af6d0b.checked._native.native_decide.ax_1_1,
 Kobon.Certificates.N060T01140H16af6d0b.no_concurrent._native.native_decide.ax_1_1]
info: Kobon/Audit.lean:7:0: AUDIT Kobon.instDecidableEqLine.decEq._proof_1: kernel; axioms=[]
info: Kobon/Audit.lean:7:0: AUDIT Kobon.BBLGridReindex.inv_perm._proof_1_6: kernel; axioms=[propext, Quot.sound]
info: Kobon/Audit.lean:7:0: AUDIT Kobon.BBLPencilProfiles.pair_profile_eventually._proof_1_1: kernel; axioms=[propext, Quot.sound]
info: Kobon/Audit.lean:7:0: AUDIT Kobon.AllN.strict_improvements._proof_1_3: kernel; axioms=[]
info: Kobon/Audit.lean:7:0: AUDIT Kobon.Results.classical_017: native-evaluation; axioms=[propext,
 Classical.choice,
 Quot.sound,
 Kobon.Certificates.N017T00085H7cf3c061.checked._native.native_decide.ax_1_1]
info: Kobon/Audit.lean:7:0: AUDIT Kobon.BBLGrid.reduced_bounds._proof_1_2: kernel; axioms=[propext, Classical.choice, Quot.sound]
info: Kobon/Audit.lean:7:0: AUDIT Kobon.ShiftedFurediPalasti.sin_diff_neg: kernel; axioms=[propext, Classical.choice, Quot.sound]
info: Kobon/Audit.lean:7:0: AUDIT Kobon.BBLGrid.tangent_product_identity._simp_1_5: kernel; axioms=[propext]
info: Kobon/Audit.lean:7:0: AUDIT Kobon.BBLLiftedKeys.complement_row_bound._proof_1_9: kernel; axioms=[propext, Quot.sound]
info: Kobon/Audit.lean:7:0: AUDIT Kobon.BBLCentralEnvelope.central_endpoint._proof_1_28: kernel; axioms=[propext, Quot.sound]
info: Kobon/Audit.lean:7:0: AUDIT Kobon.BBLRowOrder.newKey_ne_oldKey._proof_1_6: kernel; axioms=[propext, Quot.sound]
info: Kobon/Audit.lean:7:0: AUDIT Kobon.Parametric.determinant.eq_1: kernel; axioms=[propext, Classical.choice, Quot.sound]
info: Kobon/Audit.lean:7:0: AUDIT Kobon.AllN.dominates_every_saved_certificate._proof_1_65: kernel; axioms=[]
info: Kobon/Audit.lean:7:0: AUDIT Kobon.Results.earlier_023: native-evaluation; axioms=[propext,
 Classical.choice,
 Quot.sound,
 Kobon.Certificates.N023T00161H969ad7d3.checked._native.native_decide.ax_1_1]
info: Kobon/Audit.lean:7:0: AUDIT Kobon.BBLCentralPersistence.central_replaced_eventually._proof_1_1: kernel; axioms=[propext, Quot.sound]
info: Kobon/Audit.lean:7:0: AUDIT Kobon.FurediPalasti.selected_triangle._proof_1_6: kernel; axioms=[propext, Quot.sound]
info: Kobon/Audit.lean:7:0: AUDIT Kobon.Universal.strict_odd_multiples._proof_1_2: kernel; axioms=[propext, Quot.sound]
info: Kobon/Audit.lean:7:0: AUDIT Kobon.BBLIntersection.crossing_displacement._simp_1_3: kernel; axioms=[propext]
info: Kobon/Audit.lean:7:0: AUDIT Kobon.BBLRowMax.row_bound_not_last._proof_1_2: kernel; axioms=[propext, Quot.sound]
info: Kobon/Audit.lean:7:0: AUDIT Kobon.Certificates.N014T00054H78f750c0.lower_bound: native-evaluation; axioms=[propext,
 Classical.choice,
 Quot.sound,
 Kobon.Certificates.N014T00054H78f750c0.checked._native.native_decide.ax_1_1]
info: Kobon/Audit.lean:7:0: AUDIT Kobon.BBLNextSaturation.noncentral_gap._proof_1_15: kernel; axioms=[propext, Classical.choice, Quot.sound]
info: Kobon/Audit.lean:7:0: AUDIT Kobon.AllN.enhancement_sound: native-evaluation; axioms=[propext,
 Classical.choice,
 Quot.sound,
 Kobon.Certificates.N003T00001H05c82de6.checked._native.native_decide.ax_1_1,
 Kobon.Certificates.N005T00005H948a0bdf.checked._native.native_decide.ax_1_1,
 Kobon.Certificates.N006T00007H6ea9ebaa.checked._native.native_decide.ax_1_1,
 Kobon.Certificates.N007T00011He6b9a626.checked._native.native_decide.ax_1_1,
 Kobon.Certificates.N008T00015Ha1380810.checked._native.native_decide.ax_1_1,
 Kobon.Certificates.N009T00021H6ebbed82.checked._native.native_decide.ax_1_1,
 Kobon.Certificates.N010T00025Hb767c427.checked._native.native_decide.ax_1_1,
 Kobon.Certificates.N011T00032Hb955e7c9.checked._native.native_decide.ax_1_1,
 Kobon.Certificates.N012T00038H38f69f38.checked._native.native_decide.ax_1_1,
 Kobon.Certificates.N013T00047Hddec1f78.checked._native.native_decide.ax_1_1,
 Kobon.Certificates.N014T00054Hd47aea63.checked._native.native_decide.ax_1_1,
 Kobon.Certificates.N015T00065H4d3bf3b4.checked._native.native_decide.ax_1_1,
 Kobon.Certificates.N016T00072H391cf79a.checked._native.native_decide.ax_1_1,
 Kobon.Certificates.N017T00085H7cf3c061.checked._native.native_decide.ax_1_1,
 Kobon.Certificates.N018T00093Hedb6246a.checked._native.native_decide.ax_1_1,
 Kobon.Certificates.N019T00107Ha2f32bdb.checked._native.native_decide.ax_1_1,
 Kobon.Certificates.N020T00117H382171ac.checked._native.native_decide.ax_1_1,
 Kobon.Certificates.N021T00133H36bae754.checked._native.native_decide.ax_1_1,
 Kobon.Certificates.N022T00143H54396c64.checked._native.native_decide.ax_1_1,
 Kobon.Certificates.N023T00161H969ad7d3.checked._native.native_decide.ax_1_1,
 Kobon.Certificates.N024T00172He63e906b.checked._native.native_decide.ax_1_1,
 Kobon.Certificates.N025T00191Hb568bffb.checked._native.native_decide.ax_1_1,
 Kobon.Certificates.N026T00204Hf71379c4.checked._native.native_decide.ax_1_1,
 Kobon.Certificates.N027T00225H7d6ae9a0.checked._native.native_decide.ax_1_1,
 Kobon.Certificates.N028T00238H56ef2acb.checked._native.native_decide.ax_1_1,
 Kobon.Certificates.N029T00261Hd4805c25.checked._native.native_decide.ax_1_1,
 Kobon.Certificates.N030T00275Hdcfe649a.checked._native.native_decide.ax_1_1,
 Kobon.Certificates.N031T00299H70f23b94.checked._native.native_decide.ax_1_1,
 Kobon.Certificates.N032T00315H5914f2bb.checked._native.native_decide.ax_1_1,
 Kobon.Certificates.N033T00341H95f3b770.checked._native.native_decide.ax_1_1,
 Kobon.Certificates.N034T00357Hfbde0a76.checked._native.native_decide.ax_1_1,
 Kobon.Certificates.N035T00385H9ee99af6.checked._native.native_decide.ax_1_1,
 Kobon.Certificates.N036T00402H3fc01b7d.checked._native.native_decide.ax_1_1,
 Kobon.Certificates.N037T00431H11f0bde7.checked._native.native_decide.ax_1_1,
 Kobon.Certificates.N038T00450H8ba2bdb1.checked._native.native_decide.ax_1_1,
 Kobon.Certificates.N039T00470H30caa6f7.checked._native.native_decide.ax_1_1,
 Kobon.Certificates.N041T00533H01e2ef66.checked._native.native_decide.ax_1_1,
 Kobon.Certificates.N042T00553H2bdc9d67.checked._native.native_decide.ax_1_1,
 Kobon.Certificates.N043T00587H861d8be2.checked._native.native_decide.ax_1_1,
 Kobon.Certificates.N044T00608Hb5277675.checked._native.native_decide.ax_1_1,
 Kobon.Certificates.N045T00645H3dc6e882.checked._native.native_decide.ax_1_1,
 Kobon.Certificates.N046T00667H32b8ca2f.checked._native.native_decide.ax_1_1,
 Kobon.Certificates.N047T00691Hfac44af1.checked._native.native_decide.ax_1_1,
 Kobon.Certificates.N048T00721H2fb5ef0d.checked._native.native_decide.ax_1_1,
 Kobon.Certificates.N049T00767H957e6f15.checked._native.native_decide.ax_1_1,
 Kobon.Certificates.N050T00792H3d40cb58.checked._native.native_decide.ax_1_1,
 Kobon.Certificates.N051T00818Hc18e1baf.checked._native.native_decide.ax_1_1,
 Kobon.Certificates.N053T00885H6bc5b14d.checked._native.native_decide.ax_1_1,
 Kobon.Certificates.N054T00919Ha254c1b4.checked._native.native_decide.ax_1_1,
 Kobon.Certificates.N055T00955H202625a3.checked._native.native_decide.ax_1_1,
 Kobon.Certificates.N057T01045H9a1d337c.checked._native.native_decide.ax_1_1,
 Kobon.Certificates.N058T01073Hd988db55.checked._native.native_decide.ax_1_1,
 Kobon.Certificates.N059T01103Hba482375.checked._native.native_decide.ax_1_1,
 Kobon.Certificates.N060T01141H9bc5096c.checked._native.native_decide.ax_1_1,
 Kobon.Certificates.N065T01365Hb1dcbeb4.checked._native.native_decide.ax_1_1,
 Kobon.Certificates.N066T01397H327ecbb9.checked._native.native_decide.ax_1_1,
 Kobon.Certificates.N081T02132H7bc6b303.checked._native.native_decide.ax_1_1,
 Kobon.Certificates.N082T02172Hd75c9101.checked._native.native_decide.ax_1_1,
 Kobon.Certificates.N099T03170Hea507e2d.checked._native.native_decide.ax_1_1,
 Kobon.Certificates.N129T05461H6dae0012.checked._native.native_decide.ax_1_1,
 Kobon.Certificates.N130T05525He0559b54.checked._native.native_decide.ax_1_1,
 Kobon.Certificates.N161T08532H230691d5.checked._native.native_decide.ax_1_1,
 Kobon.Certificates.N162T08612H1512e696.checked._native.native_decide.ax_1_1,
 Kobon.Certificates.N195T12482H5413dd7b.checked._native.native_decide.ax_1_1]
info: Kobon/Audit.lean:7:0: AUDIT Kobon.BBLAnalytic.beta._proof_1: kernel; axioms=[propext]
info: Kobon/Audit.lean:7:0: AUDIT Kobon.BBLGridReindex.inv_perm._proof_1_12: kernel; axioms=[propext, Quot.sound]
info: Kobon/Audit.lean:7:0: AUDIT Kobon.BBLCapSigns.cap_key_signs._proof_1_35: kernel; axioms=[propext, Quot.sound]
info: Kobon/Audit.lean:7:0: AUDIT Kobon.FurediPalastiCount.mem_good: kernel; axioms=[propext, Classical.choice, Quot.sound]
info: Kobon/Audit.lean:7:0: AUDIT Kobon.AllN.strict_improvements._proof_1_39: kernel; axioms=[]
info: Kobon/Audit.lean:7:0: AUDIT Kobon.BBLGrid.sum_cos_ne_zero._proof_1_1: kernel; axioms=[propext, Classical.choice, Quot.sound]
info: Kobon/Audit.lean:7:0: AUDIT Kobon.BBLCaps.capRow_injective._proof_1_19: kernel; axioms=[propext, Quot.sound]
info: Kobon/Audit.lean:7:0: AUDIT Kobon.BBLProfiles.profile_strict_order._proof_1_11: kernel; axioms=[propext, Quot.sound]
info: Kobon/Audit.lean:7:0: AUDIT Kobon.BBLCentralPersistence.canonical_central_signs: kernel; axioms=[propext, Classical.choice, Quot.sound]
info: Kobon/Audit.lean:7:0: AUDIT Kobon.BBLExtrema.visible_extremal._proof_1_1: kernel; axioms=[propext, Quot.sound]
info: Kobon/Audit.lean:7:0: AUDIT Kobon.Projective.nonpos_flipped_negative: kernel; axioms=[propext, Classical.choice, Quot.sound]
info: Kobon/Audit.lean:7:0: AUDIT Kobon.AllN.exact_exception_values._proof_1_57: kernel; axioms=[]
info: Kobon/Audit.lean:7:0: AUDIT Kobon.Certificates.N032T00313H018f9fc6.lower_bound: native-evaluation; axioms=[propext,
 Classical.choice,
 Quot.sound,
 Kobon.Certificates.N032T00313H018f9fc6.checked._native.native_decide.ax_1_1]
info: Kobon/Audit.lean:7:0: AUDIT Kobon.FurediPalastiCaps.adjacent_cos_strict._proof_1_2: kernel; axioms=[propext, Quot.sound]
info: Kobon/Audit.lean:7:0: AUDIT Kobon.Iteration49.profile_attains_51._proof_1_1: kernel; axioms=[propext, Classical.choice, Quot.sound]
info: Kobon/Audit.lean:7:0: AUDIT Kobon.BBLCanonicalPencil.old_intercepts_strict._proof_1_2: kernel; axioms=[propext, Quot.sound]
info: Kobon/Audit.lean:7:0: AUDIT Kobon.SharedFan.integerLines.eq_1: kernel; axioms=[]
info: Kobon/Audit.lean:7:0: AUDIT Kobon.AllN.enhancement.eq_7: kernel; axioms=[]
info: Kobon/Audit.lean:7:0: AUDIT Kobon.Certificates.N026T00203He61b423c.simple_lower_bound: native-evaluation; axioms=[propext,
 Classical.choice,
 Quot.sound,
 Kobon.Certificates.N026T00203He61b423c.checked._native.native_decide.ax_1_1,
 Kobon.Certificates.N026T00203He61b423c.no_concurrent._native.native_decide.ax_1_1]
info: Kobon/Audit.lean:7:0: AUDIT Kobon.BBLNextSaturation.noncentral_gap._proof_1_8: kernel; axioms=[propext, Quot.sound]
info: Kobon/Audit.lean:7:0: AUDIT Kobon.Reindex.shift_bound: kernel; axioms=[]
info: Kobon/Audit.lean:7:0: AUDIT Kobon.BBLPencilProfiles.pair_profile_eventually._proof_1_23: kernel; axioms=[propext, Quot.sound]
info: Kobon/Audit.lean:7:0: AUDIT Kobon.CyclicFan.Geometry.ordinary: kernel; axioms=[propext, Classical.choice, Quot.sound]
info: Kobon/Audit.lean:7:0: AUDIT Kobon.BBLRowOrder.auxiliary_outside_of_close._proof_1_77: kernel; axioms=[propext, Classical.choice, Quot.sound]
info: Kobon/Audit.lean:7:0: AUDIT Kobon.FurediPalasti.low_after: kernel; axioms=[propext, Classical.choice, Quot.sound]
info: Kobon/Audit.lean:7:0: AUDIT Kobon.BBLPencilProfiles.pair_profile_eventually._proof_1_21: kernel; axioms=[propext, Quot.sound]
info: Kobon/Audit.lean:7:0: AUDIT Kobon.BBLRowMax.row_bound_not_last._proof_1_9: kernel; axioms=[propext, Quot.sound]
info: Kobon/Audit.lean:7:0: AUDIT Kobon.BBLPersistence.strictSigns_eventually: kernel; axioms=[propext, Classical.choice, Quot.sound]
info: Kobon/Audit.lean:7:0: AUDIT Kobon.FurediPalastiTwoCaps.upper_inner_sign._proof_1_1: kernel; axioms=[propext, Quot.sound]
info: Kobon/Audit.lean:7:0: AUDIT Kobon.Results.earlier_055: native-evaluation; axioms=[propext,
 Classical.choice,
 Quot.sound,
 Kobon.Certificates.N055T00955H202625a3.checked._native.native_decide.ax_1_1]
info: Kobon/Audit.lean:7:0: AUDIT Kobon.AllN.baseline_after_last_exception._proof_1_31: kernel; axioms=[propext, Quot.sound]
info: Kobon/Audit.lean:7:0: AUDIT Kobon.BBLRealization.crossing_order_eventually._proof_1_5: kernel; axioms=[propext, Quot.sound]
info: Kobon/Audit.lean:7:0: AUDIT Kobon.BBLAlternation.consecutive_apices._proof_1_5: kernel; axioms=[propext, Quot.sound]
info: Kobon/Audit.lean:7:0: AUDIT Kobon.Certificates.N023T00161H969ad7d3.lower_bound: native-evaluation; axioms=[propext,
 Classical.choice,
 Quot.sound,
 Kobon.Certificates.N023T00161H969ad7d3.checked._native.native_decide.ax_1_1]
info: Kobon/Audit.lean:7:0: AUDIT Kobon.AllN.enhancement.eq_58: kernel; axioms=[]
info: Kobon/Audit.lean:7:0: AUDIT Kobon.BBLRowOrder.auxiliary_outside_of_close._proof_1_57: kernel; axioms=[propext, Quot.sound]
info: Kobon/Audit.lean:7:0: AUDIT Kobon.AllN.dominates_every_saved_certificate._proof_1_12: kernel; axioms=[]
info: Kobon/Audit.lean:7:0: AUDIT Kobon.BBLCapSigns.cap_key_signs._proof_1_8: kernel; axioms=[propext, Classical.choice, Quot.sound]
info: Kobon/Audit.lean:7:0: AUDIT Kobon.BBLRowMax.row_bound_not_last._proof_1_11: kernel; axioms=[propext, Quot.sound]
info: Kobon/Audit.lean:7:0: AUDIT Kobon.BBLGrid.tangent_sum_rational._simp_1_7: kernel; axioms=[propext]
info: Kobon/Audit.lean:7:0: AUDIT Kobon.BBLNextSaturation.noncentral_gap._proof_1_30: kernel; axioms=[propext, Classical.choice, Quot.sound]
info: Kobon/Audit.lean:7:0: AUDIT Kobon.BBLCapSigns.horizontalKey_eq._proof_1_8: kernel; axioms=[propext, Quot.sound]
info: Kobon/Audit.lean:7:0: AUDIT Kobon.AllN.dominates_every_saved_certificate._proof_1_16: kernel; axioms=[]
info: Kobon/Audit.lean:7:0: AUDIT Kobon.FurediPalastiCount.good_count: kernel; axioms=[propext, Classical.choice, Quot.sound]
info: Kobon/Audit.lean:7:0: AUDIT Kobon.BBLCaps.cap_no_aux_between._proof_1_35: kernel; axioms=[propext, Classical.choice, Quot.sound]
info: Kobon/Audit.lean:7:0: AUDIT Kobon.BBLGrid.tangent_sum_rational._simp_1_1: kernel; axioms=[propext]
info: Kobon/Audit.lean:7:0: AUDIT KobonBoundary.seven_profile_limited: kernel; axioms=[propext, Classical.choice, Quot.sound]
info: Kobon/Audit.lean:7:0: AUDIT Kobon.Families.closed_form._proof_1_1: kernel; axioms=[propext, Quot.sound]
info: Kobon/Audit.lean:7:0: AUDIT Kobon.BBLCapHeight.cap_endpoint_height._proof_1_7: kernel; axioms=[propext, Quot.sound]
info: Kobon/Audit.lean:7:0: AUDIT Kobon.BBLCount.outside_characterization._proof_1_11: kernel; axioms=[propext, Classical.choice, Quot.sound]
info: Kobon/Audit.lean:7:0: AUDIT Kobon.FurediPalastiWrap.selected_witness._proof_1_4: kernel; axioms=[propext, Quot.sound]
info: Kobon/Audit.lean:7:0: AUDIT Kobon.BBLPencilProfiles.pair_profile_eventually._proof_1_9: kernel; axioms=[propext, Quot.sound]
info: Kobon/Audit.lean:7:0: AUDIT Kobon.BBLGridReindex.next_cut._proof_1_1: kernel; axioms=[propext, Quot.sound]
info: Kobon/Audit.lean:7:0: AUDIT Kobon.BBLCapRetention.cap_retained_eventually: kernel; axioms=[propext, Classical.choice, Quot.sound]
info: Kobon/Audit.lean:7:0: AUDIT Kobon.Certificates.N027T00225H7d6ae9a0.simple_lower_bound: native-evaluation; axioms=[propext,
 Classical.choice,
 Quot.sound,
 Kobon.Certificates.N027T00225H7d6ae9a0.checked._native.native_decide.ax_1_1,
 Kobon.Certificates.N027T00225H7d6ae9a0.no_concurrent._native.native_decide.ax_1_1]
info: Kobon/Audit.lean:7:0: AUDIT Kobon.FurediPalastiCount.ordered.congr_simp: kernel; axioms=[propext, Classical.choice, Quot.sound]
info: Kobon/Audit.lean:7:0: AUDIT Kobon.Certificates.N027T00225H7d6ae9a0.lower_bound: native-evaluation; axioms=[propext,
 Classical.choice,
 Quot.sound,
 Kobon.Certificates.N027T00225H7d6ae9a0.checked._native.native_decide.ax_1_1]
info: Kobon/Audit.lean:7:0: AUDIT Kobon.BBLCapBridge.endpointSigns_of_canonical._proof_1_4: kernel; axioms=[propext, Quot.sound]
info: Kobon/Audit.lean:7:0: AUDIT Kobon.Cells.TriangleGeometry.closed_iff_supports: kernel; axioms=[propext, Classical.choice, Quot.sound]
info: Kobon/Audit.lean:7:0: AUDIT Kobon.BBLRowOrder.newKey_injective._proof_1_71: kernel; axioms=[propext, Quot.sound]
info: Kobon/Audit.lean:7:0: AUDIT Kobon.Certificates.N014T00052Hb3f4749f.no_concurrent: native-evaluation; axioms=[propext,
 Kobon.Certificates.N014T00052Hb3f4749f.no_concurrent._native.native_decide.ax_1_1]
info: Kobon/Audit.lean:7:0: AUDIT Kobon.BBLSeed21.parameters._proof_6: kernel; axioms=[propext]
info: Kobon/Audit.lean:7:0: AUDIT Kobon.Certificates.N014T00054Hb3dcae0b.lower_bound: native-evaluation; axioms=[propext,
 Classical.choice,
 Quot.sound,
 Kobon.Certificates.N014T00054Hb3dcae0b.checked._native.native_decide.ax_1_1]
info: Kobon/Audit.lean:7:0: AUDIT Kobon.FurediPalasti.selected_sum_nonzero._proof_1_7: kernel; axioms=[propext, Quot.sound]
info: Kobon/Audit.lean:7:0: AUDIT Kobon.SeedFamily.directions: kernel; axioms=[propext, Classical.choice, Quot.sound]
info: Kobon/Audit.lean:7:0: AUDIT Kobon.BBLCentralPersistence.canonical_central_signs._proof_1_2: kernel; axioms=[propext, Quot.sound]
info: Kobon/Audit.lean:7:0: AUDIT Kobon.Certificates.N048T00721H2fb5ef0d.checked: native-evaluation; axioms=[propext,
 Kobon.Certificates.N048T00721H2fb5ef0d.checked._native.native_decide.ax_1_1]
info: Kobon/Audit.lean:7:0: AUDIT Kobon.BBLRowOrder.key_bounds._proof_1_10: kernel; axioms=[propext, Classical.choice, Quot.sound]
info: Kobon/Audit.lean:7:0: AUDIT Kobon.Certificates.N066T01397H327ecbb9.lower_bound: native-evaluation; axioms=[propext,
 Classical.choice,
 Quot.sound,
 Kobon.Certificates.N066T01397H327ecbb9.checked._native.native_decide.ax_1_1]
info: Kobon/Audit.lean:7:0: AUDIT Kobon.Certificates.N038T00448H7d59f504.checked: native-evaluation; axioms=[propext,
 Kobon.Certificates.N038T00448H7d59f504.checked._native.native_decide.ax_1_1]
info: Kobon/Audit.lean:7:0: AUDIT Kobon.AllN.baseline.eq_1: kernel; axioms=[]
info: Kobon/Audit.lean:7:0: AUDIT Kobon.BBLIntersection.weighted_factor_difference: kernel; axioms=[propext, Classical.choice, Quot.sound]
info: Kobon/Audit.lean:7:0: AUDIT Kobon.Cells.nondegenerate_pair_ne: kernel; axioms=[propext, Classical.choice, Quot.sound]
info: Kobon/Audit.lean:7:0: AUDIT Kobon.BBLRowGeometry.mixed_witness: kernel; axioms=[propext, Classical.choice, Quot.sound]
info: Kobon/Audit.lean:7:0: AUDIT Kobon.Universal.baseline_sound._proof_1_10: kernel; axioms=[propext, Quot.sound]
info: Kobon/Audit.lean:7:0: AUDIT Kobon.Certificates.N059T01103Hba482375.no_concurrent: native-evaluation; axioms=[propext,
 Kobon.Certificates.N059T01103Hba482375.no_concurrent._native.native_decide.ax_1_1]
info: Kobon/Audit.lean:7:0: AUDIT Kobon.Results.earlier_035: native-evaluation; axioms=[propext,
 Classical.choice,
 Quot.sound,
 Kobon.Certificates.N035T00385H9ee99af6.checked._native.native_decide.ax_1_1]
info: Kobon/Audit.lean:7:0: AUDIT Kobon.AllN.exact_exception_values._proof_1_54: kernel; axioms=[]
info: Kobon/Audit.lean:7:0: AUDIT Kobon.AllN.dominates_every_saved_certificate._proof_1_30: kernel; axioms=[]
info: Kobon/Audit.lean:7:0: AUDIT Kobon.AllN.enhancement.eq_41: kernel; axioms=[]
info: Kobon/Audit.lean:7:0: AUDIT Kobon.FurediPalastiTwoCaps.lower_inner_sign._proof_1_11: kernel; axioms=[propext, Quot.sound]
info: Kobon/Audit.lean:7:0: AUDIT Kobon.BBLCapSigns.cap_key_signs._proof_1_25: kernel; axioms=[propext, Quot.sound]
info: Kobon/Audit.lean:7:0: AUDIT Kobon.eval_intersection._simp_1_7: kernel; axioms=[propext]
info: Kobon/Audit.lean:7:0: AUDIT Kobon.Exterior.visible_triangle: kernel; axioms=[propext, Classical.choice, Quot.sound]
info: Kobon/Audit.lean:7:0: AUDIT Kobon.BBLVisible.new_visible_witness._proof_1_2: kernel; axioms=[propext, Quot.sound]
info: Kobon/Audit.lean:7:0: AUDIT Kobon.AllN.exact_exception_values._proof_1_25: kernel; axioms=[]
info: Kobon/Audit.lean:7:0: AUDIT Kobon.Results.simple_027: native-evaluation; axioms=[propext,
 Classical.choice,
 Quot.sound,
 Kobon.Certificates.N027T00225H7d6ae9a0.checked._native.native_decide.ax_1_1,
 Kobon.Certificates.N027T00225H7d6ae9a0.no_concurrent._native.native_decide.ax_1_1]
info: Kobon/Audit.lean:7:0: AUDIT Kobon.BBLRowOrder.newKey_symm._proof_1_5: kernel; axioms=[propext, Quot.sound]
info: Kobon/Audit.lean:7:0: AUDIT Kobon.BBLPencilLimits.displacementCoeff_zero._simp_1_2: kernel; axioms=[propext]
info: Kobon/Audit.lean:7:0: AUDIT Kobon.Cells.interior_uncut._proof_1_1: kernel; axioms=[propext, Quot.sound]
info: Kobon/Audit.lean:7:0: AUDIT Kobon.BBLVisible.central_visible._proof_1_14: kernel; axioms=[propext, Quot.sound]
info: Kobon/Audit.lean:7:0: AUDIT Kobon.Certificates.N013T00047Hddec1f78.checked: native-evaluation; axioms=[propext,
 Kobon.Certificates.N013T00047Hddec1f78.checked._native.native_decide.ax_1_1]
info: Kobon/Audit.lean:7:0: AUDIT Kobon.Results.simple_043: native-evaluation; axioms=[propext,
 Classical.choice,
 Quot.sound,
 Kobon.Certificates.N043T00587H861d8be2.checked._native.native_decide.ax_1_1,
 Kobon.Certificates.N043T00587H861d8be2.no_concurrent._native.native_decide.ax_1_1]
info: Kobon/Audit.lean:7:0: AUDIT Kobon.Families.extraSize.eq_1: kernel; axioms=[propext]
info: Kobon/Audit.lean:7:0: AUDIT Kobon.BBLCanonicalPencil.old_intercepts_strict: kernel; axioms=[propext, Classical.choice, Quot.sound]
info: Kobon/Audit.lean:7:0: AUDIT Kobon.Exterior.visible_triangle._proof_1_4: kernel; axioms=[propext, Quot.sound]
info: Kobon/Audit.lean:7:0: AUDIT Kobon.FurediPalastiTwoCaps.upper_cap_sign._proof_1_8: kernel; axioms=[propext, Quot.sound]
info: Kobon/Audit.lean:7:0: AUDIT Kobon.Certificates.N009T00019He16410b8.lower_bound: native-evaluation; axioms=[propext,
 Classical.choice,
 Quot.sound,
 Kobon.Certificates.N009T00019He16410b8.checked._native.native_decide.ax_1_1]
info: Kobon/Audit.lean:7:0: AUDIT Kobon.Reindex.rotate_triangle._proof_1_7: kernel; axioms=[propext, Quot.sound]
info: Kobon/Audit.lean:7:0: AUDIT Kobon.Results.earlier_040: native-evaluation; axioms=[propext,
 Classical.choice,
 Quot.sound,
 Kobon.Certificates.N040T00494H785374ca.checked._native.native_decide.ax_1_1]
info: Kobon/Audit.lean:7:0: AUDIT Kobon.BBLCapEnvelope.graph_horizontal_intersection._simp_1_4: kernel; axioms=[propext]
info: Kobon/Audit.lean:7:0: AUDIT Kobon.AllN.enhancement.eq_20: kernel; axioms=[]
info: Kobon/Audit.lean:7:0: AUDIT Kobon.AllN.dominates_every_saved_certificate._proof_1_47: kernel; axioms=[]
info: Kobon/Audit.lean:7:0: AUDIT Kobon.AllN.exact_exception_values._proof_1_35: kernel; axioms=[]
info: Kobon/Audit.lean:7:0: AUDIT Kobon.Results.earlier_050: native-evaluation; axioms=[propext,
 Classical.choice,
 Quot.sound,
 Kobon.Certificates.N050T00792H3d40cb58.checked._native.native_decide.ax_1_1]
info: Kobon/Audit.lean:7:0: AUDIT Kobon.CyclicFan.Geometry.mk.injEq: kernel; axioms=[propext, Classical.choice, Quot.sound]
info: Kobon/Audit.lean:7:0: AUDIT Kobon.Parametric.nonneg_of_lower: kernel; axioms=[propext, Classical.choice, Quot.sound]
info: Kobon/Audit.lean:7:0: AUDIT_TOTAL 4227
Build completed successfully (3406 jobs).
