ℹ [1916/1986] Replayed Kobon.TangentBounds
info: Kobon/TangentBounds.lean:95:0: 'Kobon.TangentBounds.tan_tenth_bounds' depends on axioms: [propext, Classical.choice, Quot.sound]
info: Kobon/TangentBounds.lean:96:0: 'Kobon.TangentBounds.tan_two_fifths_bounds' depends on axioms: [propext, Classical.choice, Quot.sound]
ℹ [1974/1986] Replayed Kobon.Geometry
info: Kobon/Geometry.lean:144:0: 'Kobon.validate_sound' depends on axioms: [propext, Classical.choice, Quot.sound]
info: Kobon/Geometry.lean:145:0: 'Kobon.orientedEval_affine' depends on axioms: [propext, Classical.choice, Quot.sound]
⚠ [1981/2087] Replayed Kobon.BBLTangentBounds
warning: Kobon/BBLTangentBounds.lean:11:47: Variable name `hL` is not explicitly referenced.

The binding can be removed (if unused) or named `_` (if used implicitly).

Note: This linter can be disabled with `set_option linter.unusedVariables false`
warning: Kobon/BBLTangentBounds.lean:11:58: Variable name `hU` is not explicitly referenced.

The binding can be removed (if unused) or named `_` (if used implicitly).

Note: This linter can be disabled with `set_option linter.unusedVariables false`
info: Kobon/BBLTangentBounds.lean:160:0: 'Kobon.BBLTangentBounds.tan_1_bounds' depends on axioms: [propext, Classical.choice, Quot.sound]
info: Kobon/BBLTangentBounds.lean:161:0: 'Kobon.BBLTangentBounds.tan_9_bounds' depends on axioms: [propext, Classical.choice, Quot.sound]
ℹ [1982/2087] Replayed Kobon.BBLMaximization
info: Kobon/BBLMaximization.lean:101:0: 'Kobon.BBLMaximization.sine_grid_separation' depends on axioms: [propext, Classical.choice, Quot.sound]
info: Kobon/BBLMaximization.lean:102:0: 'Kobon.BBLMaximization.stable_maximum' depends on axioms: [propext, Classical.choice, Quot.sound]
ℹ [1983/2087] Replayed Kobon.Euclidean
info: Kobon/Euclidean.lean:147:0: 'Kobon.supporting_triangle_nondegenerate' depends on axioms: [propext, Classical.choice, Quot.sound]
info: Kobon/Euclidean.lean:148:0: 'Kobon.same_halfplane_barycenter' depends on axioms: [propext, Classical.choice, Quot.sound]
info: Kobon/Euclidean.lean:149:0: 'Kobon.triangle_interior_uncut' depends on axioms: [propext, Classical.choice, Quot.sound]
ℹ [1984/2087] Replayed Kobon.Simple
info: Kobon/Simple.lean:49:0: 'Kobon.validate_simple_sound' depends on axioms: [propext, Classical.choice, Quot.sound]
ℹ [1985/2087] Replayed Kobon.Exterior
info: Kobon/Exterior.lean:207:0: 'Kobon.Exterior.extension' depends on axioms: [propext, Classical.choice, Quot.sound]
info: Kobon/Exterior.lean:208:0: 'Kobon.Exterior.safeHeight_beyond' depends on axioms: [propext, Classical.choice, Quot.sound]
ℹ [1986/2087] Replayed Kobon.Parametric
info: Kobon/Parametric.lean:183:0: 'Kobon.Parametric.triangle_sound' depends on axioms: [propext, Classical.choice, Quot.sound]
info: Kobon/Parametric.lean:184:0: 'Kobon.Parametric.simple_sound' depends on axioms: [propext, Classical.choice, Quot.sound]
ℹ [1987/2087] Replayed Kobon.SeedFamily
info: Kobon/SeedFamily.lean:133:0: 'Kobon.SeedFamily.arbitrarily_small' depends on axioms: [propext, Classical.choice, Quot.sound]
info: Kobon/SeedFamily.lean:134:0: 'Kobon.SeedFamily.simple_lower_bound' depends on axioms: [propext, Classical.choice, Quot.sound]
ℹ [1990/2087] Replayed Kobon.HybridBoundary
info: Kobon/HybridBoundary.lean:164:0: 'Kobon.HybridBoundary.seed_exterior' depends on axioms: [propext, Classical.choice, Quot.sound]
ℹ [1991/2087] Replayed Kobon.BBLExtrema
info: Kobon/BBLExtrema.lean:205:0: 'Kobon.BBLExtrema.extremal_visible' depends on axioms: [propext, Classical.choice, Quot.sound]
info: Kobon/BBLExtrema.lean:206:0: 'Kobon.BBLExtrema.extremal_preserved' depends on axioms: [propext, Classical.choice, Quot.sound]
info: Kobon/BBLExtrema.lean:207:0: 'Kobon.BBLExtrema.visible_extremal_right' depends on axioms: [propext, Classical.choice, Quot.sound]
⚠ [2193/2206] Replayed Kobon.BBLIntersection
warning: Kobon/BBLIntersection.lean:23:2: Used `tac1 <;> tac2` where `(tac1; tac2)` would suffice

Note: This linter can be disabled with `set_option linter.unnecessarySeqFocus false`
warning: Kobon/BBLIntersection.lean:30:2: Used `tac1 <;> tac2` where `(tac1; tac2)` would suffice

Note: This linter can be disabled with `set_option linter.unnecessarySeqFocus false`
warning: Kobon/BBLIntersection.lean:52:6: 'ring' tactic does nothing

Note: This linter can be disabled with `set_option linter.unusedTactic false`
warning: Kobon/BBLIntersection.lean:52:6: this tactic is never executed

Note: This linter can be disabled with `set_option linter.unreachableTactic false`
warning: Kobon/BBLIntersection.lean:71:8: 'ring' tactic does nothing

Note: This linter can be disabled with `set_option linter.unusedTactic false`
warning: Kobon/BBLIntersection.lean:75:6: 'ring' tactic does nothing

Note: This linter can be disabled with `set_option linter.unusedTactic false`
warning: Kobon/BBLIntersection.lean:71:8: this tactic is never executed

Note: This linter can be disabled with `set_option linter.unreachableTactic false`
warning: Kobon/BBLIntersection.lean:75:6: this tactic is never executed

Note: This linter can be disabled with `set_option linter.unreachableTactic false`
warning: Kobon/BBLIntersection.lean:84:2: Used `tac1 <;> tac2` where `(tac1; tac2)` would suffice

Note: This linter can be disabled with `set_option linter.unnecessarySeqFocus false`
info: Kobon/BBLIntersection.lean:102:0: 'Kobon.BBLIntersection.pencil_crossing_x' depends on axioms: [propext, Classical.choice, Quot.sound]
info: Kobon/BBLIntersection.lean:103:0: 'Kobon.BBLIntersection.crossing_displacement' depends on axioms: [propext, Classical.choice, Quot.sound]
ℹ [2194/2206] Replayed Kobon.BBLTriangles
info: Kobon/BBLTriangles.lean:128:0: 'Kobon.BBLTriangles.triangle_of_two_sides' depends on axioms: [propext, Classical.choice, Quot.sound]
info: Kobon/BBLTriangles.lean:194:0: 'Kobon.BBLTriangles.triangle_of_last_two_sides' depends on axioms: [propext, Classical.choice, Quot.sound]
ℹ [2195/2206] Replayed Kobon.BBLPersistence
info: Kobon/BBLPersistence.lean:105:0: 'Kobon.BBLPersistence.visible_test_eventually' depends on axioms: [propext, Classical.choice, Quot.sound]
info: Kobon/BBLPersistence.lean:158:0: 'Kobon.BBLPersistence.visible_preserved_eventually' depends on axioms: [propext, Classical.choice, Quot.sound]
info: Kobon/BBLPersistence.lean:159:0: 'Kobon.BBLPersistence.triangle_test_eventually' depends on axioms: [propext, Classical.choice, Quot.sound]
info: Kobon/BBLPersistence.lean:213:0: 'Kobon.BBLPersistence.triangle_preserved_eventually' depends on axioms: [propext, Classical.choice, Quot.sound]
⚠ [2196/2206] Replayed Kobon.BBLRowOrder
warning: Kobon/BBLRowOrder.lean:32:34: Variable name `hne` is not explicitly referenced.

The binding can be removed (if unused) or named `_` (if used implicitly).

Note: This linter can be disabled with `set_option linter.unusedVariables false`
warning: Kobon/BBLRowOrder.lean:50:34: Variable name `hik` is not explicitly referenced.

The binding can be removed (if unused) or named `_` (if used implicitly).

Note: This linter can be disabled with `set_option linter.unusedVariables false`
warning: Kobon/BBLRowOrder.lean:51:34: Variable name `hil` is not explicitly referenced.

The binding can be removed (if unused) or named `_` (if used implicitly).

Note: This linter can be disabled with `set_option linter.unusedVariables false`
warning: Kobon/BBLRowOrder.lean:60:34: Variable name `hik` is not explicitly referenced.

The binding can be removed (if unused) or named `_` (if used implicitly).

Note: This linter can be disabled with `set_option linter.unusedVariables false`
warning: Kobon/BBLRowOrder.lean:61:34: Variable name `hil` is not explicitly referenced.

The binding can be removed (if unused) or named `_` (if used implicitly).

Note: This linter can be disabled with `set_option linter.unusedVariables false`
warning: Kobon/BBLRowOrder.lean:70:48: Variable name `hjl` is not explicitly referenced.

The binding can be removed (if unused) or named `_` (if used implicitly).

Note: This linter can be disabled with `set_option linter.unusedVariables false`
info: Kobon/BBLRowOrder.lean:78:0: 'Kobon.BBLRowOrder.newKey_injective' depends on axioms: [propext, Classical.choice, Quot.sound]
info: Kobon/BBLRowOrder.lean:79:0: 'Kobon.BBLRowOrder.auxiliary_outside_of_close' depends on axioms: [propext, Classical.choice, Quot.sound]
⚠ [2198/2314] Replayed Kobon.BBLAnalytic
warning: Kobon/BBLAnalytic.lean:106:100: Used `tac1 <;> tac2` where `(tac1; tac2)` would suffice

Note: This linter can be disabled with `set_option linter.unnecessarySeqFocus false`
info: Kobon/BBLAnalytic.lean:113:0: 'Kobon.BBLAnalytic.beta_cot_bound' depends on axioms: [propext, Classical.choice, Quot.sound]
info: Kobon/BBLAnalytic.lean:114:0: 'Kobon.BBLAnalytic.beta_tan_bound' depends on axioms: [propext, Classical.choice, Quot.sound]
⚠ [2199/2314] Replayed Kobon.BBLGrid
warning: Kobon/BBLGrid.lean:113:6: 'ring' tactic does nothing

Note: This linter can be disabled with `set_option linter.unusedTactic false`
warning: Kobon/BBLGrid.lean:113:6: this tactic is never executed

Note: This linter can be disabled with `set_option linter.unreachableTactic false`
warning: Kobon/BBLGrid.lean:119:6: 'ring' tactic does nothing

Note: This linter can be disabled with `set_option linter.unusedTactic false`
warning: Kobon/BBLGrid.lean:119:6: this tactic is never executed

Note: This linter can be disabled with `set_option linter.unreachableTactic false`
info: Kobon/BBLGrid.lean:228:0: 'Kobon.BBLGrid.beta_tan_strictMono' depends on axioms: [propext, Classical.choice, Quot.sound]
info: Kobon/BBLGrid.lean:229:0: 'Kobon.BBLGrid.sum_tangent' depends on axioms: [propext, Classical.choice, Quot.sound]
info: Kobon/BBLGrid.lean:230:0: 'Kobon.BBLGrid.factor_trigonometric' depends on axioms: [propext, Classical.choice, Quot.sound]
ℹ [2200/2314] Replayed Kobon.BBLProfiles
info: Kobon/BBLProfiles.lean:99:0: 'Kobon.BBLProfiles.profile_strict_order' depends on axioms: [propext, Classical.choice, Quot.sound]
info: Kobon/BBLProfiles.lean:100:0: 'Kobon.BBLProfiles.finite_order_persistence' depends on axioms: [propext, Classical.choice, Quot.sound]
ℹ [2201/2314] Replayed Kobon.BBLGridCuts
info: Kobon/BBLGridCuts.lean:190:0: 'Kobon.BBLGridCuts.cut_increasing' depends on axioms: [propext, Classical.choice, Quot.sound]
info: Kobon/BBLGridCuts.lean:191:0: 'Kobon.BBLGridCuts.rational_sum_anchor' depends on axioms: [propext, Classical.choice, Quot.sound]
⚠ [2202/2314] Replayed Kobon.BBLPencilLimits
warning: Kobon/BBLPencilLimits.lean:29:6: 'ring' tactic does nothing

Note: This linter can be disabled with `set_option linter.unusedTactic false`
warning: Kobon/BBLPencilLimits.lean:29:6: this tactic is never executed

Note: This linter can be disabled with `set_option linter.unreachableTactic false`
warning: Kobon/BBLPencilLimits.lean:61:6: 'ring' tactic does nothing

Note: This linter can be disabled with `set_option linter.unusedTactic false`
warning: Kobon/BBLPencilLimits.lean:61:6: this tactic is never executed

Note: This linter can be disabled with `set_option linter.unreachableTactic false`
info: Kobon/BBLPencilLimits.lean:179:0: 'Kobon.BBLPencilLimits.crossing_right_eventually' depends on axioms: [propext, Classical.choice, Quot.sound]
info: Kobon/BBLPencilLimits.lean:180:0: 'Kobon.BBLPencilLimits.crossing_left_eventually' depends on axioms: [propext, Classical.choice, Quot.sound]
info: Kobon/BBLPencilLimits.lean:181:0: 'Kobon.BBLPencilLimits.old_new_crossing_tendsto' depends on axioms: [propext, Classical.choice, Quot.sound]
⚠ [2203/2314] Replayed Kobon.BBLLiftedKeys
warning: Kobon/BBLLiftedKeys.lean:20:5: Variable name `hi` is not explicitly referenced.

The binding can be removed (if unused) or named `_` (if used implicitly).

Note: This linter can be disabled with `set_option linter.unusedVariables false`
warning: Kobon/BBLLiftedKeys.lean:20:18: Variable name `hk` is not explicitly referenced.

The binding can be removed (if unused) or named `_` (if used implicitly).

Note: This linter can be disabled with `set_option linter.unusedVariables false`
warning: Kobon/BBLLiftedKeys.lean:27:5: Variable name `hi` is not explicitly referenced.

The binding can be removed (if unused) or named `_` (if used implicitly).

Note: This linter can be disabled with `set_option linter.unusedVariables false`
warning: Kobon/BBLLiftedKeys.lean:27:18: Variable name `hk` is not explicitly referenced.

The binding can be removed (if unused) or named `_` (if used implicitly).

Note: This linter can be disabled with `set_option linter.unusedVariables false`
warning: Kobon/BBLLiftedKeys.lean:28:34: Variable name `hil` is not explicitly referenced.

The binding can be removed (if unused) or named `_` (if used implicitly).

Note: This linter can be disabled with `set_option linter.unusedVariables false`
warning: Kobon/BBLLiftedKeys.lean:69:31: Variable name `hj` is not explicitly referenced.

The binding can be removed (if unused) or named `_` (if used implicitly).

Note: This linter can be disabled with `set_option linter.unusedVariables false`
warning: Kobon/BBLLiftedKeys.lean:78:31: Variable name `hj` is not explicitly referenced.

The binding can be removed (if unused) or named `_` (if used implicitly).

Note: This linter can be disabled with `set_option linter.unusedVariables false`
info: Kobon/BBLLiftedKeys.lean:86:0: 'Kobon.BBLLiftedKeys.lifted_new_le_iff' depends on axioms: [propext, Classical.choice, Quot.sound]
info: Kobon/BBLLiftedKeys.lean:87:0: 'Kobon.BBLLiftedKeys.lifted_old_le_iff' depends on axioms: [propext, Classical.choice, Quot.sound]
info: Kobon/BBLLiftedKeys.lean:88:0: 'Kobon.BBLLiftedKeys.lifted_le_old_iff' depends on axioms: [propext, Classical.choice, Quot.sound]
info: Kobon/BBLLiftedKeys.lean:109:0: 'Kobon.BBLLiftedKeys.lifted_anchor' depends on axioms: [propext, Classical.choice, Quot.sound]
ℹ [2204/2314] Replayed Kobon.BBLPencilProfiles
info: Kobon/BBLPencilProfiles.lean:160:0: 'Kobon.BBLPencilProfiles.pair_profile_eventually' depends on axioms: [propext, Classical.choice, Quot.sound]
ℹ [2205/2314] Replayed Kobon.BBLPencilRegularity
info: Kobon/BBLPencilRegularity.lean:87:0: 'Kobon.BBLPencilRegularity.good_delta_exists' depends on axioms: [propext, Classical.choice, Quot.sound]
⚠ [3104/3162] Replayed Kobon.BBLCount
warning: Kobon/BBLCount.lean:50:12: This simp argument is unused:
  hdne

Hint: Omit it from the simp argument list.
  simp [̵h̵e̵q̵,̵h̵d̵n̵e̵,̵o̵u̵t̵s̵i̵d̵e̵,̵h̵l̵,̵h̵h̵]̵[̲h̲e̲q̲,̲ ̲o̲u̲t̲s̲i̲d̲e̲,̲ ̲h̲l̲,̲ ̲h̲h̲]̲

Note: This linter can be disabled with `set_option linter.unusedSimpArgs false`
warning: Kobon/BBLCount.lean:153:33: Used `tac1 <;> tac2` where `(tac1; tac2)` would suffice

Note: This linter can be disabled with `set_option linter.unnecessarySeqFocus false`
warning: Kobon/BBLCount.lean:210:32: Used `tac1 <;> tac2` where `(tac1; tac2)` would suffice

Note: This linter can be disabled with `set_option linter.unnecessarySeqFocus false`
warning: Kobon/BBLCount.lean:210:46: Used `tac1 <;> tac2` where `(tac1; tac2)` would suffice

Note: This linter can be disabled with `set_option linter.unnecessarySeqFocus false`
info: Kobon/BBLCount.lean:226:0: 'Kobon.BBLCount.mixed_count' depends on axioms: [propext, Classical.choice, Quot.sound]
⚠ [3105/3162] Replayed Kobon.BBLRowGeometry
warning: Kobon/BBLRowGeometry.lean:50:12: Used `tac1 <;> tac2` where `(tac1; tac2)` would suffice

Note: This linter can be disabled with `set_option linter.unnecessarySeqFocus false`
info: Kobon/BBLRowGeometry.lean:112:0: 'Kobon.BBLRowGeometry.mixed_triangle' depends on axioms: [propext, Classical.choice, Quot.sound]
info: Kobon/BBLRowGeometry.lean:113:0: 'Kobon.BBLRowGeometry.mixed_witness' depends on axioms: [propext, Classical.choice, Quot.sound]
⚠ [3106/3162] Replayed Kobon.BBLCaps
warning: Kobon/BBLCaps.lean:23:34: Variable name `hr` is not explicitly referenced.

The binding can be removed (if unused) or named `_` (if used implicitly).

Note: This linter can be disabled with `set_option linter.unusedVariables false`
warning: Kobon/BBLCaps.lean:36:53: Variable name `hj` is not explicitly referenced.

The binding can be removed (if unused) or named `_` (if used implicitly).

Note: This linter can be disabled with `set_option linter.unusedVariables false`
warning: Kobon/BBLCaps.lean:56:30: 'push_cast' tactic does nothing

Note: This linter can be disabled with `set_option linter.unusedTactic false`
warning: Kobon/BBLCaps.lean:57:31: 'push_cast' tactic does nothing

Note: This linter can be disabled with `set_option linter.unusedTactic false`
warning: Kobon/BBLCaps.lean:62:62: 'push_cast' tactic does nothing

Note: This linter can be disabled with `set_option linter.unusedTactic false`
info: Kobon/BBLCaps.lean:78:0: 'Kobon.BBLCaps.cap_no_aux_between' depends on axioms: [propext, Classical.choice, Quot.sound]
info: Kobon/BBLCaps.lean:79:0: 'Kobon.BBLCaps.cap_side' depends on axioms: [propext, Classical.choice, Quot.sound]
⚠ [3107/3162] Replayed Kobon.BBLCapSigns
warning: Kobon/BBLCapSigns.lean:23:2: 'push_cast' tactic does nothing

Note: This linter can be disabled with `set_option linter.unusedTactic false`
info: Kobon/BBLCapSigns.lean:35:0: 'Kobon.BBLCapSigns.cap_key_signs' depends on axioms: [propext, Classical.choice, Quot.sound]
⚠ [3108/3162] Replayed Kobon.BBLCapEnvelope
warning: Kobon/BBLCapEnvelope.lean:73:4: Used `tac1 <;> tac2` where `(tac1; tac2)` would suffice

Note: This linter can be disabled with `set_option linter.unnecessarySeqFocus false`
warning: Kobon/BBLCapEnvelope.lean:167:18: 'push_cast' tactic does nothing

Note: This linter can be disabled with `set_option linter.unusedTactic false`
warning: Kobon/BBLCapEnvelope.lean:172:16: 'push_cast' tactic does nothing

Note: This linter can be disabled with `set_option linter.unusedTactic false`
warning: Kobon/BBLCapEnvelope.lean:167:14: Used `tac1 <;> tac2` where `(tac1; tac2)` would suffice

Note: This linter can be disabled with `set_option linter.unnecessarySeqFocus false`
warning: Kobon/BBLCapEnvelope.lean:167:28: Used `tac1 <;> tac2` where `(tac1; tac2)` would suffice

Note: This linter can be disabled with `set_option linter.unnecessarySeqFocus false`
warning: Kobon/BBLCapEnvelope.lean:172:12: Used `tac1 <;> tac2` where `(tac1; tac2)` would suffice

Note: This linter can be disabled with `set_option linter.unnecessarySeqFocus false`
warning: Kobon/BBLCapEnvelope.lean:172:26: Used `tac1 <;> tac2` where `(tac1; tac2)` would suffice

Note: This linter can be disabled with `set_option linter.unnecessarySeqFocus false`
info: Kobon/BBLCapEnvelope.lean:186:0: 'Kobon.BBLCapEnvelope.cap_left_endpoint' depends on axioms: [propext, Classical.choice, Quot.sound]
info: Kobon/BBLCapEnvelope.lean:240:0: 'Kobon.BBLCapEnvelope.cap_right_endpoint' depends on axioms: [propext, Classical.choice, Quot.sound]
⚠ [3109/3162] Replayed Kobon.BBLCrossingCoordinates
warning: Kobon/BBLCrossingCoordinates.lean:75:61: This simp argument is unused:
  if_pos rfl

Hint: Omit it from the simp argument list.
  simp only [̵r̵o̵w̵C̵o̵o̵r̵d̵i̵n̵a̵t̵e̵,̵i̵f̵_̵n̵e̵g̵[̲r̲o̲w̲C̲o̲o̲r̲d̲i̲n̲a̲t̲e̲,̲ ̲i̲f̲_̲n̲e̲g̲ (show ¬̵8̵*̵r̵<̵4̵*̵r̵¬̲8̲ ̲*̲ ̲r̲ ̲<̲ ̲4̲ ̲*̲ ̲r̲ by o̵m̵e̵g̵a̵)̵,̵i̵f̵_̵p̵o̵s̵ ̵r̵f̵l̵]̵o̲m̲e̲g̲a̲)̲]̲

Note: This linter can be disabled with `set_option linter.unusedSimpArgs false`
info: Kobon/BBLCrossingCoordinates.lean:102:0: 'Kobon.BBLCrossingCoordinates.coordinate_eq_crossing' depends on axioms: [propext, Classical.choice, Quot.sound]
info: Kobon/BBLCrossingCoordinates.lean:103:0: 'Kobon.BBLCrossingCoordinates.old_slope_separation_eventually' depends on axioms: [propext,
 Classical.choice,
 Quot.sound]
ℹ [3110/3162] Replayed Kobon.BBLLiftedRows
info: Kobon/BBLLiftedRows.lean:53:0: 'Kobon.BBLLiftedRows.liftedCrossKey_le_iff' depends on axioms: [propext, Classical.choice, Quot.sound]
info: Kobon/BBLLiftedRows.lean:54:0: 'Kobon.BBLLiftedRows.liftedCrossKey_injective' depends on axioms: [propext, Classical.choice, Quot.sound]
ℹ [3111/3162] Replayed Kobon.BBLSimple
info: Kobon/BBLSimple.lean:94:0: 'Kobon.BBLSimple.canonical_no_concurrent' depends on axioms: [propext, Classical.choice, Quot.sound]
⚠ [3112/3162] Replayed Kobon.BBLRealization
warning: Kobon/BBLRealization.lean:52:76: This simp argument is unused:
  if_pos rfl

Hint: Omit it from the simp argument list.
  simp only [̵l̵i̵f̵t̵e̵d̵C̵r̵o̵s̵s̵K̵e̵y̵,̵r̵o̵w̵C̵o̵o̵r̵d̵i̵n̵a̵t̵e̵,̵i̵f̵_̵n̵e̵g̵[̲l̲i̲f̲t̲e̲d̲C̲r̲o̲s̲s̲K̲e̲y̲,̲ ̲r̲o̲w̲C̲o̲o̲r̲d̲i̲n̲a̲t̲e̲,̲ ̲i̲f̲_̲n̲e̲g̲ (show ¬̵8̵*̵r̵<̵4̵*̵r̵¬̲8̲ ̲*̲ ̲r̲ ̲<̲ ̲4̲ ̲*̲ ̲r̲ by o̵m̵e̵g̵a̵)̵,̵i̵f̵_̵p̵o̵s̵ ̵r̵f̵l̵]̵o̲m̲e̲g̲a̲)̲]̲

Note: This linter can be disabled with `set_option linter.unusedSimpArgs false`
warning: Kobon/BBLRealization.lean:53:60: Used `tac1 <;> tac2` where `(tac1; tac2)` would suffice

Note: This linter can be disabled with `set_option linter.unnecessarySeqFocus false`
warning: Kobon/BBLRealization.lean:128:24: Used `tac1 <;> tac2` where `(tac1; tac2)` would suffice

Note: This linter can be disabled with `set_option linter.unnecessarySeqFocus false`
warning: Kobon/BBLRealization.lean:128:36: Used `tac1 <;> tac2` where `(tac1; tac2)` would suffice

Note: This linter can be disabled with `set_option linter.unnecessarySeqFocus false`
warning: Kobon/BBLRealization.lean:128:50: Used `tac1 <;> tac2` where `(tac1; tac2)` would suffice

Note: This linter can be disabled with `set_option linter.unnecessarySeqFocus false`
info: Kobon/BBLRealization.lean:190:0: 'Kobon.BBLRealization.strict_new_rows_eventually' depends on axioms: [propext, Classical.choice, Quot.sound]
info: Kobon/BBLRealization.lean:191:0: 'Kobon.BBLRealization.crossing_order_eventually' depends on axioms: [propext, Classical.choice, Quot.sound]
info: Kobon/BBLRealization.lean:192:0: 'Kobon.BBLRealization.new_rows_injective_eventually' depends on axioms: [propext, Classical.choice, Quot.sound]
ℹ [3113/3162] Replayed Kobon.BBLRegularity
info: Kobon/BBLRegularity.lean:66:0: 'Kobon.BBLRegularity.canonical_no_parallel_eventually' depends on axioms: [propext, Classical.choice, Quot.sound]
ℹ [3114/3162] Replayed Kobon.BBLRealizedPencil
info: Kobon/BBLRealizedPencil.lean:120:0: 'Kobon.BBLRealizedPencil.realized_pencil_exists' depends on axioms: [propext, Classical.choice, Quot.sound]
ℹ [3115/3162] Replayed Kobon.Reindex
info: Kobon/Reindex.lean:127:0: 'Kobon.Reindex.rotate_visible' depends on axioms: [propext, Classical.choice, Quot.sound]
info: Kobon/Reindex.lean:128:0: 'Kobon.Reindex.rotate_triangle' depends on axioms: [propext, Classical.choice, Quot.sound]
info: Kobon/Reindex.lean:129:0: 'Kobon.Reindex.rotate_zero_triangle' depends on axioms: [propext, Classical.choice, Quot.sound]
info: Kobon/Reindex.lean:130:0: 'Kobon.Reindex.rotate_no_concurrent' depends on axioms: [propext, Classical.choice, Quot.sound]
⚠ [3116/3162] Replayed Kobon.BBLCanonicalPencil
warning: Kobon/BBLCanonicalPencil.lean:63:59: This simp argument is unused:
  if_pos rfl

Hint: Omit it from the simp argument list.
  simp only [̵a̵r̵r̵a̵n̵g̵e̵m̵e̵n̵t̵,̵i̵f̵_̵n̵e̵g̵ ̵h̵j̵,̵i̵f̵_̵p̵o̵s̵ ̵h̵j̵'̵,̵R̵e̵i̵n̵d̵e̵x̵.̵r̵o̵t̵a̵t̵e̵,̵R̵e̵i̵n̵d̵e̵x̵.̵s̵h̵i̵f̵t̵,̵[̲a̲r̲r̲a̲n̲g̲e̲m̲e̲n̲t̲,̲ ̲i̲f̲_̲n̲e̲g̲ ̲h̲j̲,̲ if_pos h̲j̲'̲,̲ ̲R̲e̲i̲n̲d̲e̲x̲.̲r̲o̲t̲a̲t̲e̲,̲ ̲R̲e̲i̲n̲d̲e̲x̲.̲s̲h̲i̲f̲t̲,̲
  ̲ ̲ ̲ ̲ ̲ ̲ ̲i̲f̲_̲p̲o̲s̲ ̲(show j̵+̵1̵<̵8̵*̵r̵+̵1̵j̲ ̲+̲ ̲1̲ ̲<̲ ̲8̲ ̲*̲ ̲r̲ ̲+̲ ̲1̲ by o̵m̵e̵g̵a̵)̵,̵p̵e̵n̵c̵i̵l̵A̵p̵p̵e̵n̵d̵,̵o̲m̲e̲g̲a̲)̲,̲ ̲p̲e̲n̲c̲i̲l̲A̲p̲p̲e̲n̲d̲,̲
        if_neg (show ¬̵j̵+̵1̵<̵4̵*̵r̵+̵1̵¬̲j̲ ̲+̲ ̲1̲ ̲<̲ ̲4̲ ̲*̲ ̲r̲ ̲+̲ ̲1̲ by o̵m̵e̵g̵a̵)̵,̵h̵e̵q̵,̵o̵l̵d̵A̵r̵r̵a̵n̵g̵e̵m̵e̵n̵t̵,̵i̵f̵_̵p̵o̵s̵ ̵r̵f̵l̵]̵o̲m̲e̲g̲a̲)̲,̲ ̲h̲e̲q̲,̲ ̲o̲l̲d̲A̲r̲r̲a̲n̲g̲e̲m̲e̲n̲t̲]̲

Note: This linter can be disabled with `set_option linter.unusedSimpArgs false`
info: Kobon/BBLCanonicalPencil.lean:68:0: 'Kobon.BBLCanonicalPencil.arrangement_eq_rotate_pencil' depends on axioms: [propext, Classical.choice, Quot.sound]
⚠ [3117/3162] Replayed Kobon.BBLCapHeight
warning: Kobon/BBLCapHeight.lean:62:18: 'push_cast' tactic does nothing

Note: This linter can be disabled with `set_option linter.unusedTactic false`
warning: Kobon/BBLCapHeight.lean:62:14: Used `tac1 <;> tac2` where `(tac1; tac2)` would suffice

Note: This linter can be disabled with `set_option linter.unnecessarySeqFocus false`
warning: Kobon/BBLCapHeight.lean:62:28: Used `tac1 <;> tac2` where `(tac1; tac2)` would suffice

Note: This linter can be disabled with `set_option linter.unnecessarySeqFocus false`
info: Kobon/BBLCapHeight.lean:108:0: 'Kobon.BBLCapHeight.cap_endpoint_height' depends on axioms: [propext, Classical.choice, Quot.sound]
ℹ [3118/3162] Replayed Kobon.BBLCapReplacement
info: Kobon/BBLCapReplacement.lean:183:0: 'Kobon.BBLCapReplacement.cap_replacement_eventually' depends on axioms: [propext, Classical.choice, Quot.sound]
ℹ [3119/3162] Replayed Kobon.BBLCapBridge
info: Kobon/BBLCapBridge.lean:91:0: 'Kobon.BBLCapBridge.canonical_endpoint_signs' depends on axioms: [propext, Classical.choice, Quot.sound]
info: Kobon/BBLCapBridge.lean:135:0: 'Kobon.BBLCapBridge.endpointSigns_of_canonical' depends on axioms: [propext, Classical.choice, Quot.sound]
info: Kobon/BBLCapBridge.lean:163:0: 'Kobon.BBLCapBridge.cap_replaced_eventually' depends on axioms: [propext, Classical.choice, Quot.sound]
⚠ [3120/3162] Replayed Kobon.BBLCentralEnvelope
warning: Kobon/BBLCentralEnvelope.lean:43:18: 'push_cast' tactic does nothing

Note: This linter can be disabled with `set_option linter.unusedTactic false`
warning: Kobon/BBLCentralEnvelope.lean:46:4: 'push_cast' tactic does nothing

Note: This linter can be disabled with `set_option linter.unusedTactic false`
warning: Kobon/BBLCentralEnvelope.lean:43:14: Used `tac1 <;> tac2` where `(tac1; tac2)` would suffice

Note: This linter can be disabled with `set_option linter.unnecessarySeqFocus false`
warning: Kobon/BBLCentralEnvelope.lean:43:28: Used `tac1 <;> tac2` where `(tac1; tac2)` would suffice

Note: This linter can be disabled with `set_option linter.unnecessarySeqFocus false`
info: Kobon/BBLCentralEnvelope.lean:84:0: 'Kobon.BBLCentralEnvelope.central_endpoint' depends on axioms: [propext, Classical.choice, Quot.sound]
⚠ [3121/3162] Replayed Kobon.BBLCentralPersistence
warning: Kobon/BBLCentralPersistence.lean:13:26: Variable name `n` is not explicitly referenced.

The binding can be removed (if unused) or named `_` (if used implicitly).

Note: This linter can be disabled with `set_option linter.unusedVariables false`
info: Kobon/BBLCentralPersistence.lean:114:0: 'Kobon.BBLCentralPersistence.central_retained_eventually' depends on axioms: [propext, Classical.choice, Quot.sound]
info: Kobon/BBLCentralPersistence.lean:115:0: 'Kobon.BBLCentralPersistence.canonical_central_signs' depends on axioms: [propext, Classical.choice, Quot.sound]
info: Kobon/BBLCentralPersistence.lean:116:0: 'Kobon.BBLCentralPersistence.centralSigns_of_canonical' depends on axioms: [propext, Classical.choice, Quot.sound]
info: Kobon/BBLCentralPersistence.lean:137:0: 'Kobon.BBLCentralPersistence.central_replaced_eventually' depends on axioms: [propext, Classical.choice, Quot.sound]
ℹ [3122/3162] Replayed Kobon.BBLConsecutive
info: Kobon/BBLConsecutive.lean:58:0: 'Kobon.BBLConsecutive.supports_consecutive' depends on axioms: [propext, Classical.choice, Quot.sound]
ℹ [3123/3162] Replayed Kobon.BBLAssembly
info: Kobon/BBLAssembly.lean:79:0: 'Kobon.BBLAssembly.replace_injective_on' depends on axioms: [propext, Classical.choice, Quot.sound]
info: Kobon/BBLAssembly.lean:80:0: 'Kobon.BBLAssembly.doubling_bound' depends on axioms: [propext, Classical.choice, Quot.sound]
ℹ [3124/3162] Replayed Kobon.BBLCapRetention
info: Kobon/BBLCapRetention.lean:53:0: 'Kobon.BBLCapRetention.cap_retained_eventually' depends on axioms: [propext, Classical.choice, Quot.sound]
⚠ [3125/3162] Replayed Kobon.BBLOldRetention
warning: Kobon/BBLOldRetention.lean:24:27: Used `tac1 <;> tac2` where `(tac1; tac2)` would suffice

Note: This linter can be disabled with `set_option linter.unnecessarySeqFocus false`
info: Kobon/BBLOldRetention.lean:71:0: 'Kobon.BBLOldRetention.all_replaced_positive_eventually' depends on axioms: [propext, Classical.choice, Quot.sound]
info: Kobon/BBLOldRetention.lean:72:0: 'Kobon.BBLOldRetention.noncap_eventually' depends on axioms: [propext, Classical.choice, Quot.sound]
info: Kobon/BBLOldRetention.lean:73:0: 'Kobon.BBLOldRetention.all_replaced_eventually' depends on axioms: [propext, Classical.choice, Quot.sound]
⚠ [3126/3162] Replayed Kobon.BBLAlternation
warning: Kobon/BBLAlternation.lean:17:36: Variable name `hms` is not explicitly referenced.

The binding can be removed (if unused) or named `_` (if used implicitly).

Note: This linter can be disabled with `set_option linter.unusedVariables false`
warning: Kobon/BBLAlternation.lean:74:8: 'ring' tactic does nothing

Note: This linter can be disabled with `set_option linter.unusedTactic false`
warning: Kobon/BBLAlternation.lean:74:8: this tactic is never executed

Note: This linter can be disabled with `set_option linter.unreachableTactic false`
info: Kobon/BBLAlternation.lean:191:0: 'Kobon.BBLAlternation.consecutive_apices' depends on axioms: [propext, Classical.choice, Quot.sound]
info: Kobon/BBLAlternation.lean:192:0: 'Kobon.BBLAlternation.saturated_alternation' depends on axioms: [propext, Classical.choice, Quot.sound]
ℹ [3127/3162] Replayed Kobon.BBLDoubling
info: Kobon/BBLDoubling.lean:96:0: 'Kobon.BBLDoubling.doubling' depends on axioms: [propext, Classical.choice, Quot.sound]
⚠ [3128/3162] Replayed Kobon.BBLGridReindex
warning: Kobon/BBLGridReindex.lean:24:30: Variable name `hi` is not explicitly referenced.

The binding can be removed (if unused) or named `_` (if used implicitly).

Note: This linter can be disabled with `set_option linter.unusedVariables false`
info: Kobon/BBLGridReindex.lean:62:0: 'Kobon.BBLGridReindex.perm_injective' depends on axioms: [propext, Quot.sound]
info: Kobon/BBLGridReindex.lean:63:0: 'Kobon.BBLGridReindex.next_cut' depends on axioms: [propext, Classical.choice, Quot.sound]
⚠ [3129/3162] Replayed Kobon.BBLNextSaturation
warning: Kobon/BBLNextSaturation.lean:36:27: Used `tac1 <;> tac2` where `(tac1; tac2)` would suffice

Note: This linter can be disabled with `set_option linter.unnecessarySeqFocus false`
warning: Kobon/BBLNextSaturation.lean:36:39: Used `tac1 <;> tac2` where `(tac1; tac2)` would suffice

Note: This linter can be disabled with `set_option linter.unnecessarySeqFocus false`
info: Kobon/BBLNextSaturation.lean:58:0: 'Kobon.BBLNextSaturation.next_saturated' depends on axioms: [propext, Classical.choice, Quot.sound]
ℹ [3130/3162] Replayed Kobon.BBLRecursiveWitness
info: Kobon/BBLRecursiveWitness.lean:135:0: 'Kobon.BBLRecursiveWitness.canonical_step' depends on axioms: [propext, Classical.choice, Quot.sound]
⚠ [3131/3162] Replayed Kobon.BBLRecursiveGrid
warning: Kobon/BBLRecursiveGrid.lean:96:30: This simp argument is unused:
  if_pos rfl

Hint: Omit it from the simp argument list.
  simp only [̵o̵l̵d̵A̵r̵r̵a̵n̵g̵e̵m̵e̵n̵t̵,̵i̵f̵_̵p̵o̵s̵ ̵r̵f̵l̵,̵f̵o̵r̵w̵a̵r̵d̵]̵[̲o̲l̲d̲A̲r̲r̲a̲n̲g̲e̲m̲e̲n̲t̲,̲ ̲f̲o̲r̲w̲a̲r̲d̲]̲

Note: This linter can be disabled with `set_option linter.unusedSimpArgs false`
info: Kobon/BBLRecursiveGrid.lean:112:0: 'Kobon.BBLRecursiveGrid.old_intercept_perm' depends on axioms: [propext, Classical.choice, Quot.sound]
info: Kobon/BBLRecursiveGrid.lean:113:0: 'Kobon.BBLRecursiveGrid.graph_reindex' depends on axioms: [propext, Classical.choice, Quot.sound]
ℹ [3132/3162] Replayed Kobon.Permutation
info: Kobon/Permutation.lean:185:0: 'Kobon.Permutation.triangle_pullback_support' depends on axioms: [propext, Classical.choice, Quot.sound]
info: Kobon/Permutation.lean:186:0: 'Kobon.Permutation.transport_list' depends on axioms: [propext, Classical.choice, Quot.sound]
info: Kobon/Permutation.lean:213:0: 'Kobon.Permutation.transport_list_of_injective' depends on axioms: [propext, Classical.choice, Quot.sound]
⚠ [3133/3162] Replayed Kobon.BBLRecursiveSeed
warning: Kobon/BBLRecursiveSeed.lean:50:21: This simp argument is unused:
  if_pos rfl

Hint: Omit it from the simp argument list.
  simp only [̵f̵o̵r̵w̵a̵r̵d̵,̵i̵f̵_̵p̵o̵s̵ ̵r̵f̵l̵,̵N̵a̵t̵.̵a̵d̵d̵_̵e̵q̵_̵z̵e̵r̵o̵_̵i̵f̵f̵,̵o̵n̵e̵_̵n̵e̵_̵z̵e̵r̵o̵,̵a̵n̵d̵_̵f̵a̵l̵s̵e̵,̵
  ̵ ̵ ̵ ̵ ̵N̵a̵t̵.̵s̵u̵c̵c̵_̵n̵e̵_̵z̵e̵r̵o̵,̵i̵f̵_̵f̵a̵l̵s̵e̵,̵N̵a̵t̵.̵a̵d̵d̵_̵s̵u̵b̵_̵c̵a̵n̵c̵e̵l̵,̵g̵a̵p̵T̵r̵i̵a̵n̵g̵l̵e̵]̵[̲f̲o̲r̲w̲a̲r̲d̲,̲ ̲N̲a̲t̲.̲a̲d̲d̲_̲e̲q̲_̲z̲e̲r̲o̲_̲i̲f̲f̲,̲ ̲o̲n̲e̲_̲n̲e̲_̲z̲e̲r̲o̲,̲ ̲a̲n̲d̲_̲f̲a̲l̲s̲e̲,̲ ̲N̲a̲t̲.̲s̲u̲c̲c̲_̲n̲e̲_̲z̲e̲r̲o̲,̲ ̲i̲f̲_̲f̲a̲l̲s̲e̲,̲
  ̲ ̲ ̲ ̲ ̲N̲a̲t̲.̲a̲d̲d̲_̲s̲u̲b̲_̲c̲a̲n̲c̲e̲l̲,̲ ̲g̲a̲p̲T̲r̲i̲a̲n̲g̲l̲e̲]̲

Note: This linter can be disabled with `set_option linter.unusedSimpArgs false`
warning: Kobon/BBLRecursiveSeed.lean:50:32: This simp argument is unused:
  Nat.add_eq_zero_iff

Hint: Omit it from the simp argument list.
  simp only [̵f̵o̵r̵w̵a̵r̵d̵,̵i̵f̵_̵p̵o̵s̵ ̵r̵f̵l̵,̵N̵a̵t̵.̵a̵d̵d̵_̵e̵q̵_̵z̵e̵r̵o̵_̵i̵f̵f̵,̵o̵n̵e̵_̵n̵e̵_̵z̵e̵r̵o̵,̵a̵n̵d̵_̵f̵a̵l̵s̵e̵,̵
  ̵ ̵ ̵ ̵ ̵N̵a̵t̵.̵s̵u̵c̵c̵_̵n̵e̵_̵z̵e̵r̵o̵,̵i̵f̵_̵f̵a̵l̵s̵e̵,̵N̵a̵t̵.̵a̵d̵d̵_̵s̵u̵b̵_̵c̵a̵n̵c̵e̵l̵,̵g̵a̵p̵T̵r̵i̵a̵n̵g̵l̵e̵]̵[̲f̲o̲r̲w̲a̲r̲d̲,̲ ̲i̲f̲_̲p̲o̲s̲ ̲r̲f̲l̲,̲ ̲o̲n̲e̲_̲n̲e̲_̲z̲e̲r̲o̲,̲ ̲a̲n̲d̲_̲f̲a̲l̲s̲e̲,̲ ̲N̲a̲t̲.̲s̲u̲c̲c̲_̲n̲e̲_̲z̲e̲r̲o̲,̲ ̲i̲f̲_̲f̲a̲l̲s̲e̲,̲
  ̲ ̲ ̲ ̲ ̲N̲a̲t̲.̲a̲d̲d̲_̲s̲u̲b̲_̲c̲a̲n̲c̲e̲l̲,̲ ̲g̲a̲p̲T̲r̲i̲a̲n̲g̲l̲e̲]̲

Note: This linter can be disabled with `set_option linter.unusedSimpArgs false`
warning: Kobon/BBLRecursiveSeed.lean:50:52: This simp argument is unused:
  one_ne_zero

Hint: Omit it from the simp argument list.
  simp only [̵f̵o̵r̵w̵a̵r̵d̵,̵i̵f̵_̵p̵o̵s̵ ̵r̵f̵l̵,̵N̵a̵t̵.̵a̵d̵d̵_̵e̵q̵_̵z̵e̵r̵o̵_̵i̵f̵f̵,̵o̵n̵e̵_̵n̵e̵_̵z̵e̵r̵o̵,̵a̵n̵d̵_̵f̵a̵l̵s̵e̵,̵
  ̵ ̵ ̵ ̵ ̵N̵a̵t̵.̵s̵u̵c̵c̵_̵n̵e̵_̵z̵e̵r̵o̵,̵i̵f̵_̵f̵a̵l̵s̵e̵,̵N̵a̵t̵.̵a̵d̵d̵_̵s̵u̵b̵_̵c̵a̵n̵c̵e̵l̵,̵g̵a̵p̵T̵r̵i̵a̵n̵g̵l̵e̵]̵[̲f̲o̲r̲w̲a̲r̲d̲,̲ ̲i̲f̲_̲p̲o̲s̲ ̲r̲f̲l̲,̲ ̲N̲a̲t̲.̲a̲d̲d̲_̲e̲q̲_̲z̲e̲r̲o̲_̲i̲f̲f̲,̲ ̲a̲n̲d̲_̲f̲a̲l̲s̲e̲,̲ ̲N̲a̲t̲.̲s̲u̲c̲c̲_̲n̲e̲_̲z̲e̲r̲o̲,̲ ̲i̲f̲_̲f̲a̲l̲s̲e̲,̲
  ̲ ̲ ̲ ̲ ̲N̲a̲t̲.̲a̲d̲d̲_̲s̲u̲b̲_̲c̲a̲n̲c̲e̲l̲,̲ ̲g̲a̲p̲T̲r̲i̲a̲n̲g̲l̲e̲]̲

Note: This linter can be disabled with `set_option linter.unusedSimpArgs false`
warning: Kobon/BBLRecursiveSeed.lean:50:64: This simp argument is unused:
  and_false

Hint: Omit it from the simp argument list.
  simp only [̵f̵o̵r̵w̵a̵r̵d̵,̵i̵f̵_̵p̵o̵s̵ ̵r̵f̵l̵,̵N̵a̵t̵.̵a̵d̵d̵_̵e̵q̵_̵z̵e̵r̵o̵_̵i̵f̵f̵,̵o̵n̵e̵_̵n̵e̵_̵z̵e̵r̵o̵,̵a̵n̵d̵_̵f̵a̵l̵s̵e̵,̵
  ̵ ̵ ̵ ̵ ̵N̵a̵t̵.̵s̵u̵c̵c̵_̵n̵e̵_̵z̵e̵r̵o̵,̵i̵f̵_̵f̵a̵l̵s̵e̵,̵N̵a̵t̵.̵a̵d̵d̵_̵s̵u̵b̵_̵c̵a̵n̵c̵e̵l̵,̵g̵a̵p̵T̵r̵i̵a̵n̵g̵l̵e̵]̵[̲f̲o̲r̲w̲a̲r̲d̲,̲ ̲i̲f̲_̲p̲o̲s̲ ̲r̲f̲l̲,̲ ̲N̲a̲t̲.̲a̲d̲d̲_̲e̲q̲_̲z̲e̲r̲o̲_̲i̲f̲f̲,̲ ̲o̲n̲e̲_̲n̲e̲_̲z̲e̲r̲o̲,̲ ̲N̲a̲t̲.̲s̲u̲c̲c̲_̲n̲e̲_̲z̲e̲r̲o̲,̲ ̲i̲f̲_̲f̲a̲l̲s̲e̲,̲
  ̲ ̲ ̲ ̲ ̲N̲a̲t̲.̲a̲d̲d̲_̲s̲u̲b̲_̲c̲a̲n̲c̲e̲l̲,̲ ̲g̲a̲p̲T̲r̲i̲a̲n̲g̲l̲e̲]̲

Note: This linter can be disabled with `set_option linter.unusedSimpArgs false`
info: Kobon/BBLRecursiveSeed.lean:116:0: 'Kobon.BBLRecursiveSeed.seed_step' depends on axioms: [propext, Classical.choice, Quot.sound]
ℹ [3134/3162] Replayed Kobon.BBLInfinite
info: Kobon/BBLInfinite.lean:73:0: 'Kobon.BBLInfinite.uniform_iterate' depends on axioms: [propext, Classical.choice, Quot.sound]
info: Kobon/BBLInfinite.lean:74:0: 'Kobon.BBLInfinite.infinite_family' depends on axioms: [propext, Classical.choice, Quot.sound]
info: Kobon/BBLInfinite.lean:75:0: 'Kobon.BBLInfinite.seed132_formula' depends on axioms: [propext, Classical.choice, Quot.sound]
ℹ [3135/3162] Replayed Kobon.BBLSeed21
info: Kobon/BBLSeed21.lean:190:0: 'Kobon.BBLSeed21.simple_lower_bound' depends on axioms: [propext,
 Classical.choice,
 Quot.sound,
 directions._native.native_decide.ax_1_1,
 simple._native.native_decide.ax_1_1,
 triangle_checks._native.native_decide.ax_1_1]
info: Kobon/BBLSeed21.lean:191:0: 'Kobon.BBLSeed21.exterior_lower_bound' depends on axioms: [propext,
 Classical.choice,
 Quot.sound,
 admissible_check._native.native_decide.ax_1_1,
 directions._native.native_decide.ax_1_1,
 simple._native.native_decide.ax_1_1,
 triangle_checks._native.native_decide.ax_1_1,
 visible_checks._native.native_decide.ax_1_1]
info: Kobon/BBLSeed21.lean:192:0: 'Kobon.BBLSeed21.arbitrarily_small' depends on axioms: [propext,
 Classical.choice,
 Quot.sound,
 admissible_check._native.native_decide.ax_1_1,
 directions._native.native_decide.ax_1_1,
 simple._native.native_decide.ax_1_1,
 triangle_checks._native.native_decide.ax_1_1,
 visible_checks._native.native_decide.ax_1_1]
info: Kobon/BBLSeed21.lean:193:0: 'Kobon.BBLSeed21.rightmost_last' depends on axioms: [propext,
 Classical.choice,
 Quot.sound,
 admissible_check._native.native_decide.ax_1_1,
 directions._native.native_decide.ax_1_1,
 visible_checks._native.native_decide.ax_1_1]
ℹ [3136/3162] Replayed Kobon.BBLSeed21Normalized
info: Kobon/BBLSeed21Normalized.lean:96:0: 'Kobon.BBLSeed21Normalized.graph_identity' depends on axioms: [propext, Classical.choice, Quot.sound]
info: Kobon/BBLSeed21Normalized.lean:97:0: 'Kobon.BBLSeed21Normalized.compatible' depends on axioms: [propext,
 Classical.choice,
 Quot.sound,
 BBLSeed21.directions._native.native_decide.ax_1_1,
 BBLSeed21.distinguished_checks._native.native_decide.ax_1_1,
 BBLSeed21.simple._native.native_decide.ax_1_1,
 BBLSeed21.triangle_checks._native.native_decide.ax_1_1]
ℹ [3137/3162] Replayed Kobon.BBLRecursiveChoice
info: Kobon/BBLRecursiveChoice.lean:134:0: 'Kobon.BBLRecursiveChoice.canonical_eventually' depends on axioms: [propext, Classical.choice, Quot.sound]
ℹ [3139/3162] Replayed Kobon.BBLProjection
info: Kobon/BBLProjection.lean:49:0: 'Kobon.BBLProjection.crossing_order_transfer' depends on axioms: [propext, Classical.choice, Quot.sound]
⚠ [3140/3162] Replayed Kobon.BBLRowMax
warning: Kobon/BBLRowMax.lean:11:5: Variable name `hik` is not explicitly referenced.

The binding can be removed (if unused) or named `_` (if used implicitly).

Note: This linter can be disabled with `set_option linter.unusedVariables false`
warning: Kobon/BBLRowMax.lean:51:12: Used `tac1 <;> tac2` where `(tac1; tac2)` would suffice

Note: This linter can be disabled with `set_option linter.unnecessarySeqFocus false`
info: Kobon/BBLRowMax.lean:92:0: 'Kobon.BBLRowMax.max_pair_visible' depends on axioms: [propext, Classical.choice, Quot.sound]
⚠ [3141/3162] Replayed Kobon.BBLVisible
warning: Kobon/BBLVisible.lean:27:44: 'push_cast' tactic does nothing

Note: This linter can be disabled with `set_option linter.unusedTactic false`
warning: Kobon/BBLVisible.lean:30:20: Variable name `hk` is not explicitly referenced.

The binding can be removed (if unused) or named `_` (if used implicitly).

Note: This linter can be disabled with `set_option linter.unusedVariables false`
warning: Kobon/BBLVisible.lean:30:35: Variable name `hik` is not explicitly referenced.

The binding can be removed (if unused) or named `_` (if used implicitly).

Note: This linter can be disabled with `set_option linter.unusedVariables false`
warning: Kobon/BBLVisible.lean:92:2: 'push_cast' tactic does nothing

Note: This linter can be disabled with `set_option linter.unusedTactic false`
info: Kobon/BBLVisible.lean:160:0: 'Kobon.BBLVisible.aux_visible' depends on axioms: [propext, Classical.choice, Quot.sound]
info: Kobon/BBLVisible.lean:161:0: 'Kobon.BBLVisible.new_visible_witness' depends on axioms: [propext, Classical.choice, Quot.sound]
ℹ [3142/3162] Replayed Kobon.BBLNextBoundary
info: Kobon/BBLNextBoundary.lean:97:0: 'Kobon.BBLNextBoundary.next_rightmost_boundary' depends on axioms: [propext, Classical.choice, Quot.sound]
⚠ [3143/3162] Replayed Kobon.BBLCentral
warning: Kobon/BBLCentral.lean:30:2: Used `tac1 <;> tac2` where `(tac1; tac2)` would suffice

Note: This linter can be disabled with `set_option linter.unnecessarySeqFocus false`
warning: Kobon/BBLCentral.lean:117:2: Used `tac1 <;> tac2` where `(tac1; tac2)` would suffice

Note: This linter can be disabled with `set_option linter.unnecessarySeqFocus false`
info: Kobon/BBLCentral.lean:154:0: 'Kobon.BBLCentral.perturbed_strict_maximum' depends on axioms: [propext, Classical.choice, Quot.sound]
info: Kobon/BBLCentral.lean:155:0: 'Kobon.BBLCentral.corrected_strict_maximum' depends on axioms: [propext, Classical.choice, Quot.sound]
info: Kobon/BBLCentral.lean:156:0: 'Kobon.BBLCentral.eventual_rightmost_central_maximum' depends on axioms: [propext, Classical.choice, Quot.sound]
ℹ [3144/3162] Replayed Kobon.BBLRightmost
info: Kobon/BBLRightmost.lean:120:0: 'Kobon.BBLRightmost.central_pencil_eventually' depends on axioms: [propext, Classical.choice, Quot.sound]
info: Kobon/BBLRightmost.lean:170:0: 'Kobon.BBLRightmost.canonical_row_eventually' depends on axioms: [propext, Classical.choice, Quot.sound]
ℹ [3145/3162] Replayed Kobon.BBLVisibleRetention
info: Kobon/BBLVisibleRetention.lean:77:0: 'Kobon.BBLVisibleRetention.zero_visible_unique' depends on axioms: [propext, Classical.choice, Quot.sound]
info: Kobon/BBLVisibleRetention.lean:78:0: 'Kobon.BBLVisibleRetention.retain_all_but_one' depends on axioms: [propext, Classical.choice, Quot.sound]
ℹ [3146/3162] Replayed Kobon.BBLVisibleAssembly
info: Kobon/BBLVisibleAssembly.lean:71:0: 'Kobon.BBLVisibleAssembly.visible_gain' depends on axioms: [propext, Classical.choice, Quot.sound]
ℹ [3147/3162] Replayed Kobon.BBLVisibleReindex
info: Kobon/BBLVisibleReindex.lean:124:0: 'Kobon.BBLVisibleReindex.transport_list' depends on axioms: [propext, Classical.choice, Quot.sound]
info: Kobon/BBLVisibleReindex.lean:125:0: 'Kobon.BBLVisibleReindex.transport_list_of_injective' depends on axioms: [propext, Classical.choice, Quot.sound]
ℹ [3148/3162] Replayed Kobon.BBLEvenStep
info: Kobon/BBLEvenStep.lean:112:0: 'Kobon.BBLEvenStep.canonical_visible_step' depends on axioms: [propext, Classical.choice, Quot.sound]
ℹ [3149/3162] Replayed Kobon.BBLEvenRecursive
info: Kobon/BBLEvenRecursive.lean:107:0: 'Kobon.BBLEvenRecursive.visible_seed_step' depends on axioms: [propext, Classical.choice, Quot.sound]
ℹ [3150/3162] Replayed Kobon.BBLEvenInfinite
info: Kobon/BBLEvenInfinite.lean:60:0: 'Kobon.BBLEvenInfinite.uniform_iterate' depends on axioms: [propext, Classical.choice, Quot.sound]
info: Kobon/BBLEvenInfinite.lean:61:0: 'Kobon.BBLEvenInfinite.infinite_even_family' depends on axioms: [propext, Classical.choice, Quot.sound]
ℹ [3151/3162] Replayed Kobon.BBLSeed21Visible
info: Kobon/BBLSeed21Visible.lean:78:0: 'Kobon.BBLSeed21Visible.compatible' depends on axioms: [propext,
 Classical.choice,
 Quot.sound,
 BBLSeed21.admissible_check._native.native_decide.ax_1_1,
 BBLSeed21.directions._native.native_decide.ax_1_1,
 BBLSeed21.distinguished_checks._native.native_decide.ax_1_1,
 BBLSeed21.simple._native.native_decide.ax_1_1,
 BBLSeed21.triangle_checks._native.native_decide.ax_1_1,
 BBLSeed21.visible_checks._native.native_decide.ax_1_1]
ℹ [3152/3162] Replayed Kobon.BBLVerifiedFamilies
info: Kobon/BBLVerifiedFamilies.lean:63:0: 'Kobon.BBLVerifiedFamilies.seed21_uniform' depends on axioms: [propext,
 Classical.choice,
 Quot.sound,
 BBLSeed21.directions._native.native_decide.ax_1_1,
 BBLSeed21.distinguished_checks._native.native_decide.ax_1_1,
 BBLSeed21.simple._native.native_decide.ax_1_1,
 BBLSeed21.triangle_checks._native.native_decide.ax_1_1]
info: Kobon/BBLVerifiedFamilies.lean:64:0: 'Kobon.BBLVerifiedFamilies.odd_family' depends on axioms: [propext,
 Classical.choice,
 Quot.sound,
 BBLSeed21.directions._native.native_decide.ax_1_1,
 BBLSeed21.distinguished_checks._native.native_decide.ax_1_1,
 BBLSeed21.simple._native.native_decide.ax_1_1,
 BBLSeed21.triangle_checks._native.native_decide.ax_1_1]
info: Kobon/BBLVerifiedFamilies.lean:65:0: 'Kobon.BBLVerifiedFamilies.eleven_odd_family' depends on axioms: [propext,
 Classical.choice,
 Quot.sound,
 BBLSeed21.directions._native.native_decide.ax_1_1,
 BBLSeed21.distinguished_checks._native.native_decide.ax_1_1,
 BBLSeed21.simple._native.native_decide.ax_1_1,
 BBLSeed21.triangle_checks._native.native_decide.ax_1_1]
info: Kobon/BBLVerifiedFamilies.lean:66:0: 'Kobon.BBLVerifiedFamilies.even_family' depends on axioms: [propext,
 Classical.choice,
 Quot.sound,
 BBLSeed21.admissible_check._native.native_decide.ax_1_1,
 BBLSeed21.directions._native.native_decide.ax_1_1,
 BBLSeed21.distinguished_checks._native.native_decide.ax_1_1,
 BBLSeed21.simple._native.native_decide.ax_1_1,
 BBLSeed21.triangle_checks._native.native_decide.ax_1_1,
 BBLSeed21.visible_checks._native.native_decide.ax_1_1]
info: Kobon/BBLVerifiedFamilies.lean:67:0: 'Kobon.BBLVerifiedFamilies.eleven_even_family' depends on axioms: [propext,
 Classical.choice,
 Quot.sound,
 BBLSeed21.admissible_check._native.native_decide.ax_1_1,
 BBLSeed21.directions._native.native_decide.ax_1_1,
 BBLSeed21.distinguished_checks._native.native_decide.ax_1_1,
 BBLSeed21.simple._native.native_decide.ax_1_1,
 BBLSeed21.triangle_checks._native.native_decide.ax_1_1,
 BBLSeed21.visible_checks._native.native_decide.ax_1_1]
ℹ [3154/3162] Replayed Kobon.FurediPalasti
info: Kobon/FurediPalasti.lean:345:0: 'Kobon.FurediPalasti.lower_bound' depends on axioms: [propext, Classical.choice, Quot.sound]
ℹ [3155/3162] Replayed Kobon.ShiftedCount
info: Kobon/ShiftedCount.lean:67:0: 'Kobon.ShiftedCount.ordered_bound_plus' depends on axioms: [propext, Classical.choice, Quot.sound]
ℹ [3156/3162] Replayed Kobon.ShiftedFurediPalasti
info: Kobon/ShiftedFurediPalasti.lean:321:0: 'Kobon.ShiftedFurediPalasti.simple_lower_bound' depends on axioms: [propext, Classical.choice, Quot.sound]
info: Kobon/ShiftedFurediPalasti.lean:322:0: 'Kobon.ShiftedFurediPalasti.lower_bound' depends on axioms: [propext, Classical.choice, Quot.sound]
ℹ [3157/3162] Replayed Kobon.Projective
info: Kobon/Projective.lean:165:0: 'Kobon.Projective.triangle_preserved' depends on axioms: [propext, Classical.choice, Quot.sound]
⚠ [3158/3162] Replayed Kobon.FurediPalastiChart
warning: Kobon/FurediPalastiChart.lean:31:65: This simp argument is unused:
  add_left_comm

Hint: Omit it from the simp argument list.
  simp [̵v̵e̵r̵t̵e̵x̵X̵,̵a̵d̵d̵_̵c̵o̵m̵m̵,̵a̵d̵d̵_̵l̵e̵f̵t̵_̵c̵o̵m̵m̵]̵[̲v̲e̲r̲t̲e̲x̲X̲,̲ ̲a̲d̲d̲_̲c̲o̲m̲m̲]̲

Note: This linter can be disabled with `set_option linter.unusedSimpArgs false`
warning: Kobon/FurediPalastiChart.lean:32:65: This simp argument is unused:
  add_left_comm

Hint: Omit it from the simp argument list.
  simp [̵v̵e̵r̵t̵e̵x̵Y̵,̵a̵d̵d̵_̵c̵o̵m̵m̵,̵a̵d̵d̵_̵l̵e̵f̵t̵_̵c̵o̵m̵m̵]̵[̲v̲e̲r̲t̲e̲x̲Y̲,̲ ̲a̲d̲d̲_̲c̲o̲m̲m̲]̲

Note: This linter can be disabled with `set_option linter.unusedSimpArgs false`
⚠ [3159/3307] Replayed Kobon.FurediPalastiCaps
warning: Kobon/FurediPalastiCaps.lean:113:47: Variable name `ha'` is not explicitly referenced.

The binding can be removed (if unused) or named `_` (if used implicitly).

Note: This linter can be disabled with `set_option linter.unusedVariables false`
warning: Kobon/FurediPalastiCaps.lean:275:71: This simp argument is unused:
  LeftCaps

Hint: Omit it from the simp argument list.
  simp_all ̵[̵L̵e̵f̵t̵C̵a̵p̵s̵]̵

Note: This linter can be disabled with `set_option linter.unusedSimpArgs false`
info: Kobon/FurediPalastiCaps.lean:332:0: 'Kobon.FurediPalastiCaps.above_left_caps' depends on axioms: [propext, Classical.choice, Quot.sound]
info: Kobon/FurediPalastiCaps.lean:333:0: 'Kobon.FurediPalastiCaps.exists_left_cut' depends on axioms: [propext, Classical.choice, Quot.sound]
ℹ [3160/3307] Replayed Kobon.FurediPalastiWrap
info: Kobon/FurediPalastiWrap.lean:235:0: 'Kobon.FurediPalastiWrap.wrap_triangle' depends on axioms: [propext, Classical.choice, Quot.sound]
info: Kobon/FurediPalastiWrap.lean:236:0: 'Kobon.FurediPalastiWrap.one_cap_simple_lower_bound' depends on axioms: [propext, Classical.choice, Quot.sound]
ℹ [3161/3307] Replayed Kobon.FurediPalastiTwoCaps
info: Kobon/FurediPalastiTwoCaps.lean:345:0: 'Kobon.FurediPalastiTwoCaps.upper_triangle' depends on axioms: [propext, Classical.choice, Quot.sound]
info: Kobon/FurediPalastiTwoCaps.lean:346:0: 'Kobon.FurediPalastiTwoCaps.lower_triangle' depends on axioms: [propext, Classical.choice, Quot.sound]
info: Kobon/FurediPalastiTwoCaps.lean:347:0: 'Kobon.FurediPalastiTwoCaps.two_cap_simple_lower_bound' depends on axioms: [propext, Classical.choice, Quot.sound]
ℹ [3162/3307] Replayed Kobon.Certificates.N003T00001H05c82de6
info: Kobon/Certificates/N003T00001H05c82de6.lean:23:0: 'Kobon.Certificates.N003T00001H05c82de6.checked' depends on axioms: [propext, checked._native.native_decide.ax_1_1]
info: Kobon/Certificates/N003T00001H05c82de6.lean:24:0: 'Kobon.Certificates.N003T00001H05c82de6.lower_bound' depends on axioms: [propext,
 Classical.choice,
 Quot.sound,
 checked._native.native_decide.ax_1_1]
ℹ [3163/3307] Replayed Kobon.SimpleCertificates.N003T00001H05c82de6
info: Kobon/SimpleCertificates/N003T00001H05c82de6.lean:13:0: 'Kobon.Certificates.N003T00001H05c82de6.simple_lower_bound' depends on axioms: [propext,
 Classical.choice,
 Quot.sound,
 checked._native.native_decide.ax_1_1,
 no_concurrent._native.native_decide.ax_1_1]
ℹ [3164/3307] Replayed Kobon.Certificates.N004T00002H0e541bd5
info: Kobon/Certificates/N004T00002H0e541bd5.lean:25:0: 'Kobon.Certificates.N004T00002H0e541bd5.checked' depends on axioms: [propext, checked._native.native_decide.ax_1_1]
info: Kobon/Certificates/N004T00002H0e541bd5.lean:26:0: 'Kobon.Certificates.N004T00002H0e541bd5.lower_bound' depends on axioms: [propext,
 Classical.choice,
 Quot.sound,
 checked._native.native_decide.ax_1_1]
ℹ [3165/3307] Replayed Kobon.SimpleCertificates.N004T00002H0e541bd5
info: Kobon/SimpleCertificates/N004T00002H0e541bd5.lean:13:0: 'Kobon.Certificates.N004T00002H0e541bd5.simple_lower_bound' depends on axioms: [propext,
 Classical.choice,
 Quot.sound,
 checked._native.native_decide.ax_1_1,
 no_concurrent._native.native_decide.ax_1_1]
ℹ [3166/3307] Replayed Kobon.Certificates.N005T00005H948a0bdf
info: Kobon/Certificates/N005T00005H948a0bdf.lean:29:0: 'Kobon.Certificates.N005T00005H948a0bdf.checked' depends on axioms: [propext, checked._native.native_decide.ax_1_1]
info: Kobon/Certificates/N005T00005H948a0bdf.lean:30:0: 'Kobon.Certificates.N005T00005H948a0bdf.lower_bound' depends on axioms: [propext,
 Classical.choice,
 Quot.sound,
 checked._native.native_decide.ax_1_1]
ℹ [3167/3307] Replayed Kobon.SimpleCertificates.N005T00005H948a0bdf
info: Kobon/SimpleCertificates/N005T00005H948a0bdf.lean:13:0: 'Kobon.Certificates.N005T00005H948a0bdf.simple_lower_bound' depends on axioms: [propext,
 Classical.choice,
 Quot.sound,
 checked._native.native_decide.ax_1_1,
 no_concurrent._native.native_decide.ax_1_1]
ℹ [3168/3307] Replayed Kobon.Certificates.N006T00007H6ea9ebaa
info: Kobon/Certificates/N006T00007H6ea9ebaa.lean:32:0: 'Kobon.Certificates.N006T00007H6ea9ebaa.checked' depends on axioms: [propext, checked._native.native_decide.ax_1_1]
info: Kobon/Certificates/N006T00007H6ea9ebaa.lean:33:0: 'Kobon.Certificates.N006T00007H6ea9ebaa.lower_bound' depends on axioms: [propext,
 Classical.choice,
 Quot.sound,
 checked._native.native_decide.ax_1_1]
ℹ [3169/3307] Replayed Kobon.SimpleCertificates.N006T00007H6ea9ebaa
info: Kobon/SimpleCertificates/N006T00007H6ea9ebaa.lean:13:0: 'Kobon.Certificates.N006T00007H6ea9ebaa.simple_lower_bound' depends on axioms: [propext,
 Classical.choice,
 Quot.sound,
 checked._native.native_decide.ax_1_1,
 no_concurrent._native.native_decide.ax_1_1]
ℹ [3170/3307] Replayed Kobon.Certificates.N007T00011He6b9a626
info: Kobon/Certificates/N007T00011He6b9a626.lean:37:0: 'Kobon.Certificates.N007T00011He6b9a626.checked' depends on axioms: [propext, checked._native.native_decide.ax_1_1]
info: Kobon/Certificates/N007T00011He6b9a626.lean:38:0: 'Kobon.Certificates.N007T00011He6b9a626.lower_bound' depends on axioms: [propext,
 Classical.choice,
 Quot.sound,
 checked._native.native_decide.ax_1_1]
ℹ [3171/3307] Replayed Kobon.SimpleCertificates.N007T00011He6b9a626
info: Kobon/SimpleCertificates/N007T00011He6b9a626.lean:13:0: 'Kobon.Certificates.N007T00011He6b9a626.simple_lower_bound' depends on axioms: [propext,
 Classical.choice,
 Quot.sound,
 checked._native.native_decide.ax_1_1,
 no_concurrent._native.native_decide.ax_1_1]
ℹ [3172/3307] Replayed Kobon.Certificates.N008T00014H2a63f4d9
info: Kobon/Certificates/N008T00014H2a63f4d9.lean:41:0: 'Kobon.Certificates.N008T00014H2a63f4d9.checked' depends on axioms: [propext, checked._native.native_decide.ax_1_1]
info: Kobon/Certificates/N008T00014H2a63f4d9.lean:42:0: 'Kobon.Certificates.N008T00014H2a63f4d9.lower_bound' depends on axioms: [propext,
 Classical.choice,
 Quot.sound,
 checked._native.native_decide.ax_1_1]
ℹ [3173/3307] Replayed Kobon.SimpleCertificates.N008T00014H2a63f4d9
info: Kobon/SimpleCertificates/N008T00014H2a63f4d9.lean:13:0: 'Kobon.Certificates.N008T00014H2a63f4d9.simple_lower_bound' depends on axioms: [propext,
 Classical.choice,
 Quot.sound,
 checked._native.native_decide.ax_1_1,
 no_concurrent._native.native_decide.ax_1_1]
ℹ [3174/3307] Replayed Kobon.Certificates.N009T00021H6ebbed82
info: Kobon/Certificates/N009T00021H6ebbed82.lean:49:0: 'Kobon.Certificates.N009T00021H6ebbed82.checked' depends on axioms: [propext, checked._native.native_decide.ax_1_1]
info: Kobon/Certificates/N009T00021H6ebbed82.lean:50:0: 'Kobon.Certificates.N009T00021H6ebbed82.lower_bound' depends on axioms: [propext,
 Classical.choice,
 Quot.sound,
 checked._native.native_decide.ax_1_1]
ℹ [3175/3307] Replayed Kobon.SimpleCertificates.N009T00021H6ebbed82
info: Kobon/SimpleCertificates/N009T00021H6ebbed82.lean:13:0: 'Kobon.Certificates.N009T00021H6ebbed82.simple_lower_bound' depends on axioms: [propext,
 Classical.choice,
 Quot.sound,
 checked._native.native_decide.ax_1_1,
 no_concurrent._native.native_decide.ax_1_1]
ℹ [3176/3307] Replayed Kobon.Certificates.N010T00025Hb767c427
info: Kobon/Certificates/N010T00025Hb767c427.lean:54:0: 'Kobon.Certificates.N010T00025Hb767c427.checked' depends on axioms: [propext, checked._native.native_decide.ax_1_1]
info: Kobon/Certificates/N010T00025Hb767c427.lean:55:0: 'Kobon.Certificates.N010T00025Hb767c427.lower_bound' depends on axioms: [propext,
 Classical.choice,
 Quot.sound,
 checked._native.native_decide.ax_1_1]
ℹ [3177/3307] Replayed Kobon.SimpleCertificates.N010T00025Hb767c427
info: Kobon/SimpleCertificates/N010T00025Hb767c427.lean:13:0: 'Kobon.Certificates.N010T00025Hb767c427.simple_lower_bound' depends on axioms: [propext,
 Classical.choice,
 Quot.sound,
 checked._native.native_decide.ax_1_1,
 no_concurrent._native.native_decide.ax_1_1]
ℹ [3178/3307] Replayed Kobon.Certificates.N011T00032Hb955e7c9
info: Kobon/Certificates/N011T00032Hb955e7c9.lean:62:0: 'Kobon.Certificates.N011T00032Hb955e7c9.checked' depends on axioms: [propext, checked._native.native_decide.ax_1_1]
info: Kobon/Certificates/N011T00032Hb955e7c9.lean:63:0: 'Kobon.Certificates.N011T00032Hb955e7c9.lower_bound' depends on axioms: [propext,
 Classical.choice,
 Quot.sound,
 checked._native.native_decide.ax_1_1]
ℹ [3179/3307] Replayed Kobon.SimpleCertificates.N011T00032Hb955e7c9
info: Kobon/SimpleCertificates/N011T00032Hb955e7c9.lean:13:0: 'Kobon.Certificates.N011T00032Hb955e7c9.simple_lower_bound' depends on axioms: [propext,
 Classical.choice,
 Quot.sound,
 checked._native.native_decide.ax_1_1,
 no_concurrent._native.native_decide.ax_1_1]
ℹ [3180/3307] Replayed Kobon.Certificates.N012T00038H38f69f38
info: Kobon/Certificates/N012T00038H38f69f38.lean:69:0: 'Kobon.Certificates.N012T00038H38f69f38.checked' depends on axioms: [propext, checked._native.native_decide.ax_1_1]
info: Kobon/Certificates/N012T00038H38f69f38.lean:70:0: 'Kobon.Certificates.N012T00038H38f69f38.lower_bound' depends on axioms: [propext,
 Classical.choice,
 Quot.sound,
 checked._native.native_decide.ax_1_1]
ℹ [3181/3307] Replayed Kobon.Certificates.N013T00047Hddec1f78
info: Kobon/Certificates/N013T00047Hddec1f78.lean:79:0: 'Kobon.Certificates.N013T00047Hddec1f78.checked' depends on axioms: [propext, checked._native.native_decide.ax_1_1]
info: Kobon/Certificates/N013T00047Hddec1f78.lean:80:0: 'Kobon.Certificates.N013T00047Hddec1f78.lower_bound' depends on axioms: [propext,
 Classical.choice,
 Quot.sound,
 checked._native.native_decide.ax_1_1]
ℹ [3182/3307] Replayed Kobon.SimpleCertificates.N013T00047Hddec1f78
info: Kobon/SimpleCertificates/N013T00047Hddec1f78.lean:13:0: 'Kobon.Certificates.N013T00047Hddec1f78.simple_lower_bound' depends on axioms: [propext,
 Classical.choice,
 Quot.sound,
 checked._native.native_decide.ax_1_1,
 no_concurrent._native.native_decide.ax_1_1]
ℹ [3183/3307] Replayed Kobon.Certificates.N014T00053H45157b2f
info: Kobon/Certificates/N014T00053H45157b2f.lean:86:0: 'Kobon.Certificates.N014T00053H45157b2f.checked' depends on axioms: [propext, checked._native.native_decide.ax_1_1]
info: Kobon/Certificates/N014T00053H45157b2f.lean:87:0: 'Kobon.Certificates.N014T00053H45157b2f.lower_bound' depends on axioms: [propext,
 Classical.choice,
 Quot.sound,
 checked._native.native_decide.ax_1_1]
ℹ [3184/3307] Replayed Kobon.SimpleCertificates.N014T00053H45157b2f
info: Kobon/SimpleCertificates/N014T00053H45157b2f.lean:13:0: 'Kobon.Certificates.N014T00053H45157b2f.simple_lower_bound' depends on axioms: [propext,
 Classical.choice,
 Quot.sound,
 checked._native.native_decide.ax_1_1,
 no_concurrent._native.native_decide.ax_1_1]
ℹ [3185/3307] Replayed Kobon.Certificates.N015T00065H4d3bf3b4
info: Kobon/Certificates/N015T00065H4d3bf3b4.lean:99:0: 'Kobon.Certificates.N015T00065H4d3bf3b4.checked' depends on axioms: [propext, checked._native.native_decide.ax_1_1]
info: Kobon/Certificates/N015T00065H4d3bf3b4.lean:100:0: 'Kobon.Certificates.N015T00065H4d3bf3b4.lower_bound' depends on axioms: [propext,
 Classical.choice,
 Quot.sound,
 checked._native.native_decide.ax_1_1]
ℹ [3186/3307] Replayed Kobon.SimpleCertificates.N015T00065H4d3bf3b4
info: Kobon/SimpleCertificates/N015T00065H4d3bf3b4.lean:13:0: 'Kobon.Certificates.N015T00065H4d3bf3b4.simple_lower_bound' depends on axioms: [propext,
 Classical.choice,
 Quot.sound,
 checked._native.native_decide.ax_1_1,
 no_concurrent._native.native_decide.ax_1_1]
ℹ [3187/3307] Replayed Kobon.Certificates.N016T00072H391cf79a
info: Kobon/Certificates/N016T00072H391cf79a.lean:107:0: 'Kobon.Certificates.N016T00072H391cf79a.checked' depends on axioms: [propext, checked._native.native_decide.ax_1_1]
info: Kobon/Certificates/N016T00072H391cf79a.lean:108:0: 'Kobon.Certificates.N016T00072H391cf79a.lower_bound' depends on axioms: [propext,
 Classical.choice,
 Quot.sound,
 checked._native.native_decide.ax_1_1]
ℹ [3188/3307] Replayed Kobon.SimpleCertificates.N016T00072H391cf79a
info: Kobon/SimpleCertificates/N016T00072H391cf79a.lean:13:0: 'Kobon.Certificates.N016T00072H391cf79a.simple_lower_bound' depends on axioms: [propext,
 Classical.choice,
 Quot.sound,
 checked._native.native_decide.ax_1_1,
 no_concurrent._native.native_decide.ax_1_1]
ℹ [3189/3307] Replayed Kobon.Certificates.N017T00085H7cf3c061
info: Kobon/Certificates/N017T00085H7cf3c061.lean:121:0: 'Kobon.Certificates.N017T00085H7cf3c061.checked' depends on axioms: [propext, checked._native.native_decide.ax_1_1]
info: Kobon/Certificates/N017T00085H7cf3c061.lean:122:0: 'Kobon.Certificates.N017T00085H7cf3c061.lower_bound' depends on axioms: [propext,
 Classical.choice,
 Quot.sound,
 checked._native.native_decide.ax_1_1]
ℹ [3190/3307] Replayed Kobon.SimpleCertificates.N017T00085H7cf3c061
info: Kobon/SimpleCertificates/N017T00085H7cf3c061.lean:13:0: 'Kobon.Certificates.N017T00085H7cf3c061.simple_lower_bound' depends on axioms: [propext,
 Classical.choice,
 Quot.sound,
 checked._native.native_decide.ax_1_1,
 no_concurrent._native.native_decide.ax_1_1]
ℹ [3191/3307] Replayed Kobon.Certificates.N018T00093Hedb6246a
info: Kobon/Certificates/N018T00093Hedb6246a.lean:130:0: 'Kobon.Certificates.N018T00093Hedb6246a.checked' depends on axioms: [propext, checked._native.native_decide.ax_1_1]
info: Kobon/Certificates/N018T00093Hedb6246a.lean:131:0: 'Kobon.Certificates.N018T00093Hedb6246a.lower_bound' depends on axioms: [propext,
 Classical.choice,
 Quot.sound,
 checked._native.native_decide.ax_1_1]
ℹ [3192/3307] Replayed Kobon.SimpleCertificates.N018T00093Hedb6246a
info: Kobon/SimpleCertificates/N018T00093Hedb6246a.lean:13:0: 'Kobon.Certificates.N018T00093Hedb6246a.simple_lower_bound' depends on axioms: [propext,
 Classical.choice,
 Quot.sound,
 checked._native.native_decide.ax_1_1,
 no_concurrent._native.native_decide.ax_1_1]
ℹ [3193/3307] Replayed Kobon.Certificates.N019T00107Ha2f32bdb
info: Kobon/Certificates/N019T00107Ha2f32bdb.lean:145:0: 'Kobon.Certificates.N019T00107Ha2f32bdb.checked' depends on axioms: [propext, checked._native.native_decide.ax_1_1]
info: Kobon/Certificates/N019T00107Ha2f32bdb.lean:146:0: 'Kobon.Certificates.N019T00107Ha2f32bdb.lower_bound' depends on axioms: [propext,
 Classical.choice,
 Quot.sound,
 checked._native.native_decide.ax_1_1]
ℹ [3194/3307] Replayed Kobon.SimpleCertificates.N019T00107Ha2f32bdb
info: Kobon/SimpleCertificates/N019T00107Ha2f32bdb.lean:13:0: 'Kobon.Certificates.N019T00107Ha2f32bdb.simple_lower_bound' depends on axioms: [propext,
 Classical.choice,
 Quot.sound,
 checked._native.native_decide.ax_1_1,
 no_concurrent._native.native_decide.ax_1_1]
ℹ [3195/3307] Replayed Kobon.Certificates.N020T00116Hadc03eed
info: Kobon/Certificates/N020T00116Hadc03eed.lean:155:0: 'Kobon.Certificates.N020T00116Hadc03eed.checked' depends on axioms: [propext, checked._native.native_decide.ax_1_1]
info: Kobon/Certificates/N020T00116Hadc03eed.lean:156:0: 'Kobon.Certificates.N020T00116Hadc03eed.lower_bound' depends on axioms: [propext,
 Classical.choice,
 Quot.sound,
 checked._native.native_decide.ax_1_1]
ℹ [3196/3307] Replayed Kobon.SimpleCertificates.N020T00116Hadc03eed
info: Kobon/SimpleCertificates/N020T00116Hadc03eed.lean:13:0: 'Kobon.Certificates.N020T00116Hadc03eed.simple_lower_bound' depends on axioms: [propext,
 Classical.choice,
 Quot.sound,
 checked._native.native_decide.ax_1_1,
 no_concurrent._native.native_decide.ax_1_1]
ℹ [3197/3307] Replayed Kobon.Certificates.N021T00133H36bae754
info: Kobon/Certificates/N021T00133H36bae754.lean:173:0: 'Kobon.Certificates.N021T00133H36bae754.checked' depends on axioms: [propext, checked._native.native_decide.ax_1_1]
info: Kobon/Certificates/N021T00133H36bae754.lean:174:0: 'Kobon.Certificates.N021T00133H36bae754.lower_bound' depends on axioms: [propext,
 Classical.choice,
 Quot.sound,
 checked._native.native_decide.ax_1_1]
ℹ [3198/3307] Replayed Kobon.SimpleCertificates.N021T00133H36bae754
info: Kobon/SimpleCertificates/N021T00133H36bae754.lean:13:0: 'Kobon.Certificates.N021T00133H36bae754.simple_lower_bound' depends on axioms: [propext,
 Classical.choice,
 Quot.sound,
 checked._native.native_decide.ax_1_1,
 no_concurrent._native.native_decide.ax_1_1]
ℹ [3199/3307] Replayed Kobon.Certificates.N022T00143H54396c64
info: Kobon/Certificates/N022T00143H54396c64.lean:184:0: 'Kobon.Certificates.N022T00143H54396c64.checked' depends on axioms: [propext, checked._native.native_decide.ax_1_1]
info: Kobon/Certificates/N022T00143H54396c64.lean:185:0: 'Kobon.Certificates.N022T00143H54396c64.lower_bound' depends on axioms: [propext,
 Classical.choice,
 Quot.sound,
 checked._native.native_decide.ax_1_1]
ℹ [3200/3307] Replayed Kobon.SimpleCertificates.N022T00143H54396c64
info: Kobon/SimpleCertificates/N022T00143H54396c64.lean:13:0: 'Kobon.Certificates.N022T00143H54396c64.simple_lower_bound' depends on axioms: [propext,
 Classical.choice,
 Quot.sound,
 checked._native.native_decide.ax_1_1,
 no_concurrent._native.native_decide.ax_1_1]
ℹ [3201/3307] Replayed Kobon.Certificates.N023T00161H969ad7d3
info: Kobon/Certificates/N023T00161H969ad7d3.lean:203:0: 'Kobon.Certificates.N023T00161H969ad7d3.checked' depends on axioms: [propext, checked._native.native_decide.ax_1_1]
info: Kobon/Certificates/N023T00161H969ad7d3.lean:204:0: 'Kobon.Certificates.N023T00161H969ad7d3.lower_bound' depends on axioms: [propext,
 Classical.choice,
 Quot.sound,
 checked._native.native_decide.ax_1_1]
ℹ [3202/3307] Replayed Kobon.SimpleCertificates.N023T00161H969ad7d3
info: Kobon/SimpleCertificates/N023T00161H969ad7d3.lean:13:0: 'Kobon.Certificates.N023T00161H969ad7d3.simple_lower_bound' depends on axioms: [propext,
 Classical.choice,
 Quot.sound,
 checked._native.native_decide.ax_1_1,
 no_concurrent._native.native_decide.ax_1_1]
ℹ [3203/3307] Replayed Kobon.Certificates.N024T00172He63e906b
info: Kobon/Certificates/N024T00172He63e906b.lean:215:0: 'Kobon.Certificates.N024T00172He63e906b.checked' depends on axioms: [propext, checked._native.native_decide.ax_1_1]
info: Kobon/Certificates/N024T00172He63e906b.lean:216:0: 'Kobon.Certificates.N024T00172He63e906b.lower_bound' depends on axioms: [propext,
 Classical.choice,
 Quot.sound,
 checked._native.native_decide.ax_1_1]
ℹ [3204/3307] Replayed Kobon.SimpleCertificates.N024T00172He63e906b
info: Kobon/SimpleCertificates/N024T00172He63e906b.lean:13:0: 'Kobon.Certificates.N024T00172He63e906b.simple_lower_bound' depends on axioms: [propext,
 Classical.choice,
 Quot.sound,
 checked._native.native_decide.ax_1_1,
 no_concurrent._native.native_decide.ax_1_1]
ℹ [3205/3307] Replayed Kobon.Certificates.N025T00191Hb568bffb
info: Kobon/Certificates/N025T00191Hb568bffb.lean:235:0: 'Kobon.Certificates.N025T00191Hb568bffb.checked' depends on axioms: [propext, checked._native.native_decide.ax_1_1]
info: Kobon/Certificates/N025T00191Hb568bffb.lean:236:0: 'Kobon.Certificates.N025T00191Hb568bffb.lower_bound' depends on axioms: [propext,
 Classical.choice,
 Quot.sound,
 checked._native.native_decide.ax_1_1]
ℹ [3206/3307] Replayed Kobon.SimpleCertificates.N025T00191Hb568bffb
info: Kobon/SimpleCertificates/N025T00191Hb568bffb.lean:13:0: 'Kobon.Certificates.N025T00191Hb568bffb.simple_lower_bound' depends on axioms: [propext,
 Classical.choice,
 Quot.sound,
 checked._native.native_decide.ax_1_1,
 no_concurrent._native.native_decide.ax_1_1]
ℹ [3207/3307] Replayed Kobon.Certificates.N026T00203He61b423c
info: Kobon/Certificates/N026T00203He61b423c.lean:248:0: 'Kobon.Certificates.N026T00203He61b423c.checked' depends on axioms: [propext, checked._native.native_decide.ax_1_1]
info: Kobon/Certificates/N026T00203He61b423c.lean:249:0: 'Kobon.Certificates.N026T00203He61b423c.lower_bound' depends on axioms: [propext,
 Classical.choice,
 Quot.sound,
 checked._native.native_decide.ax_1_1]
ℹ [3208/3307] Replayed Kobon.SimpleCertificates.N026T00203He61b423c
info: Kobon/SimpleCertificates/N026T00203He61b423c.lean:13:0: 'Kobon.Certificates.N026T00203He61b423c.simple_lower_bound' depends on axioms: [propext,
 Classical.choice,
 Quot.sound,
 checked._native.native_decide.ax_1_1,
 no_concurrent._native.native_decide.ax_1_1]
ℹ [3209/3307] Replayed Kobon.Certificates.N027T00225H7d6ae9a0
info: Kobon/Certificates/N027T00225H7d6ae9a0.lean:271:0: 'Kobon.Certificates.N027T00225H7d6ae9a0.checked' depends on axioms: [propext, checked._native.native_decide.ax_1_1]
info: Kobon/Certificates/N027T00225H7d6ae9a0.lean:272:0: 'Kobon.Certificates.N027T00225H7d6ae9a0.lower_bound' depends on axioms: [propext,
 Classical.choice,
 Quot.sound,
 checked._native.native_decide.ax_1_1]
ℹ [3210/3307] Replayed Kobon.SimpleCertificates.N027T00225H7d6ae9a0
info: Kobon/SimpleCertificates/N027T00225H7d6ae9a0.lean:13:0: 'Kobon.Certificates.N027T00225H7d6ae9a0.simple_lower_bound' depends on axioms: [propext,
 Classical.choice,
 Quot.sound,
 checked._native.native_decide.ax_1_1,
 no_concurrent._native.native_decide.ax_1_1]
ℹ [3211/3307] Replayed Kobon.Certificates.N028T00238H56ef2acb
info: Kobon/Certificates/N028T00238H56ef2acb.lean:285:0: 'Kobon.Certificates.N028T00238H56ef2acb.checked' depends on axioms: [propext, checked._native.native_decide.ax_1_1]
info: Kobon/Certificates/N028T00238H56ef2acb.lean:286:0: 'Kobon.Certificates.N028T00238H56ef2acb.lower_bound' depends on axioms: [propext,
 Classical.choice,
 Quot.sound,
 checked._native.native_decide.ax_1_1]
ℹ [3212/3307] Replayed Kobon.SimpleCertificates.N028T00238H56ef2acb
info: Kobon/SimpleCertificates/N028T00238H56ef2acb.lean:13:0: 'Kobon.Certificates.N028T00238H56ef2acb.simple_lower_bound' depends on axioms: [propext,
 Classical.choice,
 Quot.sound,
 checked._native.native_decide.ax_1_1,
 no_concurrent._native.native_decide.ax_1_1]
ℹ [3213/3307] Replayed Kobon.Certificates.N029T00261Hd4805c25
info: Kobon/Certificates/N029T00261Hd4805c25.lean:309:0: 'Kobon.Certificates.N029T00261Hd4805c25.checked' depends on axioms: [propext, checked._native.native_decide.ax_1_1]
info: Kobon/Certificates/N029T00261Hd4805c25.lean:310:0: 'Kobon.Certificates.N029T00261Hd4805c25.lower_bound' depends on axioms: [propext,
 Classical.choice,
 Quot.sound,
 checked._native.native_decide.ax_1_1]
ℹ [3214/3307] Replayed Kobon.SimpleCertificates.N029T00261Hd4805c25
info: Kobon/SimpleCertificates/N029T00261Hd4805c25.lean:13:0: 'Kobon.Certificates.N029T00261Hd4805c25.simple_lower_bound' depends on axioms: [propext,
 Classical.choice,
 Quot.sound,
 checked._native.native_decide.ax_1_1,
 no_concurrent._native.native_decide.ax_1_1]
ℹ [3215/3307] Replayed Kobon.Certificates.N030T00275Hdcfe649a
info: Kobon/Certificates/N030T00275Hdcfe649a.lean:324:0: 'Kobon.Certificates.N030T00275Hdcfe649a.checked' depends on axioms: [propext, checked._native.native_decide.ax_1_1]
info: Kobon/Certificates/N030T00275Hdcfe649a.lean:325:0: 'Kobon.Certificates.N030T00275Hdcfe649a.lower_bound' depends on axioms: [propext,
 Classical.choice,
 Quot.sound,
 checked._native.native_decide.ax_1_1]
ℹ [3216/3307] Replayed Kobon.SimpleCertificates.N030T00275Hdcfe649a
info: Kobon/SimpleCertificates/N030T00275Hdcfe649a.lean:13:0: 'Kobon.Certificates.N030T00275Hdcfe649a.simple_lower_bound' depends on axioms: [propext,
 Classical.choice,
 Quot.sound,
 checked._native.native_decide.ax_1_1,
 no_concurrent._native.native_decide.ax_1_1]
ℹ [3217/3307] Replayed Kobon.Certificates.N031T00299H70f23b94
info: Kobon/Certificates/N031T00299H70f23b94.lean:349:0: 'Kobon.Certificates.N031T00299H70f23b94.checked' depends on axioms: [propext, checked._native.native_decide.ax_1_1]
info: Kobon/Certificates/N031T00299H70f23b94.lean:350:0: 'Kobon.Certificates.N031T00299H70f23b94.lower_bound' depends on axioms: [propext,
 Classical.choice,
 Quot.sound,
 checked._native.native_decide.ax_1_1]
ℹ [3218/3307] Replayed Kobon.SimpleCertificates.N031T00299H70f23b94
info: Kobon/SimpleCertificates/N031T00299H70f23b94.lean:13:0: 'Kobon.Certificates.N031T00299H70f23b94.simple_lower_bound' depends on axioms: [propext,
 Classical.choice,
 Quot.sound,
 checked._native.native_decide.ax_1_1,
 no_concurrent._native.native_decide.ax_1_1]
ℹ [3219/3307] Replayed Kobon.Certificates.N032T00314H9ab78b00
info: Kobon/Certificates/N032T00314H9ab78b00.lean:365:0: 'Kobon.Certificates.N032T00314H9ab78b00.checked' depends on axioms: [propext, checked._native.native_decide.ax_1_1]
info: Kobon/Certificates/N032T00314H9ab78b00.lean:366:0: 'Kobon.Certificates.N032T00314H9ab78b00.lower_bound' depends on axioms: [propext,
 Classical.choice,
 Quot.sound,
 checked._native.native_decide.ax_1_1]
ℹ [3220/3307] Replayed Kobon.SimpleCertificates.N032T00314H9ab78b00
info: Kobon/SimpleCertificates/N032T00314H9ab78b00.lean:13:0: 'Kobon.Certificates.N032T00314H9ab78b00.simple_lower_bound' depends on axioms: [propext,
 Classical.choice,
 Quot.sound,
 checked._native.native_decide.ax_1_1,
 no_concurrent._native.native_decide.ax_1_1]
ℹ [3221/3307] Replayed Kobon.Certificates.N033T00341H95f3b770
info: Kobon/Certificates/N033T00341H95f3b770.lean:393:0: 'Kobon.Certificates.N033T00341H95f3b770.checked' depends on axioms: [propext, checked._native.native_decide.ax_1_1]
info: Kobon/Certificates/N033T00341H95f3b770.lean:394:0: 'Kobon.Certificates.N033T00341H95f3b770.lower_bound' depends on axioms: [propext,
 Classical.choice,
 Quot.sound,
 checked._native.native_decide.ax_1_1]
ℹ [3222/3307] Replayed Kobon.SimpleCertificates.N033T00341H95f3b770
info: Kobon/SimpleCertificates/N033T00341H95f3b770.lean:13:0: 'Kobon.Certificates.N033T00341H95f3b770.simple_lower_bound' depends on axioms: [propext,
 Classical.choice,
 Quot.sound,
 checked._native.native_decide.ax_1_1,
 no_concurrent._native.native_decide.ax_1_1]
ℹ [3223/3307] Replayed Kobon.Certificates.N034T00357Hfbde0a76
info: Kobon/Certificates/N034T00357Hfbde0a76.lean:410:0: 'Kobon.Certificates.N034T00357Hfbde0a76.checked' depends on axioms: [propext, checked._native.native_decide.ax_1_1]
info: Kobon/Certificates/N034T00357Hfbde0a76.lean:411:0: 'Kobon.Certificates.N034T00357Hfbde0a76.lower_bound' depends on axioms: [propext,
 Classical.choice,
 Quot.sound,
 checked._native.native_decide.ax_1_1]
ℹ [3224/3307] Replayed Kobon.SimpleCertificates.N034T00357Hfbde0a76
info: Kobon/SimpleCertificates/N034T00357Hfbde0a76.lean:13:0: 'Kobon.Certificates.N034T00357Hfbde0a76.simple_lower_bound' depends on axioms: [propext,
 Classical.choice,
 Quot.sound,
 checked._native.native_decide.ax_1_1,
 no_concurrent._native.native_decide.ax_1_1]
ℹ [3225/3307] Replayed Kobon.Certificates.N035T00385H9ee99af6
info: Kobon/Certificates/N035T00385H9ee99af6.lean:439:0: 'Kobon.Certificates.N035T00385H9ee99af6.checked' depends on axioms: [propext, checked._native.native_decide.ax_1_1]
info: Kobon/Certificates/N035T00385H9ee99af6.lean:440:0: 'Kobon.Certificates.N035T00385H9ee99af6.lower_bound' depends on axioms: [propext,
 Classical.choice,
 Quot.sound,
 checked._native.native_decide.ax_1_1]
ℹ [3226/3307] Replayed Kobon.SimpleCertificates.N035T00385H9ee99af6
info: Kobon/SimpleCertificates/N035T00385H9ee99af6.lean:13:0: 'Kobon.Certificates.N035T00385H9ee99af6.simple_lower_bound' depends on axioms: [propext,
 Classical.choice,
 Quot.sound,
 checked._native.native_decide.ax_1_1,
 no_concurrent._native.native_decide.ax_1_1]
ℹ [3227/3307] Replayed Kobon.Certificates.N036T00402H3fc01b7d
info: Kobon/Certificates/N036T00402H3fc01b7d.lean:457:0: 'Kobon.Certificates.N036T00402H3fc01b7d.checked' depends on axioms: [propext, checked._native.native_decide.ax_1_1]
info: Kobon/Certificates/N036T00402H3fc01b7d.lean:458:0: 'Kobon.Certificates.N036T00402H3fc01b7d.lower_bound' depends on axioms: [propext,
 Classical.choice,
 Quot.sound,
 checked._native.native_decide.ax_1_1]
ℹ [3228/3307] Replayed Kobon.SimpleCertificates.N036T00402H3fc01b7d
info: Kobon/SimpleCertificates/N036T00402H3fc01b7d.lean:13:0: 'Kobon.Certificates.N036T00402H3fc01b7d.simple_lower_bound' depends on axioms: [propext,
 Classical.choice,
 Quot.sound,
 checked._native.native_decide.ax_1_1,
 no_concurrent._native.native_decide.ax_1_1]
ℹ [3229/3307] Replayed Kobon.Certificates.N037T00431H11f0bde7
info: Kobon/Certificates/N037T00431H11f0bde7.lean:487:0: 'Kobon.Certificates.N037T00431H11f0bde7.checked' depends on axioms: [propext, checked._native.native_decide.ax_1_1]
info: Kobon/Certificates/N037T00431H11f0bde7.lean:488:0: 'Kobon.Certificates.N037T00431H11f0bde7.lower_bound' depends on axioms: [propext,
 Classical.choice,
 Quot.sound,
 checked._native.native_decide.ax_1_1]
ℹ [3230/3307] Replayed Kobon.SimpleCertificates.N037T00431H11f0bde7
info: Kobon/SimpleCertificates/N037T00431H11f0bde7.lean:13:0: 'Kobon.Certificates.N037T00431H11f0bde7.simple_lower_bound' depends on axioms: [propext,
 Classical.choice,
 Quot.sound,
 checked._native.native_decide.ax_1_1,
 no_concurrent._native.native_decide.ax_1_1]
ℹ [3231/3307] Replayed Kobon.Certificates.N038T00449H46ad5a32
info: Kobon/Certificates/N038T00449H46ad5a32.lean:506:0: 'Kobon.Certificates.N038T00449H46ad5a32.checked' depends on axioms: [propext, checked._native.native_decide.ax_1_1]
info: Kobon/Certificates/N038T00449H46ad5a32.lean:507:0: 'Kobon.Certificates.N038T00449H46ad5a32.lower_bound' depends on axioms: [propext,
 Classical.choice,
 Quot.sound,
 checked._native.native_decide.ax_1_1]
ℹ [3232/3307] Replayed Kobon.SimpleCertificates.N038T00449H46ad5a32
info: Kobon/SimpleCertificates/N038T00449H46ad5a32.lean:13:0: 'Kobon.Certificates.N038T00449H46ad5a32.simple_lower_bound' depends on axioms: [propext,
 Classical.choice,
 Quot.sound,
 checked._native.native_decide.ax_1_1,
 no_concurrent._native.native_decide.ax_1_1]
ℹ [3233/3307] Replayed Kobon.Certificates.N039T00469Hcf24d7d3
info: Kobon/Certificates/N039T00469Hcf24d7d3.lean:527:0: 'Kobon.Certificates.N039T00469Hcf24d7d3.checked' depends on axioms: [propext, checked._native.native_decide.ax_1_1]
info: Kobon/Certificates/N039T00469Hcf24d7d3.lean:528:0: 'Kobon.Certificates.N039T00469Hcf24d7d3.lower_bound' depends on axioms: [propext,
 Classical.choice,
 Quot.sound,
 checked._native.native_decide.ax_1_1]
ℹ [3234/3307] Replayed Kobon.Certificates.N040T00494H785374ca
info: Kobon/Certificates/N040T00494H785374ca.lean:553:0: 'Kobon.Certificates.N040T00494H785374ca.checked' depends on axioms: [propext, checked._native.native_decide.ax_1_1]
info: Kobon/Certificates/N040T00494H785374ca.lean:554:0: 'Kobon.Certificates.N040T00494H785374ca.lower_bound' depends on axioms: [propext,
 Classical.choice,
 Quot.sound,
 checked._native.native_decide.ax_1_1]
ℹ [3235/3307] Replayed Kobon.SimpleCertificates.N040T00494H785374ca
info: Kobon/SimpleCertificates/N040T00494H785374ca.lean:13:0: 'Kobon.Certificates.N040T00494H785374ca.simple_lower_bound' depends on axioms: [propext,
 Classical.choice,
 Quot.sound,
 checked._native.native_decide.ax_1_1,
 no_concurrent._native.native_decide.ax_1_1]
ℹ [3236/3307] Replayed Kobon.Certificates.N041T00533H01e2ef66
info: Kobon/Certificates/N041T00533H01e2ef66.lean:593:0: 'Kobon.Certificates.N041T00533H01e2ef66.checked' depends on axioms: [propext, checked._native.native_decide.ax_1_1]
info: Kobon/Certificates/N041T00533H01e2ef66.lean:594:0: 'Kobon.Certificates.N041T00533H01e2ef66.lower_bound' depends on axioms: [propext,
 Classical.choice,
 Quot.sound,
 checked._native.native_decide.ax_1_1]
ℹ [3237/3307] Replayed Kobon.SimpleCertificates.N041T00533H01e2ef66
info: Kobon/SimpleCertificates/N041T00533H01e2ef66.lean:13:0: 'Kobon.Certificates.N041T00533H01e2ef66.simple_lower_bound' depends on axioms: [propext,
 Classical.choice,
 Quot.sound,
 checked._native.native_decide.ax_1_1,
 no_concurrent._native.native_decide.ax_1_1]
ℹ [3238/3307] Replayed Kobon.Certificates.N042T00553H2bdc9d67
info: Kobon/Certificates/N042T00553H2bdc9d67.lean:614:0: 'Kobon.Certificates.N042T00553H2bdc9d67.checked' depends on axioms: [propext, checked._native.native_decide.ax_1_1]
info: Kobon/Certificates/N042T00553H2bdc9d67.lean:615:0: 'Kobon.Certificates.N042T00553H2bdc9d67.lower_bound' depends on axioms: [propext,
 Classical.choice,
 Quot.sound,
 checked._native.native_decide.ax_1_1]
ℹ [3239/3307] Replayed Kobon.SimpleCertificates.N042T00553H2bdc9d67
info: Kobon/SimpleCertificates/N042T00553H2bdc9d67.lean:13:0: 'Kobon.Certificates.N042T00553H2bdc9d67.simple_lower_bound' depends on axioms: [propext,
 Classical.choice,
 Quot.sound,
 checked._native.native_decide.ax_1_1,
 no_concurrent._native.native_decide.ax_1_1]
ℹ [3240/3307] Replayed Kobon.Certificates.N043T00587H861d8be2
info: Kobon/Certificates/N043T00587H861d8be2.lean:649:0: 'Kobon.Certificates.N043T00587H861d8be2.checked' depends on axioms: [propext, checked._native.native_decide.ax_1_1]
info: Kobon/Certificates/N043T00587H861d8be2.lean:650:0: 'Kobon.Certificates.N043T00587H861d8be2.lower_bound' depends on axioms: [propext,
 Classical.choice,
 Quot.sound,
 checked._native.native_decide.ax_1_1]
ℹ [3241/3307] Replayed Kobon.SimpleCertificates.N043T00587H861d8be2
info: Kobon/SimpleCertificates/N043T00587H861d8be2.lean:13:0: 'Kobon.Certificates.N043T00587H861d8be2.simple_lower_bound' depends on axioms: [propext,
 Classical.choice,
 Quot.sound,
 checked._native.native_decide.ax_1_1,
 no_concurrent._native.native_decide.ax_1_1]
ℹ [3242/3307] Replayed Kobon.Certificates.N044T00608Hb5277675
info: Kobon/Certificates/N044T00608Hb5277675.lean:671:0: 'Kobon.Certificates.N044T00608Hb5277675.checked' depends on axioms: [propext, checked._native.native_decide.ax_1_1]
info: Kobon/Certificates/N044T00608Hb5277675.lean:672:0: 'Kobon.Certificates.N044T00608Hb5277675.lower_bound' depends on axioms: [propext,
 Classical.choice,
 Quot.sound,
 checked._native.native_decide.ax_1_1]
ℹ [3243/3307] Replayed Kobon.SimpleCertificates.N044T00608Hb5277675
info: Kobon/SimpleCertificates/N044T00608Hb5277675.lean:13:0: 'Kobon.Certificates.N044T00608Hb5277675.simple_lower_bound' depends on axioms: [propext,
 Classical.choice,
 Quot.sound,
 checked._native.native_decide.ax_1_1,
 no_concurrent._native.native_decide.ax_1_1]
ℹ [3244/3307] Replayed Kobon.Certificates.N045T00645H3dc6e882
info: Kobon/Certificates/N045T00645H3dc6e882.lean:709:0: 'Kobon.Certificates.N045T00645H3dc6e882.checked' depends on axioms: [propext, checked._native.native_decide.ax_1_1]
info: Kobon/Certificates/N045T00645H3dc6e882.lean:710:0: 'Kobon.Certificates.N045T00645H3dc6e882.lower_bound' depends on axioms: [propext,
 Classical.choice,
 Quot.sound,
 checked._native.native_decide.ax_1_1]
ℹ [3245/3307] Replayed Kobon.SimpleCertificates.N045T00645H3dc6e882
info: Kobon/SimpleCertificates/N045T00645H3dc6e882.lean:13:0: 'Kobon.Certificates.N045T00645H3dc6e882.simple_lower_bound' depends on axioms: [propext,
 Classical.choice,
 Quot.sound,
 checked._native.native_decide.ax_1_1,
 no_concurrent._native.native_decide.ax_1_1]
ℹ [3246/3307] Replayed Kobon.Certificates.N046T00667H32b8ca2f
info: Kobon/Certificates/N046T00667H32b8ca2f.lean:732:0: 'Kobon.Certificates.N046T00667H32b8ca2f.checked' depends on axioms: [propext, checked._native.native_decide.ax_1_1]
info: Kobon/Certificates/N046T00667H32b8ca2f.lean:733:0: 'Kobon.Certificates.N046T00667H32b8ca2f.lower_bound' depends on axioms: [propext,
 Classical.choice,
 Quot.sound,
 checked._native.native_decide.ax_1_1]
ℹ [3247/3307] Replayed Kobon.SimpleCertificates.N046T00667H32b8ca2f
info: Kobon/SimpleCertificates/N046T00667H32b8ca2f.lean:13:0: 'Kobon.Certificates.N046T00667H32b8ca2f.simple_lower_bound' depends on axioms: [propext,
 Classical.choice,
 Quot.sound,
 checked._native.native_decide.ax_1_1,
 no_concurrent._native.native_decide.ax_1_1]
ℹ [3248/3307] Replayed Kobon.Certificates.N047T00690Hd8af27fc
info: Kobon/Certificates/N047T00690Hd8af27fc.lean:756:0: 'Kobon.Certificates.N047T00690Hd8af27fc.checked' depends on axioms: [propext, checked._native.native_decide.ax_1_1]
info: Kobon/Certificates/N047T00690Hd8af27fc.lean:757:0: 'Kobon.Certificates.N047T00690Hd8af27fc.lower_bound' depends on axioms: [propext,
 Classical.choice,
 Quot.sound,
 checked._native.native_decide.ax_1_1]
ℹ [3249/3307] Replayed Kobon.SimpleCertificates.N047T00690Hd8af27fc
info: Kobon/SimpleCertificates/N047T00690Hd8af27fc.lean:13:0: 'Kobon.Certificates.N047T00690Hd8af27fc.simple_lower_bound' depends on axioms: [propext,
 Classical.choice,
 Quot.sound,
 checked._native.native_decide.ax_1_1,
 no_concurrent._native.native_decide.ax_1_1]
ℹ [3250/3307] Replayed Kobon.Certificates.N048T00720H5e9767e7
info: Kobon/Certificates/N048T00720H5e9767e7.lean:787:0: 'Kobon.Certificates.N048T00720H5e9767e7.checked' depends on axioms: [propext, checked._native.native_decide.ax_1_1]
info: Kobon/Certificates/N048T00720H5e9767e7.lean:788:0: 'Kobon.Certificates.N048T00720H5e9767e7.lower_bound' depends on axioms: [propext,
 Classical.choice,
 Quot.sound,
 checked._native.native_decide.ax_1_1]
ℹ [3251/3307] Replayed Kobon.SimpleCertificates.N048T00720H5e9767e7
info: Kobon/SimpleCertificates/N048T00720H5e9767e7.lean:13:0: 'Kobon.Certificates.N048T00720H5e9767e7.simple_lower_bound' depends on axioms: [propext,
 Classical.choice,
 Quot.sound,
 checked._native.native_decide.ax_1_1,
 no_concurrent._native.native_decide.ax_1_1]
ℹ [3252/3307] Replayed Kobon.Certificates.N049T00767H957e6f15
info: Kobon/Certificates/N049T00767H957e6f15.lean:835:0: 'Kobon.Certificates.N049T00767H957e6f15.checked' depends on axioms: [propext, checked._native.native_decide.ax_1_1]
info: Kobon/Certificates/N049T00767H957e6f15.lean:836:0: 'Kobon.Certificates.N049T00767H957e6f15.lower_bound' depends on axioms: [propext,
 Classical.choice,
 Quot.sound,
 checked._native.native_decide.ax_1_1]
ℹ [3253/3307] Replayed Kobon.SimpleCertificates.N049T00767H957e6f15
info: Kobon/SimpleCertificates/N049T00767H957e6f15.lean:13:0: 'Kobon.Certificates.N049T00767H957e6f15.simple_lower_bound' depends on axioms: [propext,
 Classical.choice,
 Quot.sound,
 checked._native.native_decide.ax_1_1,
 no_concurrent._native.native_decide.ax_1_1]
ℹ [3254/3307] Replayed Kobon.Certificates.N050T00791H2ea22b55
info: Kobon/Certificates/N050T00791H2ea22b55.lean:860:0: 'Kobon.Certificates.N050T00791H2ea22b55.checked' depends on axioms: [propext, checked._native.native_decide.ax_1_1]
info: Kobon/Certificates/N050T00791H2ea22b55.lean:861:0: 'Kobon.Certificates.N050T00791H2ea22b55.lower_bound' depends on axioms: [propext,
 Classical.choice,
 Quot.sound,
 checked._native.native_decide.ax_1_1]
ℹ [3255/3307] Replayed Kobon.SimpleCertificates.N050T00791H2ea22b55
info: Kobon/SimpleCertificates/N050T00791H2ea22b55.lean:13:0: 'Kobon.Certificates.N050T00791H2ea22b55.simple_lower_bound' depends on axioms: [propext,
 Classical.choice,
 Quot.sound,
 checked._native.native_decide.ax_1_1,
 no_concurrent._native.native_decide.ax_1_1]
ℹ [3256/3307] Replayed Kobon.Certificates.N051T00817Hbd215f67
info: Kobon/Certificates/N051T00817Hbd215f67.lean:887:0: 'Kobon.Certificates.N051T00817Hbd215f67.checked' depends on axioms: [propext, checked._native.native_decide.ax_1_1]
info: Kobon/Certificates/N051T00817Hbd215f67.lean:888:0: 'Kobon.Certificates.N051T00817Hbd215f67.lower_bound' depends on axioms: [propext,
 Classical.choice,
 Quot.sound,
 checked._native.native_decide.ax_1_1]
ℹ [3257/3307] Replayed Kobon.Certificates.N052T00850H4b0d823a
info: Kobon/Certificates/N052T00850H4b0d823a.lean:921:0: 'Kobon.Certificates.N052T00850H4b0d823a.checked' depends on axioms: [propext, checked._native.native_decide.ax_1_1]
info: Kobon/Certificates/N052T00850H4b0d823a.lean:922:0: 'Kobon.Certificates.N052T00850H4b0d823a.lower_bound' depends on axioms: [propext,
 Classical.choice,
 Quot.sound,
 checked._native.native_decide.ax_1_1]
ℹ [3258/3307] Replayed Kobon.SimpleCertificates.N052T00850H4b0d823a
info: Kobon/SimpleCertificates/N052T00850H4b0d823a.lean:13:0: 'Kobon.Certificates.N052T00850H4b0d823a.simple_lower_bound' depends on axioms: [propext,
 Classical.choice,
 Quot.sound,
 checked._native.native_decide.ax_1_1,
 no_concurrent._native.native_decide.ax_1_1]
ℹ [3259/3307] Replayed Kobon.Certificates.N053T00884H723d7eff
info: Kobon/Certificates/N053T00884H723d7eff.lean:956:0: 'Kobon.Certificates.N053T00884H723d7eff.checked' depends on axioms: [propext, checked._native.native_decide.ax_1_1]
info: Kobon/Certificates/N053T00884H723d7eff.lean:957:0: 'Kobon.Certificates.N053T00884H723d7eff.lower_bound' depends on axioms: [propext,
 Classical.choice,
 Quot.sound,
 checked._native.native_decide.ax_1_1]
ℹ [3260/3307] Replayed Kobon.SimpleCertificates.N053T00884H723d7eff
info: Kobon/SimpleCertificates/N053T00884H723d7eff.lean:13:0: 'Kobon.Certificates.N053T00884H723d7eff.simple_lower_bound' depends on axioms: [propext,
 Classical.choice,
 Quot.sound,
 checked._native.native_decide.ax_1_1,
 no_concurrent._native.native_decide.ax_1_1]
ℹ [3261/3307] Replayed Kobon.Certificates.N054T00918H915abb8e
info: Kobon/Certificates/N054T00918H915abb8e.lean:991:0: 'Kobon.Certificates.N054T00918H915abb8e.checked' depends on axioms: [propext, checked._native.native_decide.ax_1_1]
info: Kobon/Certificates/N054T00918H915abb8e.lean:992:0: 'Kobon.Certificates.N054T00918H915abb8e.lower_bound' depends on axioms: [propext,
 Classical.choice,
 Quot.sound,
 checked._native.native_decide.ax_1_1]
ℹ [3262/3307] Replayed Kobon.SimpleCertificates.N054T00918H915abb8e
info: Kobon/SimpleCertificates/N054T00918H915abb8e.lean:13:0: 'Kobon.Certificates.N054T00918H915abb8e.simple_lower_bound' depends on axioms: [propext,
 Classical.choice,
 Quot.sound,
 checked._native.native_decide.ax_1_1,
 no_concurrent._native.native_decide.ax_1_1]
ℹ [3263/3307] Replayed Kobon.Certificates.N055T00954Hea7675d9
info: Kobon/Certificates/N055T00954Hea7675d9.lean:1028:0: 'Kobon.Certificates.N055T00954Hea7675d9.checked' depends on axioms: [propext, checked._native.native_decide.ax_1_1]
info: Kobon/Certificates/N055T00954Hea7675d9.lean:1029:0: 'Kobon.Certificates.N055T00954Hea7675d9.lower_bound' depends on axioms: [propext,
 Classical.choice,
 Quot.sound,
 checked._native.native_decide.ax_1_1]
ℹ [3264/3307] Replayed Kobon.SimpleCertificates.N055T00954Hea7675d9
info: Kobon/SimpleCertificates/N055T00954Hea7675d9.lean:13:0: 'Kobon.Certificates.N055T00954Hea7675d9.simple_lower_bound' depends on axioms: [propext,
 Classical.choice,
 Quot.sound,
 checked._native.native_decide.ax_1_1,
 no_concurrent._native.native_decide.ax_1_1]
ℹ [3265/3307] Replayed Kobon.Certificates.N056T00990Hde8a415c
info: Kobon/Certificates/N056T00990Hde8a415c.lean:1065:0: 'Kobon.Certificates.N056T00990Hde8a415c.checked' depends on axioms: [propext, checked._native.native_decide.ax_1_1]
info: Kobon/Certificates/N056T00990Hde8a415c.lean:1066:0: 'Kobon.Certificates.N056T00990Hde8a415c.lower_bound' depends on axioms: [propext,
 Classical.choice,
 Quot.sound,
 checked._native.native_decide.ax_1_1]
ℹ [3266/3307] Replayed Kobon.SimpleCertificates.N056T00990Hde8a415c
info: Kobon/SimpleCertificates/N056T00990Hde8a415c.lean:13:0: 'Kobon.Certificates.N056T00990Hde8a415c.simple_lower_bound' depends on axioms: [propext,
 Classical.choice,
 Quot.sound,
 checked._native.native_decide.ax_1_1,
 no_concurrent._native.native_decide.ax_1_1]
ℹ [3267/3307] Replayed Kobon.Certificates.N057T01045H9a1d337c
info: Kobon/Certificates/N057T01045H9a1d337c.lean:1121:0: 'Kobon.Certificates.N057T01045H9a1d337c.checked' depends on axioms: [propext, checked._native.native_decide.ax_1_1]
info: Kobon/Certificates/N057T01045H9a1d337c.lean:1122:0: 'Kobon.Certificates.N057T01045H9a1d337c.lower_bound' depends on axioms: [propext,
 Classical.choice,
 Quot.sound,
 checked._native.native_decide.ax_1_1]
ℹ [3268/3307] Replayed Kobon.SimpleCertificates.N057T01045H9a1d337c
info: Kobon/SimpleCertificates/N057T01045H9a1d337c.lean:13:0: 'Kobon.Certificates.N057T01045H9a1d337c.simple_lower_bound' depends on axioms: [propext,
 Classical.choice,
 Quot.sound,
 checked._native.native_decide.ax_1_1,
 no_concurrent._native.native_decide.ax_1_1]
ℹ [3269/3307] Replayed Kobon.Certificates.N058T01073Hd988db55
info: Kobon/Certificates/N058T01073Hd988db55.lean:1150:0: 'Kobon.Certificates.N058T01073Hd988db55.checked' depends on axioms: [propext, checked._native.native_decide.ax_1_1]
info: Kobon/Certificates/N058T01073Hd988db55.lean:1151:0: 'Kobon.Certificates.N058T01073Hd988db55.lower_bound' depends on axioms: [propext,
 Classical.choice,
 Quot.sound,
 checked._native.native_decide.ax_1_1]
ℹ [3270/3307] Replayed Kobon.SimpleCertificates.N058T01073Hd988db55
info: Kobon/SimpleCertificates/N058T01073Hd988db55.lean:13:0: 'Kobon.Certificates.N058T01073Hd988db55.simple_lower_bound' depends on axioms: [propext,
 Classical.choice,
 Quot.sound,
 checked._native.native_decide.ax_1_1,
 no_concurrent._native.native_decide.ax_1_1]
ℹ [3271/3307] Replayed Kobon.Certificates.N059T01102Hfd3b4280
info: Kobon/Certificates/N059T01102Hfd3b4280.lean:1180:0: 'Kobon.Certificates.N059T01102Hfd3b4280.checked' depends on axioms: [propext, checked._native.native_decide.ax_1_1]
info: Kobon/Certificates/N059T01102Hfd3b4280.lean:1181:0: 'Kobon.Certificates.N059T01102Hfd3b4280.lower_bound' depends on axioms: [propext,
 Classical.choice,
 Quot.sound,
 checked._native.native_decide.ax_1_1]
ℹ [3272/3307] Replayed Kobon.SimpleCertificates.N059T01102Hfd3b4280
info: Kobon/SimpleCertificates/N059T01102Hfd3b4280.lean:13:0: 'Kobon.Certificates.N059T01102Hfd3b4280.simple_lower_bound' depends on axioms: [propext,
 Classical.choice,
 Quot.sound,
 checked._native.native_decide.ax_1_1,
 no_concurrent._native.native_decide.ax_1_1]
ℹ [3273/3307] Replayed Kobon.Certificates.N060T01140H16af6d0b
info: Kobon/Certificates/N060T01140H16af6d0b.lean:1219:0: 'Kobon.Certificates.N060T01140H16af6d0b.checked' depends on axioms: [propext, checked._native.native_decide.ax_1_1]
info: Kobon/Certificates/N060T01140H16af6d0b.lean:1220:0: 'Kobon.Certificates.N060T01140H16af6d0b.lower_bound' depends on axioms: [propext,
 Classical.choice,
 Quot.sound,
 checked._native.native_decide.ax_1_1]
ℹ [3274/3307] Replayed Kobon.SimpleCertificates.N060T01140H16af6d0b
info: Kobon/SimpleCertificates/N060T01140H16af6d0b.lean:13:0: 'Kobon.Certificates.N060T01140H16af6d0b.simple_lower_bound' depends on axioms: [propext,
 Classical.choice,
 Quot.sound,
 checked._native.native_decide.ax_1_1,
 no_concurrent._native.native_decide.ax_1_1]
ℹ [3275/3307] Replayed Kobon.Certificates.N012T00037H8c718a33
info: Kobon/Certificates/N012T00037H8c718a33.lean:68:0: 'Kobon.Certificates.N012T00037H8c718a33.checked' depends on axioms: [propext, checked._native.native_decide.ax_1_1]
info: Kobon/Certificates/N012T00037H8c718a33.lean:69:0: 'Kobon.Certificates.N012T00037H8c718a33.lower_bound' depends on axioms: [propext,
 Classical.choice,
 Quot.sound,
 checked._native.native_decide.ax_1_1]
ℹ [3276/3307] Replayed Kobon.SimpleCertificates.N012T00037H8c718a33
info: Kobon/SimpleCertificates/N012T00037H8c718a33.lean:13:0: 'Kobon.Certificates.N012T00037H8c718a33.simple_lower_bound' depends on axioms: [propext,
 Classical.choice,
 Quot.sound,
 checked._native.native_decide.ax_1_1,
 no_concurrent._native.native_decide.ax_1_1]
ℹ [3277/3307] Replayed Kobon.Certificates.N039T00468H5c5b0b26
info: Kobon/Certificates/N039T00468H5c5b0b26.lean:526:0: 'Kobon.Certificates.N039T00468H5c5b0b26.checked' depends on axioms: [propext, checked._native.native_decide.ax_1_1]
info: Kobon/Certificates/N039T00468H5c5b0b26.lean:527:0: 'Kobon.Certificates.N039T00468H5c5b0b26.lower_bound' depends on axioms: [propext,
 Classical.choice,
 Quot.sound,
 checked._native.native_decide.ax_1_1]
ℹ [3278/3307] Replayed Kobon.SimpleCertificates.N039T00468H5c5b0b26
info: Kobon/SimpleCertificates/N039T00468H5c5b0b26.lean:13:0: 'Kobon.Certificates.N039T00468H5c5b0b26.simple_lower_bound' depends on axioms: [propext,
 Classical.choice,
 Quot.sound,
 checked._native.native_decide.ax_1_1,
 no_concurrent._native.native_decide.ax_1_1]
ℹ [3279/3307] Replayed Kobon.Certificates.N051T00816H6fa6b7d9
info: Kobon/Certificates/N051T00816H6fa6b7d9.lean:886:0: 'Kobon.Certificates.N051T00816H6fa6b7d9.checked' depends on axioms: [propext, checked._native.native_decide.ax_1_1]
info: Kobon/Certificates/N051T00816H6fa6b7d9.lean:887:0: 'Kobon.Certificates.N051T00816H6fa6b7d9.lower_bound' depends on axioms: [propext,
 Classical.choice,
 Quot.sound,
 checked._native.native_decide.ax_1_1]
ℹ [3280/3307] Replayed Kobon.SimpleCertificates.N051T00816H6fa6b7d9
info: Kobon/SimpleCertificates/N051T00816H6fa6b7d9.lean:13:0: 'Kobon.Certificates.N051T00816H6fa6b7d9.simple_lower_bound' depends on axioms: [propext,
 Classical.choice,
 Quot.sound,
 checked._native.native_decide.ax_1_1,
 no_concurrent._native.native_decide.ax_1_1]
ℹ [3281/3307] Replayed Kobon.Certificates.N005T00003H6265d6a7
info: Kobon/Certificates/N005T00003H6265d6a7.lean:27:0: 'Kobon.Certificates.N005T00003H6265d6a7.checked' depends on axioms: [propext, checked._native.native_decide.ax_1_1]
info: Kobon/Certificates/N005T00003H6265d6a7.lean:28:0: 'Kobon.Certificates.N005T00003H6265d6a7.lower_bound' depends on axioms: [propext,
 Classical.choice,
 Quot.sound,
 checked._native.native_decide.ax_1_1]
ℹ [3282/3307] Replayed Kobon.SimpleCertificates.N005T00003H6265d6a7
info: Kobon/SimpleCertificates/N005T00003H6265d6a7.lean:13:0: 'Kobon.Certificates.N005T00003H6265d6a7.simple_lower_bound' depends on axioms: [propext,
 Classical.choice,
 Quot.sound,
 checked._native.native_decide.ax_1_1,
 no_concurrent._native.native_decide.ax_1_1]
ℹ [3283/3307] Replayed Kobon.Certificates.N006T00004H7e060e9a
info: Kobon/Certificates/N006T00004H7e060e9a.lean:29:0: 'Kobon.Certificates.N006T00004H7e060e9a.checked' depends on axioms: [propext, checked._native.native_decide.ax_1_1]
info: Kobon/Certificates/N006T00004H7e060e9a.lean:30:0: 'Kobon.Certificates.N006T00004H7e060e9a.lower_bound' depends on axioms: [propext,
 Classical.choice,
 Quot.sound,
 checked._native.native_decide.ax_1_1]
ℹ [3284/3307] Replayed Kobon.SimpleCertificates.N006T00004H7e060e9a
info: Kobon/SimpleCertificates/N006T00004H7e060e9a.lean:13:0: 'Kobon.Certificates.N006T00004H7e060e9a.simple_lower_bound' depends on axioms: [propext,
 Classical.choice,
 Quot.sound,
 checked._native.native_decide.ax_1_1,
 no_concurrent._native.native_decide.ax_1_1]
ℹ [3285/3307] Replayed Kobon.Certificates.N019T00107H5d2a7588
info: Kobon/Certificates/N019T00107H5d2a7588.lean:145:0: 'Kobon.Certificates.N019T00107H5d2a7588.checked' depends on axioms: [propext, checked._native.native_decide.ax_1_1]
info: Kobon/Certificates/N019T00107H5d2a7588.lean:146:0: 'Kobon.Certificates.N019T00107H5d2a7588.lower_bound' depends on axioms: [propext,
 Classical.choice,
 Quot.sound,
 checked._native.native_decide.ax_1_1]
ℹ [3286/3307] Replayed Kobon.SimpleCertificates.N019T00107H5d2a7588
info: Kobon/SimpleCertificates/N019T00107H5d2a7588.lean:13:0: 'Kobon.Certificates.N019T00107H5d2a7588.simple_lower_bound' depends on axioms: [propext,
 Classical.choice,
 Quot.sound,
 checked._native.native_decide.ax_1_1,
 no_concurrent._native.native_decide.ax_1_1]
ℹ [3287/3307] Replayed Kobon.Certificates.N021T00126Hf18756b7
info: Kobon/Certificates/N021T00126Hf18756b7.lean:166:0: 'Kobon.Certificates.N021T00126Hf18756b7.checked' depends on axioms: [propext, checked._native.native_decide.ax_1_1]
info: Kobon/Certificates/N021T00126Hf18756b7.lean:167:0: 'Kobon.Certificates.N021T00126Hf18756b7.lower_bound' depends on axioms: [propext,
 Classical.choice,
 Quot.sound,
 checked._native.native_decide.ax_1_1]
ℹ [3288/3307] Replayed Kobon.SimpleCertificates.N021T00126Hf18756b7
info: Kobon/SimpleCertificates/N021T00126Hf18756b7.lean:13:0: 'Kobon.Certificates.N021T00126Hf18756b7.simple_lower_bound' depends on axioms: [propext,
 Classical.choice,
 Quot.sound,
 checked._native.native_decide.ax_1_1,
 no_concurrent._native.native_decide.ax_1_1]
ℹ [3289/3307] Replayed Kobon.Certificates.N005T00005Hdd0748b7
info: Kobon/Certificates/N005T00005Hdd0748b7.lean:29:0: 'Kobon.Certificates.N005T00005Hdd0748b7.checked' depends on axioms: [propext, checked._native.native_decide.ax_1_1]
info: Kobon/Certificates/N005T00005Hdd0748b7.lean:30:0: 'Kobon.Certificates.N005T00005Hdd0748b7.lower_bound' depends on axioms: [propext,
 Classical.choice,
 Quot.sound,
 checked._native.native_decide.ax_1_1]
ℹ [3290/3307] Replayed Kobon.SimpleCertificates.N005T00005Hdd0748b7
info: Kobon/SimpleCertificates/N005T00005Hdd0748b7.lean:13:0: 'Kobon.Certificates.N005T00005Hdd0748b7.simple_lower_bound' depends on axioms: [propext,
 Classical.choice,
 Quot.sound,
 checked._native.native_decide.ax_1_1,
 no_concurrent._native.native_decide.ax_1_1]
ℹ [3291/3307] Replayed Kobon.Certificates.N007T00010H4b5bb6e9
info: Kobon/Certificates/N007T00010H4b5bb6e9.lean:36:0: 'Kobon.Certificates.N007T00010H4b5bb6e9.checked' depends on axioms: [propext, checked._native.native_decide.ax_1_1]
info: Kobon/Certificates/N007T00010H4b5bb6e9.lean:37:0: 'Kobon.Certificates.N007T00010H4b5bb6e9.lower_bound' depends on axioms: [propext,
 Classical.choice,
 Quot.sound,
 checked._native.native_decide.ax_1_1]
ℹ [3292/3307] Replayed Kobon.SimpleCertificates.N007T00010H4b5bb6e9
info: Kobon/SimpleCertificates/N007T00010H4b5bb6e9.lean:13:0: 'Kobon.Certificates.N007T00010H4b5bb6e9.simple_lower_bound' depends on axioms: [propext,
 Classical.choice,
 Quot.sound,
 checked._native.native_decide.ax_1_1,
 no_concurrent._native.native_decide.ax_1_1]
ℹ [3293/3307] Replayed Kobon.Certificates.N021T00132H3d8bae2f
info: Kobon/Certificates/N021T00132H3d8bae2f.lean:172:0: 'Kobon.Certificates.N021T00132H3d8bae2f.checked' depends on axioms: [propext, checked._native.native_decide.ax_1_1]
info: Kobon/Certificates/N021T00132H3d8bae2f.lean:173:0: 'Kobon.Certificates.N021T00132H3d8bae2f.lower_bound' depends on axioms: [propext,
 Classical.choice,
 Quot.sound,
 checked._native.native_decide.ax_1_1]
ℹ [3294/3307] Replayed Kobon.SimpleCertificates.N021T00132H3d8bae2f
info: Kobon/SimpleCertificates/N021T00132H3d8bae2f.lean:13:0: 'Kobon.Certificates.N021T00132H3d8bae2f.simple_lower_bound' depends on axioms: [propext,
 Classical.choice,
 Quot.sound,
 checked._native.native_decide.ax_1_1,
 no_concurrent._native.native_decide.ax_1_1]
ℹ [3295/3307] Replayed Kobon.Certificates.N022T00142He683945e
info: Kobon/Certificates/N022T00142He683945e.lean:183:0: 'Kobon.Certificates.N022T00142He683945e.checked' depends on axioms: [propext, checked._native.native_decide.ax_1_1]
info: Kobon/Certificates/N022T00142He683945e.lean:184:0: 'Kobon.Certificates.N022T00142He683945e.lower_bound' depends on axioms: [propext,
 Classical.choice,
 Quot.sound,
 checked._native.native_decide.ax_1_1]
ℹ [3296/3307] Replayed Kobon.SimpleCertificates.N022T00142He683945e
info: Kobon/SimpleCertificates/N022T00142He683945e.lean:13:0: 'Kobon.Certificates.N022T00142He683945e.simple_lower_bound' depends on axioms: [propext,
 Classical.choice,
 Quot.sound,
 checked._native.native_decide.ax_1_1,
 no_concurrent._native.native_decide.ax_1_1]
ℹ [3297/3307] Replayed Kobon.Certificates.N041T00532H6d48a341
info: Kobon/Certificates/N041T00532H6d48a341.lean:592:0: 'Kobon.Certificates.N041T00532H6d48a341.checked' depends on axioms: [propext, checked._native.native_decide.ax_1_1]
info: Kobon/Certificates/N041T00532H6d48a341.lean:593:0: 'Kobon.Certificates.N041T00532H6d48a341.lower_bound' depends on axioms: [propext,
 Classical.choice,
 Quot.sound,
 checked._native.native_decide.ax_1_1]
ℹ [3298/3307] Replayed Kobon.SimpleCertificates.N041T00532H6d48a341
info: Kobon/SimpleCertificates/N041T00532H6d48a341.lean:13:0: 'Kobon.Certificates.N041T00532H6d48a341.simple_lower_bound' depends on axioms: [propext,
 Classical.choice,
 Quot.sound,
 checked._native.native_decide.ax_1_1,
 no_concurrent._native.native_decide.ax_1_1]
ℹ [3299/3307] Replayed Kobon.Certificates.N042T00552H7b29a6bd
info: Kobon/Certificates/N042T00552H7b29a6bd.lean:613:0: 'Kobon.Certificates.N042T00552H7b29a6bd.checked' depends on axioms: [propext, checked._native.native_decide.ax_1_1]
info: Kobon/Certificates/N042T00552H7b29a6bd.lean:614:0: 'Kobon.Certificates.N042T00552H7b29a6bd.lower_bound' depends on axioms: [propext,
 Classical.choice,
 Quot.sound,
 checked._native.native_decide.ax_1_1]
ℹ [3300/3307] Replayed Kobon.SimpleCertificates.N042T00552H7b29a6bd
info: Kobon/SimpleCertificates/N042T00552H7b29a6bd.lean:13:0: 'Kobon.Certificates.N042T00552H7b29a6bd.simple_lower_bound' depends on axioms: [propext,
 Classical.choice,
 Quot.sound,
 checked._native.native_decide.ax_1_1,
 no_concurrent._native.native_decide.ax_1_1]
ℹ [3301/3307] Replayed Kobon.Certificates.N081T02132H7bc6b303
info: Kobon/Certificates/N081T02132H7bc6b303.lean:2232:0: 'Kobon.Certificates.N081T02132H7bc6b303.checked' depends on axioms: [propext, checked._native.native_decide.ax_1_1]
info: Kobon/Certificates/N081T02132H7bc6b303.lean:2233:0: 'Kobon.Certificates.N081T02132H7bc6b303.lower_bound' depends on axioms: [propext,
 Classical.choice,
 Quot.sound,
 checked._native.native_decide.ax_1_1]
ℹ [3302/3307] Replayed Kobon.SimpleCertificates.N081T02132H7bc6b303
info: Kobon/SimpleCertificates/N081T02132H7bc6b303.lean:13:0: 'Kobon.Certificates.N081T02132H7bc6b303.simple_lower_bound' depends on axioms: [propext,
 Classical.choice,
 Quot.sound,
 checked._native.native_decide.ax_1_1,
 no_concurrent._native.native_decide.ax_1_1]
ℹ [3303/3307] Replayed Kobon.Certificates.N082T02172Hd75c9101
info: Kobon/Certificates/N082T02172Hd75c9101.lean:2273:0: 'Kobon.Certificates.N082T02172Hd75c9101.checked' depends on axioms: [propext, checked._native.native_decide.ax_1_1]
info: Kobon/Certificates/N082T02172Hd75c9101.lean:2274:0: 'Kobon.Certificates.N082T02172Hd75c9101.lower_bound' depends on axioms: [propext,
 Classical.choice,
 Quot.sound,
 checked._native.native_decide.ax_1_1]
ℹ [3304/3307] Replayed Kobon.SimpleCertificates.N082T02172Hd75c9101
info: Kobon/SimpleCertificates/N082T02172Hd75c9101.lean:13:0: 'Kobon.Certificates.N082T02172Hd75c9101.simple_lower_bound' depends on axioms: [propext,
 Classical.choice,
 Quot.sound,
 checked._native.native_decide.ax_1_1,
 no_concurrent._native.native_decide.ax_1_1]
ℹ [3305/3307] Replayed Kobon.Certificates.N161T08532H230691d5
info: Kobon/Certificates/N161T08532H230691d5.lean:8712:0: 'Kobon.Certificates.N161T08532H230691d5.checked' depends on axioms: [propext, checked._native.native_decide.ax_1_1]
info: Kobon/Certificates/N161T08532H230691d5.lean:8713:0: 'Kobon.Certificates.N161T08532H230691d5.lower_bound' depends on axioms: [propext,
 Classical.choice,
 Quot.sound,
 checked._native.native_decide.ax_1_1]
ℹ [3306/3307] Replayed Kobon.SimpleCertificates.N161T08532H230691d5
info: Kobon/SimpleCertificates/N161T08532H230691d5.lean:13:0: 'Kobon.Certificates.N161T08532H230691d5.simple_lower_bound' depends on axioms: [propext,
 Classical.choice,
 Quot.sound,
 checked._native.native_decide.ax_1_1,
 no_concurrent._native.native_decide.ax_1_1]
ℹ [3308/3431] Replayed Kobon.Certificates.N162T08612H1512e696
info: Kobon/Certificates/N162T08612H1512e696.lean:8793:0: 'Kobon.Certificates.N162T08612H1512e696.checked' depends on axioms: [propext, checked._native.native_decide.ax_1_1]
info: Kobon/Certificates/N162T08612H1512e696.lean:8794:0: 'Kobon.Certificates.N162T08612H1512e696.lower_bound' depends on axioms: [propext,
 Classical.choice,
 Quot.sound,
 checked._native.native_decide.ax_1_1]
ℹ [3309/3431] Replayed Kobon.SimpleCertificates.N162T08612H1512e696
info: Kobon/SimpleCertificates/N162T08612H1512e696.lean:13:0: 'Kobon.Certificates.N162T08612H1512e696.simple_lower_bound' depends on axioms: [propext,
 Classical.choice,
 Quot.sound,
 checked._native.native_decide.ax_1_1,
 no_concurrent._native.native_decide.ax_1_1]
ℹ [3310/3431] Replayed Kobon.Certificates.N009T00019He16410b8
info: Kobon/Certificates/N009T00019He16410b8.lean:47:0: 'Kobon.Certificates.N009T00019He16410b8.checked' depends on axioms: [propext, checked._native.native_decide.ax_1_1]
info: Kobon/Certificates/N009T00019He16410b8.lean:48:0: 'Kobon.Certificates.N009T00019He16410b8.lower_bound' depends on axioms: [propext,
 Classical.choice,
 Quot.sound,
 checked._native.native_decide.ax_1_1]
ℹ [3311/3431] Replayed Kobon.Certificates.N015T00061H7c38d54f
info: Kobon/Certificates/N015T00061H7c38d54f.lean:95:0: 'Kobon.Certificates.N015T00061H7c38d54f.checked' depends on axioms: [propext, checked._native.native_decide.ax_1_1]
info: Kobon/Certificates/N015T00061H7c38d54f.lean:96:0: 'Kobon.Certificates.N015T00061H7c38d54f.lower_bound' depends on axioms: [propext,
 Classical.choice,
 Quot.sound,
 checked._native.native_decide.ax_1_1]
ℹ [3312/3431] Replayed Kobon.Certificates.N021T00127Hb8dcff22
info: Kobon/Certificates/N021T00127Hb8dcff22.lean:167:0: 'Kobon.Certificates.N021T00127Hb8dcff22.checked' depends on axioms: [propext, checked._native.native_decide.ax_1_1]
info: Kobon/Certificates/N021T00127Hb8dcff22.lean:168:0: 'Kobon.Certificates.N021T00127Hb8dcff22.lower_bound' depends on axioms: [propext,
 Classical.choice,
 Quot.sound,
 checked._native.native_decide.ax_1_1]
ℹ [3313/3431] Replayed Kobon.Certificates.N027T00217H6670a2b1
info: Kobon/Certificates/N027T00217H6670a2b1.lean:263:0: 'Kobon.Certificates.N027T00217H6670a2b1.checked' depends on axioms: [propext, checked._native.native_decide.ax_1_1]
info: Kobon/Certificates/N027T00217H6670a2b1.lean:264:0: 'Kobon.Certificates.N027T00217H6670a2b1.lower_bound' depends on axioms: [propext,
 Classical.choice,
 Quot.sound,
 checked._native.native_decide.ax_1_1]
ℹ [3314/3431] Replayed Kobon.Certificates.N033T00331H25fd8f0c
info: Kobon/Certificates/N033T00331H25fd8f0c.lean:383:0: 'Kobon.Certificates.N033T00331H25fd8f0c.checked' depends on axioms: [propext, checked._native.native_decide.ax_1_1]
info: Kobon/Certificates/N033T00331H25fd8f0c.lean:384:0: 'Kobon.Certificates.N033T00331H25fd8f0c.lower_bound' depends on axioms: [propext,
 Classical.choice,
 Quot.sound,
 checked._native.native_decide.ax_1_1]
ℹ [3315/3431] Replayed Kobon.Certificates.N048T00715Hba6f5baa
info: Kobon/Certificates/N048T00715Hba6f5baa.lean:782:0: 'Kobon.Certificates.N048T00715Hba6f5baa.checked' depends on axioms: [propext, checked._native.native_decide.ax_1_1]
info: Kobon/Certificates/N048T00715Hba6f5baa.lean:783:0: 'Kobon.Certificates.N048T00715Hba6f5baa.lower_bound' depends on axioms: [propext,
 Classical.choice,
 Quot.sound,
 checked._native.native_decide.ax_1_1]
ℹ [3316/3431] Replayed Kobon.Certificates.N099T03169H4fef38d8
info: Kobon/Certificates/N099T03169H4fef38d8.lean:3287:0: 'Kobon.Certificates.N099T03169H4fef38d8.checked' depends on axioms: [propext, checked._native.native_decide.ax_1_1]
info: Kobon/Certificates/N099T03169H4fef38d8.lean:3288:0: 'Kobon.Certificates.N099T03169H4fef38d8.lower_bound' depends on axioms: [propext,
 Classical.choice,
 Quot.sound,
 checked._native.native_decide.ax_1_1]
ℹ [3317/3431] Replayed Kobon.Certificates.N195T12481Hcd3497db
info: Kobon/Certificates/N195T12481Hcd3497db.lean:12695:0: 'Kobon.Certificates.N195T12481Hcd3497db.checked' depends on axioms: [propext, checked._native.native_decide.ax_1_1]
info: Kobon/Certificates/N195T12481Hcd3497db.lean:12696:0: 'Kobon.Certificates.N195T12481Hcd3497db.lower_bound' depends on axioms: [propext,
 Classical.choice,
 Quot.sound,
 checked._native.native_decide.ax_1_1]
ℹ [3318/3431] Replayed Kobon.Certificates.N195T12480H1b9230fb
info: Kobon/Certificates/N195T12480H1b9230fb.lean:12694:0: 'Kobon.Certificates.N195T12480H1b9230fb.checked' depends on axioms: [propext, checked._native.native_decide.ax_1_1]
info: Kobon/Certificates/N195T12480H1b9230fb.lean:12695:0: 'Kobon.Certificates.N195T12480H1b9230fb.lower_bound' depends on axioms: [propext,
 Classical.choice,
 Quot.sound,
 checked._native.native_decide.ax_1_1]
ℹ [3319/3431] Replayed Kobon.SimpleCertificates.N195T12480H1b9230fb
info: Kobon/SimpleCertificates/N195T12480H1b9230fb.lean:13:0: 'Kobon.Certificates.N195T12480H1b9230fb.simple_lower_bound' depends on axioms: [propext,
 Classical.choice,
 Quot.sound,
 checked._native.native_decide.ax_1_1,
 no_concurrent._native.native_decide.ax_1_1]
ℹ [3320/3431] Replayed Kobon.Certificates.N044T00602H0b0250bf
info: Kobon/Certificates/N044T00602H0b0250bf.lean:665:0: 'Kobon.Certificates.N044T00602H0b0250bf.checked' depends on axioms: [propext, checked._native.native_decide.ax_1_1]
info: Kobon/Certificates/N044T00602H0b0250bf.lean:666:0: 'Kobon.Certificates.N044T00602H0b0250bf.lower_bound' depends on axioms: [propext,
 Classical.choice,
 Quot.sound,
 checked._native.native_decide.ax_1_1]
ℹ [3321/3431] Replayed Kobon.SimpleCertificates.N044T00602H0b0250bf
info: Kobon/SimpleCertificates/N044T00602H0b0250bf.lean:13:0: 'Kobon.Certificates.N044T00602H0b0250bf.simple_lower_bound' depends on axioms: [propext,
 Classical.choice,
 Quot.sound,
 checked._native.native_decide.ax_1_1,
 no_concurrent._native.native_decide.ax_1_1]
ℹ [3322/3431] Replayed Kobon.Certificates.N099T03168Ha0ea3082
info: Kobon/Certificates/N099T03168Ha0ea3082.lean:3286:0: 'Kobon.Certificates.N099T03168Ha0ea3082.checked' depends on axioms: [propext, checked._native.native_decide.ax_1_1]
info: Kobon/Certificates/N099T03168Ha0ea3082.lean:3287:0: 'Kobon.Certificates.N099T03168Ha0ea3082.lower_bound' depends on axioms: [propext,
 Classical.choice,
 Quot.sound,
 checked._native.native_decide.ax_1_1]
ℹ [3323/3431] Replayed Kobon.SimpleCertificates.N099T03168Ha0ea3082
info: Kobon/SimpleCertificates/N099T03168Ha0ea3082.lean:13:0: 'Kobon.Certificates.N099T03168Ha0ea3082.simple_lower_bound' depends on axioms: [propext,
 Classical.choice,
 Quot.sound,
 checked._native.native_decide.ax_1_1,
 no_concurrent._native.native_decide.ax_1_1]
ℹ [3324/3431] Replayed Kobon.Certificates.N039T00470H30caa6f7
info: Kobon/Certificates/N039T00470H30caa6f7.lean:528:0: 'Kobon.Certificates.N039T00470H30caa6f7.checked' depends on axioms: [propext, checked._native.native_decide.ax_1_1]
info: Kobon/Certificates/N039T00470H30caa6f7.lean:529:0: 'Kobon.Certificates.N039T00470H30caa6f7.lower_bound' depends on axioms: [propext,
 Classical.choice,
 Quot.sound,
 checked._native.native_decide.ax_1_1]
ℹ [3325/3431] Replayed Kobon.SimpleCertificates.N039T00470H30caa6f7
info: Kobon/SimpleCertificates/N039T00470H30caa6f7.lean:13:0: 'Kobon.Certificates.N039T00470H30caa6f7.simple_lower_bound' depends on axioms: [propext,
 Classical.choice,
 Quot.sound,
 checked._native.native_decide.ax_1_1,
 no_concurrent._native.native_decide.ax_1_1]
ℹ [3326/3431] Replayed Kobon.Certificates.N047T00691Hfac44af1
info: Kobon/Certificates/N047T00691Hfac44af1.lean:757:0: 'Kobon.Certificates.N047T00691Hfac44af1.checked' depends on axioms: [propext, checked._native.native_decide.ax_1_1]
info: Kobon/Certificates/N047T00691Hfac44af1.lean:758:0: 'Kobon.Certificates.N047T00691Hfac44af1.lower_bound' depends on axioms: [propext,
 Classical.choice,
 Quot.sound,
 checked._native.native_decide.ax_1_1]
ℹ [3327/3431] Replayed Kobon.SimpleCertificates.N047T00691Hfac44af1
info: Kobon/SimpleCertificates/N047T00691Hfac44af1.lean:13:0: 'Kobon.Certificates.N047T00691Hfac44af1.simple_lower_bound' depends on axioms: [propext,
 Classical.choice,
 Quot.sound,
 checked._native.native_decide.ax_1_1,
 no_concurrent._native.native_decide.ax_1_1]
ℹ [3328/3431] Replayed Kobon.Certificates.N048T00721H2fb5ef0d
info: Kobon/Certificates/N048T00721H2fb5ef0d.lean:788:0: 'Kobon.Certificates.N048T00721H2fb5ef0d.checked' depends on axioms: [propext, checked._native.native_decide.ax_1_1]
info: Kobon/Certificates/N048T00721H2fb5ef0d.lean:789:0: 'Kobon.Certificates.N048T00721H2fb5ef0d.lower_bound' depends on axioms: [propext,
 Classical.choice,
 Quot.sound,
 checked._native.native_decide.ax_1_1]
ℹ [3329/3431] Replayed Kobon.SimpleCertificates.N048T00721H2fb5ef0d
info: Kobon/SimpleCertificates/N048T00721H2fb5ef0d.lean:13:0: 'Kobon.Certificates.N048T00721H2fb5ef0d.simple_lower_bound' depends on axioms: [propext,
 Classical.choice,
 Quot.sound,
 checked._native.native_decide.ax_1_1,
 no_concurrent._native.native_decide.ax_1_1]
ℹ [3330/3431] Replayed Kobon.Certificates.N051T00818Hc18e1baf
info: Kobon/Certificates/N051T00818Hc18e1baf.lean:888:0: 'Kobon.Certificates.N051T00818Hc18e1baf.checked' depends on axioms: [propext, checked._native.native_decide.ax_1_1]
info: Kobon/Certificates/N051T00818Hc18e1baf.lean:889:0: 'Kobon.Certificates.N051T00818Hc18e1baf.lower_bound' depends on axioms: [propext,
 Classical.choice,
 Quot.sound,
 checked._native.native_decide.ax_1_1]
ℹ [3331/3431] Replayed Kobon.SimpleCertificates.N051T00818Hc18e1baf
info: Kobon/SimpleCertificates/N051T00818Hc18e1baf.lean:13:0: 'Kobon.Certificates.N051T00818Hc18e1baf.simple_lower_bound' depends on axioms: [propext,
 Classical.choice,
 Quot.sound,
 checked._native.native_decide.ax_1_1,
 no_concurrent._native.native_decide.ax_1_1]
ℹ [3332/3431] Replayed Kobon.Certificates.N053T00885H6bc5b14d
info: Kobon/Certificates/N053T00885H6bc5b14d.lean:957:0: 'Kobon.Certificates.N053T00885H6bc5b14d.checked' depends on axioms: [propext, checked._native.native_decide.ax_1_1]
info: Kobon/Certificates/N053T00885H6bc5b14d.lean:958:0: 'Kobon.Certificates.N053T00885H6bc5b14d.lower_bound' depends on axioms: [propext,
 Classical.choice,
 Quot.sound,
 checked._native.native_decide.ax_1_1]
ℹ [3333/3431] Replayed Kobon.SimpleCertificates.N053T00885H6bc5b14d
info: Kobon/SimpleCertificates/N053T00885H6bc5b14d.lean:13:0: 'Kobon.Certificates.N053T00885H6bc5b14d.simple_lower_bound' depends on axioms: [propext,
 Classical.choice,
 Quot.sound,
 checked._native.native_decide.ax_1_1,
 no_concurrent._native.native_decide.ax_1_1]
ℹ [3334/3431] Replayed Kobon.Certificates.N054T00919Ha254c1b4
info: Kobon/Certificates/N054T00919Ha254c1b4.lean:992:0: 'Kobon.Certificates.N054T00919Ha254c1b4.checked' depends on axioms: [propext, checked._native.native_decide.ax_1_1]
info: Kobon/Certificates/N054T00919Ha254c1b4.lean:993:0: 'Kobon.Certificates.N054T00919Ha254c1b4.lower_bound' depends on axioms: [propext,
 Classical.choice,
 Quot.sound,
 checked._native.native_decide.ax_1_1]
ℹ [3335/3431] Replayed Kobon.SimpleCertificates.N054T00919Ha254c1b4
info: Kobon/SimpleCertificates/N054T00919Ha254c1b4.lean:13:0: 'Kobon.Certificates.N054T00919Ha254c1b4.simple_lower_bound' depends on axioms: [propext,
 Classical.choice,
 Quot.sound,
 checked._native.native_decide.ax_1_1,
 no_concurrent._native.native_decide.ax_1_1]
ℹ [3336/3431] Replayed Kobon.Certificates.N055T00955H202625a3
info: Kobon/Certificates/N055T00955H202625a3.lean:1029:0: 'Kobon.Certificates.N055T00955H202625a3.checked' depends on axioms: [propext, checked._native.native_decide.ax_1_1]
info: Kobon/Certificates/N055T00955H202625a3.lean:1030:0: 'Kobon.Certificates.N055T00955H202625a3.lower_bound' depends on axioms: [propext,
 Classical.choice,
 Quot.sound,
 checked._native.native_decide.ax_1_1]
ℹ [3337/3431] Replayed Kobon.SimpleCertificates.N055T00955H202625a3
info: Kobon/SimpleCertificates/N055T00955H202625a3.lean:13:0: 'Kobon.Certificates.N055T00955H202625a3.simple_lower_bound' depends on axioms: [propext,
 Classical.choice,
 Quot.sound,
 checked._native.native_decide.ax_1_1,
 no_concurrent._native.native_decide.ax_1_1]
ℹ [3338/3431] Replayed Kobon.Certificates.N059T01103Hba482375
info: Kobon/Certificates/N059T01103Hba482375.lean:1181:0: 'Kobon.Certificates.N059T01103Hba482375.checked' depends on axioms: [propext, checked._native.native_decide.ax_1_1]
info: Kobon/Certificates/N059T01103Hba482375.lean:1182:0: 'Kobon.Certificates.N059T01103Hba482375.lower_bound' depends on axioms: [propext,
 Classical.choice,
 Quot.sound,
 checked._native.native_decide.ax_1_1]
ℹ [3339/3431] Replayed Kobon.SimpleCertificates.N059T01103Hba482375
info: Kobon/SimpleCertificates/N059T01103Hba482375.lean:13:0: 'Kobon.Certificates.N059T01103Hba482375.simple_lower_bound' depends on axioms: [propext,
 Classical.choice,
 Quot.sound,
 checked._native.native_decide.ax_1_1,
 no_concurrent._native.native_decide.ax_1_1]
ℹ [3340/3431] Replayed Kobon.Certificates.N060T01141H9bc5096c
info: Kobon/Certificates/N060T01141H9bc5096c.lean:1220:0: 'Kobon.Certificates.N060T01141H9bc5096c.checked' depends on axioms: [propext, checked._native.native_decide.ax_1_1]
info: Kobon/Certificates/N060T01141H9bc5096c.lean:1221:0: 'Kobon.Certificates.N060T01141H9bc5096c.lower_bound' depends on axioms: [propext,
 Classical.choice,
 Quot.sound,
 checked._native.native_decide.ax_1_1]
ℹ [3341/3431] Replayed Kobon.SimpleCertificates.N060T01141H9bc5096c
info: Kobon/SimpleCertificates/N060T01141H9bc5096c.lean:13:0: 'Kobon.Certificates.N060T01141H9bc5096c.simple_lower_bound' depends on axioms: [propext,
 Classical.choice,
 Quot.sound,
 checked._native.native_decide.ax_1_1,
 no_concurrent._native.native_decide.ax_1_1]
ℹ [3342/3431] Replayed Kobon.Certificates.N065T01365Hb1dcbeb4
info: Kobon/Certificates/N065T01365Hb1dcbeb4.lean:1449:0: 'Kobon.Certificates.N065T01365Hb1dcbeb4.checked' depends on axioms: [propext, checked._native.native_decide.ax_1_1]
info: Kobon/Certificates/N065T01365Hb1dcbeb4.lean:1450:0: 'Kobon.Certificates.N065T01365Hb1dcbeb4.lower_bound' depends on axioms: [propext,
 Classical.choice,
 Quot.sound,
 checked._native.native_decide.ax_1_1]
ℹ [3343/3431] Replayed Kobon.SimpleCertificates.N065T01365Hb1dcbeb4
info: Kobon/SimpleCertificates/N065T01365Hb1dcbeb4.lean:13:0: 'Kobon.Certificates.N065T01365Hb1dcbeb4.simple_lower_bound' depends on axioms: [propext,
 Classical.choice,
 Quot.sound,
 checked._native.native_decide.ax_1_1,
 no_concurrent._native.native_decide.ax_1_1]
ℹ [3344/3431] Replayed Kobon.Certificates.N066T01397H327ecbb9
info: Kobon/Certificates/N066T01397H327ecbb9.lean:1482:0: 'Kobon.Certificates.N066T01397H327ecbb9.checked' depends on axioms: [propext, checked._native.native_decide.ax_1_1]
info: Kobon/Certificates/N066T01397H327ecbb9.lean:1483:0: 'Kobon.Certificates.N066T01397H327ecbb9.lower_bound' depends on axioms: [propext,
 Classical.choice,
 Quot.sound,
 checked._native.native_decide.ax_1_1]
ℹ [3345/3431] Replayed Kobon.SimpleCertificates.N066T01397H327ecbb9
info: Kobon/SimpleCertificates/N066T01397H327ecbb9.lean:13:0: 'Kobon.Certificates.N066T01397H327ecbb9.simple_lower_bound' depends on axioms: [propext,
 Classical.choice,
 Quot.sound,
 checked._native.native_decide.ax_1_1,
 no_concurrent._native.native_decide.ax_1_1]
ℹ [3346/3431] Replayed Kobon.Certificates.N099T03170Hea507e2d
info: Kobon/Certificates/N099T03170Hea507e2d.lean:3288:0: 'Kobon.Certificates.N099T03170Hea507e2d.checked' depends on axioms: [propext, checked._native.native_decide.ax_1_1]
info: Kobon/Certificates/N099T03170Hea507e2d.lean:3289:0: 'Kobon.Certificates.N099T03170Hea507e2d.lower_bound' depends on axioms: [propext,
 Classical.choice,
 Quot.sound,
 checked._native.native_decide.ax_1_1]
ℹ [3347/3431] Replayed Kobon.SimpleCertificates.N099T03170Hea507e2d
info: Kobon/SimpleCertificates/N099T03170Hea507e2d.lean:13:0: 'Kobon.Certificates.N099T03170Hea507e2d.simple_lower_bound' depends on axioms: [propext,
 Classical.choice,
 Quot.sound,
 checked._native.native_decide.ax_1_1,
 no_concurrent._native.native_decide.ax_1_1]
ℹ [3348/3431] Replayed Kobon.Certificates.N129T05461H6dae0012
info: Kobon/Certificates/N129T05461H6dae0012.lean:5609:0: 'Kobon.Certificates.N129T05461H6dae0012.checked' depends on axioms: [propext, checked._native.native_decide.ax_1_1]
info: Kobon/Certificates/N129T05461H6dae0012.lean:5610:0: 'Kobon.Certificates.N129T05461H6dae0012.lower_bound' depends on axioms: [propext,
 Classical.choice,
 Quot.sound,
 checked._native.native_decide.ax_1_1]
ℹ [3349/3431] Replayed Kobon.SimpleCertificates.N129T05461H6dae0012
info: Kobon/SimpleCertificates/N129T05461H6dae0012.lean:13:0: 'Kobon.Certificates.N129T05461H6dae0012.simple_lower_bound' depends on axioms: [propext,
 Classical.choice,
 Quot.sound,
 checked._native.native_decide.ax_1_1,
 no_concurrent._native.native_decide.ax_1_1]
ℹ [3350/3431] Replayed Kobon.Certificates.N130T05525He0559b54
info: Kobon/Certificates/N130T05525He0559b54.lean:5674:0: 'Kobon.Certificates.N130T05525He0559b54.checked' depends on axioms: [propext, checked._native.native_decide.ax_1_1]
info: Kobon/Certificates/N130T05525He0559b54.lean:5675:0: 'Kobon.Certificates.N130T05525He0559b54.lower_bound' depends on axioms: [propext,
 Classical.choice,
 Quot.sound,
 checked._native.native_decide.ax_1_1]
ℹ [3351/3431] Replayed Kobon.SimpleCertificates.N130T05525He0559b54
info: Kobon/SimpleCertificates/N130T05525He0559b54.lean:13:0: 'Kobon.Certificates.N130T05525He0559b54.simple_lower_bound' depends on axioms: [propext,
 Classical.choice,
 Quot.sound,
 checked._native.native_decide.ax_1_1,
 no_concurrent._native.native_decide.ax_1_1]
ℹ [3352/3431] Replayed Kobon.Certificates.N195T12482H5413dd7b
info: Kobon/Certificates/N195T12482H5413dd7b.lean:12696:0: 'Kobon.Certificates.N195T12482H5413dd7b.checked' depends on axioms: [propext, checked._native.native_decide.ax_1_1]
info: Kobon/Certificates/N195T12482H5413dd7b.lean:12697:0: 'Kobon.Certificates.N195T12482H5413dd7b.lower_bound' depends on axioms: [propext,
 Classical.choice,
 Quot.sound,
 checked._native.native_decide.ax_1_1]
ℹ [3353/3431] Replayed Kobon.SimpleCertificates.N195T12482H5413dd7b
info: Kobon/SimpleCertificates/N195T12482H5413dd7b.lean:13:0: 'Kobon.Certificates.N195T12482H5413dd7b.simple_lower_bound' depends on axioms: [propext,
 Classical.choice,
 Quot.sound,
 checked._native.native_decide.ax_1_1,
 no_concurrent._native.native_decide.ax_1_1]
ℹ [3354/3431] Replayed Kobon.Certificates.N014T00054Hd47aea63
info: Kobon/Certificates/N014T00054Hd47aea63.lean:87:0: 'Kobon.Certificates.N014T00054Hd47aea63.checked' depends on axioms: [propext, checked._native.native_decide.ax_1_1]
info: Kobon/Certificates/N014T00054Hd47aea63.lean:88:0: 'Kobon.Certificates.N014T00054Hd47aea63.lower_bound' depends on axioms: [propext,
 Classical.choice,
 Quot.sound,
 checked._native.native_decide.ax_1_1]
ℹ [3355/3431] Replayed Kobon.Certificates.N014T00054H18bbcff4
info: Kobon/Certificates/N014T00054H18bbcff4.lean:87:0: 'Kobon.Certificates.N014T00054H18bbcff4.checked' depends on axioms: [propext, checked._native.native_decide.ax_1_1]
info: Kobon/Certificates/N014T00054H18bbcff4.lean:88:0: 'Kobon.Certificates.N014T00054H18bbcff4.lower_bound' depends on axioms: [propext,
 Classical.choice,
 Quot.sound,
 checked._native.native_decide.ax_1_1]
ℹ [3356/3431] Replayed Kobon.Certificates.N014T00054H78f750c0
info: Kobon/Certificates/N014T00054H78f750c0.lean:87:0: 'Kobon.Certificates.N014T00054H78f750c0.checked' depends on axioms: [propext, checked._native.native_decide.ax_1_1]
info: Kobon/Certificates/N014T00054H78f750c0.lean:88:0: 'Kobon.Certificates.N014T00054H78f750c0.lower_bound' depends on axioms: [propext,
 Classical.choice,
 Quot.sound,
 checked._native.native_decide.ax_1_1]
ℹ [3357/3431] Replayed Kobon.Certificates.N014T00054H912da8ec
info: Kobon/Certificates/N014T00054H912da8ec.lean:87:0: 'Kobon.Certificates.N014T00054H912da8ec.checked' depends on axioms: [propext, checked._native.native_decide.ax_1_1]
info: Kobon/Certificates/N014T00054H912da8ec.lean:88:0: 'Kobon.Certificates.N014T00054H912da8ec.lower_bound' depends on axioms: [propext,
 Classical.choice,
 Quot.sound,
 checked._native.native_decide.ax_1_1]
ℹ [3358/3431] Replayed Kobon.Certificates.N014T00054H91349990
info: Kobon/Certificates/N014T00054H91349990.lean:87:0: 'Kobon.Certificates.N014T00054H91349990.checked' depends on axioms: [propext, checked._native.native_decide.ax_1_1]
info: Kobon/Certificates/N014T00054H91349990.lean:88:0: 'Kobon.Certificates.N014T00054H91349990.lower_bound' depends on axioms: [propext,
 Classical.choice,
 Quot.sound,
 checked._native.native_decide.ax_1_1]
ℹ [3359/3431] Replayed Kobon.Certificates.N014T00054H9c871e10
info: Kobon/Certificates/N014T00054H9c871e10.lean:87:0: 'Kobon.Certificates.N014T00054H9c871e10.checked' depends on axioms: [propext, checked._native.native_decide.ax_1_1]
info: Kobon/Certificates/N014T00054H9c871e10.lean:88:0: 'Kobon.Certificates.N014T00054H9c871e10.lower_bound' depends on axioms: [propext,
 Classical.choice,
 Quot.sound,
 checked._native.native_decide.ax_1_1]
ℹ [3360/3431] Replayed Kobon.Certificates.N014T00054Hb3dcae0b
info: Kobon/Certificates/N014T00054Hb3dcae0b.lean:87:0: 'Kobon.Certificates.N014T00054Hb3dcae0b.checked' depends on axioms: [propext, checked._native.native_decide.ax_1_1]
info: Kobon/Certificates/N014T00054Hb3dcae0b.lean:88:0: 'Kobon.Certificates.N014T00054Hb3dcae0b.lower_bound' depends on axioms: [propext,
 Classical.choice,
 Quot.sound,
 checked._native.native_decide.ax_1_1]
ℹ [3361/3431] Replayed Kobon.Certificates.N014T00054H9219cdaa
info: Kobon/Certificates/N014T00054H9219cdaa.lean:87:0: 'Kobon.Certificates.N014T00054H9219cdaa.checked' depends on axioms: [propext, checked._native.native_decide.ax_1_1]
info: Kobon/Certificates/N014T00054H9219cdaa.lean:88:0: 'Kobon.Certificates.N014T00054H9219cdaa.lower_bound' depends on axioms: [propext,
 Classical.choice,
 Quot.sound,
 checked._native.native_decide.ax_1_1]
ℹ [3362/3431] Replayed Kobon.Certificates.N014T00054Hd2babc1b
info: Kobon/Certificates/N014T00054Hd2babc1b.lean:87:0: 'Kobon.Certificates.N014T00054Hd2babc1b.checked' depends on axioms: [propext, checked._native.native_decide.ax_1_1]
info: Kobon/Certificates/N014T00054Hd2babc1b.lean:88:0: 'Kobon.Certificates.N014T00054Hd2babc1b.lower_bound' depends on axioms: [propext,
 Classical.choice,
 Quot.sound,
 checked._native.native_decide.ax_1_1]
ℹ [3363/3431] Replayed Kobon.Certificates.N014T00054H2b34ca22
info: Kobon/Certificates/N014T00054H2b34ca22.lean:87:0: 'Kobon.Certificates.N014T00054H2b34ca22.checked' depends on axioms: [propext, checked._native.native_decide.ax_1_1]
info: Kobon/Certificates/N014T00054H2b34ca22.lean:88:0: 'Kobon.Certificates.N014T00054H2b34ca22.lower_bound' depends on axioms: [propext,
 Classical.choice,
 Quot.sound,
 checked._native.native_decide.ax_1_1]
ℹ [3364/3431] Replayed Kobon.Certificates.N014T00054Hfa427b3d
info: Kobon/Certificates/N014T00054Hfa427b3d.lean:87:0: 'Kobon.Certificates.N014T00054Hfa427b3d.checked' depends on axioms: [propext, checked._native.native_decide.ax_1_1]
info: Kobon/Certificates/N014T00054Hfa427b3d.lean:88:0: 'Kobon.Certificates.N014T00054Hfa427b3d.lower_bound' depends on axioms: [propext,
 Classical.choice,
 Quot.sound,
 checked._native.native_decide.ax_1_1]
ℹ [3365/3431] Replayed Kobon.Certificates.N014T00054H1ec1fd5c
info: Kobon/Certificates/N014T00054H1ec1fd5c.lean:87:0: 'Kobon.Certificates.N014T00054H1ec1fd5c.checked' depends on axioms: [propext, checked._native.native_decide.ax_1_1]
info: Kobon/Certificates/N014T00054H1ec1fd5c.lean:88:0: 'Kobon.Certificates.N014T00054H1ec1fd5c.lower_bound' depends on axioms: [propext,
 Classical.choice,
 Quot.sound,
 checked._native.native_decide.ax_1_1]
ℹ [3366/3431] Replayed Kobon.Certificates.N014T00054H3e5d182f
info: Kobon/Certificates/N014T00054H3e5d182f.lean:87:0: 'Kobon.Certificates.N014T00054H3e5d182f.checked' depends on axioms: [propext, checked._native.native_decide.ax_1_1]
info: Kobon/Certificates/N014T00054H3e5d182f.lean:88:0: 'Kobon.Certificates.N014T00054H3e5d182f.lower_bound' depends on axioms: [propext,
 Classical.choice,
 Quot.sound,
 checked._native.native_decide.ax_1_1]
ℹ [3367/3431] Replayed Kobon.Certificates.N014T00054H17f8c052
info: Kobon/Certificates/N014T00054H17f8c052.lean:87:0: 'Kobon.Certificates.N014T00054H17f8c052.checked' depends on axioms: [propext, checked._native.native_decide.ax_1_1]
info: Kobon/Certificates/N014T00054H17f8c052.lean:88:0: 'Kobon.Certificates.N014T00054H17f8c052.lower_bound' depends on axioms: [propext,
 Classical.choice,
 Quot.sound,
 checked._native.native_decide.ax_1_1]
ℹ [3368/3431] Replayed Kobon.Certificates.N014T00054Hc472f972
info: Kobon/Certificates/N014T00054Hc472f972.lean:87:0: 'Kobon.Certificates.N014T00054Hc472f972.checked' depends on axioms: [propext, checked._native.native_decide.ax_1_1]
info: Kobon/Certificates/N014T00054Hc472f972.lean:88:0: 'Kobon.Certificates.N014T00054Hc472f972.lower_bound' depends on axioms: [propext,
 Classical.choice,
 Quot.sound,
 checked._native.native_decide.ax_1_1]
ℹ [3369/3431] Replayed Kobon.Certificates.N014T00052H2eb83dc2
info: Kobon/Certificates/N014T00052H2eb83dc2.lean:85:0: 'Kobon.Certificates.N014T00052H2eb83dc2.checked' depends on axioms: [propext, checked._native.native_decide.ax_1_1]
info: Kobon/Certificates/N014T00052H2eb83dc2.lean:86:0: 'Kobon.Certificates.N014T00052H2eb83dc2.lower_bound' depends on axioms: [propext,
 Classical.choice,
 Quot.sound,
 checked._native.native_decide.ax_1_1]
ℹ [3370/3431] Replayed Kobon.SimpleCertificates.N014T00052H2eb83dc2
info: Kobon/SimpleCertificates/N014T00052H2eb83dc2.lean:13:0: 'Kobon.Certificates.N014T00052H2eb83dc2.simple_lower_bound' depends on axioms: [propext,
 Classical.choice,
 Quot.sound,
 checked._native.native_decide.ax_1_1,
 no_concurrent._native.native_decide.ax_1_1]
ℹ [3371/3431] Replayed Kobon.Certificates.N014T00053H5e6068f5
info: Kobon/Certificates/N014T00053H5e6068f5.lean:86:0: 'Kobon.Certificates.N014T00053H5e6068f5.checked' depends on axioms: [propext, checked._native.native_decide.ax_1_1]
info: Kobon/Certificates/N014T00053H5e6068f5.lean:87:0: 'Kobon.Certificates.N014T00053H5e6068f5.lower_bound' depends on axioms: [propext,
 Classical.choice,
 Quot.sound,
 checked._native.native_decide.ax_1_1]
ℹ [3372/3431] Replayed Kobon.SimpleCertificates.N014T00053H5e6068f5
info: Kobon/SimpleCertificates/N014T00053H5e6068f5.lean:13:0: 'Kobon.Certificates.N014T00053H5e6068f5.simple_lower_bound' depends on axioms: [propext,
 Classical.choice,
 Quot.sound,
 checked._native.native_decide.ax_1_1,
 no_concurrent._native.native_decide.ax_1_1]
ℹ [3373/3431] Replayed Kobon.Certificates.N014T00052Hb3f4749f
info: Kobon/Certificates/N014T00052Hb3f4749f.lean:85:0: 'Kobon.Certificates.N014T00052Hb3f4749f.checked' depends on axioms: [propext, checked._native.native_decide.ax_1_1]
info: Kobon/Certificates/N014T00052Hb3f4749f.lean:86:0: 'Kobon.Certificates.N014T00052Hb3f4749f.lower_bound' depends on axioms: [propext,
 Classical.choice,
 Quot.sound,
 checked._native.native_decide.ax_1_1]
ℹ [3374/3431] Replayed Kobon.SimpleCertificates.N014T00052Hb3f4749f
info: Kobon/SimpleCertificates/N014T00052Hb3f4749f.lean:13:0: 'Kobon.Certificates.N014T00052Hb3f4749f.simple_lower_bound' depends on axioms: [propext,
 Classical.choice,
 Quot.sound,
 checked._native.native_decide.ax_1_1,
 no_concurrent._native.native_decide.ax_1_1]
ℹ [3375/3431] Replayed Kobon.Certificates.N014T00052Hc6615430
info: Kobon/Certificates/N014T00052Hc6615430.lean:85:0: 'Kobon.Certificates.N014T00052Hc6615430.checked' depends on axioms: [propext, checked._native.native_decide.ax_1_1]
info: Kobon/Certificates/N014T00052Hc6615430.lean:86:0: 'Kobon.Certificates.N014T00052Hc6615430.lower_bound' depends on axioms: [propext,
 Classical.choice,
 Quot.sound,
 checked._native.native_decide.ax_1_1]
ℹ [3376/3431] Replayed Kobon.SimpleCertificates.N014T00052Hc6615430
info: Kobon/SimpleCertificates/N014T00052Hc6615430.lean:13:0: 'Kobon.Certificates.N014T00052Hc6615430.simple_lower_bound' depends on axioms: [propext,
 Classical.choice,
 Quot.sound,
 checked._native.native_decide.ax_1_1,
 no_concurrent._native.native_decide.ax_1_1]
ℹ [3377/3431] Replayed Kobon.Certificates.N008T00014Hebff5868
info: Kobon/Certificates/N008T00014Hebff5868.lean:41:0: 'Kobon.Certificates.N008T00014Hebff5868.checked' depends on axioms: [propext, checked._native.native_decide.ax_1_1]
info: Kobon/Certificates/N008T00014Hebff5868.lean:42:0: 'Kobon.Certificates.N008T00014Hebff5868.lower_bound' depends on axioms: [propext,
 Classical.choice,
 Quot.sound,
 checked._native.native_decide.ax_1_1]
ℹ [3378/3431] Replayed Kobon.SimpleCertificates.N008T00014Hebff5868
info: Kobon/SimpleCertificates/N008T00014Hebff5868.lean:13:0: 'Kobon.Certificates.N008T00014Hebff5868.simple_lower_bound' depends on axioms: [propext,
 Classical.choice,
 Quot.sound,
 checked._native.native_decide.ax_1_1,
 no_concurrent._native.native_decide.ax_1_1]
ℹ [3379/3431] Replayed Kobon.Certificates.N014T00051Hd67e7a6b
info: Kobon/Certificates/N014T00051Hd67e7a6b.lean:84:0: 'Kobon.Certificates.N014T00051Hd67e7a6b.checked' depends on axioms: [propext, checked._native.native_decide.ax_1_1]
info: Kobon/Certificates/N014T00051Hd67e7a6b.lean:85:0: 'Kobon.Certificates.N014T00051Hd67e7a6b.lower_bound' depends on axioms: [propext,
 Classical.choice,
 Quot.sound,
 checked._native.native_decide.ax_1_1]
ℹ [3380/3431] Replayed Kobon.SimpleCertificates.N014T00051Hd67e7a6b
info: Kobon/SimpleCertificates/N014T00051Hd67e7a6b.lean:13:0: 'Kobon.Certificates.N014T00051Hd67e7a6b.simple_lower_bound' depends on axioms: [propext,
 Classical.choice,
 Quot.sound,
 checked._native.native_decide.ax_1_1,
 no_concurrent._native.native_decide.ax_1_1]
ℹ [3381/3431] Replayed Kobon.Certificates.N020T00114Hbc312fc8
info: Kobon/Certificates/N020T00114Hbc312fc8.lean:153:0: 'Kobon.Certificates.N020T00114Hbc312fc8.checked' depends on axioms: [propext, checked._native.native_decide.ax_1_1]
info: Kobon/Certificates/N020T00114Hbc312fc8.lean:154:0: 'Kobon.Certificates.N020T00114Hbc312fc8.lower_bound' depends on axioms: [propext,
 Classical.choice,
 Quot.sound,
 checked._native.native_decide.ax_1_1]
ℹ [3382/3431] Replayed Kobon.SimpleCertificates.N020T00114Hbc312fc8
info: Kobon/SimpleCertificates/N020T00114Hbc312fc8.lean:13:0: 'Kobon.Certificates.N020T00114Hbc312fc8.simple_lower_bound' depends on axioms: [propext,
 Classical.choice,
 Quot.sound,
 checked._native.native_decide.ax_1_1,
 no_concurrent._native.native_decide.ax_1_1]
ℹ [3383/3431] Replayed Kobon.Certificates.N026T00203H5452b4ff
info: Kobon/Certificates/N026T00203H5452b4ff.lean:248:0: 'Kobon.Certificates.N026T00203H5452b4ff.checked' depends on axioms: [propext, checked._native.native_decide.ax_1_1]
info: Kobon/Certificates/N026T00203H5452b4ff.lean:249:0: 'Kobon.Certificates.N026T00203H5452b4ff.lower_bound' depends on axioms: [propext,
 Classical.choice,
 Quot.sound,
 checked._native.native_decide.ax_1_1]
ℹ [3384/3431] Replayed Kobon.SimpleCertificates.N026T00203H5452b4ff
info: Kobon/SimpleCertificates/N026T00203H5452b4ff.lean:13:0: 'Kobon.Certificates.N026T00203H5452b4ff.simple_lower_bound' depends on axioms: [propext,
 Classical.choice,
 Quot.sound,
 checked._native.native_decide.ax_1_1,
 no_concurrent._native.native_decide.ax_1_1]
ℹ [3385/3431] Replayed Kobon.Certificates.N032T00313H018f9fc6
info: Kobon/Certificates/N032T00313H018f9fc6.lean:364:0: 'Kobon.Certificates.N032T00313H018f9fc6.checked' depends on axioms: [propext, checked._native.native_decide.ax_1_1]
info: Kobon/Certificates/N032T00313H018f9fc6.lean:365:0: 'Kobon.Certificates.N032T00313H018f9fc6.lower_bound' depends on axioms: [propext,
 Classical.choice,
 Quot.sound,
 checked._native.native_decide.ax_1_1]
ℹ [3386/3431] Replayed Kobon.SimpleCertificates.N032T00313H018f9fc6
info: Kobon/SimpleCertificates/N032T00313H018f9fc6.lean:13:0: 'Kobon.Certificates.N032T00313H018f9fc6.simple_lower_bound' depends on axioms: [propext,
 Classical.choice,
 Quot.sound,
 checked._native.native_decide.ax_1_1,
 no_concurrent._native.native_decide.ax_1_1]
ℹ [3387/3431] Replayed Kobon.Certificates.N038T00448H7d59f504
info: Kobon/Certificates/N038T00448H7d59f504.lean:505:0: 'Kobon.Certificates.N038T00448H7d59f504.checked' depends on axioms: [propext, checked._native.native_decide.ax_1_1]
info: Kobon/Certificates/N038T00448H7d59f504.lean:506:0: 'Kobon.Certificates.N038T00448H7d59f504.lower_bound' depends on axioms: [propext,
 Classical.choice,
 Quot.sound,
 checked._native.native_decide.ax_1_1]
ℹ [3388/3431] Replayed Kobon.SimpleCertificates.N038T00448H7d59f504
info: Kobon/SimpleCertificates/N038T00448H7d59f504.lean:13:0: 'Kobon.Certificates.N038T00448H7d59f504.simple_lower_bound' depends on axioms: [propext,
 Classical.choice,
 Quot.sound,
 checked._native.native_decide.ax_1_1,
 no_concurrent._native.native_decide.ax_1_1]
ℹ [3389/3431] Replayed Kobon.Certificates.N050T00791H6bde86a3
info: Kobon/Certificates/N050T00791H6bde86a3.lean:860:0: 'Kobon.Certificates.N050T00791H6bde86a3.checked' depends on axioms: [propext, checked._native.native_decide.ax_1_1]
info: Kobon/Certificates/N050T00791H6bde86a3.lean:861:0: 'Kobon.Certificates.N050T00791H6bde86a3.lower_bound' depends on axioms: [propext,
 Classical.choice,
 Quot.sound,
 checked._native.native_decide.ax_1_1]
ℹ [3390/3431] Replayed Kobon.SimpleCertificates.N050T00791H6bde86a3
info: Kobon/SimpleCertificates/N050T00791H6bde86a3.lean:13:0: 'Kobon.Certificates.N050T00791H6bde86a3.simple_lower_bound' depends on axioms: [propext,
 Classical.choice,
 Quot.sound,
 checked._native.native_decide.ax_1_1,
 no_concurrent._native.native_decide.ax_1_1]
ℹ [3391/3431] Replayed Kobon.Certificates.N008T00015Ha1380810
info: Kobon/Certificates/N008T00015Ha1380810.lean:42:0: 'Kobon.Certificates.N008T00015Ha1380810.checked' depends on axioms: [propext, checked._native.native_decide.ax_1_1]
info: Kobon/Certificates/N008T00015Ha1380810.lean:43:0: 'Kobon.Certificates.N008T00015Ha1380810.lower_bound' depends on axioms: [propext,
 Classical.choice,
 Quot.sound,
 checked._native.native_decide.ax_1_1]
ℹ [3392/3431] Replayed Kobon.Certificates.N014T00054H10576514
info: Kobon/Certificates/N014T00054H10576514.lean:87:0: 'Kobon.Certificates.N014T00054H10576514.checked' depends on axioms: [propext, checked._native.native_decide.ax_1_1]
info: Kobon/Certificates/N014T00054H10576514.lean:88:0: 'Kobon.Certificates.N014T00054H10576514.lower_bound' depends on axioms: [propext,
 Classical.choice,
 Quot.sound,
 checked._native.native_decide.ax_1_1]
ℹ [3393/3431] Replayed Kobon.Certificates.N020T00117H382171ac
info: Kobon/Certificates/N020T00117H382171ac.lean:156:0: 'Kobon.Certificates.N020T00117H382171ac.checked' depends on axioms: [propext, checked._native.native_decide.ax_1_1]
info: Kobon/Certificates/N020T00117H382171ac.lean:157:0: 'Kobon.Certificates.N020T00117H382171ac.lower_bound' depends on axioms: [propext,
 Classical.choice,
 Quot.sound,
 checked._native.native_decide.ax_1_1]
ℹ [3394/3431] Replayed Kobon.Certificates.N026T00204Hf71379c4
info: Kobon/Certificates/N026T00204Hf71379c4.lean:249:0: 'Kobon.Certificates.N026T00204Hf71379c4.checked' depends on axioms: [propext, checked._native.native_decide.ax_1_1]
info: Kobon/Certificates/N026T00204Hf71379c4.lean:250:0: 'Kobon.Certificates.N026T00204Hf71379c4.lower_bound' depends on axioms: [propext,
 Classical.choice,
 Quot.sound,
 checked._native.native_decide.ax_1_1]
ℹ [3395/3431] Replayed Kobon.Certificates.N032T00315H5914f2bb
info: Kobon/Certificates/N032T00315H5914f2bb.lean:366:0: 'Kobon.Certificates.N032T00315H5914f2bb.checked' depends on axioms: [propext, checked._native.native_decide.ax_1_1]
info: Kobon/Certificates/N032T00315H5914f2bb.lean:367:0: 'Kobon.Certificates.N032T00315H5914f2bb.lower_bound' depends on axioms: [propext,
 Classical.choice,
 Quot.sound,
 checked._native.native_decide.ax_1_1]
ℹ [3396/3431] Replayed Kobon.Certificates.N036T00402Hce43a107
info: Kobon/Certificates/N036T00402Hce43a107.lean:457:0: 'Kobon.Certificates.N036T00402Hce43a107.checked' depends on axioms: [propext, checked._native.native_decide.ax_1_1]
info: Kobon/Certificates/N036T00402Hce43a107.lean:458:0: 'Kobon.Certificates.N036T00402Hce43a107.lower_bound' depends on axioms: [propext,
 Classical.choice,
 Quot.sound,
 checked._native.native_decide.ax_1_1]
ℹ [3397/3431] Replayed Kobon.SimpleCertificates.N036T00402Hce43a107
info: Kobon/SimpleCertificates/N036T00402Hce43a107.lean:13:0: 'Kobon.Certificates.N036T00402Hce43a107.simple_lower_bound' depends on axioms: [propext,
 Classical.choice,
 Quot.sound,
 checked._native.native_decide.ax_1_1,
 no_concurrent._native.native_decide.ax_1_1]
ℹ [3398/3431] Replayed Kobon.Certificates.N038T00450H8ba2bdb1
info: Kobon/Certificates/N038T00450H8ba2bdb1.lean:507:0: 'Kobon.Certificates.N038T00450H8ba2bdb1.checked' depends on axioms: [propext, checked._native.native_decide.ax_1_1]
info: Kobon/Certificates/N038T00450H8ba2bdb1.lean:508:0: 'Kobon.Certificates.N038T00450H8ba2bdb1.lower_bound' depends on axioms: [propext,
 Classical.choice,
 Quot.sound,
 checked._native.native_decide.ax_1_1]
ℹ [3399/3431] Replayed Kobon.Certificates.N042T00553H9849e255
info: Kobon/Certificates/N042T00553H9849e255.lean:614:0: 'Kobon.Certificates.N042T00553H9849e255.checked' depends on axioms: [propext, checked._native.native_decide.ax_1_1]
info: Kobon/Certificates/N042T00553H9849e255.lean:615:0: 'Kobon.Certificates.N042T00553H9849e255.lower_bound' depends on axioms: [propext,
 Classical.choice,
 Quot.sound,
 checked._native.native_decide.ax_1_1]
ℹ [3400/3431] Replayed Kobon.SimpleCertificates.N042T00553H9849e255
info: Kobon/SimpleCertificates/N042T00553H9849e255.lean:13:0: 'Kobon.Certificates.N042T00553H9849e255.simple_lower_bound' depends on axioms: [propext,
 Classical.choice,
 Quot.sound,
 checked._native.native_decide.ax_1_1,
 no_concurrent._native.native_decide.ax_1_1]
ℹ [3401/3431] Replayed Kobon.Certificates.N050T00792H3d40cb58
info: Kobon/Certificates/N050T00792H3d40cb58.lean:861:0: 'Kobon.Certificates.N050T00792H3d40cb58.checked' depends on axioms: [propext, checked._native.native_decide.ax_1_1]
info: Kobon/Certificates/N050T00792H3d40cb58.lean:862:0: 'Kobon.Certificates.N050T00792H3d40cb58.lower_bound' depends on axioms: [propext,
 Classical.choice,
 Quot.sound,
 checked._native.native_decide.ax_1_1]
ℹ [3402/3431] Replayed Kobon.Certificates.N019T00107H6e8ca6f5
info: Kobon/Certificates/N019T00107H6e8ca6f5.lean:145:0: 'Kobon.Certificates.N019T00107H6e8ca6f5.checked' depends on axioms: [propext, checked._native.native_decide.ax_1_1]
info: Kobon/Certificates/N019T00107H6e8ca6f5.lean:146:0: 'Kobon.Certificates.N019T00107H6e8ca6f5.lower_bound' depends on axioms: [propext,
 Classical.choice,
 Quot.sound,
 checked._native.native_decide.ax_1_1]
ℹ [3403/3431] Replayed Kobon.SimpleCertificates.N019T00107H6e8ca6f5
info: Kobon/SimpleCertificates/N019T00107H6e8ca6f5.lean:13:0: 'Kobon.Certificates.N019T00107H6e8ca6f5.simple_lower_bound' depends on axioms: [propext,
 Classical.choice,
 Quot.sound,
 checked._native.native_decide.ax_1_1,
 no_concurrent._native.native_decide.ax_1_1]
ℹ [3404/3431] Replayed Kobon.Certificates.N006T00006Haf8f599e
info: Kobon/Certificates/N006T00006Haf8f599e.lean:31:0: 'Kobon.Certificates.N006T00006Haf8f599e.checked' depends on axioms: [propext, checked._native.native_decide.ax_1_1]
info: Kobon/Certificates/N006T00006Haf8f599e.lean:32:0: 'Kobon.Certificates.N006T00006Haf8f599e.lower_bound' depends on axioms: [propext,
 Classical.choice,
 Quot.sound,
 checked._native.native_decide.ax_1_1]
ℹ [3406/3431] Replayed Kobon.AllN
info: Kobon/AllN.lean:512:0: 'Kobon.AllN.baseline_sound' depends on axioms: [propext, Classical.choice, Quot.sound]
info: Kobon/AllN.lean:513:0: 'Kobon.AllN.all_n' depends on axioms: [propext,
 Classical.choice,
 Quot.sound,
 Certificates.N003T00001H05c82de6.checked._native.native_decide.ax_1_1,
 Certificates.N005T00005H948a0bdf.checked._native.native_decide.ax_1_1,
 Certificates.N006T00007H6ea9ebaa.checked._native.native_decide.ax_1_1,
 Certificates.N007T00011He6b9a626.checked._native.native_decide.ax_1_1,
 Certificates.N008T00015Ha1380810.checked._native.native_decide.ax_1_1,
 Certificates.N009T00021H6ebbed82.checked._native.native_decide.ax_1_1,
 Certificates.N010T00025Hb767c427.checked._native.native_decide.ax_1_1,
 Certificates.N011T00032Hb955e7c9.checked._native.native_decide.ax_1_1,
 Certificates.N012T00038H38f69f38.checked._native.native_decide.ax_1_1,
 Certificates.N013T00047Hddec1f78.checked._native.native_decide.ax_1_1,
 Certificates.N014T00054Hd47aea63.checked._native.native_decide.ax_1_1,
 Certificates.N015T00065H4d3bf3b4.checked._native.native_decide.ax_1_1,
 Certificates.N016T00072H391cf79a.checked._native.native_decide.ax_1_1,
 Certificates.N017T00085H7cf3c061.checked._native.native_decide.ax_1_1,
 Certificates.N018T00093Hedb6246a.checked._native.native_decide.ax_1_1,
 Certificates.N019T00107Ha2f32bdb.checked._native.native_decide.ax_1_1,
 Certificates.N020T00117H382171ac.checked._native.native_decide.ax_1_1,
 Certificates.N021T00133H36bae754.checked._native.native_decide.ax_1_1,
 Certificates.N022T00143H54396c64.checked._native.native_decide.ax_1_1,
 Certificates.N023T00161H969ad7d3.checked._native.native_decide.ax_1_1,
 Certificates.N024T00172He63e906b.checked._native.native_decide.ax_1_1,
 Certificates.N025T00191Hb568bffb.checked._native.native_decide.ax_1_1,
 Certificates.N026T00204Hf71379c4.checked._native.native_decide.ax_1_1,
 Certificates.N027T00225H7d6ae9a0.checked._native.native_decide.ax_1_1,
 Certificates.N028T00238H56ef2acb.checked._native.native_decide.ax_1_1,
 Certificates.N029T00261Hd4805c25.checked._native.native_decide.ax_1_1,
 Certificates.N030T00275Hdcfe649a.checked._native.native_decide.ax_1_1,
 Certificates.N031T00299H70f23b94.checked._native.native_decide.ax_1_1,
 Certificates.N032T00315H5914f2bb.checked._native.native_decide.ax_1_1,
 Certificates.N033T00341H95f3b770.checked._native.native_decide.ax_1_1,
 Certificates.N034T00357Hfbde0a76.checked._native.native_decide.ax_1_1,
 Certificates.N035T00385H9ee99af6.checked._native.native_decide.ax_1_1,
 Certificates.N036T00402H3fc01b7d.checked._native.native_decide.ax_1_1,
 Certificates.N037T00431H11f0bde7.checked._native.native_decide.ax_1_1,
 Certificates.N038T00450H8ba2bdb1.checked._native.native_decide.ax_1_1,
 Certificates.N039T00470H30caa6f7.checked._native.native_decide.ax_1_1,
 Certificates.N041T00533H01e2ef66.checked._native.native_decide.ax_1_1,
 Certificates.N042T00553H2bdc9d67.checked._native.native_decide.ax_1_1,
 Certificates.N043T00587H861d8be2.checked._native.native_decide.ax_1_1,
 Certificates.N044T00608Hb5277675.checked._native.native_decide.ax_1_1,
 Certificates.N045T00645H3dc6e882.checked._native.native_decide.ax_1_1,
 Certificates.N046T00667H32b8ca2f.checked._native.native_decide.ax_1_1,
 Certificates.N047T00691Hfac44af1.checked._native.native_decide.ax_1_1,
 Certificates.N048T00721H2fb5ef0d.checked._native.native_decide.ax_1_1,
 Certificates.N049T00767H957e6f15.checked._native.native_decide.ax_1_1,
 Certificates.N050T00792H3d40cb58.checked._native.native_decide.ax_1_1,
 Certificates.N051T00818Hc18e1baf.checked._native.native_decide.ax_1_1,
 Certificates.N053T00885H6bc5b14d.checked._native.native_decide.ax_1_1,
 Certificates.N054T00919Ha254c1b4.checked._native.native_decide.ax_1_1,
 Certificates.N055T00955H202625a3.checked._native.native_decide.ax_1_1,
 Certificates.N057T01045H9a1d337c.checked._native.native_decide.ax_1_1,
 Certificates.N058T01073Hd988db55.checked._native.native_decide.ax_1_1,
 Certificates.N059T01103Hba482375.checked._native.native_decide.ax_1_1,
 Certificates.N060T01141H9bc5096c.checked._native.native_decide.ax_1_1,
 Certificates.N065T01365Hb1dcbeb4.checked._native.native_decide.ax_1_1,
 Certificates.N066T01397H327ecbb9.checked._native.native_decide.ax_1_1,
 Certificates.N081T02132H7bc6b303.checked._native.native_decide.ax_1_1,
 Certificates.N082T02172Hd75c9101.checked._native.native_decide.ax_1_1,
 Certificates.N099T03170Hea507e2d.checked._native.native_decide.ax_1_1,
 Certificates.N129T05461H6dae0012.checked._native.native_decide.ax_1_1,
 Certificates.N130T05525He0559b54.checked._native.native_decide.ax_1_1,
 Certificates.N161T08532H230691d5.checked._native.native_decide.ax_1_1,
 Certificates.N162T08612H1512e696.checked._native.native_decide.ax_1_1,
 Certificates.N195T12482H5413dd7b.checked._native.native_decide.ax_1_1]
info: Kobon/AllN.lean:514:0: 'Kobon.AllN.strict_improvements' does not depend on any axioms
info: Kobon/AllN.lean:515:0: 'Kobon.AllN.from_49_unconditional' depends on axioms: [propext,
 Classical.choice,
 Quot.sound,
 Certificates.N049T00767H957e6f15.checked._native.native_decide.ax_1_1,
 Certificates.N050T00791H2ea22b55.checked._native.native_decide.ax_1_1]
ℹ [3407/3431] Replayed Kobon.Universal
info: Kobon/Universal.lean:155:0: 'Kobon.Universal.baseline_sound' depends on axioms: [propext, Classical.choice, Quot.sound]
info: Kobon/Universal.lean:156:0: 'Kobon.Universal.all_n' depends on axioms: [propext,
 Classical.choice,
 Quot.sound,
 Certificates.N003T00001H05c82de6.checked._native.native_decide.ax_1_1,
 Certificates.N005T00005H948a0bdf.checked._native.native_decide.ax_1_1,
 Certificates.N006T00007H6ea9ebaa.checked._native.native_decide.ax_1_1,
 Certificates.N007T00011He6b9a626.checked._native.native_decide.ax_1_1,
 Certificates.N008T00015Ha1380810.checked._native.native_decide.ax_1_1,
 Certificates.N009T00021H6ebbed82.checked._native.native_decide.ax_1_1,
 Certificates.N010T00025Hb767c427.checked._native.native_decide.ax_1_1,
 Certificates.N011T00032Hb955e7c9.checked._native.native_decide.ax_1_1,
 Certificates.N012T00038H38f69f38.checked._native.native_decide.ax_1_1,
 Certificates.N013T00047Hddec1f78.checked._native.native_decide.ax_1_1,
 Certificates.N014T00054Hd47aea63.checked._native.native_decide.ax_1_1,
 Certificates.N015T00065H4d3bf3b4.checked._native.native_decide.ax_1_1,
 Certificates.N016T00072H391cf79a.checked._native.native_decide.ax_1_1,
 Certificates.N017T00085H7cf3c061.checked._native.native_decide.ax_1_1,
 Certificates.N018T00093Hedb6246a.checked._native.native_decide.ax_1_1,
 Certificates.N019T00107Ha2f32bdb.checked._native.native_decide.ax_1_1,
 Certificates.N020T00117H382171ac.checked._native.native_decide.ax_1_1,
 Certificates.N021T00133H36bae754.checked._native.native_decide.ax_1_1,
 Certificates.N022T00143H54396c64.checked._native.native_decide.ax_1_1,
 Certificates.N023T00161H969ad7d3.checked._native.native_decide.ax_1_1,
 Certificates.N024T00172He63e906b.checked._native.native_decide.ax_1_1,
 Certificates.N025T00191Hb568bffb.checked._native.native_decide.ax_1_1,
 Certificates.N026T00204Hf71379c4.checked._native.native_decide.ax_1_1,
 Certificates.N027T00225H7d6ae9a0.checked._native.native_decide.ax_1_1,
 Certificates.N028T00238H56ef2acb.checked._native.native_decide.ax_1_1,
 Certificates.N029T00261Hd4805c25.checked._native.native_decide.ax_1_1,
 Certificates.N030T00275Hdcfe649a.checked._native.native_decide.ax_1_1,
 Certificates.N031T00299H70f23b94.checked._native.native_decide.ax_1_1,
 Certificates.N032T00315H5914f2bb.checked._native.native_decide.ax_1_1,
 Certificates.N033T00341H95f3b770.checked._native.native_decide.ax_1_1,
 Certificates.N034T00357Hfbde0a76.checked._native.native_decide.ax_1_1,
 Certificates.N035T00385H9ee99af6.checked._native.native_decide.ax_1_1,
 Certificates.N036T00402H3fc01b7d.checked._native.native_decide.ax_1_1,
 Certificates.N037T00431H11f0bde7.checked._native.native_decide.ax_1_1,
 Certificates.N038T00450H8ba2bdb1.checked._native.native_decide.ax_1_1,
 Certificates.N039T00470H30caa6f7.checked._native.native_decide.ax_1_1,
 Certificates.N041T00533H01e2ef66.checked._native.native_decide.ax_1_1,
 Certificates.N042T00553H2bdc9d67.checked._native.native_decide.ax_1_1,
 Certificates.N043T00587H861d8be2.checked._native.native_decide.ax_1_1,
 Certificates.N044T00608Hb5277675.checked._native.native_decide.ax_1_1,
 Certificates.N045T00645H3dc6e882.checked._native.native_decide.ax_1_1,
 Certificates.N046T00667H32b8ca2f.checked._native.native_decide.ax_1_1,
 Certificates.N047T00691Hfac44af1.checked._native.native_decide.ax_1_1,
 Certificates.N048T00721H2fb5ef0d.checked._native.native_decide.ax_1_1,
 Certificates.N049T00767H957e6f15.checked._native.native_decide.ax_1_1,
 Certificates.N050T00792H3d40cb58.checked._native.native_decide.ax_1_1,
 Certificates.N051T00818Hc18e1baf.checked._native.native_decide.ax_1_1,
 Certificates.N053T00885H6bc5b14d.checked._native.native_decide.ax_1_1,
 Certificates.N054T00919Ha254c1b4.checked._native.native_decide.ax_1_1,
 Certificates.N055T00955H202625a3.checked._native.native_decide.ax_1_1,
 Certificates.N057T01045H9a1d337c.checked._native.native_decide.ax_1_1,
 Certificates.N058T01073Hd988db55.checked._native.native_decide.ax_1_1,
 Certificates.N059T01103Hba482375.checked._native.native_decide.ax_1_1,
 Certificates.N060T01141H9bc5096c.checked._native.native_decide.ax_1_1,
 Certificates.N065T01365Hb1dcbeb4.checked._native.native_decide.ax_1_1,
 Certificates.N066T01397H327ecbb9.checked._native.native_decide.ax_1_1,
 Certificates.N081T02132H7bc6b303.checked._native.native_decide.ax_1_1,
 Certificates.N082T02172Hd75c9101.checked._native.native_decide.ax_1_1,
 Certificates.N099T03170Hea507e2d.checked._native.native_decide.ax_1_1,
 Certificates.N129T05461H6dae0012.checked._native.native_decide.ax_1_1,
 Certificates.N130T05525He0559b54.checked._native.native_decide.ax_1_1,
 Certificates.N161T08532H230691d5.checked._native.native_decide.ax_1_1,
 Certificates.N162T08612H1512e696.checked._native.native_decide.ax_1_1,
 Certificates.N195T12482H5413dd7b.checked._native.native_decide.ax_1_1]
ℹ [3408/3431] Replayed Kobon.BBLFamilyBenchmarks
info: Kobon/BBLFamilyBenchmarks.lean:158:0: 'Kobon.BBLFamilyBenchmarks.strict_previous_tail' depends on axioms: [propext, Classical.choice, Quot.sound]
info: Kobon/BBLFamilyBenchmarks.lean:159:0: 'Kobon.BBLFamilyBenchmarks.odd_baseline_gain' depends on axioms: [propext, Classical.choice, Quot.sound]
info: Kobon/BBLFamilyBenchmarks.lean:160:0: 'Kobon.BBLFamilyBenchmarks.even_baseline_gain' depends on axioms: [propext, Classical.choice, Quot.sound]
info: Kobon/BBLFamilyBenchmarks.lean:161:0: 'Kobon.BBLFamilyBenchmarks.odd_polynomial_gap' depends on axioms: [propext, Classical.choice, Quot.sound]
info: Kobon/BBLFamilyBenchmarks.lean:162:0: 'Kobon.BBLFamilyBenchmarks.even_simple_polynomial_gap' depends on axioms: [propext, Classical.choice, Quot.sound]
ℹ [3409/3431] Replayed Kobon.Cells
info: Kobon/Cells.lean:510:0: 'Kobon.Cells.overlap_forces_same_triple' depends on axioms: [propext, Classical.choice, Quot.sound]
info: Kobon/Cells.lean:511:0: 'Kobon.Cells.distinct_interiors_disjoint' depends on axioms: [propext, Classical.choice, Quot.sound]
info: Kobon/Cells.lean:512:0: 'Kobon.Cells.interior_eq_signCell' depends on axioms: [propext, Classical.choice, Quot.sound]
ℹ [3410/3431] Replayed Kobon.UpperVertexBudget
info: Kobon/UpperVertexBudget.lean:159:0: 'Kobon.UpperVertexBudget.multiplicity_identity' depends on axioms: [propext, Classical.choice, Quot.sound]
info: Kobon/UpperVertexBudget.lean:160:0: 'Kobon.UpperVertexBudget.point_line_incidence' depends on axioms: [propext, Classical.choice, Quot.sound]
info: Kobon/UpperVertexBudget.lean:161:0: 'Kobon.UpperVertexBudget.line_interval_budget' depends on axioms: [propext, Classical.choice, Quot.sound]
ℹ [3411/3431] Replayed Kobon.UpperElementaryEdges
info: Kobon/UpperElementaryEdges.lean:120:0: 'Kobon.UpperElementaryEdges.predicate_side_elementary' depends on axioms: [propext, Classical.choice, Quot.sound]
info: Kobon/UpperElementaryEdges.lean:121:0: 'Kobon.UpperElementaryEdges.predicate_all_sides_elementary' depends on axioms: [propext, Classical.choice, Quot.sound]
info: Kobon/UpperElementaryEdges.lean:122:0: 'Kobon.UpperElementaryEdges.no_vertex_in_relative_interior' depends on axioms: [propext, Classical.choice, Quot.sound]
ℹ [3412/3431] Replayed Kobon.UpperEdgeCapacity
info: Kobon/UpperEdgeCapacity.lean:139:0: 'Kobon.UpperEdgeCapacity.overlap_of_same_side' depends on axioms: [propext, Classical.choice, Quot.sound]
info: Kobon/UpperEdgeCapacity.lean:140:0: 'Kobon.UpperEdgeCapacity.opposite_sides_of_disjoint' depends on axioms: [propext, Classical.choice, Quot.sound]
info: Kobon/UpperEdgeCapacity.lean:141:0: 'Kobon.UpperEdgeCapacity.at_most_two' depends on axioms: [propext, Classical.choice, Quot.sound]
⚠ [3413/3431] Replayed Kobon.UpperTriangleIncidence
warning: Kobon/UpperTriangleIncidence.lean:112:64: This simp argument is unused:
  ite_false

Hint: Omit it from the simp argument list.
  simp only [edge, ̲sideTriangle, ̲cycle, ̲Fin.reduceFinMk, ̲ite_true,̵i̵t̵e̵_̵f̵a̵l̵s̵e̵] at he

Note: This linter can be disabled with `set_option linter.unusedSimpArgs false`
warning: Kobon/UpperTriangleIncidence.lean:115:34: This simp argument is unused:
  Ne.symm hpr

Hint: Omit it from the simp argument list.
  simp [̵h̵p̵q̵,̵h̵p̵r̵,̵h̵q̵r̵,̵N̵e̵.̵s̵y̵m̵m̵ ̵h̵p̵q̵,̵N̵e̵.̵s̵y̵m̵m̵ ̵h̵p̵r̵,̵N̵e̵.̵s̵y̵m̵m̵[̲h̲p̲q̲,̲ ̲h̲p̲r̲,̲ ̲h̲q̲r̲,̲ ̲N̲e̲.̲s̲y̲m̲m̲ ̲h̲p̲q̲,̲ ̲N̲e̲.̲s̲y̲m̲m̲ hqr] at h₁ h₂

Note: This linter can be disabled with `set_option linter.unusedSimpArgs false`
warning: Kobon/UpperTriangleIncidence.lean:115:46: This simp argument is unused:
  Ne.symm hqr

Hint: Omit it from the simp argument list.
  simp [̵h̵p̵q̵,̵h̵p̵r̵,̵h̵q̵r̵,̵N̵e̵.̵s̵y̵m̵m̵ ̵h̵p̵q̵,̵N̵e̵.̵s̵y̵m̵m̵ ̵h̵p̵r̵,̵N̵e̵.̵s̵y̵m̵m̵ ̵h̵q̵r̵]̵[̲h̲p̲q̲,̲ ̲h̲p̲r̲,̲ ̲h̲q̲r̲,̲ ̲N̲e̲.̲s̲y̲m̲m̲ ̲h̲p̲q̲,̲ ̲N̲e̲.̲s̲y̲m̲m̲ ̲h̲p̲r̲]̲ at h₁ h₂

Note: This linter can be disabled with `set_option linter.unusedSimpArgs false`
info: Kobon/UpperTriangleIncidence.lean:241:0: 'Kobon.UpperTriangleIncidence.edge_injective' depends on axioms: [propext, Classical.choice, Quot.sound]
info: Kobon/UpperTriangleIncidence.lean:242:0: 'Kobon.UpperTriangleIncidence.degree_le_two' depends on axioms: [propext, Classical.choice, Quot.sound]
info: Kobon/UpperTriangleIncidence.lean:243:0: 'Kobon.UpperTriangleIncidence.exact_incidence' depends on axioms: [propext, Classical.choice, Quot.sound]
info: Kobon/UpperTriangleIncidence.lean:244:0: 'Kobon.UpperTriangleIncidence.exact_incidence_with_unused' depends on axioms: [propext, Classical.choice, Quot.sound]
info: Kobon/UpperTriangleIncidence.lean:245:0: 'Kobon.UpperTriangleIncidence.certificate_incidence' depends on axioms: [propext, Classical.choice, Quot.sound]
ℹ [3414/3431] Replayed Kobon.FanGeometry
info: Kobon/FanGeometry.lean:171:0: 'Kobon.FanGeometry.ordinary_nonradial_unique' depends on axioms: [propext, Classical.choice, Quot.sound]
info: Kobon/FanGeometry.lean:172:0: 'Kobon.FanGeometry.FanStrip.all_opposites_eq' depends on axioms: [propext, Classical.choice, Quot.sound]
info: Kobon/FanGeometry.lean:173:0: 'Kobon.FanGeometry.FanStrip.center_not_affine_combination' depends on axioms: [propext, Classical.choice, Quot.sound]
info: Kobon/FanGeometry.lean:174:0: 'Kobon.FanGeometry.no_opposite_end_fan' depends on axioms: [propext, Classical.choice, Quot.sound]
ℹ [3415/3431] Replayed Kobon.UpperSharedEdge
info: Kobon/UpperSharedEdge.lean:137:0: 'Kobon.UpperSharedEdge.Pair.apex_eq_of_ordinary' depends on axioms: [propext, Classical.choice, Quot.sound]
info: Kobon/UpperSharedEdge.lean:138:0: 'Kobon.UpperSharedEdge.Pair.has_nonordinary_endpoint' depends on axioms: [propext, Classical.choice, Quot.sound]
info: Kobon/UpperSharedEdge.lean:139:0: 'Kobon.UpperSharedEdge.third_support_of_not_ordinary' depends on axioms: [propext, Classical.choice, Quot.sound]
⚠ [3416/3431] Replayed Kobon.UpperSharedIncidence
warning: Kobon/UpperSharedIncidence.lean:31:67: This simp argument is unused:
  ite_false

Hint: Omit it from the simp argument list.
  simp only [̵s̵i̵d̵e̵T̵r̵i̵a̵n̵g̵l̵e̵,̵F̵i̵n̵.̵r̵e̵d̵u̵c̵e̵F̵i̵n̵M̵k̵,̵i̵t̵e̵_̵t̵r̵u̵e̵,̵i̵t̵e̵_̵f̵a̵l̵s̵e̵]̵[̲s̲i̲d̲e̲T̲r̲i̲a̲n̲g̲l̲e̲,̲ ̲F̲i̲n̲.̲r̲e̲d̲u̲c̲e̲F̲i̲n̲M̲k̲,̲ ̲i̲t̲e̲_̲t̲r̲u̲e̲]̲

Note: This linter can be disabled with `set_option linter.unusedSimpArgs false`
info: Kobon/UpperSharedIncidence.lean:168:0: 'Kobon.UpperSharedIncidence.shared_has_nonordinary_endpoint' depends on axioms: [propext, Classical.choice, Quot.sound]
info: Kobon/UpperSharedIncidence.lean:169:0: 'Kobon.UpperSharedIncidence.oneCore_has_both_kinds' depends on axioms: [propext, Classical.choice, Quot.sound]
info: Kobon/UpperSharedIncidence.lean:170:0: 'Kobon.UpperSharedIncidence.core_incidence' depends on axioms: [propext, Classical.choice, Quot.sound]
⚠ [3417/3431] Replayed Kobon.UpperEdgeInventory
warning: Kobon/UpperEdgeInventory.lean:161:13: This simp argument is unused:
  Fin.val_mk

Hint: Omit it from the simp argument list.
  simp only [̵F̵i̵n̵.̵v̵a̵l̵_̵m̵k̵]̵ ̵at hh

Note: This linter can be disabled with `set_option linter.unusedSimpArgs false`
warning: Kobon/UpperEdgeInventory.lean:281:78: This simp argument is unused:
  Fin.val_mk

Hint: Omit it from the simp argument list.
  simp only [̵F̵i̵n̵.̵v̵a̵l̵_̵m̵k̵]̵ ̵at hh

Note: This linter can be disabled with `set_option linter.unusedSimpArgs false`
warning: Kobon/UpperEdgeInventory.lean:283:78: This simp argument is unused:
  Fin.val_mk

Hint: Omit it from the simp argument list.
  simp only [̵F̵i̵n̵.̵v̵a̵l̵_̵m̵k̵]̵ ̵at hh

Note: This linter can be disabled with `set_option linter.unusedSimpArgs false`
warning: Kobon/UpperEdgeInventory.lean:285:78: This simp argument is unused:
  Fin.val_mk

Hint: Omit it from the simp argument list.
  simp only [̵F̵i̵n̵.̵v̵a̵l̵_̵m̵k̵]̵ ̵at hh

Note: This linter can be disabled with `set_option linter.unusedSimpArgs false`
warning: Kobon/UpperEdgeInventory.lean:328:72: This simp argument is unused:
  ite_false

Hint: Omit it from the simp argument list.
  simp only [̵e̵d̵g̵e̵,̵s̵i̵d̵e̵T̵r̵i̵a̵n̵g̵l̵e̵,̵c̵y̵c̵l̵e̵,̵F̵i̵n̵.̵r̵e̵d̵u̵c̵e̵F̵i̵n̵M̵k̵,̵i̵t̵e̵_̵t̵r̵u̵e̵,̵i̵t̵e̵_̵f̵a̵l̵s̵e̵,̵
  ̵ ̵ ̵ ̵ ̵m̵e̵m̵_̵i̵n̵s̵e̵r̵t̵,̵m̵e̵m̵_̵s̵i̵n̵g̵l̵e̵t̵o̵n̵]̵[̲e̲d̲g̲e̲,̲ ̲s̲i̲d̲e̲T̲r̲i̲a̲n̲g̲l̲e̲,̲ ̲c̲y̲c̲l̲e̲,̲ ̲F̲i̲n̲.̲r̲e̲d̲u̲c̲e̲F̲i̲n̲M̲k̲,̲ ̲i̲t̲e̲_̲t̲r̲u̲e̲,̲ ̲m̲e̲m̲_̲i̲n̲s̲e̲r̲t̲,̲
  ̲ ̲ ̲ ̲ ̲m̲e̲m̲_̲s̲i̲n̲g̲l̲e̲t̲o̲n̲]̲ at hp

Note: This linter can be disabled with `set_option linter.unusedSimpArgs false`
info: Kobon/UpperEdgeInventory.lean:370:0: 'Kobon.UpperEdgeInventory.orderedPoint_surjective' depends on axioms: [propext, Classical.choice, Quot.sound]
info: Kobon/UpperEdgeInventory.lean:371:0: 'Kobon.UpperEdgeInventory.lineEdges_pairwise_disjoint' depends on axioms: [propext, Classical.choice, Quot.sound]
info: Kobon/UpperEdgeInventory.lean:372:0: 'Kobon.UpperEdgeInventory.edge_cardinality' depends on axioms: [propext, Classical.choice, Quot.sound]
info: Kobon/UpperEdgeInventory.lean:373:0: 'Kobon.UpperEdgeInventory.elementary_mem_lineEdges' depends on axioms: [propext, Classical.choice, Quot.sound]
info: Kobon/UpperEdgeInventory.lean:374:0: 'Kobon.UpperEdgeInventory.certificate_defect_identity' depends on axioms: [propext, Classical.choice, Quot.sound]
ℹ [3418/3431] Replayed Kobon.UpperCoreExtraction
info: Kobon/UpperCoreExtraction.lean:127:0: 'Kobon.UpperCoreExtraction.ordinary_iff_support_card' depends on axioms: [propext, Classical.choice, Quot.sound]
info: Kobon/UpperCoreExtraction.lean:128:0: 'Kobon.UpperCoreExtraction.core_multiplicity' depends on axioms: [propext, Classical.choice, Quot.sound]
info: Kobon/UpperCoreExtraction.lean:129:0: 'Kobon.UpperCoreExtraction.defect_identity' depends on axioms: [propext, Classical.choice, Quot.sound]
info: Kobon/UpperCoreExtraction.lean:130:0: 'Kobon.UpperCoreExtraction.certificate_oneCore_classification' depends on axioms: [propext,
 Classical.choice,
 Quot.sound]
info: Kobon/UpperCoreExtraction.lean:131:0: 'Kobon.UpperCoreExtraction.simple_arrangement_upper' depends on axioms: [propext, Classical.choice, Quot.sound]
ℹ [3419/3431] Replayed Kobon.UpperSimpleOptimality
info: Kobon/UpperSimpleOptimality.lean:75:0: 'Kobon.UpperSimpleOptimality.core_empty' depends on axioms: [propext, Classical.choice, Quot.sound]
info: Kobon/UpperSimpleOptimality.lean:76:0: 'Kobon.UpperSimpleOptimality.certificate_upper' depends on axioms: [propext, Classical.choice, Quot.sound]
info: Kobon/UpperSimpleOptimality.lean:77:0: 'Kobon.UpperSimpleOptimality.simple_lower_bound_upper' depends on axioms: [propext, Classical.choice, Quot.sound]
info: Kobon/UpperSimpleOptimality.lean:78:0: 'Kobon.UpperSimpleOptimality.simple_lower_bound_floor' depends on axioms: [propext, Classical.choice, Quot.sound]
ℹ [3420/3431] Replayed Kobon.UpperCleanHalfplane
info: Kobon/UpperCleanHalfplane.lean:198:0: 'Kobon.UpperCleanHalfplane.transverse_intersection_off_clean' depends on axioms: [propext, Classical.choice, Quot.sound]
info: Kobon/UpperCleanHalfplane.lean:199:0: 'Kobon.UpperCleanHalfplane.common_halfplane' depends on axioms: [propext, Classical.choice, Quot.sound]
info: Kobon/UpperCleanHalfplane.lean:200:0: 'Kobon.UpperCleanHalfplane.clean_crossings_injective' depends on axioms: [propext, Classical.choice, Quot.sound]
info: Kobon/UpperCleanHalfplane.lean:201:0: 'Kobon.UpperCleanHalfplane.ordinary_vertex_pairs_on_line' depends on axioms: [propext, Classical.choice, Quot.sound]
info: Kobon/UpperCleanHalfplane.lean:202:0: 'Kobon.UpperCleanHalfplane.clean_crossing_card' depends on axioms: [propext, Classical.choice, Quot.sound]
info: Kobon/UpperCleanHalfplane.lean:203:0: 'Kobon.UpperCleanHalfplane.clean_line_no_pair_partition' depends on axioms: [propext, Classical.choice, Quot.sound]
ℹ [3421/3431] Replayed Kobon.UpperCleanEdges
info: Kobon/UpperCleanEdges.lean:110:0: 'Kobon.UpperCleanEdges.incident_positive_edge' depends on axioms: [propext, Classical.choice, Quot.sound]
info: Kobon/UpperCleanEdges.lean:111:0: 'Kobon.UpperCleanEdges.incident_negative_edge' depends on axioms: [propext, Classical.choice, Quot.sound]
info: Kobon/UpperCleanEdges.lean:112:0: 'Kobon.UpperCleanEdges.common_bounded_side' depends on axioms: [propext, Classical.choice, Quot.sound]
ℹ [3422/3431] Replayed Kobon.UpperCleanPairing
info: Kobon/UpperCleanPairing.lean:90:0: 'Kobon.UpperCleanPairing.pair_indices_consecutive' depends on axioms: [propext, Classical.choice, Quot.sound]
info: Kobon/UpperCleanPairing.lean:91:0: 'Kobon.UpperCleanPairing.incident_positive_unique' depends on axioms: [propext, Classical.choice, Quot.sound]
info: Kobon/UpperCleanPairing.lean:92:0: 'Kobon.UpperCleanPairing.incident_negative_unique' depends on axioms: [propext, Classical.choice, Quot.sound]
ℹ [3423/3431] Replayed Kobon.FanCount
info: Kobon/FanCount.lean:71:0: 'Kobon.FanCount.ordinary_shared_ray_bound' depends on axioms: [propext, Classical.choice, Quot.sound]
ℹ [3424/3431] Replayed Kobon.CyclicFan
info: Kobon/CyclicFan.lean:108:0: 'Kobon.CyclicFan.Geometry.no_long_run' depends on axioms: [propext, Classical.choice, Quot.sound]
info: Kobon/CyclicFan.lean:109:0: 'Kobon.CyclicFan.Geometry.selected_card_le' depends on axioms: [propext, Classical.choice, Quot.sound]
ℹ [3425/3431] Replayed Kobon.UpperFan
info: Kobon/UpperFan.lean:251:0: 'Kobon.UpperFan.card_le_of_adjacent_missing' depends on axioms: [propext, Classical.choice, Quot.sound]
info: Kobon/UpperFan.lean:252:0: 'Kobon.UpperFan.Sectors.all_sectors_of_extremal' depends on axioms: [propext, Classical.choice, Quot.sound]
info: Kobon/UpperFan.lean:253:0: 'Kobon.UpperFan.Sectors.core_shared_card_eq_three_of_extremal' depends on axioms: [propext,
 Classical.choice,
 Quot.sound]
info: Kobon/UpperFan.lean:254:0: 'Kobon.UpperFan.Sectors.ordinary_shared_card_le_of_core_le_two' depends on axioms: [propext,
 Classical.choice,
 Quot.sound]
info: Kobon/UpperFan.lean:255:0: 'Kobon.UpperFan.Sectors.weighted_local_bound' depends on axioms: [propext, Classical.choice, Quot.sound]
ℹ [3426/3431] Replayed Kobon.UpperFanSupport
info: Kobon/UpperFanSupport.lean:188:0: 'Kobon.UpperFanSupport.Sectors.nonnegative_of_core_nonnegative' depends on axioms: [propext,
 Classical.choice,
 Quot.sound]
info: Kobon/UpperFanSupport.lean:189:0: 'Kobon.UpperFanSupport.Sectors.exists_negative_core_endpoint' depends on axioms: [propext, Classical.choice, Quot.sound]
info: Kobon/UpperFanSupport.lean:190:0: 'Kobon.UpperFanSupport.Sectors.extremal_core_not_in_halfplane' depends on axioms: [propext,
 Classical.choice,
 Quot.sound]
⚠ [3427/3431] Replayed Kobon.UpperCleanCover
warning: Kobon/UpperCleanCover.lean:100:73: This simp argument is unused:
  ite_false

Hint: Omit it from the simp argument list.
  simp only [̵O̵n̵C̵u̵t̵,̵e̵d̵g̵e̵,̵s̵i̵d̵e̵T̵r̵i̵a̵n̵g̵l̵e̵,̵c̵y̵c̵l̵e̵,̵F̵i̵n̵.̵r̵e̵d̵u̵c̵e̵F̵i̵n̵M̵k̵,̵i̵t̵e̵_̵t̵r̵u̵e̵,̵i̵t̵e̵_̵f̵a̵l̵s̵e̵,̵
  ̵ ̵ ̵ ̵ ̵ ̵ ̵ ̵ ̵m̵e̵m̵_̵i̵n̵s̵e̵r̵t̵,̵m̵e̵m̵_̵s̵i̵n̵g̵l̵e̵t̵o̵n̵]̵[̲O̲n̲C̲u̲t̲,̲ ̲e̲d̲g̲e̲,̲ ̲s̲i̲d̲e̲T̲r̲i̲a̲n̲g̲l̲e̲,̲ ̲c̲y̲c̲l̲e̲,̲ ̲F̲i̲n̲.̲r̲e̲d̲u̲c̲e̲F̲i̲n̲M̲k̲,̲ ̲i̲t̲e̲_̲t̲r̲u̲e̲,̲ ̲m̲e̲m̲_̲i̲n̲s̲e̲r̲t̲,̲
  ̲ ̲ ̲ ̲ ̲ ̲ ̲ ̲ ̲m̲e̲m̲_̲s̲i̲n̲g̲l̲e̲t̲o̲n̲]̲ at hi hj

Note: This linter can be disabled with `set_option linter.unusedSimpArgs false`
info: Kobon/UpperCleanCover.lean:430:0: 'Kobon.UpperCleanCover.align_with_sides' depends on axioms: [propext, Classical.choice, Quot.sound]
info: Kobon/UpperCleanCover.lean:431:0: 'Kobon.UpperCleanCover.side_on_cut_unique' depends on axioms: [propext, Classical.choice, Quot.sound]
info: Kobon/UpperCleanCover.lean:432:0: 'Kobon.UpperCleanCover.inventory_on_support' depends on axioms: [propext, Classical.choice, Quot.sound]
info: Kobon/UpperCleanCover.lean:433:0: 'Kobon.UpperCleanCover.base_selected_side' depends on axioms: [propext, Classical.choice, Quot.sound]
info: Kobon/UpperCleanCover.lean:434:0: 'Kobon.UpperCleanCover.actual_base_cover' depends on axioms: [propext, Classical.choice, Quot.sound]
info: Kobon/UpperCleanCover.lean:435:0: 'Kobon.UpperCleanCover.selected_degree_not_all_one' depends on axioms: [propext, Classical.choice, Quot.sound]
info: Kobon/UpperCleanCover.lean:436:0: 'Kobon.UpperCleanCover.clean_line_bad_degree' depends on axioms: [propext, Classical.choice, Quot.sound]
info: Kobon/UpperCleanCover.lean:437:0: 'Kobon.UpperCleanCover.certificate_clean_line_charge' depends on axioms: [propext, Classical.choice, Quot.sound]
ℹ [3428/3431] Replayed Kobon.UpperCoreLineIncidence
info: Kobon/UpperCoreLineIncidence.lean:176:0: 'Kobon.UpperCoreLineIncidence.path_count' depends on axioms: [propext, Classical.choice, Quot.sound]
info: Kobon/UpperCoreLineIncidence.lean:177:0: 'Kobon.UpperCoreLineIncidence.local_core_path_bound' depends on axioms: [propext, Classical.choice, Quot.sound]
info: Kobon/UpperCoreLineIncidence.lean:178:0: 'Kobon.UpperCoreLineIncidence.core_line_budget' depends on axioms: [propext, Classical.choice, Quot.sound]
ℹ [3429/3431] Replayed Kobon.UpperCleanCharging
info: Kobon/UpperCleanCharging.lean:174:0: 'Kobon.UpperCleanCharging.charge_line_unique' depends on axioms: [propext, Classical.choice, Quot.sound]
info: Kobon/UpperCleanCharging.lean:175:0: 'Kobon.UpperCleanCharging.oneCore_ordinary_card' depends on axioms: [propext, Classical.choice, Quot.sound]
info: Kobon/UpperCleanCharging.lean:176:0: 'Kobon.UpperCleanCharging.certificate_clean_line_budget' depends on axioms: [propext, Classical.choice, Quot.sound]
ℹ [3430/3431] Replayed Kobon.UpperEvenSimpleOptimality
info: Kobon/UpperEvenSimpleOptimality.lean:74:0: 'Kobon.UpperEvenSimpleOptimality.certificate_even_upper' depends on axioms: [propext, Classical.choice, Quot.sound]
info: Kobon/UpperEvenSimpleOptimality.lean:75:0: 'Kobon.UpperEvenSimpleOptimality.simple_lower_bound_even_floor' depends on axioms: [propext,
 Classical.choice,
 Quot.sound]
ℹ [3431/3431] Built Kobon.BBLFamilyOptimality (15s)
info: Kobon/BBLFamilyOptimality.lean:40:0: 'Kobon.BBLFamilyOptimality.odd_upper' depends on axioms: [propext, Classical.choice, Quot.sound]
info: Kobon/BBLFamilyOptimality.lean:41:0: 'Kobon.BBLFamilyOptimality.even_upper' depends on axioms: [propext, Classical.choice, Quot.sound]
info: Kobon/BBLFamilyOptimality.lean:42:0: 'Kobon.BBLFamilyOptimality.odd_window' depends on axioms: [propext,
 Classical.choice,
 Quot.sound,
 BBLSeed21.directions._native.native_decide.ax_1_1,
 BBLSeed21.distinguished_checks._native.native_decide.ax_1_1,
 BBLSeed21.simple._native.native_decide.ax_1_1,
 BBLSeed21.triangle_checks._native.native_decide.ax_1_1]
info: Kobon/BBLFamilyOptimality.lean:43:0: 'Kobon.BBLFamilyOptimality.even_window' depends on axioms: [propext,
 Classical.choice,
 Quot.sound,
 BBLSeed21.admissible_check._native.native_decide.ax_1_1,
 BBLSeed21.directions._native.native_decide.ax_1_1,
 BBLSeed21.distinguished_checks._native.native_decide.ax_1_1,
 BBLSeed21.simple._native.native_decide.ax_1_1,
 BBLSeed21.triangle_checks._native.native_decide.ax_1_1,
 BBLSeed21.visible_checks._native.native_decide.ax_1_1]
Build completed successfully (3431 jobs).
