P21-3eys1dy0eo195 E21-3eys1dy0eo195 ) 19 17 15 13 11 9 7 5 3 1 2 1 3 4 3 5 6 5 7 4 3 5 2 1 3 8 7 9 6 5 7 4 3 5 10 9 11 8 7 9 6 5 7 12 11 13 10 9 11 8 7 9 14 13 15 12 11 13 16 15 17 14 13 15 12 11 13 10 9 11 18 17 19 16 15 17 14 13 15 12 11 13 10 9 11 8 7 9 6 5 7 4 3 5 2 1 3 0 1 8 7 9 6 5 7 4 3 5 2 1 3 4 3 5 6 5 7 10 9 11 8 7 9 6 5 7 4 3 5 14 13 15 12 11 13 10 9 11 8 7 9 12 11 13 10 9 11 14 13 15 16 15 17 18 17 19 16 15 17 14 13 15 12 11 13 10 9 11 8 7 9 6 5 7 4 3 5 2 1 3 14 13 15 12 11 13 10 9 11 8 7 9 6 5 7 4 3 5 6 5 7 8 7 9 12 11 13 10 9 11
P21-3eys1dy0eo195 E21-qdfj840aw43x ) 19 17 15 13 11 9 7 5 3 1 2 1 3 4 3 5 6 5 7 4 3 5 2 1 3 8 7 9 6 5 7 4 3 5 10 9 11 8 7 9 6 5 7 12 11 13 10 9 11 8 7 9 14 13 15 12 11 13 16 15 17 14 13 15 18 17 19 16 15 17 14 13 15 12 11 13 10 9 11 8 7 9 6 5 7 4 3 5 2 1 3 0 1 12 11 13 10 9 11 8 7 9 6 5 7 4 3 5 2 1 3 4 3 5 6 5 7 10 9 11 8 7 9 6 5 7 4 3 5 14 13 15 12 11 13 10 9 11 8 7 9 12 11 13 14 13 15 16 15 17 18 17 19 16 15 17 14 13 15 12 11 13 10 9 11 8 7 9 6 5 7 4 3 5 2 1 3 12 11 13 10 9 11 14 13 15 12 11 13 10 9 11 8 7 9 6 5 7 4 3 5 6 5 7 8 7 9 10 9 11
P21-3gsrh3sjait1t E21-3gsrh3sjait1t ) 19 17 15 13 11 9 7 5 3 1 2 1 3 4 3 5 6 5 7 4 3 5 2 1 3 8 7 9 6 5 7 4 3 5 10 9 11 8 7 9 6 5 7 12 11 13 10 9 11 14 13 15 12 11 13 16 15 17 14 13 15 12 11 13 10 9 11 8 7 9 6 5 7 4 3 5 10 9 11 8 7 9 18 17 19 16 15 17 14 13 15 12 11 13 10 9 11 8 7 9 6 5 7 4 3 5 2 1 3 0 1 2 1 3 4 3 5 6 5 7 4 3 5 8 7 9 6 5 7 14 13 15 12 11 13 10 9 11 8 7 9 12 11 13 10 9 11 14 13 15 16 15 17 18 17 19 16 15 17 14 13 15 12 11 13 10 9 11 8 7 9 6 5 7 4 3 5 2 1 3 14 13 15 12 11 13 10 9 11 8 7 9 6 5 7 4 3 5 6 5 7 8 7 9 12 11 13 10 9 11
P21-3eys1dy0eo195 E21-yp9ty399h5w1 ) 19 17 15 13 11 9 7 5 3 1 2 1 3 4 3 5 6 5 7 4 3 5 2 1 3 8 7 9 6 5 7 4 3 5 10 9 11 8 7 9 6 5 7 14 13 15 12 11 13 10 9 11 8 7 9 6 5 7 16 15 17 14 13 15 12 11 13 10 9 11 8 7 9 16 15 17 14 13 15 12 11 13 10 9 11 18 17 19 16 15 17 14 13 15 12 11 13 10 9 11 8 7 9 6 5 7 4 3 5 2 1 3 0 1 6 5 7 4 3 5 2 1 3 4 3 5 6 5 7 8 7 9 6 5 7 10 9 11 12 11 13 10 9 11 8 7 9 14 13 15 16 15 17 18 17 19 16 15 17 14 13 15 12 11 13 10 9 11 8 7 9 6 5 7 4 3 5 2 1 3 4 3 5 6 5 7 12 11 13 10 9 11 8 7 9 6 5 7 14 13 15 12 11 13 10 9 11 8 7 9
P21-3eys1dy0eo195 E21-dzc2x9a3rlf1 ) 19 17 15 13 11 9 7 5 3 1 2 1 3 4 3 5 6 5 7 4 3 5 2 1 3 8 7 9 6 5 7 4 3 5 10 9 11 8 7 9 6 5 7 16 15 17 14 13 15 12 11 13 10 9 11 8 7 9 6 5 7 4 3 5 14 13 15 12 11 13 10 9 11 8 7 9 16 15 17 14 13 15 12 11 13 10 9 11 18 17 19 16 15 17 14 13 15 12 11 13 10 9 11 8 7 9 6 5 7 4 3 5 2 1 3 0 1 2 1 3 4 3 5 6 5 7 4 3 5 8 7 9 6 5 7 10 9 11 12 11 13 10 9 11 8 7 9 14 13 15 16 15 17 18 17 19 16 15 17 14 13 15 12 11 13 10 9 11 8 7 9 6 5 7 4 3 5 2 1 3 4 3 5 6 5 7 12 11 13 10 9 11 8 7 9 14 13 15 12 11 13 10 9 11 8 7 9 6 5 7
P21-3ip8x8zug58f5 E21-3ip8x8zug58f5 ) 19 17 15 13 11 9 7 5 3 1 2 1 3 4 3 5 6 5 7 4 3 5 2 1 3 8 7 9 6 5 7 4 3 5 10 9 11 8 7 9 12 11 13 10 9 11 8 7 9 6 5 7 14 13 15 12 11 13 10 9 11 16 15 17 14 13 15 18 17 19 16 15 17 14 13 15 12 11 13 10 9 11 8 7 9 6 5 7 4 3 5 2 1 3 0 1 2 1 3 4 3 5 6 5 7 8 7 9 10 9 11 12 11 13 10 9 11 8 7 9 6 5 7 4 3 5 2 1 3 6 5 7 4 3 5 14 13 15 12 11 13 10 9 11 8 7 9 16 15 17 14 13 15 12 11 13 10 9 11 8 7 9 6 5 7 18 17 19 16 15 17 14 13 15 12 11 13 10 9 11 8 7 9 6 5 7 4 3 5 2 1 3 4 3 5 6 5 7 14 13 15 12 11 13 10 9 11 8 7 9
P21-cnujdxs9gsz1 E21-cnujdxs9gsz1 ) 19 17 15 13 11 9 7 5 3 1 2 1 3 4 3 5 6 5 7 4 3 5 2 1 3 8 7 9 6 5 7 4 3 5 10 9 11 8 7 9 12 11 13 10 9 11 14 13 15 12 11 13 16 15 17 14 13 15 12 11 13 10 9 11 8 7 9 6 5 7 8 7 9 10 9 11 18 17 19 16 15 17 14 13 15 12 11 13 10 9 11 8 7 9 6 5 7 4 3 5 2 1 3 0 1 4 3 5 2 1 3 8 7 9 6 5 7 4 3 5 6 5 7 8 7 9 10 9 11 12 11 13 10 9 11 14 13 15 16 15 17 14 13 15 12 11 13 18 17 19 16 15 17 14 13 15 12 11 13 10 9 11 8 7 9 6 5 7 4 3 5 2 1 3 10 9 11 8 7 9 6 5 7 4 3 5 12 11 13 10 9 11 8 7 9 6 5 7 8 7 9 14 13 15 12 11 13 10 9 11
P21-3gsrh3sjait1t E21-37mfw83euwsh9 ) 19 17 15 13 11 9 7 5 3 1 2 1 3 4 3 5 6 5 7 4 3 5 2 1 3 8 7 9 6 5 7 4 3 5 12 11 13 10 9 11 8 7 9 6 5 7 16 15 17 14 13 15 12 11 13 10 9 11 8 7 9 6 5 7 4 3 5 14 13 15 12 11 13 10 9 11 8 7 9 16 15 17 14 13 15 12 11 13 10 9 11 18 17 19 16 15 17 14 13 15 12 11 13 10 9 11 8 7 9 6 5 7 4 3 5 2 1 3 0 1 2 1 3 4 3 5 6 5 7 4 3 5 8 7 9 6 5 7 10 9 11 8 7 9 12 11 13 10 9 11 14 13 15 16 15 17 18 17 19 16 15 17 14 13 15 12 11 13 10 9 11 8 7 9 6 5 7 4 3 5 2 1 3 4 3 5 14 13 15 12 11 13 10 9 11 8 7 9 6 5 7 8 7 9 12 11 13 10 9 11
P21-2205uo174nktl E21-2205uo174nktl ) 19 17 15 13 11 9 7 5 3 1 2 1 3 4 3 5 6 5 7 4 3 5 2 1 3 8 7 9 6 5 7 10 9 11 8 7 9 6 5 7 4 3 5 12 11 13 10 9 11 14 13 15 12 11 13 16 15 17 14 13 15 12 11 13 10 9 11 8 7 9 6 5 7 10 9 11 8 7 9 18 17 19 16 15 17 14 13 15 12 11 13 10 9 11 8 7 9 6 5 7 4 3 5 2 1 3 0 1 4 3 5 2 1 3 6 5 7 4 3 5 8 7 9 6 5 7 14 13 15 12 11 13 10 9 11 8 7 9 10 9 11 12 11 13 14 13 15 16 15 17 14 13 15 12 11 13 10 9 11 18 17 19 16 15 17 14 13 15 12 11 13 10 9 11 8 7 9 6 5 7 4 3 5 2 1 3 8 7 9 6 5 7 4 3 5 6 5 7 10 9 11 8 7 9 12 11 13 10 9 11
P21-1mebddez821zh E21-1mebddez821zh ) 19 17 15 13 11 9 7 5 3 1 2 1 3 4 3 5 6 5 7 4 3 5 2 1 3 8 7 9 6 5 7 10 9 11 8 7 9 6 5 7 4 3 5 12 11 13 14 13 15 12 11 13 10 9 11 8 7 9 6 5 7 16 15 17 14 13 15 12 11 13 10 9 11 8 7 9 10 9 11 14 13 15 12 11 13 18 17 19 16 15 17 14 13 15 12 11 13 10 9 11 8 7 9 6 5 7 4 3 5 2 1 3 0 1 6 5 7 4 3 5 2 1 3 4 3 5 6 5 7 8 7 9 6 5 7 10 9 11 8 7 9 12 11 13 10 9 11 14 13 15 16 15 17 18 17 19 16 15 17 14 13 15 12 11 13 10 9 11 8 7 9 6 5 7 4 3 5 2 1 3 14 13 15 12 11 13 10 9 11 8 7 9 6 5 7 4 3 5 6 5 7 8 7 9 12 11 13 10 9 11
P21-3mv4wynpgdfj9 E21-3mv4wynpgdfj9 ) 19 17 15 13 11 9 7 5 3 1 2 1 3 4 3 5 6 5 7 4 3 5 2 1 3 8 7 9 6 5 7 10 9 11 8 7 9 12 11 13 10 9 11 14 13 15 12 11 13 10 9 11 8 7 9 6 5 7 4 3 5 8 7 9 6 5 7 16 15 17 14 13 15 12 11 13 10 9 11 18 17 19 16 15 17 14 13 15 12 11 13 10 9 11 8 7 9 6 5 7 4 3 5 2 1 3 0 1 2 1 3 4 3 5 6 5 7 8 7 9 6 5 7 4 3 5 2 1 3 10 9 11 12 11 13 14 13 15 16 15 17 14 13 15 12 11 13 10 9 11 8 7 9 6 5 7 4 3 5 12 11 13 10 9 11 8 7 9 6 5 7 10 9 11 8 7 9 14 13 15 12 11 13 18 17 19 16 15 17 14 13 15 12 11 13 10 9 11 8 7 9 6 5 7 4 3 5 2 1 3
P21-2167vfh3ce7zh E21-2167vfh3ce7zh ) 19 17 15 13 11 9 7 5 3 1 2 1 3 4 3 5 6 5 7 4 3 5 2 1 3 8 7 9 6 5 7 10 9 11 8 7 9 12 11 13 10 9 11 14 13 15 12 11 13 16 15 17 14 13 15 12 11 13 10 9 11 8 7 9 6 5 7 4 3 5 6 5 7 8 7 9 10 9 11 18 17 19 16 15 17 14 13 15 12 11 13 10 9 11 8 7 9 6 5 7 4 3 5 2 1 3 0 1 2 1 3 4 3 5 6 5 7 8 7 9 10 9 11 12 11 13 10 9 11 14 13 15 16 15 17 14 13 15 12 11 13 18 17 19 16 15 17 14 13 15 12 11 13 10 9 11 8 7 9 6 5 7 4 3 5 2 1 3 6 5 7 4 3 5 8 7 9 10 9 11 8 7 9 6 5 7 4 3 5 12 11 13 10 9 11 8 7 9 6 5 7 14 13 15 12 11 13 10 9 11
P21-2205uo174nktl E21-3ewkot9cg5dj5 ) 19 17 15 13 11 9 7 5 3 1 2 1 3 4 3 5 6 5 7 4 3 5 2 1 3 8 7 9 6 5 7 10 9 11 8 7 9 12 11 13 10 9 11 14 13 15 12 11 13 16 15 17 14 13 15 12 11 13 10 9 11 8 7 9 6 5 7 4 3 5 6 5 7 10 9 11 8 7 9 18 17 19 16 15 17 14 13 15 12 11 13 10 9 11 8 7 9 6 5 7 4 3 5 2 1 3 0 1 2 1 3 4 3 5 6 5 7 4 3 5 8 7 9 6 5 7 10 9 11 12 11 13 14 13 15 12 11 13 10 9 11 8 7 9 16 15 17 14 13 15 12 11 13 10 9 11 18 17 19 16 15 17 14 13 15 12 11 13 10 9 11 8 7 9 6 5 7 4 3 5 2 1 3 8 7 9 6 5 7 4 3 5 6 5 7 10 9 11 8 7 9 14 13 15 12 11 13 10 9 11
P21-nxsre83j2gnp E21-nxsre83j2gnp ) 19 17 15 13 11 9 7 5 3 1 2 1 3 4 3 5 6 5 7 4 3 5 2 1 3 8 7 9 6 5 7 10 9 11 8 7 9 12 11 13 10 9 11 14 13 15 12 11 13 16 15 17 14 13 15 12 11 13 10 9 11 8 7 9 6 5 7 4 3 5 8 7 9 6 5 7 10 9 11 18 17 19 16 15 17 14 13 15 12 11 13 10 9 11 8 7 9 6 5 7 4 3 5 2 1 3 0 1 2 1 3 4 3 5 6 5 7 8 7 9 6 5 7 4 3 5 10 9 11 12 11 13 14 13 15 16 15 17 14 13 15 12 11 13 10 9 11 8 7 9 6 5 7 12 11 13 10 9 11 8 7 9 10 9 11 14 13 15 12 11 13 18 17 19 16 15 17 14 13 15 12 11 13 10 9 11 8 7 9 6 5 7 4 3 5 2 1 3 4 3 5 6 5 7 8 7 9 10 9 11
P21-2dihiygjvcrad E21-2dihiygjvcrad ) 19 17 15 13 11 9 7 5 3 1 2 1 3 4 3 5 6 5 7 4 3 5 2 1 3 8 7 9 6 5 7 10 9 11 8 7 9 12 11 13 10 9 11 14 13 15 12 11 13 16 15 17 14 13 15 12 11 13 10 9 11 8 7 9 6 5 7 4 3 5 8 7 9 6 5 7 10 9 11 18 17 19 16 15 17 14 13 15 12 11 13 10 9 11 8 7 9 6 5 7 4 3 5 2 1 3 0 1 2 1 3 4 3 5 6 5 7 8 7 9 10 9 11 12 11 13 10 9 11 14 13 15 12 11 13 16 15 17 14 13 15 18 17 19 16 15 17 14 13 15 12 11 13 10 9 11 8 7 9 6 5 7 4 3 5 2 1 3 6 5 7 4 3 5 8 7 9 10 9 11 8 7 9 6 5 7 12 11 13 10 9 11 8 7 9 6 5 7 4 3 5 14 13 15 12 11 13 10 9 11
P21-cnujdxs9gsz1 E21-38n8s4wzpbj2x ) 19 17 15 13 11 9 7 5 3 1 2 1 3 4 3 5 6 5 7 4 3 5 2 1 3 8 7 9 6 5 7 10 9 11 8 7 9 12 11 13 10 9 11 14 13 15 12 11 13 16 15 17 14 13 15 12 11 13 10 9 11 8 7 9 6 5 7 4 3 5 10 9 11 8 7 9 6 5 7 18 17 19 16 15 17 14 13 15 12 11 13 10 9 11 8 7 9 6 5 7 4 3 5 2 1 3 0 1 2 1 3 4 3 5 6 5 7 8 7 9 6 5 7 10 9 11 12 11 13 14 13 15 16 15 17 14 13 15 12 11 13 10 9 11 8 7 9 12 11 13 10 9 11 14 13 15 18 17 19 16 15 17 14 13 15 12 11 13 10 9 11 8 7 9 6 5 7 4 3 5 2 1 3 6 5 7 4 3 5 8 7 9 6 5 7 10 9 11 8 7 9 12 11 13 10 9 11 14 13 15
P21-cnujdxs9gsz1 E21-37ef6qyom5r3d ) 19 17 15 13 11 9 7 5 3 1 2 1 3 4 3 5 6 5 7 4 3 5 2 1 3 8 7 9 6 5 7 10 9 11 8 7 9 12 11 13 10 9 11 14 13 15 12 11 13 16 15 17 14 13 15 18 17 19 16 15 17 14 13 15 12 11 13 10 9 11 8 7 9 6 5 7 4 3 5 2 1 3 0 1 8 7 9 6 5 7 10 9 11 12 11 13 10 9 11 8 7 9 6 5 7 4 3 5 2 1 3 4 3 5 6 5 7 8 7 9 6 5 7 4 3 5 10 9 11 12 11 13 14 13 15 16 15 17 14 13 15 12 11 13 10 9 11 8 7 9 6 5 7 12 11 13 10 9 11 8 7 9 14 13 15 12 11 13 10 9 11 18 17 19 16 15 17 14 13 15 12 11 13 10 9 11 8 7 9 6 5 7 4 3 5 2 1 3 4 3 5 6 5 7 8 7 9 10 9 11
P21-3eys1dy0eo195 E21-2r17btdpmpaot ) 19 17 15 13 11 9 7 5 3 1 2 1 3 4 3 5 6 5 7 4 3 5 2 1 3 8 7 9 6 5 7 10 9 11 8 7 9 12 11 13 10 9 11 14 13 15 16 15 17 18 17 19 16 15 17 14 13 15 12 11 13 10 9 11 8 7 9 6 5 7 4 3 5 2 1 3 0 1 14 13 15 12 11 13 10 9 11 8 7 9 6 5 7 4 3 5 2 1 3 4 3 5 6 5 7 8 7 9 10 9 11 12 11 13 10 9 11 8 7 9 6 5 7 4 3 5 16 15 17 14 13 15 12 11 13 10 9 11 8 7 9 6 5 7 12 11 13 16 15 17 14 13 15 18 17 19 16 15 17 14 13 15 12 11 13 10 9 11 8 7 9 6 5 7 4 3 5 2 1 3 4 3 5 6 5 7 12 11 13 10 9 11 8 7 9 6 5 7 14 13 15 12 11 13 10 9 11 8 7 9
P21-1mebddez821zh E21-3cc3lphozi02x ) 19 17 15 13 11 9 7 5 3 1 2 1 3 4 3 5 6 5 7 4 3 5 2 1 3 8 7 9 6 5 7 10 9 11 8 7 9 12 11 13 14 13 15 16 15 17 14 13 15 12 11 13 10 9 11 8 7 9 6 5 7 4 3 5 12 11 13 10 9 11 8 7 9 6 5 7 14 13 15 18 17 19 16 15 17 14 13 15 12 11 13 10 9 11 8 7 9 6 5 7 4 3 5 2 1 3 0 1 2 1 3 4 3 5 6 5 7 10 9 11 8 7 9 12 11 13 10 9 11 12 11 13 14 13 15 16 15 17 14 13 15 12 11 13 18 17 19 16 15 17 14 13 15 12 11 13 10 9 11 8 7 9 6 5 7 4 3 5 2 1 3 6 5 7 8 7 9 10 9 11 8 7 9 6 5 7 4 3 5 6 5 7 12 11 13 10 9 11 8 7 9 14 13 15 12 11 13 10 9 11
P21-1mebddez821zh E21-307jqmdtdil3p ) 19 17 15 13 11 9 7 5 3 1 2 1 3 4 3 5 6 5 7 4 3 5 2 1 3 8 7 9 6 5 7 10 9 11 8 7 9 12 11 13 14 13 15 16 15 17 18 17 19 16 15 17 14 13 15 12 11 13 10 9 11 8 7 9 6 5 7 4 3 5 2 1 3 0 1 12 11 13 10 9 11 8 7 9 6 5 7 4 3 5 2 1 3 4 3 5 10 9 11 8 7 9 6 5 7 14 13 15 12 11 13 10 9 11 8 7 9 6 5 7 4 3 5 2 1 3 16 15 17 14 13 15 12 11 13 10 9 11 8 7 9 6 5 7 4 3 5 12 11 13 10 9 11 14 13 15 16 15 17 14 13 15 12 11 13 18 17 19 16 15 17 14 13 15 12 11 13 10 9 11 8 7 9 6 5 7 4 3 5 2 1 3 10 9 11 8 7 9 6 5 7 12 11 13 10 9 11 8 7 9
P21-3iun234a3wtx9 E21-2j0rbc2gosuvt ) 19 17 15 13 11 9 7 5 3 1 2 1 3 4 3 5 6 5 7 4 3 5 2 1 3 8 7 9 6 5 7 10 9 11 8 7 9 12 11 13 16 15 17 14 13 15 12 11 13 10 9 11 8 7 9 6 5 7 4 3 5 18 17 19 16 15 17 14 13 15 12 11 13 10 9 11 8 7 9 6 5 7 4 3 5 2 1 3 0 1 2 1 3 4 3 5 10 9 11 8 7 9 6 5 7 14 13 15 12 11 13 10 9 11 8 7 9 6 5 7 4 3 5 18 17 19 16 15 17 14 13 15 12 11 13 10 9 11 8 7 9 6 5 7 4 3 5 2 1 3 12 11 13 14 13 15 16 15 17 14 13 15 12 11 13 10 9 11 8 7 9 6 5 7 4 3 5 10 9 11 12 11 13 18 17 19 16 15 17 14 13 15 12 11 13 10 9 11 8 7 9 6 5 7 8 7 9 10 9 11
P21-2wyxe08jij93p E21-7iixjfw7ss11 ) 19 17 15 13 11 9 7 5 3 1 2 1 3 4 3 5 6 5 7 4 3 5 2 1 3 8 7 9 6 5 7 10 9 11 8 7 9 12 11 13 16 15 17 14 13 15 12 11 13 10 9 11 18 17 19 16 15 17 14 13 15 12 11 13 10 9 11 8 7 9 6 5 7 4 3 5 2 1 3 0 1 8 7 9 6 5 7 4 3 5 2 1 3 4 3 5 10 9 11 8 7 9 6 5 7 14 13 15 12 11 13 10 9 11 8 7 9 6 5 7 4 3 5 18 17 19 16 15 17 14 13 15 12 11 13 10 9 11 8 7 9 6 5 7 4 3 5 2 1 3 12 11 13 10 9 11 14 13 15 16 15 17 14 13 15 12 11 13 10 9 11 8 7 9 6 5 7 4 3 5 18 17 19 16 15 17 14 13 15 12 11 13 10 9 11 8 7 9 6 5 7 8 7 9 12 11 13 10 9 11
P21-2wdhca8g2cjbp E21-15r1f5v1c2w79 ) 19 17 15 13 11 9 7 5 3 1 2 1 3 4 3 5 6 5 7 4 3 5 2 1 3 8 7 9 6 5 7 10 9 11 8 7 9 12 11 13 16 15 17 14 13 15 18 17 19 16 15 17 14 13 15 12 11 13 10 9 11 8 7 9 6 5 7 4 3 5 2 1 3 0 1 12 11 13 10 9 11 8 7 9 6 5 7 4 3 5 2 1 3 4 3 5 10 9 11 8 7 9 6 5 7 14 13 15 12 11 13 10 9 11 8 7 9 6 5 7 4 3 5 18 17 19 16 15 17 14 13 15 12 11 13 10 9 11 8 7 9 6 5 7 4 3 5 2 1 3 12 11 13 14 13 15 16 15 17 14 13 15 12 11 13 10 9 11 8 7 9 6 5 7 4 3 5 12 11 13 10 9 11 18 17 19 16 15 17 14 13 15 12 11 13 10 9 11 8 7 9 6 5 7 8 7 9 10 9 11
P21-2wyxe08jij93p E21-fpk45z86n3t9 ) 19 17 15 13 11 9 7 5 3 1 2 1 3 4 3 5 6 5 7 4 3 5 2 1 3 8 7 9 6 5 7 10 9 11 8 7 9 12 11 13 18 17 19 16 15 17 14 13 15 12 11 13 10 9 11 8 7 9 6 5 7 4 3 5 2 1 3 0 1 16 15 17 14 13 15 12 11 13 10 9 11 8 7 9 6 5 7 4 3 5 2 1 3 4 3 5 10 9 11 8 7 9 6 5 7 14 13 15 12 11 13 10 9 11 8 7 9 6 5 7 4 3 5 18 17 19 16 15 17 14 13 15 12 11 13 10 9 11 8 7 9 6 5 7 4 3 5 2 1 3 12 11 13 10 9 11 14 13 15 16 15 17 14 13 15 12 11 13 18 17 19 16 15 17 14 13 15 12 11 13 10 9 11 8 7 9 6 5 7 4 3 5 10 9 11 8 7 9 6 5 7 8 7 9 12 11 13 10 9 11
P21-1mebddez821zh E21-281q2ninn5i5x ) 19 17 15 13 11 9 7 5 3 1 2 1 3 4 3 5 6 5 7 4 3 5 2 1 3 8 7 9 6 5 7 10 9 11 8 7 9 16 15 17 14 13 15 12 11 13 10 9 11 14 13 15 12 11 13 18 17 19 16 15 17 14 13 15 12 11 13 10 9 11 8 7 9 6 5 7 4 3 5 2 1 3 0 1 8 7 9 6 5 7 4 3 5 2 1 3 10 9 11 8 7 9 6 5 7 4 3 5 12 11 13 10 9 11 18 17 19 16 15 17 14 13 15 12 11 13 10 9 11 8 7 9 6 5 7 4 3 5 2 1 3 8 7 9 6 5 7 10 9 11 12 11 13 14 13 15 16 15 17 14 13 15 12 11 13 10 9 11 8 7 9 6 5 7 4 3 5 12 11 13 10 9 11 18 17 19 16 15 17 14 13 15 12 11 13 10 9 11 8 7 9 6 5 7 8 7 9 10 9 11
P21-3gsrh3sjait1t E21-r044fl0es4oh ) 19 17 15 13 11 9 7 5 3 1 2 1 3 4 3 5 6 5 7 4 3 5 2 1 3 8 7 9 6 5 7 10 9 11 8 7 9 18 17 19 16 15 17 14 13 15 12 11 13 10 9 11 8 7 9 6 5 7 4 3 5 2 1 3 0 1 14 13 15 12 11 13 10 9 11 8 7 9 6 5 7 4 3 5 16 15 17 14 13 15 12 11 13 10 9 11 8 7 9 6 5 7 4 3 5 2 1 3 18 17 19 16 15 17 14 13 15 12 11 13 10 9 11 8 7 9 6 5 7 4 3 5 2 1 3 6 5 7 12 11 13 10 9 11 8 7 9 10 9 11 14 13 15 12 11 13 14 13 15 16 15 17 18 17 19 16 15 17 14 13 15 12 11 13 10 9 11 8 7 9 6 5 7 4 3 5 6 5 7 10 9 11 8 7 9 14 13 15 12 11 13 10 9 11 8 7 9 6 5 7
P21-1mebddez821zh E21-39idi8q019tc5 ) 19 17 15 13 11 9 7 5 3 1 2 1 3 4 3 5 6 5 7 4 3 5 2 1 3 8 7 9 6 5 7 10 9 11 8 7 9 18 17 19 16 15 17 14 13 15 12 11 13 10 9 11 8 7 9 6 5 7 4 3 5 2 1 3 0 1 14 13 15 12 11 13 16 15 17 14 13 15 12 11 13 10 9 11 8 7 9 6 5 7 4 3 5 2 1 3 10 9 11 8 7 9 6 5 7 4 3 5 6 5 7 12 11 13 10 9 11 8 7 9 18 17 19 16 15 17 14 13 15 12 11 13 10 9 11 8 7 9 6 5 7 4 3 5 2 1 3 6 5 7 12 11 13 14 13 15 16 15 17 14 13 15 12 11 13 10 9 11 8 7 9 12 11 13 10 9 11 18 17 19 16 15 17 14 13 15 12 11 13 10 9 11 8 7 9 6 5 7 4 3 5 6 5 7 8 7 9 10 9 11
P21-3eys1dy0eo195 E21-377bxchjxmid5 ) 19 17 15 13 11 9 7 5 3 1 2 1 3 4 3 5 6 5 7 4 3 5 2 1 3 8 7 9 6 5 7 10 9 11 12 11 13 10 9 11 8 7 9 14 13 15 16 15 17 18 17 19 16 15 17 14 13 15 12 11 13 10 9 11 8 7 9 6 5 7 4 3 5 2 1 3 0 1 12 11 13 10 9 11 8 7 9 6 5 7 4 3 5 2 1 3 4 3 5 6 5 7 8 7 9 10 9 11 14 13 15 12 11 13 10 9 11 8 7 9 6 5 7 4 3 5 2 1 3 16 15 17 14 13 15 12 11 13 10 9 11 8 7 9 6 5 7 4 3 5 12 11 13 16 15 17 14 13 15 18 17 19 16 15 17 14 13 15 12 11 13 10 9 11 8 7 9 6 5 7 4 3 5 2 1 3 12 11 13 10 9 11 8 7 9 6 5 7 14 13 15 12 11 13 10 9 11 8 7 9
P21-3eys1dy0eo195 E21-3s7vyhgt8316t ) 19 17 15 13 11 9 7 5 3 1 2 1 3 4 3 5 6 5 7 4 3 5 2 1 3 8 7 9 6 5 7 10 9 11 12 11 13 10 9 11 8 7 9 16 15 17 14 13 15 18 17 19 16 15 17 14 13 15 12 11 13 10 9 11 8 7 9 6 5 7 4 3 5 2 1 3 0 1 12 11 13 10 9 11 8 7 9 6 5 7 4 3 5 2 1 3 4 3 5 6 5 7 8 7 9 10 9 11 14 13 15 12 11 13 18 17 19 16 15 17 14 13 15 12 11 13 10 9 11 8 7 9 6 5 7 4 3 5 2 1 3 10 9 11 8 7 9 6 5 7 4 3 5 12 11 13 16 15 17 14 13 15 12 11 13 10 9 11 8 7 9 6 5 7 4 3 5 18 17 19 16 15 17 14 13 15 12 11 13 10 9 11 8 7 9 6 5 7 14 13 15 12 11 13 10 9 11 8 7 9
P21-3gsrh3sjait1t E21-60ixpppyck7t ) 19 17 15 13 11 9 7 5 3 1 2 1 3 4 3 5 6 5 7 4 3 5 2 1 3 8 7 9 6 5 7 10 9 11 12 11 13 14 13 15 16 15 17 18 17 19 16 15 17 14 13 15 12 11 13 10 9 11 8 7 9 6 5 7 4 3 5 2 1 3 0 1 10 9 11 8 7 9 12 11 13 10 9 11 8 7 9 6 5 7 4 3 5 2 1 3 4 3 5 6 5 7 8 7 9 14 13 15 12 11 13 10 9 11 8 7 9 6 5 7 4 3 5 2 1 3 12 11 13 10 9 11 16 15 17 14 13 15 12 11 13 10 9 11 8 7 9 6 5 7 4 3 5 16 15 17 14 13 15 18 17 19 16 15 17 14 13 15 12 11 13 10 9 11 8 7 9 6 5 7 4 3 5 2 1 3 12 11 13 10 9 11 8 7 9 6 5 7 14 13 15 12 11 13 10 9 11 8 7 9
P21-1tvpktktnl2it E21-8q9xg4zq8urp ) 19 17 15 13 11 9 7 5 3 1 2 1 3 4 3 5 6 5 7 4 3 5 2 1 3 8 7 9 6 5 7 10 9 11 12 11 13 18 17 19 16 15 17 14 13 15 12 11 13 10 9 11 8 7 9 6 5 7 4 3 5 2 1 3 0 1 10 9 11 8 7 9 16 15 17 14 13 15 12 11 13 10 9 11 8 7 9 6 5 7 4 3 5 2 1 3 4 3 5 6 5 7 8 7 9 14 13 15 12 11 13 10 9 11 8 7 9 6 5 7 4 3 5 12 11 13 10 9 11 18 17 19 16 15 17 14 13 15 12 11 13 10 9 11 8 7 9 6 5 7 4 3 5 2 1 3 16 15 17 14 13 15 18 17 19 16 15 17 14 13 15 12 11 13 10 9 11 8 7 9 6 5 7 4 3 5 12 11 13 10 9 11 8 7 9 6 5 7 8 7 9 14 13 15 12 11 13 10 9 11
P21-1tvpktktnl2it E21-15wwovtf6w52d ) 19 17 15 13 11 9 7 5 3 1 2 1 3 4 3 5 6 5 7 4 3 5 2 1 3 8 7 9 6 5 7 12 11 13 10 9 11 8 7 9 6 5 7 4 3 5 16 15 17 14 13 15 12 11 13 10 9 11 8 7 9 6 5 7 14 13 15 12 11 13 10 9 11 8 7 9 10 9 11 16 15 17 14 13 15 12 11 13 18 17 19 16 15 17 14 13 15 12 11 13 10 9 11 8 7 9 6 5 7 4 3 5 2 1 3 0 1 4 3 5 2 1 3 6 5 7 4 3 5 6 5 7 8 7 9 10 9 11 8 7 9 6 5 7 12 11 13 10 9 11 14 13 15 16 15 17 18 17 19 16 15 17 14 13 15 12 11 13 10 9 11 8 7 9 6 5 7 4 3 5 2 1 3 4 3 5 14 13 15 12 11 13 10 9 11 8 7 9 6 5 7 8 7 9 12 11 13 10 9 11
P21-2205uo174nktl E21-1gdclt2c6djyd ) 19 17 15 13 11 9 7 5 3 1 2 1 3 4 3 5 6 5 7 4 3 5 2 1 3 8 7 9 6 5 7 12 11 13 10 9 11 8 7 9 6 5 7 4 3 5 16 15 17 14 13 15 12 11 13 10 9 11 8 7 9 6 5 7 14 13 15 12 11 13 10 9 11 8 7 9 16 15 17 14 13 15 12 11 13 10 9 11 18 17 19 16 15 17 14 13 15 12 11 13 10 9 11 8 7 9 6 5 7 4 3 5 2 1 3 0 1 4 3 5 2 1 3 6 5 7 4 3 5 8 7 9 6 5 7 10 9 11 8 7 9 10 9 11 12 11 13 14 13 15 16 15 17 14 13 15 12 11 13 10 9 11 18 17 19 16 15 17 14 13 15 12 11 13 10 9 11 8 7 9 6 5 7 4 3 5 2 1 3 4 3 5 8 7 9 6 5 7 10 9 11 8 7 9 12 11 13 10 9 11
P21-1j8e0cikbv3zt E21-3qznr7m1rh2ax ) 19 17 15 13 11 9 7 5 3 1 2 1 3 4 3 5 6 5 7 4 3 5 2 1 3 8 7 9 6 5 7 12 11 13 10 9 11 8 7 9 14 13 15 12 11 13 10 9 11 18 17 19 16 15 17 14 13 15 12 11 13 10 9 11 8 7 9 6 5 7 4 3 5 2 1 3 0 1 6 5 7 8 7 9 10 9 11 16 15 17 14 13 15 12 11 13 10 9 11 8 7 9 6 5 7 4 3 5 2 1 3 6 5 7 4 3 5 18 17 19 16 15 17 14 13 15 12 11 13 10 9 11 8 7 9 6 5 7 4 3 5 2 1 3 8 7 9 10 9 11 12 11 13 14 13 15 12 11 13 10 9 11 16 15 17 18 17 19 16 15 17 14 13 15 12 11 13 10 9 11 8 7 9 6 5 7 4 3 5 8 7 9 6 5 7 10 9 11 8 7 9 14 13 15 12 11 13 10 9 11
P21-1mebddez821zh E21-yoefw11xtq35 ) 19 17 15 13 11 9 7 5 3 1 2 1 3 4 3 5 6 5 7 4 3 5 2 1 3 8 7 9 6 5 7 12 11 13 10 9 11 8 7 9 14 13 15 12 11 13 10 9 11 18 17 19 16 15 17 14 13 15 12 11 13 10 9 11 8 7 9 6 5 7 4 3 5 2 1 3 0 1 8 7 9 6 5 7 4 3 5 16 15 17 14 13 15 12 11 13 10 9 11 8 7 9 6 5 7 4 3 5 2 1 3 10 9 11 12 11 13 18 17 19 16 15 17 14 13 15 12 11 13 10 9 11 8 7 9 6 5 7 4 3 5 2 1 3 6 5 7 8 7 9 10 9 11 12 11 13 14 13 15 16 15 17 18 17 19 16 15 17 14 13 15 12 11 13 10 9 11 8 7 9 6 5 7 4 3 5 12 11 13 10 9 11 8 7 9 6 5 7 8 7 9 14 13 15 12 11 13 10 9 11
P21-2fktyhffn7rs9 E21-223rxay7pom4h ) 19 17 15 13 11 9 7 5 3 1 2 1 3 4 3 5 6 5 7 4 3 5 2 1 3 8 7 9 6 5 7 12 11 13 10 9 11 8 7 9 18 17 19 16 15 17 14 13 15 12 11 13 10 9 11 8 7 9 6 5 7 4 3 5 2 1 3 0 1 14 13 15 12 11 13 10 9 11 16 15 17 14 13 15 12 11 13 10 9 11 8 7 9 6 5 7 4 3 5 2 1 3 8 7 9 6 5 7 4 3 5 6 5 7 10 9 11 8 7 9 10 9 11 12 11 13 18 17 19 16 15 17 14 13 15 12 11 13 10 9 11 8 7 9 6 5 7 4 3 5 2 1 3 16 15 17 14 13 15 12 11 13 10 9 11 18 17 19 16 15 17 14 13 15 12 11 13 10 9 11 8 7 9 6 5 7 4 3 5 8 7 9 6 5 7 10 9 11 8 7 9 14 13 15 12 11 13 10 9 11
P21-w837vcuob3jt E21-w837vcuob3jt ) 19 17 15 13 11 9 7 5 3 1 2 1 3 4 3 5 6 5 7 4 3 5 2 1 3 8 7 9 10 9 11 8 7 9 6 5 7 12 11 13 14 13 15 12 11 13 10 9 11 8 7 9 6 5 7 4 3 5 10 9 11 16 15 17 14 13 15 12 11 13 18 17 19 16 15 17 14 13 15 12 11 13 10 9 11 8 7 9 6 5 7 4 3 5 2 1 3 0 1 2 1 3 4 3 5 8 7 9 6 5 7 10 9 11 8 7 9 6 5 7 4 3 5 2 1 3 12 11 13 10 9 11 16 15 17 14 13 15 12 11 13 10 9 11 8 7 9 6 5 7 4 3 5 8 7 9 14 13 15 12 11 13 10 9 11 16 15 17 18 17 19 16 15 17 14 13 15 12 11 13 10 9 11 8 7 9 6 5 7 4 3 5 2 1 3 8 7 9 6 5 7 14 13 15 12 11 13 10 9 11
P21-1tvpktktnl2it E21-1tvpktktnl2it ) 19 17 15 13 11 9 7 5 3 1 2 1 3 4 3 5 6 5 7 4 3 5 2 1 3 8 7 9 10 9 11 8 7 9 6 5 7 12 11 13 14 13 15 16 15 17 14 13 15 12 11 13 10 9 11 8 7 9 6 5 7 4 3 5 10 9 11 12 11 13 14 13 15 18 17 19 16 15 17 14 13 15 12 11 13 10 9 11 8 7 9 6 5 7 4 3 5 2 1 3 0 1 2 1 3 4 3 5 10 9 11 8 7 9 6 5 7 4 3 5 8 7 9 6 5 7 10 9 11 12 11 13 10 9 11 8 7 9 14 13 15 12 11 13 16 15 17 14 13 15 12 11 13 10 9 11 18 17 19 16 15 17 14 13 15 12 11 13 10 9 11 8 7 9 6 5 7 4 3 5 2 1 3 8 7 9 6 5 7 4 3 5 6 5 7 10 9 11 8 7 9 14 13 15 12 11 13 10 9 11
P21-cnujdxs9gsz1 E21-1bc0i2plkluzl ) 19 17 15 13 11 9 7 5 3 1 2 1 3 4 3 5 6 5 7 4 3 5 2 1 3 8 7 9 10 9 11 12 11 13 14 13 15 16 15 17 18 17 19 16 15 17 14 13 15 12 11 13 10 9 11 8 7 9 6 5 7 4 3 5 2 1 3 0 1 10 9 11 8 7 9 6 5 7 12 11 13 10 9 11 8 7 9 6 5 7 4 3 5 2 1 3 4 3 5 6 5 7 8 7 9 12 11 13 10 9 11 14 13 15 12 11 13 10 9 11 8 7 9 6 5 7 4 3 5 2 1 3 16 15 17 14 13 15 12 11 13 10 9 11 8 7 9 6 5 7 4 3 5 16 15 17 14 13 15 12 11 13 10 9 11 8 7 9 6 5 7 18 17 19 16 15 17 14 13 15 12 11 13 10 9 11 8 7 9 6 5 7 4 3 5 2 1 3 14 13 15 12 11 13 10 9 11 8 7 9
P21-cnujdxs9gsz1 E21-3hu4xv224xsnh ) 19 17 15 13 11 9 7 5 3 1 2 1 3 4 3 5 6 5 7 4 3 5 2 1 3 8 7 9 10 9 11 14 13 15 12 11 13 16 15 17 14 13 15 12 11 13 10 9 11 8 7 9 6 5 7 4 3 5 10 9 11 8 7 9 6 5 7 12 11 13 10 9 11 8 7 9 18 17 19 16 15 17 14 13 15 12 11 13 10 9 11 8 7 9 6 5 7 4 3 5 2 1 3 0 1 2 1 3 4 3 5 6 5 7 8 7 9 18 17 19 16 15 17 14 13 15 12 11 13 10 9 11 8 7 9 6 5 7 4 3 5 2 1 3 16 15 17 14 13 15 12 11 13 10 9 11 8 7 9 6 5 7 4 3 5 14 13 15 12 11 13 10 9 11 8 7 9 6 5 7 16 15 17 18 17 19 16 15 17 14 13 15 12 11 13 10 9 11 8 7 9 12 11 13 10 9 11 14 13 15
P21-w837vcuob3jt E21-10ouvn7wk1a59 ) 19 17 15 13 11 9 7 5 3 1 2 1 3 4 3 5 6 5 7 4 3 5 2 1 3 8 7 9 12 11 13 10 9 11 8 7 9 6 5 7 14 13 15 12 11 13 10 9 11 8 7 9 6 5 7 4 3 5 14 13 15 12 11 13 10 9 11 16 15 17 18 17 19 16 15 17 14 13 15 12 11 13 10 9 11 8 7 9 6 5 7 4 3 5 2 1 3 0 1 2 1 3 4 3 5 8 7 9 6 5 7 10 9 11 14 13 15 12 11 13 10 9 11 8 7 9 6 5 7 4 3 5 2 1 3 16 15 17 14 13 15 12 11 13 10 9 11 8 7 9 6 5 7 4 3 5 8 7 9 12 11 13 10 9 11 14 13 15 16 15 17 18 17 19 16 15 17 14 13 15 12 11 13 10 9 11 8 7 9 6 5 7 4 3 5 2 1 3 8 7 9 14 13 15 12 11 13 10 9 11
P21-cnujdxs9gsz1 E21-1o6rzrxk175rh ) 19 17 15 13 11 9 7 5 3 1 2 1 3 4 3 5 6 5 7 4 3 5 2 1 3 10 9 11 8 7 9 6 5 7 4 3 5 12 11 13 10 9 11 8 7 9 6 5 7 18 17 19 16 15 17 14 13 15 12 11 13 10 9 11 8 7 9 6 5 7 4 3 5 2 1 3 0 1 14 13 15 12 11 13 10 9 11 8 7 9 16 15 17 14 13 15 12 11 13 10 9 11 8 7 9 6 5 7 4 3 5 2 1 3 18 17 19 16 15 17 14 13 15 12 11 13 10 9 11 8 7 9 6 5 7 4 3 5 2 1 3 6 5 7 4 3 5 8 7 9 10 9 11 12 11 13 14 13 15 16 15 17 18 17 19 16 15 17 14 13 15 12 11 13 10 9 11 8 7 9 6 5 7 4 3 5 10 9 11 8 7 9 12 11 13 14 13 15 12 11 13 10 9 11 8 7 9 6 5 7
P21-3mv4wynpgdfj9 E21-3c8t6ejqz2cvh ) 19 17 15 13 11 9 7 5 3 1 2 1 3 4 3 5 6 5 7 4 3 5 2 1 3 10 9 11 8 7 9 6 5 7 12 11 13 10 9 11 8 7 9 6 5 7 4 3 5 14 13 15 12 11 13 10 9 11 8 7 9 18 17 19 16 15 17 14 13 15 12 11 13 10 9 11 8 7 9 6 5 7 4 3 5 2 1 3 0 1 16 15 17 14 13 15 12 11 13 10 9 11 8 7 9 6 5 7 4 3 5 2 1 3 18 17 19 16 15 17 14 13 15 12 11 13 10 9 11 8 7 9 6 5 7 4 3 5 2 1 3 6 5 7 4 3 5 8 7 9 10 9 11 12 11 13 14 13 15 12 11 13 10 9 11 8 7 9 6 5 7 10 9 11 8 7 9 16 15 17 14 13 15 12 11 13 18 17 19 16 15 17 14 13 15 12 11 13 10 9 11 8 7 9 6 5 7 4 3 5
P21-nxsre83j2gnp E21-ms2zqbcp1vmt ) 19 17 15 13 11 9 7 5 3 1 2 1 3 4 3 5 6 5 7 4 3 5 2 1 3 10 9 11 8 7 9 6 5 7 12 11 13 10 9 11 8 7 9 6 5 7 4 3 5 18 17 19 16 15 17 14 13 15 12 11 13 10 9 11 8 7 9 6 5 7 4 3 5 2 1 3 0 1 14 13 15 12 11 13 10 9 11 8 7 9 16 15 17 14 13 15 12 11 13 10 9 11 8 7 9 6 5 7 4 3 5 2 1 3 18 17 19 16 15 17 14 13 15 12 11 13 10 9 11 8 7 9 6 5 7 4 3 5 2 1 3 6 5 7 4 3 5 8 7 9 10 9 11 12 11 13 14 13 15 16 15 17 14 13 15 12 11 13 10 9 11 8 7 9 6 5 7 10 9 11 8 7 9 12 11 13 18 17 19 16 15 17 14 13 15 12 11 13 10 9 11 8 7 9 6 5 7 4 3 5
P21-cnujdxs9gsz1 E21-d2ii9rgbtyv1 ) 19 17 15 13 11 9 7 5 3 1 2 1 3 4 3 5 6 5 7 4 3 5 2 1 3 10 9 11 8 7 9 6 5 7 18 17 19 16 15 17 14 13 15 12 11 13 10 9 11 8 7 9 6 5 7 4 3 5 2 1 3 0 1 12 11 13 10 9 11 8 7 9 6 5 7 4 3 5 14 13 15 12 11 13 10 9 11 8 7 9 16 15 17 14 13 15 12 11 13 10 9 11 8 7 9 6 5 7 4 3 5 2 1 3 18 17 19 16 15 17 14 13 15 12 11 13 10 9 11 8 7 9 6 5 7 4 3 5 2 1 3 6 5 7 4 3 5 8 7 9 10 9 11 12 11 13 14 13 15 16 15 17 14 13 15 12 11 13 10 9 11 8 7 9 6 5 7 12 11 13 10 9 11 8 7 9 18 17 19 16 15 17 14 13 15 12 11 13 10 9 11 8 7 9 6 5 7 4 3 5
P21-1tvpktktnl2it E21-3o8lpqez9dn4d ) 19 17 15 13 11 9 7 5 3 1 2 1 3 4 3 5 6 5 7 4 3 5 2 1 3 12 11 13 10 9 11 8 7 9 6 5 7 4 3 5 10 9 11 8 7 9 14 13 15 12 11 13 10 9 11 8 7 9 6 5 7 14 13 15 16 15 17 18 17 19 16 15 17 14 13 15 12 11 13 10 9 11 8 7 9 6 5 7 4 3 5 2 1 3 0 1 14 13 15 12 11 13 10 9 11 8 7 9 6 5 7 4 3 5 2 1 3 4 3 5 6 5 7 8 7 9 12 11 13 10 9 11 16 15 17 14 13 15 12 11 13 10 9 11 8 7 9 6 5 7 8 7 9 14 13 15 12 11 13 10 9 11 16 15 17 18 17 19 16 15 17 14 13 15 12 11 13 10 9 11 8 7 9 6 5 7 4 3 5 2 1 3 4 3 5 6 5 7 8 7 9 14 13 15 12 11 13 10 9 11
P21-2wyxe08jij93p E21-13pz4dyip3wqh ) 19 17 15 13 11 9 7 5 3 1 2 1 3 4 3 5 6 5 7 4 3 5 2 1 3 12 11 13 10 9 11 8 7 9 6 5 7 4 3 5 10 9 11 8 7 9 14 13 15 12 11 13 10 9 11 8 7 9 6 5 7 16 15 17 14 13 15 12 11 13 16 15 17 14 13 15 18 17 19 16 15 17 14 13 15 12 11 13 10 9 11 8 7 9 6 5 7 4 3 5 2 1 3 0 1 10 9 11 8 7 9 6 5 7 4 3 5 2 1 3 4 3 5 6 5 7 12 11 13 10 9 11 8 7 9 6 5 7 14 13 15 12 11 13 10 9 11 8 7 9 12 11 13 14 13 15 16 15 17 18 17 19 16 15 17 14 13 15 12 11 13 10 9 11 8 7 9 6 5 7 4 3 5 2 1 3 4 3 5 6 5 7 12 11 13 10 9 11 8 7 9 14 13 15 12 11 13 10 9 11
P21-1tvpktktnl2it E21-1iedgm4trhhut ) 19 17 15 13 11 9 7 5 3 1 2 1 3 4 3 5 6 5 7 4 3 5 2 1 3 14 13 15 12 11 13 10 9 11 8 7 9 6 5 7 4 3 5 10 9 11 8 7 9 12 11 13 10 9 11 8 7 9 6 5 7 14 13 15 16 15 17 14 13 15 12 11 13 18 17 19 16 15 17 14 13 15 12 11 13 10 9 11 8 7 9 6 5 7 4 3 5 2 1 3 0 1 2 1 3 4 3 5 10 9 11 8 7 9 6 5 7 4 3 5 2 1 3 12 11 13 10 9 11 8 7 9 6 5 7 16 15 17 14 13 15 12 11 13 10 9 11 8 7 9 6 5 7 4 3 5 12 11 13 14 13 15 16 15 17 18 17 19 16 15 17 14 13 15 12 11 13 10 9 11 8 7 9 6 5 7 4 3 5 2 1 3 12 11 13 10 9 11 8 7 9 14 13 15 12 11 13 10 9 11
P21-3ip8x8zug58f5 E21-sgarb5jgszn9 ) 19 17 15 13 11 9 7 5 3 1 2 1 3 4 3 5 6 5 7 4 3 5 2 1 3 14 13 15 12 11 13 16 15 17 14 13 15 12 11 13 10 9 11 8 7 9 6 5 7 4 3 5 10 9 11 8 7 9 6 5 7 12 11 13 10 9 11 8 7 9 18 17 19 16 15 17 14 13 15 12 11 13 10 9 11 8 7 9 6 5 7 4 3 5 2 1 3 0 1 2 1 3 4 3 5 6 5 7 16 15 17 14 13 15 12 11 13 10 9 11 8 7 9 18 17 19 16 15 17 14 13 15 12 11 13 10 9 11 8 7 9 6 5 7 4 3 5 2 1 3 6 5 7 4 3 5 12 11 13 10 9 11 8 7 9 14 13 15 12 11 13 10 9 11 8 7 9 6 5 7 16 15 17 18 17 19 16 15 17 14 13 15 12 11 13 10 9 11 8 7 9 14 13 15 12 11 13 10 9 11
P21-3mv4wynpgdfj9 E21-1d3g5jf3auqhx ) 19 17 15 13 11 9 7 5 3 1 2 1 3 4 3 5 6 5 7 4 3 5 8 7 9 6 5 7 10 9 11 8 7 9 6 5 7 4 3 5 2 1 3 12 11 13 10 9 11 8 7 9 14 13 15 12 11 13 10 9 11 16 15 17 14 13 15 12 11 13 18 17 19 16 15 17 14 13 15 12 11 13 10 9 11 8 7 9 6 5 7 4 3 5 2 1 3 0 1 10 9 11 8 7 9 6 5 7 4 3 5 2 1 3 8 7 9 6 5 7 4 3 5 6 5 7 8 7 9 10 9 11 12 11 13 10 9 11 8 7 9 14 13 15 12 11 13 10 9 11 16 15 17 14 13 15 12 11 13 18 17 19 16 15 17 14 13 15 12 11 13 10 9 11 8 7 9 6 5 7 4 3 5 2 1 3 10 9 11 8 7 9 6 5 7 4 3 5 8 7 9 6 5 7 12 11 13 10 9 11
P21-3mv4wynpgdfj9 E21-3rjxl7ydvi9kd ) 19 17 15 13 11 9 7 5 3 1 2 1 3 4 3 5 6 5 7 4 3 5 8 7 9 6 5 7 10 9 11 8 7 9 6 5 7 12 11 13 10 9 11 8 7 9 14 13 15 12 11 13 10 9 11 16 15 17 14 13 15 12 11 13 18 17 19 16 15 17 14 13 15 12 11 13 10 9 11 8 7 9 6 5 7 4 3 5 2 1 3 0 1 4 3 5 2 1 3 6 5 7 4 3 5 8 7 9 6 5 7 10 9 11 8 7 9 6 5 7 4 3 5 2 1 3 4 3 5 6 5 7 12 11 13 10 9 11 8 7 9 12 11 13 10 9 11 14 13 15 16 15 17 14 13 15 12 11 13 10 9 11 8 7 9 6 5 7 18 17 19 16 15 17 14 13 15 12 11 13 10 9 11 8 7 9 6 5 7 4 3 5 2 1 3 4 3 5 12 11 13 10 9 11 8 7 9 6 5 7
P21-2dihiygjvcrad E21-34ftz85hcwq5h ) 19 17 15 13 11 9 7 5 3 1 2 1 3 4 3 5 6 5 7 4 3 5 8 7 9 6 5 7 10 9 11 8 7 9 12 11 13 10 9 11 8 7 9 14 13 15 12 11 13 10 9 11 16 15 17 14 13 15 18 17 19 16 15 17 14 13 15 12 11 13 10 9 11 8 7 9 6 5 7 4 3 5 2 1 3 0 1 4 3 5 2 1 3 6 5 7 4 3 5 8 7 9 6 5 7 8 7 9 10 9 11 12 11 13 10 9 11 8 7 9 6 5 7 4 3 5 2 1 3 4 3 5 6 5 7 14 13 15 12 11 13 10 9 11 8 7 9 16 15 17 14 13 15 12 11 13 10 9 11 8 7 9 6 5 7 18 17 19 16 15 17 14 13 15 12 11 13 10 9 11 8 7 9 6 5 7 4 3 5 2 1 3 4 3 5 6 5 7 14 13 15 12 11 13 10 9 11 8 7 9
P21-3mv4wynpgdfj9 E21-3ce88ugguh79t ) 19 17 15 13 11 9 7 5 3 1 2 1 3 4 3 5 6 5 7 4 3 5 8 7 9 6 5 7 10 9 11 8 7 9 12 11 13 10 9 11 14 13 15 12 11 13 10 9 11 8 7 9 6 5 7 4 3 5 2 1 3 16 15 17 14 13 15 18 17 19 16 15 17 14 13 15 12 11 13 10 9 11 8 7 9 6 5 7 4 3 5 2 1 3 0 1 12 11 13 10 9 11 8 7 9 6 5 7 4 3 5 2 1 3 8 7 9 6 5 7 4 3 5 6 5 7 8 7 9 10 9 11 12 11 13 14 13 15 12 11 13 10 9 11 8 7 9 16 15 17 14 13 15 12 11 13 10 9 11 8 7 9 6 5 7 4 3 5 6 5 7 14 13 15 12 11 13 10 9 11 8 7 9 18 17 19 16 15 17 14 13 15 12 11 13 10 9 11 8 7 9 6 5 7 4 3 5 2 1 3
P21-2167vfh3ce7zh E21-38jdkzs3py21t ) 19 17 15 13 11 9 7 5 3 1 2 1 3 4 3 5 6 5 7 4 3 5 8 7 9 6 5 7 10 9 11 8 7 9 12 11 13 10 9 11 14 13 15 12 11 13 10 9 11 8 7 9 16 15 17 14 13 15 18 17 19 16 15 17 14 13 15 12 11 13 10 9 11 8 7 9 6 5 7 4 3 5 2 1 3 0 1 4 3 5 2 1 3 6 5 7 4 3 5 8 7 9 6 5 7 8 7 9 10 9 11 12 11 13 10 9 11 8 7 9 6 5 7 4 3 5 2 1 3 14 13 15 12 11 13 10 9 11 16 15 17 14 13 15 12 11 13 18 17 19 16 15 17 14 13 15 12 11 13 10 9 11 8 7 9 6 5 7 4 3 5 2 1 3 10 9 11 8 7 9 6 5 7 4 3 5 8 7 9 6 5 7 10 9 11 12 11 13 14 13 15 12 11 13 10 9 11 8 7 9
P21-3ip8x8zug58f5 E21-13p3r3vzvs1e1 ) 19 17 15 13 11 9 7 5 3 1 2 1 3 4 3 5 6 5 7 4 3 5 8 7 9 6 5 7 10 9 11 8 7 9 12 11 13 10 9 11 14 13 15 12 11 13 16 15 17 14 13 15 12 11 13 10 9 11 8 7 9 6 5 7 8 7 9 10 9 11 18 17 19 16 15 17 14 13 15 12 11 13 10 9 11 8 7 9 6 5 7 4 3 5 2 1 3 0 1 4 3 5 2 1 3 6 5 7 4 3 5 8 7 9 6 5 7 8 7 9 10 9 11 12 11 13 10 9 11 14 13 15 12 11 13 16 15 17 14 13 15 18 17 19 16 15 17 14 13 15 12 11 13 10 9 11 8 7 9 6 5 7 4 3 5 2 1 3 4 3 5 6 5 7 8 7 9 10 9 11 8 7 9 6 5 7 12 11 13 10 9 11 8 7 9 6 5 7 4 3 5 14 13 15 12 11 13 10 9 11
P21-cnujdxs9gsz1 E21-1ddlyheh4ntdd ) 19 17 15 13 11 9 7 5 3 1 2 1 3 4 3 5 6 5 7 4 3 5 8 7 9 6 5 7 10 9 11 8 7 9 12 11 13 10 9 11 14 13 15 12 11 13 16 15 17 14 13 15 18 17 19 16 15 17 14 13 15 12 11 13 10 9 11 8 7 9 6 5 7 4 3 5 2 1 3 0 1 2 1 3 4 3 5 8 7 9 6 5 7 4 3 5 10 9 11 8 7 9 6 5 7 12 11 13 10 9 11 8 7 9 6 5 7 4 3 5 2 1 3 4 3 5 6 5 7 14 13 15 12 11 13 10 9 11 8 7 9 14 13 15 12 11 13 10 9 11 16 15 17 14 13 15 12 11 13 10 9 11 8 7 9 6 5 7 18 17 19 16 15 17 14 13 15 12 11 13 10 9 11 8 7 9 6 5 7 4 3 5 2 1 3 4 3 5 6 5 7 8 7 9 12 11 13 10 9 11
P21-cnujdxs9gsz1 E21-380jphmxcji91 ) 19 17 15 13 11 9 7 5 3 1 2 1 3 4 3 5 6 5 7 4 3 5 8 7 9 6 5 7 10 9 11 8 7 9 12 11 13 10 9 11 14 13 15 12 11 13 16 15 17 14 13 15 18 17 19 16 15 17 14 13 15 12 11 13 10 9 11 8 7 9 6 5 7 4 3 5 2 1 3 0 1 4 3 5 2 1 3 6 5 7 4 3 5 8 7 9 10 9 11 8 7 9 6 5 7 12 11 13 10 9 11 8 7 9 6 5 7 4 3 5 2 1 3 4 3 5 6 5 7 14 13 15 12 11 13 10 9 11 8 7 9 12 11 13 10 9 11 14 13 15 16 15 17 18 17 19 16 15 17 14 13 15 12 11 13 10 9 11 8 7 9 6 5 7 4 3 5 2 1 3 14 13 15 12 11 13 10 9 11 8 7 9 6 5 7 4 3 5 6 5 7 12 11 13 10 9 11 8 7 9
P21-nxsre83j2gnp E21-2jq3rmenooc7p ) 19 17 15 13 11 9 7 5 3 1 2 1 3 4 3 5 6 5 7 4 3 5 8 7 9 6 5 7 10 9 11 8 7 9 12 11 13 10 9 11 14 13 15 12 11 13 16 15 17 14 13 15 18 17 19 16 15 17 14 13 15 12 11 13 10 9 11 8 7 9 6 5 7 4 3 5 2 1 3 0 1 4 3 5 2 1 3 8 7 9 6 5 7 4 3 5 10 9 11 8 7 9 6 5 7 12 11 13 10 9 11 8 7 9 6 5 7 4 3 5 2 1 3 4 3 5 6 5 7 14 13 15 12 11 13 10 9 11 8 7 9 12 11 13 10 9 11 14 13 15 16 15 17 14 13 15 12 11 13 10 9 11 8 7 9 6 5 7 18 17 19 16 15 17 14 13 15 12 11 13 10 9 11 8 7 9 6 5 7 4 3 5 2 1 3 4 3 5 6 5 7 12 11 13 10 9 11 8 7 9
P21-2205uo174nktl E21-1ribew87wxmtp ) 19 17 15 13 11 9 7 5 3 1 2 1 3 4 3 5 6 5 7 4 3 5 8 7 9 6 5 7 10 9 11 8 7 9 12 11 13 10 9 11 14 13 15 12 11 13 16 15 17 14 13 15 18 17 19 16 15 17 14 13 15 12 11 13 10 9 11 8 7 9 6 5 7 4 3 5 2 1 3 0 1 4 3 5 2 1 3 10 9 11 8 7 9 6 5 7 4 3 5 6 5 7 8 7 9 10 9 11 12 11 13 10 9 11 8 7 9 6 5 7 4 3 5 2 1 3 14 13 15 12 11 13 10 9 11 12 11 13 16 15 17 14 13 15 18 17 19 16 15 17 14 13 15 12 11 13 10 9 11 8 7 9 6 5 7 4 3 5 2 1 3 6 5 7 8 7 9 10 9 11 12 11 13 10 9 11 8 7 9 6 5 7 4 3 5 6 5 7 14 13 15 12 11 13 10 9 11 8 7 9
P21-3gsrh3sjait1t E21-173bxmn71uebp ) 19 17 15 13 11 9 7 5 3 1 2 1 3 4 3 5 6 5 7 4 3 5 8 7 9 6 5 7 10 9 11 8 7 9 12 11 13 10 9 11 14 13 15 12 11 13 16 15 17 14 13 15 18 17 19 16 15 17 14 13 15 12 11 13 10 9 11 8 7 9 6 5 7 4 3 5 2 1 3 0 1 4 3 5 10 9 11 8 7 9 6 5 7 12 11 13 10 9 11 8 7 9 6 5 7 4 3 5 2 1 3 4 3 5 6 5 7 8 7 9 10 9 11 12 11 13 14 13 15 16 15 17 14 13 15 12 11 13 10 9 11 8 7 9 6 5 7 12 11 13 10 9 11 14 13 15 18 17 19 16 15 17 14 13 15 12 11 13 10 9 11 8 7 9 6 5 7 4 3 5 2 1 3 4 3 5 6 5 7 8 7 9 6 5 7 10 9 11 12 11 13 10 9 11 8 7 9 14 13 15
P21-2205uo174nktl E21-6sfnzpf354gh ) 19 17 15 13 11 9 7 5 3 1 2 1 3 4 3 5 6 5 7 4 3 5 8 7 9 6 5 7 10 9 11 8 7 9 12 11 13 10 9 11 14 13 15 12 11 13 16 15 17 14 13 15 18 17 19 16 15 17 14 13 15 12 11 13 10 9 11 8 7 9 6 5 7 4 3 5 2 1 3 0 1 10 9 11 8 7 9 6 5 7 4 3 5 2 1 3 4 3 5 6 5 7 8 7 9 10 9 11 12 11 13 10 9 11 8 7 9 6 5 7 4 3 5 2 1 3 14 13 15 12 11 13 16 15 17 14 13 15 12 11 13 10 9 11 8 7 9 6 5 7 4 3 5 6 5 7 10 9 11 8 7 9 12 11 13 10 9 11 14 13 15 12 11 13 18 17 19 16 15 17 14 13 15 12 11 13 10 9 11 8 7 9 6 5 7 4 3 5 2 1 3 6 5 7 10 9 11 8 7 9
P21-3eys1dy0eo195 E21-3nnhsnymrv4ih ) 19 17 15 13 11 9 7 5 3 1 2 1 3 4 3 5 6 5 7 4 3 5 8 7 9 6 5 7 10 9 11 8 7 9 12 11 13 10 9 11 14 13 15 12 11 13 16 15 17 14 13 15 18 17 19 16 15 17 14 13 15 12 11 13 10 9 11 8 7 9 6 5 7 4 3 5 2 1 3 0 1 10 9 11 8 7 9 12 11 13 10 9 11 8 7 9 6 5 7 4 3 5 2 1 3 6 5 7 4 3 5 8 7 9 6 5 7 8 7 9 10 9 11 12 11 13 14 13 15 16 15 17 14 13 15 12 11 13 10 9 11 8 7 9 12 11 13 10 9 11 14 13 15 18 17 19 16 15 17 14 13 15 12 11 13 10 9 11 8 7 9 6 5 7 4 3 5 2 1 3 6 5 7 4 3 5 8 7 9 6 5 7 8 7 9 10 9 11 12 11 13 10 9 11 8 7 9 14 13 15
P21-3eys1dy0eo195 E21-z7jbjr92dd45 ) 19 17 15 13 11 9 7 5 3 1 2 1 3 4 3 5 6 5 7 4 3 5 8 7 9 6 5 7 10 9 11 8 7 9 12 11 13 10 9 11 14 13 15 12 11 13 16 15 17 14 13 15 18 17 19 16 15 17 14 13 15 12 11 13 10 9 11 8 7 9 6 5 7 4 3 5 2 1 3 0 1 10 9 11 8 7 9 12 11 13 10 9 11 8 7 9 6 5 7 4 3 5 2 1 3 6 5 7 4 3 5 8 7 9 6 5 7 8 7 9 10 9 11 14 13 15 12 11 13 10 9 11 8 7 9 14 13 15 12 11 13 16 15 17 14 13 15 12 11 13 10 9 11 18 17 19 16 15 17 14 13 15 12 11 13 10 9 11 8 7 9 6 5 7 4 3 5 2 1 3 8 7 9 6 5 7 4 3 5 6 5 7 8 7 9 10 9 11 8 7 9 12 11 13 10 9 11 14 13 15
P21-cnujdxs9gsz1 E21-31nzcohxd7fb5 ) 19 17 15 13 11 9 7 5 3 1 2 1 3 4 3 5 6 5 7 4 3 5 8 7 9 6 5 7 10 9 11 8 7 9 12 11 13 10 9 11 14 13 15 12 11 13 16 15 17 14 13 15 18 17 19 16 15 17 14 13 15 12 11 13 10 9 11 8 7 9 6 5 7 4 3 5 2 1 3 0 1 12 11 13 10 9 11 8 7 9 6 5 7 4 3 5 2 1 3 4 3 5 6 5 7 8 7 9 6 5 7 10 9 11 8 7 9 12 11 13 10 9 11 14 13 15 12 11 13 10 9 11 16 15 17 14 13 15 12 11 13 18 17 19 16 15 17 14 13 15 12 11 13 10 9 11 8 7 9 6 5 7 4 3 5 2 1 3 6 5 7 4 3 5 10 9 11 8 7 9 6 5 7 4 3 5 8 7 9 6 5 7 10 9 11 12 11 13 14 13 15 12 11 13 10 9 11 8 7 9
P21-2fktyhffn7rs9 E21-lj26ngmco6px ) 19 17 15 13 11 9 7 5 3 1 2 1 3 4 3 5 6 5 7 4 3 5 8 7 9 6 5 7 10 9 11 8 7 9 12 11 13 10 9 11 14 13 15 16 15 17 14 13 15 12 11 13 18 17 19 16 15 17 14 13 15 12 11 13 10 9 11 8 7 9 6 5 7 4 3 5 2 1 3 0 1 2 1 3 4 3 5 8 7 9 6 5 7 10 9 11 8 7 9 6 5 7 4 3 5 2 1 3 12 11 13 10 9 11 12 11 13 14 13 15 16 15 17 18 17 19 16 15 17 14 13 15 12 11 13 10 9 11 8 7 9 6 5 7 4 3 5 2 1 3 8 7 9 6 5 7 4 3 5 10 9 11 12 11 13 14 13 15 12 11 13 10 9 11 8 7 9 6 5 7 4 3 5 10 9 11 8 7 9 6 5 7 12 11 13 16 15 17 14 13 15 12 11 13 10 9 11 8 7 9
P21-3gsrh3sjait1t E21-19mozk306r3a1 ) 19 17 15 13 11 9 7 5 3 1 2 1 3 4 3 5 6 5 7 4 3 5 8 7 9 6 5 7 10 9 11 8 7 9 12 11 13 10 9 11 14 13 15 16 15 17 14 13 15 12 11 13 18 17 19 16 15 17 14 13 15 12 11 13 10 9 11 8 7 9 6 5 7 4 3 5 2 1 3 0 1 4 3 5 2 1 3 10 9 11 8 7 9 6 5 7 4 3 5 2 1 3 8 7 9 6 5 7 10 9 11 12 11 13 10 9 11 8 7 9 6 5 7 4 3 5 16 15 17 14 13 15 12 11 13 10 9 11 12 11 13 14 13 15 16 15 17 18 17 19 16 15 17 14 13 15 12 11 13 10 9 11 8 7 9 6 5 7 4 3 5 2 1 3 8 7 9 6 5 7 4 3 5 10 9 11 12 11 13 10 9 11 8 7 9 6 5 7 14 13 15 12 11 13 10 9 11 8 7 9
P21-2205uo174nktl E21-67b9hip54qyh ) 19 17 15 13 11 9 7 5 3 1 2 1 3 4 3 5 6 5 7 4 3 5 8 7 9 6 5 7 10 9 11 8 7 9 12 11 13 10 9 11 14 13 15 16 15 17 14 13 15 12 11 13 18 17 19 16 15 17 14 13 15 12 11 13 10 9 11 8 7 9 6 5 7 4 3 5 2 1 3 0 1 10 9 11 8 7 9 6 5 7 4 3 5 2 1 3 4 3 5 6 5 7 8 7 9 10 9 11 12 11 13 10 9 11 14 13 15 12 11 13 16 15 17 18 17 19 16 15 17 14 13 15 12 11 13 10 9 11 8 7 9 6 5 7 4 3 5 2 1 3 8 7 9 6 5 7 4 3 5 6 5 7 10 9 11 8 7 9 12 11 13 10 9 11 14 13 15 12 11 13 10 9 11 8 7 9 6 5 7 4 3 5 6 5 7 16 15 17 14 13 15 12 11 13 10 9 11 8 7 9
P21-3eys1dy0eo195 E21-1d4227ggiqw4p ) 19 17 15 13 11 9 7 5 3 1 2 1 3 4 3 5 6 5 7 4 3 5 8 7 9 6 5 7 10 9 11 8 7 9 12 11 13 10 9 11 14 13 15 16 15 17 14 13 15 12 11 13 18 17 19 16 15 17 14 13 15 12 11 13 10 9 11 8 7 9 6 5 7 4 3 5 2 1 3 0 1 10 9 11 8 7 9 6 5 7 4 3 5 2 1 3 12 11 13 10 9 11 8 7 9 6 5 7 4 3 5 8 7 9 6 5 7 16 15 17 14 13 15 12 11 13 10 9 11 8 7 9 10 9 11 12 11 13 14 13 15 12 11 13 10 9 11 16 15 17 14 13 15 18 17 19 16 15 17 14 13 15 12 11 13 10 9 11 8 7 9 6 5 7 4 3 5 2 1 3 6 5 7 4 3 5 8 7 9 6 5 7 8 7 9 10 9 11 12 11 13 10 9 11 8 7 9 14 13 15
P21-3gsrh3sjait1t E21-2armufoeve3yx ) 19 17 15 13 11 9 7 5 3 1 2 1 3 4 3 5 6 5 7 4 3 5 8 7 9 6 5 7 10 9 11 8 7 9 12 11 13 10 9 11 14 13 15 16 15 17 18 17 19 16 15 17 14 13 15 12 11 13 10 9 11 8 7 9 6 5 7 4 3 5 2 1 3 0 1 4 3 5 2 1 3 14 13 15 12 11 13 10 9 11 8 7 9 6 5 7 4 3 5 2 1 3 6 5 7 8 7 9 10 9 11 12 11 13 10 9 11 8 7 9 6 5 7 4 3 5 6 5 7 16 15 17 14 13 15 12 11 13 10 9 11 8 7 9 12 11 13 16 15 17 14 13 15 18 17 19 16 15 17 14 13 15 12 11 13 10 9 11 8 7 9 6 5 7 4 3 5 2 1 3 6 5 7 4 3 5 12 11 13 10 9 11 8 7 9 6 5 7 14 13 15 12 11 13 10 9 11 8 7 9
P21-2i6kaiahsqyhd E21-37rb67hrdeiz9 ) 19 17 15 13 11 9 7 5 3 1 2 1 3 4 3 5 6 5 7 4 3 5 8 7 9 6 5 7 10 9 11 8 7 9 12 11 13 14 13 15 12 11 13 10 9 11 8 7 9 6 5 7 16 15 17 14 13 15 12 11 13 10 9 11 18 17 19 16 15 17 14 13 15 12 11 13 10 9 11 8 7 9 6 5 7 4 3 5 2 1 3 0 1 4 3 5 2 1 3 6 5 7 8 7 9 6 5 7 4 3 5 2 1 3 10 9 11 16 15 17 14 13 15 12 11 13 10 9 11 8 7 9 6 5 7 4 3 5 8 7 9 6 5 7 14 13 15 12 11 13 10 9 11 8 7 9 12 11 13 10 9 11 14 13 15 16 15 17 18 17 19 16 15 17 14 13 15 12 11 13 10 9 11 8 7 9 6 5 7 4 3 5 2 1 3 6 5 7 8 7 9 14 13 15 12 11 13 10 9 11
P21-1j8e0cikbv3zt E21-20sxopydw8nlp ) 19 17 15 13 11 9 7 5 3 1 2 1 3 4 3 5 6 5 7 4 3 5 8 7 9 6 5 7 10 9 11 8 7 9 12 11 13 14 13 15 12 11 13 10 9 11 16 15 17 14 13 15 12 11 13 10 9 11 8 7 9 6 5 7 18 17 19 16 15 17 14 13 15 12 11 13 10 9 11 8 7 9 6 5 7 4 3 5 2 1 3 0 1 4 3 5 2 1 3 6 5 7 8 7 9 6 5 7 4 3 5 10 9 11 16 15 17 14 13 15 12 11 13 10 9 11 8 7 9 6 5 7 8 7 9 14 13 15 12 11 13 10 9 11 12 11 13 14 13 15 16 15 17 18 17 19 16 15 17 14 13 15 12 11 13 10 9 11 8 7 9 6 5 7 4 3 5 2 1 3 4 3 5 6 5 7 8 7 9 6 5 7 10 9 11 8 7 9 12 11 13 14 13 15 12 11 13 10 9 11
P21-3eys1dy0eo195 E21-2gurlvch48dod ) 19 17 15 13 11 9 7 5 3 1 2 1 3 4 3 5 6 5 7 4 3 5 8 7 9 6 5 7 10 9 11 8 7 9 12 11 13 14 13 15 12 11 13 10 9 11 16 15 17 18 17 19 16 15 17 14 13 15 12 11 13 10 9 11 8 7 9 6 5 7 4 3 5 2 1 3 0 1 14 13 15 12 11 13 10 9 11 8 7 9 6 5 7 4 3 5 2 1 3 6 5 7 4 3 5 8 7 9 6 5 7 4 3 5 10 9 11 8 7 9 12 11 13 10 9 11 16 15 17 14 13 15 12 11 13 10 9 11 8 7 9 6 5 7 14 13 15 12 11 13 16 15 17 18 17 19 16 15 17 14 13 15 12 11 13 10 9 11 8 7 9 6 5 7 4 3 5 2 1 3 4 3 5 6 5 7 8 7 9 10 9 11 12 11 13 14 13 15 12 11 13 10 9 11 8 7 9 6 5 7
P21-1tvpktktnl2it E21-x9pxp54h3sf1 ) 19 17 15 13 11 9 7 5 3 1 2 1 3 4 3 5 6 5 7 4 3 5 8 7 9 6 5 7 10 9 11 8 7 9 12 11 13 14 13 15 16 15 17 18 17 19 16 15 17 14 13 15 12 11 13 10 9 11 8 7 9 6 5 7 4 3 5 2 1 3 0 1 4 3 5 12 11 13 10 9 11 8 7 9 6 5 7 14 13 15 12 11 13 10 9 11 8 7 9 6 5 7 4 3 5 2 1 3 4 3 5 6 5 7 10 9 11 8 7 9 16 15 17 14 13 15 12 11 13 10 9 11 8 7 9 6 5 7 12 11 13 14 13 15 16 15 17 14 13 15 12 11 13 10 9 11 18 17 19 16 15 17 14 13 15 12 11 13 10 9 11 8 7 9 6 5 7 4 3 5 2 1 3 4 3 5 6 5 7 8 7 9 6 5 7 10 9 11 12 11 13 10 9 11 8 7 9 14 13 15
P21-cnujdxs9gsz1 E21-jhk243so43sh ) 19 17 15 13 11 9 7 5 3 1 2 1 3 4 3 5 6 5 7 4 3 5 8 7 9 6 5 7 10 9 11 8 7 9 14 13 15 12 11 13 10 9 11 8 7 9 16 15 17 14 13 15 12 11 13 10 9 11 18 17 19 16 15 17 14 13 15 12 11 13 10 9 11 8 7 9 6 5 7 4 3 5 2 1 3 0 1 4 3 5 2 1 3 8 7 9 6 5 7 4 3 5 2 1 3 6 5 7 4 3 5 8 7 9 10 9 11 12 11 13 10 9 11 8 7 9 6 5 7 18 17 19 16 15 17 14 13 15 12 11 13 10 9 11 8 7 9 6 5 7 4 3 5 2 1 3 16 15 17 14 13 15 12 11 13 10 9 11 8 7 9 6 5 7 4 3 5 14 13 15 12 11 13 10 9 11 8 7 9 6 5 7 18 17 19 16 15 17 14 13 15 12 11 13 10 9 11 8 7 9
P21-2205uo174nktl E21-1r3bwhkj5lyi5 ) 19 17 15 13 11 9 7 5 3 1 2 1 3 4 3 5 6 5 7 4 3 5 8 7 9 6 5 7 10 9 11 8 7 9 14 13 15 12 11 13 10 9 11 18 17 19 16 15 17 14 13 15 12 11 13 10 9 11 8 7 9 6 5 7 4 3 5 2 1 3 0 1 4 3 5 2 1 3 16 15 17 14 13 15 12 11 13 10 9 11 8 7 9 6 5 7 4 3 5 2 1 3 8 7 9 6 5 7 4 3 5 10 9 11 12 11 13 10 9 11 8 7 9 6 5 7 18 17 19 16 15 17 14 13 15 12 11 13 10 9 11 8 7 9 6 5 7 4 3 5 2 1 3 12 11 13 14 13 15 16 15 17 18 17 19 16 15 17 14 13 15 12 11 13 10 9 11 8 7 9 6 5 7 4 3 5 12 11 13 10 9 11 8 7 9 6 5 7 14 13 15 12 11 13 10 9 11 8 7 9
P21-nxsre83j2gnp E21-deyworlcme81 ) 19 17 15 13 11 9 7 5 3 1 2 1 3 4 3 5 6 5 7 4 3 5 8 7 9 6 5 7 10 9 11 8 7 9 16 15 17 14 13 15 12 11 13 10 9 11 8 7 9 14 13 15 12 11 13 10 9 11 18 17 19 16 15 17 14 13 15 12 11 13 10 9 11 8 7 9 6 5 7 4 3 5 2 1 3 0 1 4 3 5 2 1 3 6 5 7 4 3 5 2 1 3 8 7 9 6 5 7 4 3 5 8 7 9 10 9 11 12 11 13 10 9 11 8 7 9 6 5 7 18 17 19 16 15 17 14 13 15 12 11 13 10 9 11 8 7 9 6 5 7 4 3 5 2 1 3 16 15 17 14 13 15 12 11 13 10 9 11 8 7 9 6 5 7 4 3 5 18 17 19 16 15 17 14 13 15 12 11 13 10 9 11 8 7 9 6 5 7 14 13 15 12 11 13 10 9 11 8 7 9
P21-2167vfh3ce7zh E21-1qaepaqaapesd ) 19 17 15 13 11 9 7 5 3 1 2 1 3 4 3 5 6 5 7 4 3 5 8 7 9 6 5 7 10 9 11 8 7 9 16 15 17 14 13 15 12 11 13 10 9 11 14 13 15 12 11 13 18 17 19 16 15 17 14 13 15 12 11 13 10 9 11 8 7 9 6 5 7 4 3 5 2 1 3 0 1 2 1 3 4 3 5 8 7 9 6 5 7 4 3 5 2 1 3 10 9 11 8 7 9 6 5 7 4 3 5 12 11 13 10 9 11 8 7 9 6 5 7 18 17 19 16 15 17 14 13 15 12 11 13 10 9 11 8 7 9 6 5 7 4 3 5 2 1 3 14 13 15 12 11 13 10 9 11 16 15 17 14 13 15 12 11 13 10 9 11 8 7 9 6 5 7 4 3 5 18 17 19 16 15 17 14 13 15 12 11 13 10 9 11 8 7 9 6 5 7 8 7 9 12 11 13 10 9 11
P21-2dihiygjvcrad E21-2ddo6ms94ukk5 ) 19 17 15 13 11 9 7 5 3 1 2 1 3 4 3 5 6 5 7 4 3 5 8 7 9 6 5 7 10 9 11 8 7 9 16 15 17 14 13 15 12 11 13 10 9 11 14 13 15 12 11 13 18 17 19 16 15 17 14 13 15 12 11 13 10 9 11 8 7 9 6 5 7 4 3 5 2 1 3 0 1 4 3 5 2 1 3 8 7 9 6 5 7 4 3 5 2 1 3 10 9 11 8 7 9 6 5 7 4 3 5 12 11 13 10 9 11 8 7 9 6 5 7 18 17 19 16 15 17 14 13 15 12 11 13 10 9 11 8 7 9 6 5 7 4 3 5 2 1 3 12 11 13 10 9 11 14 13 15 16 15 17 14 13 15 12 11 13 10 9 11 8 7 9 6 5 7 4 3 5 18 17 19 16 15 17 14 13 15 12 11 13 10 9 11 8 7 9 6 5 7 12 11 13 10 9 11 8 7 9
P21-2167vfh3ce7zh E21-2gu3lvxy60dux ) 19 17 15 13 11 9 7 5 3 1 2 1 3 4 3 5 6 5 7 4 3 5 8 7 9 6 5 7 10 9 11 8 7 9 18 17 19 16 15 17 14 13 15 12 11 13 10 9 11 8 7 9 6 5 7 4 3 5 2 1 3 0 1 4 3 5 2 1 3 14 13 15 12 11 13 16 15 17 14 13 15 12 11 13 10 9 11 8 7 9 6 5 7 4 3 5 2 1 3 10 9 11 8 7 9 6 5 7 4 3 5 12 11 13 10 9 11 8 7 9 6 5 7 18 17 19 16 15 17 14 13 15 12 11 13 10 9 11 8 7 9 6 5 7 4 3 5 2 1 3 12 11 13 10 9 11 14 13 15 16 15 17 14 13 15 12 11 13 18 17 19 16 15 17 14 13 15 12 11 13 10 9 11 8 7 9 6 5 7 4 3 5 10 9 11 8 7 9 6 5 7 12 11 13 10 9 11 8 7 9
P21-cnujdxs9gsz1 E21-1l3q4dmnbgw1x ) 19 17 15 13 11 9 7 5 3 1 2 1 3 4 3 5 6 5 7 4 3 5 8 7 9 6 5 7 10 9 11 12 11 13 10 9 11 8 7 9 14 13 15 12 11 13 10 9 11 8 7 9 6 5 7 4 3 5 2 1 3 16 15 17 14 13 15 12 11 13 10 9 11 8 7 9 6 5 7 4 3 5 18 17 19 16 15 17 14 13 15 12 11 13 10 9 11 8 7 9 6 5 7 4 3 5 2 1 3 0 1 2 1 3 16 15 17 14 13 15 12 11 13 10 9 11 8 7 9 6 5 7 4 3 5 6 5 7 8 7 9 10 9 11 12 11 13 10 9 11 14 13 15 12 11 13 16 15 17 14 13 15 18 17 19 16 15 17 14 13 15 12 11 13 10 9 11 8 7 9 6 5 7 4 3 5 2 1 3 10 9 11 8 7 9 6 5 7 8 7 9 10 9 11 12 11 13 14 13 15
P21-2wyxe08jij93p E21-jmwuahqwf125 ) 19 17 15 13 11 9 7 5 3 1 2 1 3 4 3 5 6 5 7 4 3 5 8 7 9 6 5 7 10 9 11 12 11 13 10 9 11 8 7 9 14 13 15 16 15 17 18 17 19 16 15 17 14 13 15 12 11 13 10 9 11 8 7 9 6 5 7 4 3 5 2 1 3 0 1 4 3 5 2 1 3 6 5 7 4 3 5 12 11 13 10 9 11 8 7 9 6 5 7 8 7 9 10 9 11 14 13 15 12 11 13 10 9 11 8 7 9 6 5 7 4 3 5 2 1 3 4 3 5 16 15 17 14 13 15 12 11 13 10 9 11 8 7 9 6 5 7 16 15 17 14 13 15 12 11 13 18 17 19 16 15 17 14 13 15 12 11 13 10 9 11 8 7 9 6 5 7 4 3 5 2 1 3 4 3 5 10 9 11 8 7 9 6 5 7 12 11 13 14 13 15 12 11 13 10 9 11 8 7 9
P21-2wdhca8g2cjbp E21-2wdhca8g2cjbp ) 19 17 15 13 11 9 7 5 3 1 2 1 3 4 3 5 6 5 7 4 3 5 8 7 9 6 5 7 10 9 11 12 11 13 10 9 11 8 7 9 14 13 15 16 15 17 18 17 19 16 15 17 14 13 15 12 11 13 10 9 11 8 7 9 6 5 7 4 3 5 2 1 3 0 1 12 11 13 10 9 11 8 7 9 6 5 7 4 3 5 2 1 3 6 5 7 4 3 5 14 13 15 12 11 13 10 9 11 8 7 9 6 5 7 4 3 5 2 1 3 8 7 9 10 9 11 16 15 17 14 13 15 12 11 13 10 9 11 8 7 9 6 5 7 4 3 5 14 13 15 12 11 13 16 15 17 14 13 15 12 11 13 10 9 11 8 7 9 6 5 7 18 17 19 16 15 17 14 13 15 12 11 13 10 9 11 8 7 9 6 5 7 4 3 5 2 1 3 10 9 11 8 7 9 12 11 13 14 13 15
P21-1mebddez821zh E21-29nr5eqxo7h5l ) 19 17 15 13 11 9 7 5 3 1 2 1 3 4 3 5 6 5 7 4 3 5 8 7 9 6 5 7 10 9 11 12 11 13 10 9 11 8 7 9 18 17 19 16 15 17 14 13 15 12 11 13 10 9 11 8 7 9 6 5 7 4 3 5 2 1 3 0 1 16 15 17 14 13 15 12 11 13 10 9 11 8 7 9 6 5 7 4 3 5 2 1 3 6 5 7 4 3 5 8 7 9 14 13 15 12 11 13 10 9 11 18 17 19 16 15 17 14 13 15 12 11 13 10 9 11 8 7 9 6 5 7 4 3 5 2 1 3 8 7 9 6 5 7 4 3 5 10 9 11 12 11 13 14 13 15 16 15 17 14 13 15 12 11 13 10 9 11 8 7 9 6 5 7 18 17 19 16 15 17 14 13 15 12 11 13 10 9 11 8 7 9 6 5 7 4 3 5 10 9 11 8 7 9 12 11 13 14 13 15
P21-1j8e0cikbv3zt E21-31kxwsuzi50c1 ) 19 17 15 13 11 9 7 5 3 1 2 1 3 4 3 5 6 5 7 4 3 5 8 7 9 6 5 7 10 9 11 12 11 13 10 9 11 8 7 9 18 17 19 16 15 17 14 13 15 12 11 13 10 9 11 8 7 9 6 5 7 4 3 5 2 1 3 0 1 16 15 17 14 13 15 12 11 13 10 9 11 8 7 9 6 5 7 4 3 5 2 1 3 6 5 7 4 3 5 14 13 15 12 11 13 10 9 11 8 7 9 6 5 7 8 7 9 10 9 11 12 11 13 18 17 19 16 15 17 14 13 15 12 11 13 10 9 11 8 7 9 6 5 7 4 3 5 2 1 3 4 3 5 6 5 7 16 15 17 14 13 15 12 11 13 10 9 11 8 7 9 6 5 7 10 9 11 8 7 9 14 13 15 12 11 13 18 17 19 16 15 17 14 13 15 12 11 13 10 9 11 8 7 9 6 5 7 4 3 5
P21-2205uo174nktl E21-1q9bwpy0hxtb1 ) 19 17 15 13 11 9 7 5 3 1 2 1 3 4 3 5 6 5 7 4 3 5 8 7 9 6 5 7 10 9 11 12 11 13 14 13 15 12 11 13 10 9 11 8 7 9 16 15 17 14 13 15 12 11 13 10 9 11 18 17 19 16 15 17 14 13 15 12 11 13 10 9 11 8 7 9 6 5 7 4 3 5 2 1 3 0 1 8 7 9 6 5 7 4 3 5 2 1 3 6 5 7 4 3 5 10 9 11 8 7 9 6 5 7 14 13 15 12 11 13 10 9 11 8 7 9 10 9 11 12 11 13 14 13 15 16 15 17 18 17 19 16 15 17 14 13 15 12 11 13 10 9 11 8 7 9 6 5 7 4 3 5 2 1 3 14 13 15 12 11 13 10 9 11 8 7 9 6 5 7 4 3 5 6 5 7 8 7 9 10 9 11 8 7 9 12 11 13 16 15 17 14 13 15 12 11 13 10 9 11
P21-1mebddez821zh E21-3758ljigw9t7l ) 19 17 15 13 11 9 7 5 3 1 2 1 3 4 3 5 6 5 7 4 3 5 8 7 9 6 5 7 10 9 11 12 11 13 14 13 15 12 11 13 10 9 11 8 7 9 16 15 17 14 13 15 18 17 19 16 15 17 14 13 15 12 11 13 10 9 11 8 7 9 6 5 7 4 3 5 2 1 3 0 1 12 11 13 10 9 11 8 7 9 6 5 7 4 3 5 2 1 3 6 5 7 4 3 5 8 7 9 6 5 7 10 9 11 8 7 9 14 13 15 12 11 13 10 9 11 16 15 17 14 13 15 12 11 13 10 9 11 8 7 9 6 5 7 14 13 15 12 11 13 16 15 17 18 17 19 16 15 17 14 13 15 12 11 13 10 9 11 8 7 9 6 5 7 4 3 5 2 1 3 4 3 5 6 5 7 8 7 9 6 5 7 10 9 11 8 7 9 12 11 13 14 13 15 12 11 13 10 9 11
P21-3gsrh3sjait1t E21-1pp1qzy3h0bph ) 19 17 15 13 11 9 7 5 3 1 2 1 3 4 3 5 6 5 7 4 3 5 8 7 9 6 5 7 10 9 11 14 13 15 12 11 13 10 9 11 8 7 9 6 5 7 4 3 5 2 1 3 4 3 5 16 15 17 14 13 15 12 11 13 10 9 11 8 7 9 6 5 7 8 7 9 12 11 13 10 9 11 16 15 17 14 13 15 12 11 13 10 9 11 8 7 9 18 17 19 16 15 17 14 13 15 12 11 13 10 9 11 8 7 9 6 5 7 4 3 5 2 1 3 0 1 4 3 5 2 1 3 6 5 7 4 3 5 8 7 9 6 5 7 8 7 9 10 9 11 12 11 13 14 13 15 16 15 17 18 17 19 16 15 17 14 13 15 12 11 13 10 9 11 8 7 9 6 5 7 4 3 5 2 1 3 12 11 13 10 9 11 8 7 9 6 5 7 14 13 15 12 11 13 10 9 11 8 7 9
P21-1tvpktktnl2it E21-o4bt6ydk5779 ) 19 17 15 13 11 9 7 5 3 1 2 1 3 4 3 5 6 5 7 4 3 5 8 7 9 6 5 7 10 9 11 14 13 15 12 11 13 10 9 11 8 7 9 6 5 7 4 3 5 2 1 3 4 3 5 16 15 17 14 13 15 12 11 13 10 9 11 8 7 9 6 5 7 12 11 13 10 9 11 8 7 9 16 15 17 14 13 15 18 17 19 16 15 17 14 13 15 12 11 13 10 9 11 8 7 9 6 5 7 4 3 5 2 1 3 0 1 4 3 5 2 1 3 12 11 13 10 9 11 8 7 9 6 5 7 4 3 5 6 5 7 8 7 9 10 9 11 14 13 15 12 11 13 14 13 15 16 15 17 18 17 19 16 15 17 14 13 15 12 11 13 10 9 11 8 7 9 6 5 7 4 3 5 2 1 3 10 9 11 8 7 9 6 5 7 12 11 13 14 13 15 12 11 13 10 9 11 8 7 9
P21-2fktyhffn7rs9 E21-tv95j5bk98cx ) 19 17 15 13 11 9 7 5 3 1 2 1 3 4 3 5 6 5 7 4 3 5 8 7 9 6 5 7 12 11 13 10 9 11 8 7 9 6 5 7 14 13 15 12 11 13 10 9 11 16 15 17 14 13 15 12 11 13 10 9 11 8 7 9 18 17 19 16 15 17 14 13 15 12 11 13 10 9 11 8 7 9 6 5 7 4 3 5 2 1 3 0 1 6 5 7 4 3 5 2 1 3 18 17 19 16 15 17 14 13 15 12 11 13 10 9 11 8 7 9 6 5 7 4 3 5 2 1 3 8 7 9 6 5 7 4 3 5 10 9 11 8 7 9 14 13 15 12 11 13 10 9 11 12 11 13 14 13 15 16 15 17 14 13 15 12 11 13 10 9 11 8 7 9 6 5 7 4 3 5 8 7 9 6 5 7 10 9 11 8 7 9 12 11 13 18 17 19 16 15 17 14 13 15 12 11 13 10 9 11
P21-2fktyhffn7rs9 E21-32v41h1u2xdf1 ) 19 17 15 13 11 9 7 5 3 1 2 1 3 4 3 5 6 5 7 4 3 5 8 7 9 6 5 7 12 11 13 10 9 11 8 7 9 14 13 15 12 11 13 10 9 11 8 7 9 6 5 7 4 3 5 2 1 3 16 15 17 14 13 15 12 11 13 10 9 11 8 7 9 6 5 7 4 3 5 6 5 7 16 15 17 14 13 15 12 11 13 10 9 11 8 7 9 18 17 19 16 15 17 14 13 15 12 11 13 10 9 11 8 7 9 6 5 7 4 3 5 2 1 3 0 1 2 1 3 4 3 5 6 5 7 4 3 5 14 13 15 12 11 13 10 9 11 8 7 9 6 5 7 10 9 11 8 7 9 12 11 13 10 9 11 14 13 15 16 15 17 14 13 15 12 11 13 18 17 19 16 15 17 14 13 15 12 11 13 10 9 11 8 7 9 6 5 7 4 3 5 2 1 3 8 7 9 10 9 11
P21-2fktyhffn7rs9 E21-2jffhg8603u1t ) 19 17 15 13 11 9 7 5 3 1 2 1 3 4 3 5 6 5 7 4 3 5 8 7 9 6 5 7 12 11 13 10 9 11 8 7 9 14 13 15 12 11 13 10 9 11 18 17 19 16 15 17 14 13 15 12 11 13 10 9 11 8 7 9 6 5 7 4 3 5 2 1 3 0 1 16 15 17 14 13 15 12 11 13 10 9 11 8 7 9 6 5 7 4 3 5 2 1 3 6 5 7 8 7 9 10 9 11 18 17 19 16 15 17 14 13 15 12 11 13 10 9 11 8 7 9 6 5 7 4 3 5 2 1 3 6 5 7 4 3 5 8 7 9 14 13 15 12 11 13 10 9 11 12 11 13 14 13 15 16 15 17 18 17 19 16 15 17 14 13 15 12 11 13 10 9 11 8 7 9 6 5 7 4 3 5 8 7 9 6 5 7 10 9 11 8 7 9 12 11 13 14 13 15 12 11 13 10 9 11
P21-1j8e0cikbv3zt E21-19yeqmnyo92zh ) 19 17 15 13 11 9 7 5 3 1 2 1 3 4 3 5 6 5 7 4 3 5 8 7 9 6 5 7 12 11 13 10 9 11 8 7 9 16 15 17 14 13 15 12 11 13 10 9 11 8 7 9 6 5 7 4 3 5 2 1 3 14 13 15 12 11 13 10 9 11 18 17 19 16 15 17 14 13 15 12 11 13 10 9 11 8 7 9 6 5 7 4 3 5 2 1 3 0 1 18 17 19 16 15 17 14 13 15 12 11 13 10 9 11 8 7 9 6 5 7 4 3 5 2 1 3 8 7 9 6 5 7 4 3 5 6 5 7 10 9 11 8 7 9 12 11 13 10 9 11 12 11 13 14 13 15 16 15 17 14 13 15 12 11 13 10 9 11 8 7 9 6 5 7 4 3 5 18 17 19 16 15 17 14 13 15 12 11 13 10 9 11 8 7 9 6 5 7 8 7 9 12 11 13 10 9 11 14 13 15
P21-2fktyhffn7rs9 E21-3rsuvmp3gyagx ) 19 17 15 13 11 9 7 5 3 1 2 1 3 4 3 5 6 5 7 4 3 5 8 7 9 6 5 7 12 11 13 10 9 11 8 7 9 18 17 19 16 15 17 14 13 15 12 11 13 10 9 11 8 7 9 6 5 7 4 3 5 2 1 3 0 1 14 13 15 12 11 13 10 9 11 16 15 17 14 13 15 12 11 13 10 9 11 8 7 9 6 5 7 4 3 5 2 1 3 6 5 7 8 7 9 10 9 11 18 17 19 16 15 17 14 13 15 12 11 13 10 9 11 8 7 9 6 5 7 4 3 5 2 1 3 6 5 7 4 3 5 8 7 9 10 9 11 12 11 13 14 13 15 16 15 17 14 13 15 12 11 13 10 9 11 18 17 19 16 15 17 14 13 15 12 11 13 10 9 11 8 7 9 6 5 7 4 3 5 8 7 9 6 5 7 10 9 11 8 7 9 12 11 13 10 9 11 14 13 15
P21-2fktyhffn7rs9 E21-160e7xapd2zd ) 19 17 15 13 11 9 7 5 3 1 2 1 3 4 3 5 6 5 7 4 3 5 8 7 9 6 5 7 12 11 13 10 9 11 14 13 15 12 11 13 10 9 11 8 7 9 18 17 19 16 15 17 14 13 15 12 11 13 10 9 11 8 7 9 6 5 7 4 3 5 2 1 3 0 1 16 15 17 14 13 15 12 11 13 10 9 11 8 7 9 6 5 7 4 3 5 2 1 3 6 5 7 4 3 5 8 7 9 6 5 7 10 9 11 14 13 15 12 11 13 10 9 11 8 7 9 18 17 19 16 15 17 14 13 15 12 11 13 10 9 11 8 7 9 6 5 7 4 3 5 2 1 3 12 11 13 14 13 15 16 15 17 18 17 19 16 15 17 14 13 15 12 11 13 10 9 11 8 7 9 6 5 7 4 3 5 6 5 7 8 7 9 10 9 11 8 7 9 12 11 13 14 13 15 12 11 13 10 9 11
P21-2fktyhffn7rs9 E21-1l5qbq5jyzndl ) 19 17 15 13 11 9 7 5 3 1 2 1 3 4 3 5 6 5 7 4 3 5 8 7 9 6 5 7 14 13 15 12 11 13 10 9 11 8 7 9 6 5 7 12 11 13 10 9 11 8 7 9 14 13 15 16 15 17 14 13 15 12 11 13 10 9 11 18 17 19 16 15 17 14 13 15 12 11 13 10 9 11 8 7 9 6 5 7 4 3 5 2 1 3 0 1 2 1 3 4 3 5 6 5 7 8 7 9 6 5 7 4 3 5 2 1 3 10 9 11 12 11 13 14 13 15 16 15 17 18 17 19 16 15 17 14 13 15 12 11 13 10 9 11 8 7 9 6 5 7 4 3 5 2 1 3 8 7 9 10 9 11 12 11 13 14 13 15 12 11 13 10 9 11 8 7 9 6 5 7 4 3 5 8 7 9 6 5 7 10 9 11 8 7 9 12 11 13 16 15 17 14 13 15 12 11 13 10 9 11
P21-3gsrh3sjait1t E21-42a0khly7ve1 ) 19 17 15 13 11 9 7 5 3 1 2 1 3 4 3 5 6 5 7 4 3 5 8 7 9 6 5 7 14 13 15 12 11 13 10 9 11 8 7 9 12 11 13 10 9 11 14 13 15 16 15 17 18 17 19 16 15 17 14 13 15 12 11 13 10 9 11 8 7 9 6 5 7 4 3 5 2 1 3 0 1 14 13 15 12 11 13 10 9 11 8 7 9 6 5 7 4 3 5 2 1 3 6 5 7 4 3 5 8 7 9 6 5 7 10 9 11 8 7 9 12 11 13 10 9 11 16 15 17 14 13 15 12 11 13 10 9 11 8 7 9 14 13 15 12 11 13 16 15 17 18 17 19 16 15 17 14 13 15 12 11 13 10 9 11 8 7 9 6 5 7 4 3 5 2 1 3 6 5 7 4 3 5 8 7 9 6 5 7 8 7 9 10 9 11 12 11 13 14 13 15 12 11 13 10 9 11 8 7 9
P21-3gsrh3sjait1t E21-1wxkgy9glck65 ) 19 17 15 13 11 9 7 5 3 1 2 1 3 4 3 5 6 5 7 4 3 5 8 7 9 6 5 7 14 13 15 12 11 13 10 9 11 8 7 9 12 11 13 10 9 11 14 13 15 16 15 17 18 17 19 16 15 17 14 13 15 12 11 13 10 9 11 8 7 9 6 5 7 4 3 5 2 1 3 0 1 14 13 15 12 11 13 10 9 11 8 7 9 6 5 7 4 3 5 2 1 3 6 5 7 4 3 5 8 7 9 6 5 7 12 11 13 10 9 11 8 7 9 10 9 11 12 11 13 14 13 15 16 15 17 18 17 19 16 15 17 14 13 15 12 11 13 10 9 11 8 7 9 6 5 7 4 3 5 2 1 3 14 13 15 12 11 13 10 9 11 8 7 9 6 5 7 4 3 5 6 5 7 8 7 9 16 15 17 14 13 15 12 11 13 10 9 11 8 7 9 12 11 13 10 9 11 14 13 15
P21-cnujdxs9gsz1 E21-3ds1s64c85kbh ) 19 17 15 13 11 9 7 5 3 1 2 1 3 4 3 5 6 5 7 4 3 5 8 7 9 6 5 7 18 17 19 16 15 17 14 13 15 12 11 13 10 9 11 8 7 9 6 5 7 4 3 5 2 1 3 0 1 4 3 5 2 1 3 12 11 13 10 9 11 8 7 9 6 5 7 14 13 15 12 11 13 10 9 11 8 7 9 16 15 17 14 13 15 12 11 13 10 9 11 8 7 9 6 5 7 4 3 5 2 1 3 6 5 7 4 3 5 18 17 19 16 15 17 14 13 15 12 11 13 10 9 11 8 7 9 6 5 7 4 3 5 2 1 3 10 9 11 8 7 9 12 11 13 10 9 11 14 13 15 16 15 17 14 13 15 12 11 13 18 17 19 16 15 17 14 13 15 12 11 13 10 9 11 8 7 9 6 5 7 4 3 5 10 9 11 8 7 9 6 5 7 12 11 13 10 9 11 8 7 9
P21-2fktyhffn7rs9 E21-2wiyjj5uomvh9 ) 19 17 15 13 11 9 7 5 3 1 2 1 3 4 3 5 6 5 7 4 3 5 8 7 9 10 9 11 8 7 9 6 5 7 12 11 13 10 9 11 8 7 9 6 5 7 4 3 5 2 1 3 4 3 5 14 13 15 12 11 13 10 9 11 8 7 9 6 5 7 12 11 13 16 15 17 14 13 15 18 17 19 16 15 17 14 13 15 12 11 13 10 9 11 8 7 9 6 5 7 4 3 5 2 1 3 0 1 12 11 13 10 9 11 8 7 9 6 5 7 4 3 5 2 1 3 4 3 5 6 5 7 14 13 15 12 11 13 10 9 11 8 7 9 6 5 7 10 9 11 8 7 9 12 11 13 10 9 11 14 13 15 16 15 17 14 13 15 12 11 13 18 17 19 16 15 17 14 13 15 12 11 13 10 9 11 8 7 9 6 5 7 4 3 5 2 1 3 10 9 11 8 7 9 6 5 7 4 3 5
P21-3eys1dy0eo195 E21-3hltfk690cdmp ) 19 17 15 13 11 9 7 5 3 1 2 1 3 4 3 5 6 5 7 4 3 5 8 7 9 10 9 11 8 7 9 6 5 7 12 11 13 10 9 11 8 7 9 10 9 11 14 13 15 12 11 13 16 15 17 14 13 15 12 11 13 10 9 11 18 17 19 16 15 17 14 13 15 12 11 13 10 9 11 8 7 9 6 5 7 4 3 5 2 1 3 0 1 8 7 9 6 5 7 4 3 5 2 1 3 6 5 7 4 3 5 10 9 11 8 7 9 6 5 7 4 3 5 8 7 9 10 9 11 12 11 13 10 9 11 14 13 15 12 11 13 16 15 17 14 13 15 12 11 13 10 9 11 8 7 9 6 5 7 10 9 11 8 7 9 18 17 19 16 15 17 14 13 15 12 11 13 10 9 11 8 7 9 6 5 7 4 3 5 2 1 3 4 3 5 6 5 7 8 7 9 10 9 11 12 11 13 14 13 15
P21-cnujdxs9gsz1 E21-36kci7i8ndypp ) 19 17 15 13 11 9 7 5 3 1 2 1 3 4 3 5 6 5 7 4 3 5 8 7 9 10 9 11 8 7 9 6 5 7 12 11 13 10 9 11 8 7 9 14 13 15 12 11 13 10 9 11 16 15 17 14 13 15 12 11 13 18 17 19 16 15 17 14 13 15 12 11 13 10 9 11 8 7 9 6 5 7 4 3 5 2 1 3 0 1 4 3 5 8 7 9 6 5 7 10 9 11 8 7 9 6 5 7 4 3 5 2 1 3 4 3 5 6 5 7 8 7 9 12 11 13 10 9 11 12 11 13 14 13 15 16 15 17 18 17 19 16 15 17 14 13 15 12 11 13 10 9 11 8 7 9 6 5 7 4 3 5 2 1 3 12 11 13 10 9 11 8 7 9 14 13 15 12 11 13 10 9 11 8 7 9 6 5 7 4 3 5 6 5 7 8 7 9 10 9 11 12 11 13 16 15 17 14 13 15
P21-2wyxe08jij93p E21-2wyxe08jij93p ) 19 17 15 13 11 9 7 5 3 1 2 1 3 4 3 5 6 5 7 4 3 5 8 7 9 10 9 11 8 7 9 6 5 7 12 11 13 10 9 11 8 7 9 14 13 15 16 15 17 14 13 15 12 11 13 10 9 11 12 11 13 14 13 15 18 17 19 16 15 17 14 13 15 12 11 13 10 9 11 8 7 9 6 5 7 4 3 5 2 1 3 0 1 8 7 9 6 5 7 4 3 5 2 1 3 6 5 7 4 3 5 10 9 11 8 7 9 6 5 7 8 7 9 10 9 11 12 11 13 10 9 11 8 7 9 14 13 15 12 11 13 16 15 17 14 13 15 12 11 13 10 9 11 18 17 19 16 15 17 14 13 15 12 11 13 10 9 11 8 7 9 6 5 7 4 3 5 2 1 3 4 3 5 6 5 7 8 7 9 6 5 7 4 3 5 10 9 11 8 7 9 12 11 13 10 9 11 14 13 15
P21-w837vcuob3jt E21-1el3nfw4ggued ) 19 17 15 13 11 9 7 5 3 1 2 1 3 4 3 5 6 5 7 4 3 5 8 7 9 10 9 11 8 7 9 6 5 7 12 11 13 14 13 15 12 11 13 10 9 11 8 7 9 6 5 7 4 3 5 2 1 3 10 9 11 16 15 17 14 13 15 12 11 13 18 17 19 16 15 17 14 13 15 12 11 13 10 9 11 8 7 9 6 5 7 4 3 5 2 1 3 0 1 10 9 11 8 7 9 6 5 7 4 3 5 2 1 3 4 3 5 8 7 9 6 5 7 16 15 17 14 13 15 12 11 13 10 9 11 8 7 9 6 5 7 4 3 5 12 11 13 10 9 11 8 7 9 14 13 15 12 11 13 10 9 11 14 13 15 16 15 17 18 17 19 16 15 17 14 13 15 12 11 13 10 9 11 8 7 9 6 5 7 4 3 5 2 1 3 8 7 9 6 5 7 14 13 15 12 11 13 10 9 11
P21-3gsrh3sjait1t E21-2cpqhew22dl9t ) 19 17 15 13 11 9 7 5 3 1 2 1 3 4 3 5 6 5 7 4 3 5 8 7 9 10 9 11 8 7 9 6 5 7 12 11 13 18 17 19 16 15 17 14 13 15 12 11 13 10 9 11 8 7 9 6 5 7 4 3 5 2 1 3 0 1 16 15 17 14 13 15 12 11 13 10 9 11 8 7 9 6 5 7 4 3 5 2 1 3 14 13 15 12 11 13 10 9 11 8 7 9 6 5 7 4 3 5 18 17 19 16 15 17 14 13 15 12 11 13 10 9 11 8 7 9 6 5 7 4 3 5 2 1 3 10 9 11 8 7 9 12 11 13 10 9 11 16 15 17 14 13 15 12 11 13 14 13 15 16 15 17 18 17 19 16 15 17 14 13 15 12 11 13 10 9 11 8 7 9 6 5 7 4 3 5 6 5 7 8 7 9 10 9 11 8 7 9 6 5 7 12 11 13 10 9 11 14 13 15
P21-1tvpktktnl2it E21-1dxuda31yem6l ) 19 17 15 13 11 9 7 5 3 1 2 1 3 4 3 5 6 5 7 4 3 5 8 7 9 10 9 11 8 7 9 6 5 7 12 11 13 18 17 19 16 15 17 14 13 15 12 11 13 10 9 11 8 7 9 6 5 7 4 3 5 2 1 3 0 1 16 15 17 14 13 15 12 11 13 10 9 11 8 7 9 6 5 7 4 3 5 2 1 3 14 13 15 12 11 13 10 9 11 18 17 19 16 15 17 14 13 15 12 11 13 10 9 11 8 7 9 6 5 7 4 3 5 2 1 3 8 7 9 6 5 7 4 3 5 10 9 11 8 7 9 6 5 7 12 11 13 10 9 11 16 15 17 14 13 15 12 11 13 10 9 11 8 7 9 14 13 15 16 15 17 18 17 19 16 15 17 14 13 15 12 11 13 10 9 11 8 7 9 6 5 7 4 3 5 6 5 7 8 7 9 12 11 13 10 9 11 14 13 15
P21-2205uo174nktl E21-1wpzue8wmcjv5 ) 19 17 15 13 11 9 7 5 3 1 2 1 3 4 3 5 6 5 7 4 3 5 8 7 9 10 9 11 8 7 9 6 5 7 12 11 13 18 17 19 16 15 17 14 13 15 12 11 13 10 9 11 8 7 9 6 5 7 4 3 5 2 1 3 0 1 16 15 17 14 13 15 12 11 13 10 9 11 8 7 9 6 5 7 4 3 5 2 1 3 18 17 19 16 15 17 14 13 15 12 11 13 10 9 11 8 7 9 6 5 7 4 3 5 2 1 3 14 13 15 12 11 13 10 9 11 8 7 9 6 5 7 4 3 5 10 9 11 8 7 9 6 5 7 16 15 17 14 13 15 12 11 13 10 9 11 8 7 9 12 11 13 10 9 11 14 13 15 16 15 17 14 13 15 12 11 13 18 17 19 16 15 17 14 13 15 12 11 13 10 9 11 8 7 9 6 5 7 4 3 5 6 5 7 8 7 9 10 9 11
P21-2fktyhffn7rs9 E21-3knz0lsda25zh ) 19 17 15 13 11 9 7 5 3 1 2 1 3 4 3 5 6 5 7 4 3 5 8 7 9 10 9 11 8 7 9 6 5 7 18 17 19 16 15 17 14 13 15 12 11 13 10 9 11 8 7 9 6 5 7 4 3 5 2 1 3 0 1 4 3 5 2 1 3 14 13 15 12 11 13 10 9 11 8 7 9 6 5 7 4 3 5 6 5 7 12 11 13 10 9 11 8 7 9 16 15 17 14 13 15 12 11 13 10 9 11 8 7 9 6 5 7 4 3 5 2 1 3 18 17 19 16 15 17 14 13 15 12 11 13 10 9 11 8 7 9 6 5 7 4 3 5 2 1 3 6 5 7 14 13 15 12 11 13 10 9 11 8 7 9 10 9 11 16 15 17 14 13 15 12 11 13 18 17 19 16 15 17 14 13 15 12 11 13 10 9 11 8 7 9 6 5 7 4 3 5 10 9 11 8 7 9 6 5 7
P21-3eys1dy0eo195 E21-a6yybbienvnt ) 19 17 15 13 11 9 7 5 3 1 2 1 3 4 3 5 6 5 7 4 3 5 8 7 9 10 9 11 12 11 13 10 9 11 8 7 9 6 5 7 8 7 9 10 9 11 14 13 15 12 11 13 10 9 11 16 15 17 14 13 15 12 11 13 18 17 19 16 15 17 14 13 15 12 11 13 10 9 11 8 7 9 6 5 7 4 3 5 2 1 3 0 1 4 3 5 2 1 3 8 7 9 6 5 7 4 3 5 6 5 7 8 7 9 10 9 11 8 7 9 6 5 7 4 3 5 2 1 3 12 11 13 10 9 11 14 13 15 12 11 13 10 9 11 8 7 9 6 5 7 16 15 17 14 13 15 12 11 13 10 9 11 8 7 9 18 17 19 16 15 17 14 13 15 12 11 13 10 9 11 8 7 9 6 5 7 4 3 5 2 1 3 6 5 7 4 3 5 8 7 9 10 9 11 12 11 13 14 13 15
P21-3eys1dy0eo195 E21-1jpnr020viqxx ) 19 17 15 13 11 9 7 5 3 1 2 1 3 4 3 5 6 5 7 4 3 5 8 7 9 10 9 11 12 11 13 10 9 11 8 7 9 6 5 7 8 7 9 10 9 11 14 13 15 12 11 13 10 9 11 16 15 17 14 13 15 12 11 13 18 17 19 16 15 17 14 13 15 12 11 13 10 9 11 8 7 9 6 5 7 4 3 5 2 1 3 0 1 4 3 5 8 7 9 6 5 7 10 9 11 8 7 9 6 5 7 4 3 5 2 1 3 4 3 5 6 5 7 8 7 9 10 9 11 12 11 13 10 9 11 14 13 15 12 11 13 16 15 17 14 13 15 12 11 13 10 9 11 8 7 9 6 5 7 10 9 11 8 7 9 18 17 19 16 15 17 14 13 15 12 11 13 10 9 11 8 7 9 6 5 7 4 3 5 2 1 3 4 3 5 6 5 7 8 7 9 10 9 11 12 11 13 14 13 15
P21-3gsrh3sjait1t E21-3az0sqsx6l17x ) 19 17 15 13 11 9 7 5 3 1 2 1 3 4 3 5 6 5 7 4 3 5 8 7 9 10 9 11 12 11 13 10 9 11 8 7 9 6 5 7 8 7 9 14 13 15 12 11 13 10 9 11 12 11 13 16 15 17 14 13 15 18 17 19 16 15 17 14 13 15 12 11 13 10 9 11 8 7 9 6 5 7 4 3 5 2 1 3 0 1 4 3 5 8 7 9 6 5 7 12 11 13 10 9 11 8 7 9 6 5 7 4 3 5 2 1 3 4 3 5 6 5 7 8 7 9 10 9 11 12 11 13 14 13 15 16 15 17 14 13 15 12 11 13 10 9 11 8 7 9 6 5 7 12 11 13 10 9 11 8 7 9 14 13 15 18 17 19 16 15 17 14 13 15 12 11 13 10 9 11 8 7 9 6 5 7 4 3 5 2 1 3 4 3 5 6 5 7 8 7 9 10 9 11 12 11 13 14 13 15
P21-2205uo174nktl E21-3piyohysjxvu9 ) 19 17 15 13 11 9 7 5 3 1 2 1 3 4 3 5 6 5 7 4 3 5 8 7 9 10 9 11 12 11 13 10 9 11 8 7 9 6 5 7 8 7 9 14 13 15 12 11 13 10 9 11 12 11 13 16 15 17 14 13 15 18 17 19 16 15 17 14 13 15 12 11 13 10 9 11 8 7 9 6 5 7 4 3 5 2 1 3 0 1 8 7 9 6 5 7 4 3 5 2 1 3 4 3 5 6 5 7 8 7 9 10 9 11 12 11 13 10 9 11 8 7 9 6 5 7 4 3 5 2 1 3 14 13 15 12 11 13 16 15 17 14 13 15 12 11 13 10 9 11 8 7 9 6 5 7 4 3 5 10 9 11 8 7 9 6 5 7 8 7 9 12 11 13 10 9 11 14 13 15 12 11 13 18 17 19 16 15 17 14 13 15 12 11 13 10 9 11 8 7 9 6 5 7 4 3 5 2 1 3
P21-1tvpktktnl2it E21-3hbmqjb2s7qr1 ) 19 17 15 13 11 9 7 5 3 1 2 1 3 4 3 5 6 5 7 4 3 5 8 7 9 10 9 11 12 11 13 10 9 11 8 7 9 6 5 7 8 7 9 14 13 15 12 11 13 10 9 11 12 11 13 16 15 17 14 13 15 18 17 19 16 15 17 14 13 15 12 11 13 10 9 11 8 7 9 6 5 7 4 3 5 2 1 3 0 1 8 7 9 6 5 7 4 3 5 2 1 3 4 3 5 6 5 7 12 11 13 10 9 11 8 7 9 6 5 7 4 3 5 2 1 3 10 9 11 8 7 9 12 11 13 14 13 15 16 15 17 14 13 15 12 11 13 10 9 11 8 7 9 6 5 7 4 3 5 12 11 13 10 9 11 8 7 9 6 5 7 14 13 15 18 17 19 16 15 17 14 13 15 12 11 13 10 9 11 8 7 9 6 5 7 4 3 5 2 1 3 10 9 11 12 11 13 14 13 15
P21-1mebddez821zh E21-2lz7ue5oc1rf5 ) 19 17 15 13 11 9 7 5 3 1 2 1 3 4 3 5 6 5 7 4 3 5 8 7 9 10 9 11 12 11 13 10 9 11 8 7 9 6 5 7 14 13 15 12 11 13 10 9 11 8 7 9 6 5 7 4 3 5 2 1 3 16 15 17 14 13 15 12 11 13 10 9 11 8 7 9 6 5 7 4 3 5 12 11 13 14 13 15 18 17 19 16 15 17 14 13 15 12 11 13 10 9 11 8 7 9 6 5 7 4 3 5 2 1 3 0 1 2 1 3 4 3 5 8 7 9 6 5 7 10 9 11 8 7 9 12 11 13 10 9 11 12 11 13 14 13 15 16 15 17 14 13 15 12 11 13 10 9 11 8 7 9 6 5 7 4 3 5 8 7 9 6 5 7 18 17 19 16 15 17 14 13 15 12 11 13 10 9 11 8 7 9 6 5 7 4 3 5 2 1 3 10 9 11 12 11 13 14 13 15
P21-3eys1dy0eo195 E21-1eeo4h8i118r1 ) 19 17 15 13 11 9 7 5 3 1 2 1 3 4 3 5 6 5 7 4 3 5 8 7 9 10 9 11 12 11 13 10 9 11 8 7 9 6 5 7 14 13 15 12 11 13 10 9 11 8 7 9 6 5 7 4 3 5 2 1 3 16 15 17 14 13 15 12 11 13 10 9 11 8 7 9 6 5 7 4 3 5 18 17 19 16 15 17 14 13 15 12 11 13 10 9 11 8 7 9 6 5 7 4 3 5 2 1 3 0 1 2 1 3 4 3 5 6 5 7 8 7 9 10 9 11 14 13 15 12 11 13 16 15 17 14 13 15 12 11 13 10 9 11 8 7 9 6 5 7 4 3 5 10 9 11 8 7 9 6 5 7 12 11 13 16 15 17 14 13 15 18 17 19 16 15 17 14 13 15 12 11 13 10 9 11 8 7 9 6 5 7 4 3 5 2 1 3 10 9 11 8 7 9 12 11 13 14 13 15
P21-3gsrh3sjait1t E21-2p0vjcbufc36p ) 19 17 15 13 11 9 7 5 3 1 2 1 3 4 3 5 6 5 7 4 3 5 8 7 9 10 9 11 12 11 13 10 9 11 8 7 9 6 5 7 14 13 15 12 11 13 10 9 11 8 7 9 6 5 7 4 3 5 2 1 3 16 15 17 14 13 15 12 11 13 10 9 11 8 7 9 6 5 7 4 3 5 18 17 19 16 15 17 14 13 15 12 11 13 10 9 11 8 7 9 6 5 7 4 3 5 2 1 3 0 1 2 1 3 4 3 5 6 5 7 8 7 9 14 13 15 12 11 13 10 9 11 8 7 9 6 5 7 12 11 13 10 9 11 16 15 17 14 13 15 12 11 13 10 9 11 8 7 9 6 5 7 4 3 5 16 15 17 14 13 15 18 17 19 16 15 17 14 13 15 12 11 13 10 9 11 8 7 9 6 5 7 4 3 5 2 1 3 8 7 9 10 9 11 12 11 13 14 13 15
P21-2fktyhffn7rs9 E21-sekqe7a3z7h5 ) 19 17 15 13 11 9 7 5 3 1 2 1 3 4 3 5 6 5 7 4 3 5 8 7 9 10 9 11 12 11 13 10 9 11 8 7 9 6 5 7 18 17 19 16 15 17 14 13 15 12 11 13 10 9 11 8 7 9 6 5 7 4 3 5 2 1 3 0 1 16 15 17 14 13 15 12 11 13 10 9 11 8 7 9 6 5 7 4 3 5 2 1 3 4 3 5 6 5 7 8 7 9 6 5 7 12 11 13 10 9 11 14 13 15 12 11 13 10 9 11 8 7 9 18 17 19 16 15 17 14 13 15 12 11 13 10 9 11 8 7 9 6 5 7 4 3 5 2 1 3 6 5 7 4 3 5 16 15 17 14 13 15 12 11 13 10 9 11 8 7 9 6 5 7 8 7 9 10 9 11 14 13 15 12 11 13 18 17 19 16 15 17 14 13 15 12 11 13 10 9 11 8 7 9 6 5 7 4 3 5
P21-2i6kaiahsqyhd E21-2i6kaiahsqyhd ) 19 17 15 13 11 9 7 5 3 1 2 1 3 4 3 5 6 5 7 4 3 5 8 7 9 10 9 11 12 11 13 14 13 15 12 11 13 10 9 11 8 7 9 6 5 7 8 7 9 10 9 11 16 15 17 14 13 15 12 11 13 18 17 19 16 15 17 14 13 15 12 11 13 10 9 11 8 7 9 6 5 7 4 3 5 2 1 3 0 1 4 3 5 2 1 3 6 5 7 8 7 9 10 9 11 8 7 9 6 5 7 4 3 5 2 1 3 6 5 7 4 3 5 12 11 13 16 15 17 14 13 15 12 11 13 10 9 11 8 7 9 6 5 7 4 3 5 10 9 11 8 7 9 12 11 13 14 13 15 12 11 13 10 9 11 8 7 9 6 5 7 16 15 17 18 17 19 16 15 17 14 13 15 12 11 13 10 9 11 8 7 9 6 5 7 4 3 5 2 1 3 14 13 15 12 11 13 10 9 11
P21-1tvpktktnl2it E21-2cvq8024f3bq1 ) 19 17 15 13 11 9 7 5 3 1 2 1 3 4 3 5 6 5 7 4 3 5 8 7 9 10 9 11 12 11 13 14 13 15 12 11 13 10 9 11 8 7 9 6 5 7 16 15 17 14 13 15 18 17 19 16 15 17 14 13 15 12 11 13 10 9 11 8 7 9 6 5 7 4 3 5 2 1 3 0 1 4 3 5 2 1 3 6 5 7 10 9 11 8 7 9 12 11 13 10 9 11 8 7 9 6 5 7 4 3 5 2 1 3 6 5 7 8 7 9 14 13 15 12 11 13 10 9 11 16 15 17 14 13 15 12 11 13 10 9 11 8 7 9 6 5 7 4 3 5 14 13 15 12 11 13 16 15 17 18 17 19 16 15 17 14 13 15 12 11 13 10 9 11 8 7 9 6 5 7 4 3 5 2 1 3 8 7 9 6 5 7 10 9 11 8 7 9 12 11 13 14 13 15 12 11 13 10 9 11
P21-1tvpktktnl2it E21-1x0g4xx3xlebt ) 19 17 15 13 11 9 7 5 3 1 2 1 3 4 3 5 6 5 7 4 3 5 8 7 9 10 9 11 12 11 13 14 13 15 12 11 13 10 9 11 8 7 9 6 5 7 16 15 17 14 13 15 18 17 19 16 15 17 14 13 15 12 11 13 10 9 11 8 7 9 6 5 7 4 3 5 2 1 3 0 1 4 3 5 2 1 3 10 9 11 8 7 9 6 5 7 12 11 13 10 9 11 8 7 9 6 5 7 4 3 5 2 1 3 14 13 15 16 15 17 14 13 15 12 11 13 10 9 11 8 7 9 6 5 7 4 3 5 8 7 9 12 11 13 10 9 11 14 13 15 12 11 13 14 13 15 16 15 17 18 17 19 16 15 17 14 13 15 12 11 13 10 9 11 8 7 9 6 5 7 4 3 5 2 1 3 8 7 9 6 5 7 10 9 11 8 7 9 12 11 13 14 13 15 12 11 13 10 9 11
P21-3gsrh3sjait1t E21-t3j9ivpekl4l ) 19 17 15 13 11 9 7 5 3 1 2 1 3 4 3 5 6 5 7 4 3 5 8 7 9 10 9 11 12 11 13 14 13 15 16 15 17 14 13 15 12 11 13 10 9 11 8 7 9 6 5 7 18 17 19 16 15 17 14 13 15 12 11 13 10 9 11 8 7 9 6 5 7 4 3 5 2 1 3 0 1 4 3 5 2 1 3 6 5 7 10 9 11 8 7 9 12 11 13 10 9 11 8 7 9 6 5 7 4 3 5 6 5 7 8 7 9 14 13 15 12 11 13 10 9 11 16 15 17 14 13 15 12 11 13 10 9 11 8 7 9 14 13 15 12 11 13 16 15 17 18 17 19 16 15 17 14 13 15 12 11 13 10 9 11 8 7 9 6 5 7 4 3 5 2 1 3 6 5 7 4 3 5 8 7 9 6 5 7 8 7 9 10 9 11 12 11 13 14 13 15 12 11 13 10 9 11 8 7 9
P21-3gsrh3sjait1t E21-6ejsq5duhq6p ) 19 17 15 13 11 9 7 5 3 1 2 1 3 4 3 5 6 5 7 4 3 5 8 7 9 12 11 13 10 9 11 8 7 9 6 5 7 14 13 15 12 11 13 10 9 11 8 7 9 6 5 7 4 3 5 2 1 3 10 9 11 14 13 15 12 11 13 16 15 17 14 13 15 12 11 13 10 9 11 8 7 9 6 5 7 4 3 5 18 17 19 16 15 17 14 13 15 12 11 13 10 9 11 8 7 9 6 5 7 4 3 5 2 1 3 0 1 2 1 3 4 3 5 6 5 7 8 7 9 10 9 11 8 7 9 6 5 7 12 11 13 10 9 11 14 13 15 12 11 13 16 15 17 14 13 15 12 11 13 10 9 11 8 7 9 6 5 7 4 3 5 18 17 19 16 15 17 14 13 15 12 11 13 10 9 11 8 7 9 6 5 7 4 3 5 2 1 3 8 7 9 10 9 11 12 11 13 14 13 15
P21-1tvpktktnl2it E21-16vn6fz4hatu5 ) 19 17 15 13 11 9 7 5 3 1 2 1 3 4 3 5 6 5 7 4 3 5 8 7 9 12 11 13 10 9 11 8 7 9 6 5 7 14 13 15 12 11 13 10 9 11 8 7 9 6 5 7 4 3 5 2 1 3 10 9 11 14 13 15 12 11 13 16 15 17 14 13 15 12 11 13 10 9 11 8 7 9 6 5 7 4 3 5 18 17 19 16 15 17 14 13 15 12 11 13 10 9 11 8 7 9 6 5 7 4 3 5 2 1 3 0 1 2 1 3 4 3 5 8 7 9 6 5 7 10 9 11 8 7 9 12 11 13 10 9 11 12 11 13 14 13 15 16 15 17 14 13 15 12 11 13 10 9 11 8 7 9 6 5 7 4 3 5 6 5 7 8 7 9 18 17 19 16 15 17 14 13 15 12 11 13 10 9 11 8 7 9 6 5 7 4 3 5 2 1 3 12 11 13 10 9 11 14 13 15
P21-2i6kaiahsqyhd E21-3dosox5c7ukdp ) 19 17 15 13 11 9 7 5 3 1 2 1 3 4 3 5 6 5 7 4 3 5 8 7 9 12 11 13 10 9 11 8 7 9 6 5 7 16 15 17 14 13 15 12 11 13 10 9 11 8 7 9 6 5 7 4 3 5 2 1 3 14 13 15 12 11 13 10 9 11 18 17 19 16 15 17 14 13 15 12 11 13 10 9 11 8 7 9 6 5 7 4 3 5 2 1 3 0 1 18 17 19 16 15 17 14 13 15 12 11 13 10 9 11 8 7 9 6 5 7 4 3 5 2 1 3 8 7 9 6 5 7 4 3 5 10 9 11 12 11 13 16 15 17 14 13 15 12 11 13 10 9 11 8 7 9 6 5 7 4 3 5 8 7 9 10 9 11 12 11 13 14 13 15 16 15 17 18 17 19 16 15 17 14 13 15 12 11 13 10 9 11 8 7 9 6 5 7 8 7 9 12 11 13 10 9 11 14 13 15
P21-2i6kaiahsqyhd E21-2zi3b82oam5od ) 19 17 15 13 11 9 7 5 3 1 2 1 3 4 3 5 6 5 7 4 3 5 8 7 9 12 11 13 10 9 11 8 7 9 6 5 7 18 17 19 16 15 17 14 13 15 12 11 13 10 9 11 8 7 9 6 5 7 4 3 5 2 1 3 0 1 2 1 3 4 3 5 10 9 11 14 13 15 12 11 13 16 15 17 14 13 15 12 11 13 10 9 11 8 7 9 6 5 7 4 3 5 2 1 3 8 7 9 6 5 7 10 9 11 8 7 9 12 11 13 10 9 11 18 17 19 16 15 17 14 13 15 12 11 13 10 9 11 8 7 9 6 5 7 4 3 5 2 1 3 6 5 7 4 3 5 8 7 9 16 15 17 14 13 15 12 11 13 10 9 11 8 7 9 6 5 7 18 17 19 16 15 17 14 13 15 12 11 13 10 9 11 8 7 9 6 5 7 4 3 5 14 13 15 12 11 13 10 9 11
P21-2fktyhffn7rs9 E21-h267mehvibn5 ) 19 17 15 13 11 9 7 5 3 1 2 1 3 4 3 5 6 5 7 4 3 5 8 7 9 14 13 15 12 11 13 10 9 11 8 7 9 6 5 7 12 11 13 10 9 11 8 7 9 16 15 17 14 13 15 12 11 13 10 9 11 18 17 19 16 15 17 14 13 15 12 11 13 10 9 11 8 7 9 6 5 7 4 3 5 2 1 3 0 1 8 7 9 6 5 7 4 3 5 2 1 3 4 3 5 6 5 7 8 7 9 10 9 11 14 13 15 12 11 13 18 17 19 16 15 17 14 13 15 12 11 13 10 9 11 8 7 9 6 5 7 4 3 5 2 1 3 8 7 9 10 9 11 12 11 13 16 15 17 14 13 15 12 11 13 10 9 11 8 7 9 6 5 7 4 3 5 8 7 9 6 5 7 18 17 19 16 15 17 14 13 15 12 11 13 10 9 11 8 7 9 10 9 11 12 11 13 14 13 15
P21-2i6kaiahsqyhd E21-3koyg3y7ictyh ) 19 17 15 13 11 9 7 5 3 1 2 1 3 4 3 5 6 5 7 4 3 5 8 7 9 14 13 15 12 11 13 10 9 11 8 7 9 6 5 7 12 11 13 10 9 11 18 17 19 16 15 17 14 13 15 12 11 13 10 9 11 8 7 9 6 5 7 4 3 5 2 1 3 0 1 2 1 3 4 3 5 6 5 7 8 7 9 10 9 11 16 15 17 14 13 15 12 11 13 10 9 11 8 7 9 6 5 7 4 3 5 2 1 3 6 5 7 8 7 9 14 13 15 12 11 13 10 9 11 18 17 19 16 15 17 14 13 15 12 11 13 10 9 11 8 7 9 6 5 7 4 3 5 2 1 3 18 17 19 16 15 17 14 13 15 12 11 13 10 9 11 8 7 9 6 5 7 4 3 5 8 7 9 6 5 7 16 15 17 14 13 15 12 11 13 10 9 11 8 7 9 12 11 13 10 9 11 14 13 15
P21-1j8e0cikbv3zt E21-1j8e0cikbv3zt ) 19 17 15 13 11 9 7 5 3 1 2 1 3 4 3 5 6 5 7 4 3 5 8 7 9 14 13 15 12 11 13 10 9 11 8 7 9 6 5 7 12 11 13 10 9 11 18 17 19 16 15 17 14 13 15 12 11 13 10 9 11 8 7 9 6 5 7 4 3 5 2 1 3 0 1 16 15 17 14 13 15 12 11 13 10 9 11 8 7 9 6 5 7 4 3 5 2 1 3 4 3 5 6 5 7 8 7 9 6 5 7 10 9 11 8 7 9 12 11 13 14 13 15 12 11 13 10 9 11 18 17 19 16 15 17 14 13 15 12 11 13 10 9 11 8 7 9 6 5 7 4 3 5 2 1 3 18 17 19 16 15 17 14 13 15 12 11 13 10 9 11 8 7 9 6 5 7 4 3 5 8 7 9 6 5 7 16 15 17 14 13 15 12 11 13 10 9 11 8 7 9 10 9 11 12 11 13 14 13 15
P21-1tvpktktnl2it E21-1w1akcatfq6dd ) 19 17 15 13 11 9 7 5 3 1 2 1 3 4 3 5 6 5 7 4 3 5 8 7 9 14 13 15 12 11 13 10 9 11 8 7 9 6 5 7 12 11 13 14 13 15 16 15 17 18 17 19 16 15 17 14 13 15 12 11 13 10 9 11 8 7 9 6 5 7 4 3 5 2 1 3 0 1 10 9 11 12 11 13 14 13 15 12 11 13 10 9 11 8 7 9 6 5 7 4 3 5 2 1 3 4 3 5 6 5 7 8 7 9 6 5 7 10 9 11 8 7 9 12 11 13 10 9 11 14 13 15 16 15 17 18 17 19 16 15 17 14 13 15 12 11 13 10 9 11 8 7 9 6 5 7 4 3 5 2 1 3 14 13 15 12 11 13 10 9 11 8 7 9 6 5 7 4 3 5 6 5 7 8 7 9 16 15 17 14 13 15 12 11 13 10 9 11 8 7 9 12 11 13 10 9 11 14 13 15
P21-w837vcuob3jt E21-evz5qpl1w84d ) 19 17 15 13 11 9 7 5 3 1 2 1 3 4 3 5 6 5 7 4 3 5 8 7 9 16 15 17 14 13 15 12 11 13 10 9 11 8 7 9 6 5 7 12 11 13 14 13 15 18 17 19 16 15 17 14 13 15 12 11 13 10 9 11 8 7 9 6 5 7 4 3 5 2 1 3 0 1 4 3 5 2 1 3 10 9 11 12 11 13 18 17 19 16 15 17 14 13 15 12 11 13 10 9 11 8 7 9 6 5 7 4 3 5 2 1 3 8 7 9 6 5 7 10 9 11 8 7 9 6 5 7 4 3 5 12 11 13 10 9 11 16 15 17 14 13 15 12 11 13 10 9 11 8 7 9 6 5 7 4 3 5 8 7 9 14 13 15 12 11 13 10 9 11 16 15 17 18 17 19 16 15 17 14 13 15 12 11 13 10 9 11 8 7 9 6 5 7 8 7 9 14 13 15 12 11 13 10 9 11
P21-1mebddez821zh E21-31vbvmayx93od ) 19 17 15 13 11 9 7 5 3 1 2 1 3 4 3 5 6 5 7 4 3 5 10 9 11 8 7 9 6 5 7 12 11 13 10 9 11 8 7 9 12 11 13 10 9 11 14 13 15 12 11 13 16 15 17 14 13 15 18 17 19 16 15 17 14 13 15 12 11 13 10 9 11 8 7 9 6 5 7 4 3 5 2 1 3 0 1 10 9 11 8 7 9 6 5 7 4 3 5 2 1 3 6 5 7 4 3 5 12 11 13 10 9 11 8 7 9 6 5 7 4 3 5 2 1 3 8 7 9 10 9 11 12 11 13 14 13 15 16 15 17 14 13 15 12 11 13 10 9 11 8 7 9 6 5 7 4 3 5 12 11 13 10 9 11 8 7 9 6 5 7 14 13 15 18 17 19 16 15 17 14 13 15 12 11 13 10 9 11 8 7 9 6 5 7 4 3 5 2 1 3 10 9 11 12 11 13 14 13 15
P21-1mebddez821zh E21-2d7rdiwosd4cd ) 19 17 15 13 11 9 7 5 3 1 2 1 3 4 3 5 6 5 7 4 3 5 10 9 11 8 7 9 6 5 7 12 11 13 10 9 11 8 7 9 12 11 13 14 13 15 16 15 17 18 17 19 16 15 17 14 13 15 12 11 13 10 9 11 8 7 9 6 5 7 4 3 5 2 1 3 0 1 12 11 13 10 9 11 8 7 9 6 5 7 4 3 5 2 1 3 6 5 7 4 3 5 14 13 15 12 11 13 10 9 11 8 7 9 6 5 7 4 3 5 2 1 3 8 7 9 10 9 11 12 11 13 16 15 17 14 13 15 12 11 13 10 9 11 8 7 9 6 5 7 4 3 5 16 15 17 14 13 15 12 11 13 10 9 11 8 7 9 6 5 7 8 7 9 10 9 11 14 13 15 12 11 13 18 17 19 16 15 17 14 13 15 12 11 13 10 9 11 8 7 9 6 5 7 4 3 5 2 1 3
P21-2wyxe08jij93p E21-2p9ggzrcuygb5 ) 19 17 15 13 11 9 7 5 3 1 2 1 3 4 3 5 6 5 7 4 3 5 10 9 11 8 7 9 6 5 7 12 11 13 10 9 11 8 7 9 12 11 13 14 13 15 16 15 17 18 17 19 16 15 17 14 13 15 12 11 13 10 9 11 8 7 9 6 5 7 4 3 5 2 1 3 0 1 12 11 13 10 9 11 8 7 9 6 5 7 4 3 5 2 1 3 6 5 7 4 3 5 14 13 15 12 11 13 10 9 11 8 7 9 6 5 7 4 3 5 2 1 3 10 9 11 8 7 9 16 15 17 14 13 15 12 11 13 10 9 11 8 7 9 6 5 7 4 3 5 12 11 13 14 13 15 16 15 17 14 13 15 12 11 13 10 9 11 8 7 9 6 5 7 18 17 19 16 15 17 14 13 15 12 11 13 10 9 11 8 7 9 6 5 7 4 3 5 2 1 3 10 9 11 12 11 13 14 13 15
P21-2fktyhffn7rs9 E21-2q7qg35hki71p ) 19 17 15 13 11 9 7 5 3 1 2 1 3 4 3 5 6 5 7 4 3 5 10 9 11 8 7 9 12 11 13 10 9 11 8 7 9 6 5 7 18 17 19 16 15 17 14 13 15 12 11 13 10 9 11 8 7 9 6 5 7 4 3 5 2 1 3 0 1 4 3 5 2 1 3 14 13 15 12 11 13 10 9 11 8 7 9 6 5 7 4 3 5 6 5 7 8 7 9 12 11 13 10 9 11 16 15 17 14 13 15 12 11 13 10 9 11 8 7 9 6 5 7 4 3 5 2 1 3 18 17 19 16 15 17 14 13 15 12 11 13 10 9 11 8 7 9 6 5 7 4 3 5 2 1 3 16 15 17 14 13 15 12 11 13 10 9 11 8 7 9 6 5 7 8 7 9 10 9 11 14 13 15 12 11 13 18 17 19 16 15 17 14 13 15 12 11 13 10 9 11 8 7 9 6 5 7 4 3 5
P21-1mebddez821zh E21-3gqk1vn8dxv2h ) 19 17 15 13 11 9 7 5 3 1 2 1 3 4 3 5 6 5 7 4 3 5 12 11 13 10 9 11 8 7 9 6 5 7 10 9 11 8 7 9 12 11 13 10 9 11 14 13 15 12 11 13 16 15 17 14 13 15 18 17 19 16 15 17 14 13 15 12 11 13 10 9 11 8 7 9 6 5 7 4 3 5 2 1 3 0 1 4 3 5 2 1 3 6 5 7 4 3 5 10 9 11 8 7 9 6 5 7 8 7 9 10 9 11 12 11 13 10 9 11 8 7 9 6 5 7 4 3 5 2 1 3 4 3 5 14 13 15 12 11 13 10 9 11 8 7 9 6 5 7 16 15 17 14 13 15 12 11 13 18 17 19 16 15 17 14 13 15 12 11 13 10 9 11 8 7 9 6 5 7 4 3 5 2 1 3 10 9 11 8 7 9 6 5 7 4 3 5 12 11 13 14 13 15 12 11 13 10 9 11
P21-1mebddez821zh E21-2vxg2z1amdkpl ) 19 17 15 13 11 9 7 5 3 1 2 1 3 4 3 5 6 5 7 4 3 5 12 11 13 10 9 11 8 7 9 6 5 7 10 9 11 8 7 9 14 13 15 12 11 13 16 15 17 14 13 15 18 17 19 16 15 17 14 13 15 12 11 13 10 9 11 8 7 9 6 5 7 4 3 5 2 1 3 0 1 4 3 5 2 1 3 12 11 13 10 9 11 8 7 9 6 5 7 4 3 5 2 1 3 10 9 11 8 7 9 6 5 7 4 3 5 14 13 15 12 11 13 10 9 11 8 7 9 6 5 7 18 17 19 16 15 17 14 13 15 12 11 13 10 9 11 8 7 9 6 5 7 4 3 5 2 1 3 12 11 13 14 13 15 16 15 17 14 13 15 12 11 13 10 9 11 8 7 9 6 5 7 4 3 5 12 11 13 10 9 11 8 7 9 18 17 19 16 15 17 14 13 15 12 11 13 10 9 11
P21-1tvpktktnl2it E21-2vsvdhb4ffvax ) 19 17 15 13 11 9 7 5 3 1 2 1 3 4 3 5 6 5 7 4 3 5 14 13 15 12 11 13 10 9 11 8 7 9 6 5 7 10 9 11 8 7 9 12 11 13 10 9 11 14 13 15 16 15 17 14 13 15 12 11 13 18 17 19 16 15 17 14 13 15 12 11 13 10 9 11 8 7 9 6 5 7 4 3 5 2 1 3 0 1 4 3 5 2 1 3 10 9 11 8 7 9 6 5 7 4 3 5 2 1 3 8 7 9 6 5 7 4 3 5 10 9 11 12 11 13 10 9 11 8 7 9 6 5 7 16 15 17 14 13 15 12 11 13 10 9 11 8 7 9 6 5 7 4 3 5 12 11 13 14 13 15 16 15 17 18 17 19 16 15 17 14 13 15 12 11 13 10 9 11 8 7 9 6 5 7 4 3 5 2 1 3 12 11 13 10 9 11 8 7 9 14 13 15 12 11 13 10 9 11
P21-1tvpktktnl2it E21-2eyd0zadbajzx ) 19 17 15 13 11 9 7 5 3 1 2 1 3 4 3 5 6 5 7 4 3 5 14 13 15 12 11 13 10 9 11 8 7 9 6 5 7 10 9 11 8 7 9 12 11 13 10 9 11 16 15 17 14 13 15 12 11 13 16 15 17 14 13 15 18 17 19 16 15 17 14 13 15 12 11 13 10 9 11 8 7 9 6 5 7 4 3 5 2 1 3 0 1 4 3 5 2 1 3 10 9 11 8 7 9 6 5 7 4 3 5 2 1 3 6 5 7 8 7 9 10 9 11 12 11 13 10 9 11 8 7 9 6 5 7 4 3 5 6 5 7 14 13 15 12 11 13 10 9 11 8 7 9 12 11 13 16 15 17 14 13 15 18 17 19 16 15 17 14 13 15 12 11 13 10 9 11 8 7 9 6 5 7 4 3 5 2 1 3 6 5 7 12 11 13 10 9 11 8 7 9 14 13 15 12 11 13 10 9 11
P21-cnujdxs9gsz1 E21-326vm69k6h3nt ) 19 17 15 13 11 9 7 5 3 1 2 1 3 4 3 5 6 5 7 4 3 5 14 13 15 12 11 13 10 9 11 8 7 9 6 5 7 10 9 11 8 7 9 18 17 19 16 15 17 14 13 15 12 11 13 10 9 11 8 7 9 6 5 7 4 3 5 2 1 3 0 1 2 1 3 4 3 5 16 15 17 14 13 15 12 11 13 10 9 11 8 7 9 6 5 7 4 3 5 2 1 3 18 17 19 16 15 17 14 13 15 12 11 13 10 9 11 8 7 9 6 5 7 4 3 5 2 1 3 12 11 13 10 9 11 8 7 9 6 5 7 18 17 19 16 15 17 14 13 15 12 11 13 10 9 11 8 7 9 6 5 7 4 3 5 14 13 15 12 11 13 10 9 11 8 7 9 6 5 7 16 15 17 14 13 15 12 11 13 10 9 11 8 7 9 18 17 19 16 15 17 14 13 15 12 11 13 10 9 11
P21-2205uo174nktl E21-25nkd1man2zxd ) 19 17 15 13 11 9 7 5 3 1 2 1 3 4 3 5 6 5 7 4 3 5 14 13 15 12 11 13 10 9 11 8 7 9 6 5 7 18 17 19 16 15 17 14 13 15 12 11 13 10 9 11 8 7 9 6 5 7 4 3 5 2 1 3 0 1 12 11 13 10 9 11 8 7 9 14 13 15 16 15 17 14 13 15 12 11 13 10 9 11 8 7 9 6 5 7 4 3 5 2 1 3 4 3 5 6 5 7 8 7 9 10 9 11 12 11 13 14 13 15 18 17 19 16 15 17 14 13 15 12 11 13 10 9 11 8 7 9 6 5 7 4 3 5 2 1 3 18 17 19 16 15 17 14 13 15 12 11 13 10 9 11 8 7 9 6 5 7 4 3 5 10 9 11 8 7 9 6 5 7 8 7 9 12 11 13 10 9 11 14 13 15 12 11 13 16 15 17 14 13 15 12 11 13 10 9 11 8 7 9
P21-2205uo174nktl E21-1q9kxkx8zwlht ) 19 17 15 13 11 9 7 5 3 1 2 1 3 4 3 5 6 5 7 4 3 5 16 15 17 14 13 15 12 11 13 10 9 11 8 7 9 6 5 7 12 11 13 10 9 11 8 7 9 18 17 19 16 15 17 14 13 15 12 11 13 10 9 11 8 7 9 6 5 7 4 3 5 2 1 3 0 1 4 3 5 2 1 3 6 5 7 8 7 9 14 13 15 12 11 13 10 9 11 8 7 9 6 5 7 4 3 5 16 15 17 14 13 15 12 11 13 10 9 11 18 17 19 16 15 17 14 13 15 12 11 13 10 9 11 8 7 9 6 5 7 4 3 5 2 1 3 8 7 9 6 5 7 4 3 5 10 9 11 12 11 13 14 13 15 16 15 17 18 17 19 16 15 17 14 13 15 12 11 13 10 9 11 8 7 9 6 5 7 8 7 9 10 9 11 12 11 13 14 13 15 12 11 13 10 9 11 8 7 9
P21-2205uo174nktl E21-fg4w6237rs01 ) 19 17 15 13 11 9 7 5 3 1 2 1 3 4 3 5 6 5 7 4 3 5 16 15 17 14 13 15 12 11 13 10 9 11 8 7 9 6 5 7 12 11 13 10 9 11 8 7 9 18 17 19 16 15 17 14 13 15 12 11 13 10 9 11 8 7 9 6 5 7 4 3 5 2 1 3 0 1 4 3 5 2 1 3 14 13 15 12 11 13 10 9 11 8 7 9 6 5 7 4 3 5 6 5 7 8 7 9 10 9 11 12 11 13 16 15 17 14 13 15 18 17 19 16 15 17 14 13 15 12 11 13 10 9 11 8 7 9 6 5 7 4 3 5 2 1 3 12 11 13 10 9 11 8 7 9 6 5 7 4 3 5 18 17 19 16 15 17 14 13 15 12 11 13 10 9 11 8 7 9 6 5 7 8 7 9 10 9 11 14 13 15 12 11 13 16 15 17 14 13 15 12 11 13 10 9 11 8 7 9
P21-2fktyhffn7rs9 E21-2fktyhffn7rs9 ) 19 17 15 13 11 9 7 5 3 1 2 1 3 4 3 5 6 5 7 8 7 9 6 5 7 4 3 5 2 1 3 10 9 11 8 7 9 6 5 7 4 3 5 12 11 13 10 9 11 8 7 9 14 13 15 12 11 13 10 9 11 12 11 13 16 15 17 14 13 15 18 17 19 16 15 17 14 13 15 12 11 13 10 9 11 8 7 9 6 5 7 4 3 5 2 1 3 0 1 8 7 9 6 5 7 4 3 5 2 1 3 10 9 11 12 11 13 10 9 11 8 7 9 6 5 7 4 3 5 2 1 3 6 5 7 8 7 9 10 9 11 12 11 13 14 13 15 16 15 17 14 13 15 12 11 13 10 9 11 8 7 9 6 5 7 4 3 5 10 9 11 12 11 13 18 17 19 16 15 17 14 13 15 12 11 13 10 9 11 8 7 9 6 5 7 4 3 5 2 1 3 10 9 11 8 7 9 6 5 7
P21-3ip8x8zug58f5 E21-7ot5zqqe7ljp ) 19 17 15 13 11 9 7 5 3 1 2 1 3 4 3 5 6 5 7 8 7 9 6 5 7 4 3 5 2 1 3 10 9 11 12 11 13 10 9 11 8 7 9 6 5 7 4 3 5 14 13 15 16 15 17 14 13 15 12 11 13 10 9 11 8 7 9 6 5 7 12 11 13 10 9 11 8 7 9 18 17 19 16 15 17 14 13 15 12 11 13 10 9 11 8 7 9 6 5 7 4 3 5 2 1 3 0 1 4 3 5 2 1 3 6 5 7 4 3 5 6 5 7 8 7 9 10 9 11 12 11 13 14 13 15 16 15 17 14 13 15 12 11 13 10 9 11 8 7 9 6 5 7 18 17 19 16 15 17 14 13 15 12 11 13 10 9 11 8 7 9 6 5 7 4 3 5 2 1 3 4 3 5 12 11 13 10 9 11 8 7 9 6 5 7 16 15 17 14 13 15 12 11 13 10 9 11 8 7 9
P21-2dihiygjvcrad E21-2b0cs4b9ogts9 ) 19 17 15 13 11 9 7 5 3 1 2 1 3 4 3 5 6 5 7 8 7 9 6 5 7 4 3 5 2 1 3 10 9 11 12 11 13 10 9 11 8 7 9 6 5 7 8 7 9 10 9 11 14 13 15 12 11 13 16 15 17 14 13 15 12 11 13 10 9 11 8 7 9 6 5 7 4 3 5 18 17 19 16 15 17 14 13 15 12 11 13 10 9 11 8 7 9 6 5 7 4 3 5 2 1 3 0 1 2 1 3 4 3 5 6 5 7 8 7 9 10 9 11 8 7 9 6 5 7 4 3 5 12 11 13 14 13 15 16 15 17 14 13 15 12 11 13 10 9 11 8 7 9 6 5 7 12 11 13 10 9 11 8 7 9 10 9 11 14 13 15 12 11 13 18 17 19 16 15 17 14 13 15 12 11 13 10 9 11 8 7 9 6 5 7 4 3 5 2 1 3 4 3 5 6 5 7 8 7 9
P21-2167vfh3ce7zh E21-37xbt6nuct7i5 ) 19 17 15 13 11 9 7 5 3 1 2 1 3 4 3 5 6 5 7 8 7 9 6 5 7 4 3 5 2 1 3 10 9 11 12 11 13 10 9 11 8 7 9 6 5 7 8 7 9 10 9 11 14 13 15 12 11 13 16 15 17 14 13 15 18 17 19 16 15 17 14 13 15 12 11 13 10 9 11 8 7 9 6 5 7 4 3 5 2 1 3 0 1 12 11 13 10 9 11 8 7 9 6 5 7 4 3 5 2 1 3 4 3 5 6 5 7 8 7 9 10 9 11 8 7 9 6 5 7 4 3 5 12 11 13 14 13 15 16 15 17 14 13 15 12 11 13 10 9 11 8 7 9 6 5 7 12 11 13 10 9 11 8 7 9 14 13 15 12 11 13 10 9 11 18 17 19 16 15 17 14 13 15 12 11 13 10 9 11 8 7 9 6 5 7 4 3 5 2 1 3 4 3 5 6 5 7 8 7 9
P21-3mv4wynpgdfj9 E21-1vwy09vqei20d ) 19 17 15 13 11 9 7 5 3 1 2 1 3 4 3 5 6 5 7 8 7 9 6 5 7 4 3 5 2 1 3 10 9 11 12 11 13 14 13 15 16 15 17 14 13 15 12 11 13 10 9 11 8 7 9 6 5 7 4 3 5 12 11 13 10 9 11 8 7 9 6 5 7 10 9 11 8 7 9 14 13 15 12 11 13 18 17 19 16 15 17 14 13 15 12 11 13 10 9 11 8 7 9 6 5 7 4 3 5 2 1 3 0 1 2 1 3 4 3 5 6 5 7 8 7 9 10 9 11 12 11 13 14 13 15 16 15 17 18 17 19 16 15 17 14 13 15 12 11 13 10 9 11 8 7 9 6 5 7 4 3 5 2 1 3 14 13 15 12 11 13 10 9 11 8 7 9 6 5 7 4 3 5 8 7 9 6 5 7 10 9 11 12 11 13 10 9 11 8 7 9 16 15 17 14 13 15 12 11 13
P21-2fktyhffn7rs9 E21-qn6sd6n275sh ) 19 17 15 13 11 9 7 5 3 1 2 1 3 4 3 5 6 5 7 8 7 9 6 5 7 4 3 5 2 1 3 10 9 11 14 13 15 12 11 13 18 17 19 16 15 17 14 13 15 12 11 13 10 9 11 8 7 9 6 5 7 4 3 5 2 1 3 0 1 8 7 9 10 9 11 12 11 13 16 15 17 14 13 15 12 11 13 10 9 11 8 7 9 6 5 7 4 3 5 2 1 3 8 7 9 6 5 7 4 3 5 10 9 11 12 11 13 18 17 19 16 15 17 14 13 15 12 11 13 10 9 11 8 7 9 6 5 7 4 3 5 2 1 3 8 7 9 6 5 7 10 9 11 12 11 13 14 13 15 16 15 17 18 17 19 16 15 17 14 13 15 12 11 13 10 9 11 8 7 9 6 5 7 4 3 5 12 11 13 10 9 11 8 7 9 6 5 7 14 13 15 12 11 13 10 9 11 8 7 9
P21-1mebddez821zh E21-1a4clevq8uzsp ) 19 17 15 13 11 9 7 5 3 1 2 1 3 4 3 5 6 5 7 8 7 9 6 5 7 4 3 5 2 1 3 14 13 15 12 11 13 10 9 11 8 7 9 6 5 7 4 3 5 12 11 13 10 9 11 8 7 9 16 15 17 14 13 15 12 11 13 10 9 11 18 17 19 16 15 17 14 13 15 12 11 13 10 9 11 8 7 9 6 5 7 4 3 5 2 1 3 0 1 8 7 9 6 5 7 4 3 5 2 1 3 10 9 11 18 17 19 16 15 17 14 13 15 12 11 13 10 9 11 8 7 9 6 5 7 4 3 5 2 1 3 6 5 7 8 7 9 16 15 17 14 13 15 12 11 13 10 9 11 8 7 9 6 5 7 4 3 5 12 11 13 10 9 11 14 13 15 12 11 13 10 9 11 8 7 9 6 5 7 16 15 17 18 17 19 16 15 17 14 13 15 12 11 13 10 9 11 8 7 9
P21-2205uo174nktl E21-1wr7hb0w4lhel ) 19 17 15 13 11 9 7 5 3 1 2 1 3 4 3 5 6 5 7 8 7 9 6 5 7 4 3 5 2 1 3 18 17 19 16 15 17 14 13 15 12 11 13 10 9 11 8 7 9 6 5 7 4 3 5 2 1 3 0 1 12 11 13 10 9 11 8 7 9 10 9 11 14 13 15 12 11 13 16 15 17 14 13 15 12 11 13 10 9 11 8 7 9 6 5 7 4 3 5 2 1 3 4 3 5 6 5 7 8 7 9 10 9 11 8 7 9 6 5 7 4 3 5 12 11 13 10 9 11 18 17 19 16 15 17 14 13 15 12 11 13 10 9 11 8 7 9 6 5 7 4 3 5 2 1 3 16 15 17 14 13 15 18 17 19 16 15 17 14 13 15 12 11 13 10 9 11 8 7 9 6 5 7 4 3 5 12 11 13 10 9 11 8 7 9 6 5 7 14 13 15 12 11 13 10 9 11 8 7 9
P21-3ip8x8zug58f5 E21-2drqi3y9di1gx ) 19 17 15 13 11 9 7 5 3 1 2 1 3 4 3 5 6 5 7 8 7 9 6 5 7 4 3 5 10 9 11 8 7 9 6 5 7 4 3 5 2 1 3 12 11 13 10 9 11 8 7 9 18 17 19 16 15 17 14 13 15 12 11 13 10 9 11 8 7 9 6 5 7 4 3 5 2 1 3 0 1 16 15 17 14 13 15 12 11 13 10 9 11 8 7 9 6 5 7 4 3 5 2 1 3 14 13 15 12 11 13 10 9 11 8 7 9 6 5 7 4 3 5 6 5 7 8 7 9 10 9 11 12 11 13 10 9 11 8 7 9 18 17 19 16 15 17 14 13 15 12 11 13 10 9 11 8 7 9 6 5 7 4 3 5 2 1 3 16 15 17 14 13 15 12 11 13 18 17 19 16 15 17 14 13 15 12 11 13 10 9 11 8 7 9 6 5 7 4 3 5 10 9 11 8 7 9 6 5 7
P21-2fktyhffn7rs9 E21-37hka791454ct ) 19 17 15 13 11 9 7 5 3 1 2 1 3 4 3 5 6 5 7 8 7 9 6 5 7 4 3 5 10 9 11 8 7 9 12 11 13 10 9 11 8 7 9 6 5 7 14 13 15 16 15 17 14 13 15 12 11 13 18 17 19 16 15 17 14 13 15 12 11 13 10 9 11 8 7 9 6 5 7 4 3 5 2 1 3 0 1 2 1 3 4 3 5 6 5 7 10 9 11 8 7 9 6 5 7 4 3 5 2 1 3 12 11 13 10 9 11 8 7 9 6 5 7 4 3 5 14 13 15 12 11 13 16 15 17 14 13 15 12 11 13 10 9 11 8 7 9 6 5 7 10 9 11 8 7 9 12 11 13 10 9 11 16 15 17 14 13 15 12 11 13 18 17 19 16 15 17 14 13 15 12 11 13 10 9 11 8 7 9 6 5 7 4 3 5 2 1 3 4 3 5 6 5 7 10 9 11 8 7 9
P21-2wyxe08jij93p E21-i17tr69r1iqh ) 19 17 15 13 11 9 7 5 3 1 2 1 3 4 3 5 6 5 7 8 7 9 6 5 7 4 3 5 10 9 11 12 11 13 10 9 11 8 7 9 6 5 7 8 7 9 10 9 11 14 13 15 12 11 13 16 15 17 14 13 15 18 17 19 16 15 17 14 13 15 12 11 13 10 9 11 8 7 9 6 5 7 4 3 5 2 1 3 0 1 4 3 5 2 1 3 12 11 13 10 9 11 8 7 9 6 5 7 4 3 5 2 1 3 6 5 7 8 7 9 10 9 11 8 7 9 6 5 7 4 3 5 14 13 15 12 11 13 10 9 11 8 7 9 6 5 7 14 13 15 12 11 13 16 15 17 14 13 15 12 11 13 10 9 11 8 7 9 10 9 11 12 11 13 18 17 19 16 15 17 14 13 15 12 11 13 10 9 11 8 7 9 6 5 7 4 3 5 2 1 3 6 5 7 4 3 5 8 7 9
P21-3iun234a3wtx9 E21-3iun234a3wtx9 ) 19 17 15 13 11 9 7 5 3 1 2 1 3 4 3 5 6 5 7 8 7 9 6 5 7 4 3 5 10 9 11 12 11 13 10 9 11 8 7 9 6 5 7 14 13 15 16 15 17 14 13 15 12 11 13 10 9 11 8 7 9 18 17 19 16 15 17 14 13 15 12 11 13 10 9 11 8 7 9 6 5 7 4 3 5 2 1 3 0 1 4 3 5 2 1 3 6 5 7 4 3 5 2 1 3 12 11 13 10 9 11 8 7 9 6 5 7 4 3 5 8 7 9 10 9 11 14 13 15 12 11 13 10 9 11 8 7 9 6 5 7 16 15 17 14 13 15 12 11 13 16 15 17 14 13 15 18 17 19 16 15 17 14 13 15 12 11 13 10 9 11 8 7 9 6 5 7 4 3 5 2 1 3 10 9 11 8 7 9 6 5 7 4 3 5 12 11 13 10 9 11 8 7 9 14 13 15 12 11 13
P21-nxsre83j2gnp E21-3v4dqutxib8hh ) 19 17 15 13 11 9 7 5 3 1 2 1 3 4 3 5 6 5 7 8 7 9 6 5 7 4 3 5 10 9 11 12 11 13 14 13 15 16 15 17 14 13 15 12 11 13 10 9 11 8 7 9 6 5 7 12 11 13 10 9 11 8 7 9 10 9 11 14 13 15 12 11 13 18 17 19 16 15 17 14 13 15 12 11 13 10 9 11 8 7 9 6 5 7 4 3 5 2 1 3 0 1 4 3 5 2 1 3 6 5 7 4 3 5 8 7 9 6 5 7 10 9 11 8 7 9 10 9 11 12 11 13 14 13 15 16 15 17 18 17 19 16 15 17 14 13 15 12 11 13 10 9 11 8 7 9 6 5 7 4 3 5 2 1 3 14 13 15 12 11 13 10 9 11 8 7 9 6 5 7 4 3 5 6 5 7 8 7 9 10 9 11 12 11 13 10 9 11 8 7 9 16 15 17 14 13 15 12 11 13
P21-2i6kaiahsqyhd E21-1rakdsm0jv55p ) 19 17 15 13 11 9 7 5 3 1 2 1 3 4 3 5 6 5 7 8 7 9 6 5 7 4 3 5 10 9 11 14 13 15 12 11 13 10 9 11 8 7 9 18 17 19 16 15 17 14 13 15 12 11 13 10 9 11 8 7 9 6 5 7 4 3 5 2 1 3 0 1 2 1 3 4 3 5 6 5 7 4 3 5 8 7 9 12 11 13 10 9 11 8 7 9 6 5 7 16 15 17 14 13 15 12 11 13 10 9 11 8 7 9 6 5 7 4 3 5 2 1 3 14 13 15 12 11 13 10 9 11 18 17 19 16 15 17 14 13 15 12 11 13 10 9 11 8 7 9 6 5 7 4 3 5 2 1 3 18 17 19 16 15 17 14 13 15 12 11 13 10 9 11 8 7 9 6 5 7 4 3 5 8 7 9 6 5 7 10 9 11 12 11 13 16 15 17 14 13 15 12 11 13 10 9 11 8 7 9
P21-2fktyhffn7rs9 E21-1bfmqxp9u6r5x ) 19 17 15 13 11 9 7 5 3 1 2 1 3 4 3 5 6 5 7 8 7 9 6 5 7 4 3 5 10 9 11 14 13 15 12 11 13 18 17 19 16 15 17 14 13 15 12 11 13 10 9 11 8 7 9 6 5 7 4 3 5 2 1 3 0 1 8 7 9 10 9 11 12 11 13 16 15 17 14 13 15 12 11 13 10 9 11 8 7 9 6 5 7 4 3 5 2 1 3 18 17 19 16 15 17 14 13 15 12 11 13 10 9 11 8 7 9 6 5 7 4 3 5 2 1 3 8 7 9 6 5 7 4 3 5 10 9 11 8 7 9 6 5 7 12 11 13 10 9 11 14 13 15 12 11 13 14 13 15 16 15 17 18 17 19 16 15 17 14 13 15 12 11 13 10 9 11 8 7 9 6 5 7 4 3 5 10 9 11 8 7 9 6 5 7 12 11 13 14 13 15 12 11 13 10 9 11 8 7 9
P21-2205uo174nktl E21-12guwrhrqvj6x ) 19 17 15 13 11 9 7 5 3 1 2 1 3 4 3 5 6 5 7 8 7 9 6 5 7 4 3 5 10 9 11 18 17 19 16 15 17 14 13 15 12 11 13 10 9 11 8 7 9 6 5 7 4 3 5 2 1 3 0 1 14 13 15 12 11 13 10 9 11 8 7 9 16 15 17 14 13 15 12 11 13 10 9 11 8 7 9 6 5 7 4 3 5 2 1 3 6 5 7 4 3 5 8 7 9 6 5 7 12 11 13 10 9 11 8 7 9 14 13 15 12 11 13 10 9 11 18 17 19 16 15 17 14 13 15 12 11 13 10 9 11 8 7 9 6 5 7 4 3 5 2 1 3 14 13 15 16 15 17 18 17 19 16 15 17 14 13 15 12 11 13 10 9 11 8 7 9 6 5 7 4 3 5 6 5 7 8 7 9 10 9 11 12 11 13 14 13 15 12 11 13 10 9 11 8 7 9 6 5 7
P21-cnujdxs9gsz1 E21-3h5p8rx1c5gtt ) 19 17 15 13 11 9 7 5 3 1 2 1 3 4 3 5 6 5 7 8 7 9 6 5 7 10 9 11 8 7 9 12 11 13 10 9 11 8 7 9 6 5 7 4 3 5 2 1 3 6 5 7 14 13 15 16 15 17 14 13 15 12 11 13 10 9 11 8 7 9 10 9 11 12 11 13 14 13 15 18 17 19 16 15 17 14 13 15 12 11 13 10 9 11 8 7 9 6 5 7 4 3 5 2 1 3 0 1 6 5 7 4 3 5 2 1 3 4 3 5 6 5 7 8 7 9 10 9 11 8 7 9 6 5 7 4 3 5 12 11 13 10 9 11 8 7 9 6 5 7 14 13 15 12 11 13 10 9 11 8 7 9 16 15 17 14 13 15 12 11 13 10 9 11 18 17 19 16 15 17 14 13 15 12 11 13 10 9 11 8 7 9 6 5 7 4 3 5 2 1 3 8 7 9 6 5 7 4 3 5
P21-cnujdxs9gsz1 E21-3okwjtz77at6h ) 19 17 15 13 11 9 7 5 3 1 2 1 3 4 3 5 6 5 7 8 7 9 6 5 7 10 9 11 8 7 9 12 11 13 10 9 11 18 17 19 16 15 17 14 13 15 12 11 13 10 9 11 8 7 9 6 5 7 4 3 5 2 1 3 0 1 6 5 7 4 3 5 2 1 3 4 3 5 6 5 7 8 7 9 10 9 11 16 15 17 14 13 15 12 11 13 10 9 11 8 7 9 6 5 7 4 3 5 2 1 3 14 13 15 12 11 13 10 9 11 8 7 9 6 5 7 4 3 5 6 5 7 12 11 13 10 9 11 8 7 9 18 17 19 16 15 17 14 13 15 12 11 13 10 9 11 8 7 9 6 5 7 4 3 5 2 1 3 18 17 19 16 15 17 14 13 15 12 11 13 10 9 11 8 7 9 6 5 7 4 3 5 16 15 17 14 13 15 12 11 13 10 9 11 8 7 9 6 5 7
P21-2dihiygjvcrad E21-14lqy3t6wy8n5 ) 19 17 15 13 11 9 7 5 3 1 2 1 3 4 3 5 6 5 7 8 7 9 6 5 7 10 9 11 8 7 9 12 11 13 14 13 15 12 11 13 10 9 11 8 7 9 6 5 7 4 3 5 2 1 3 16 15 17 14 13 15 12 11 13 10 9 11 18 17 19 16 15 17 14 13 15 12 11 13 10 9 11 8 7 9 6 5 7 4 3 5 2 1 3 0 1 8 7 9 6 5 7 4 3 5 2 1 3 10 9 11 8 7 9 6 5 7 4 3 5 6 5 7 8 7 9 12 11 13 10 9 11 14 13 15 12 11 13 10 9 11 8 7 9 16 15 17 14 13 15 12 11 13 10 9 11 8 7 9 6 5 7 4 3 5 6 5 7 8 7 9 16 15 17 14 13 15 12 11 13 10 9 11 18 17 19 16 15 17 14 13 15 12 11 13 10 9 11 8 7 9 6 5 7 4 3 5 2 1 3
P21-3ip8x8zug58f5 E21-2kij9c08zo8r1 ) 19 17 15 13 11 9 7 5 3 1 2 1 3 4 3 5 6 5 7 8 7 9 6 5 7 10 9 11 8 7 9 12 11 13 14 13 15 12 11 13 10 9 11 8 7 9 16 15 17 14 13 15 12 11 13 10 9 11 18 17 19 16 15 17 14 13 15 12 11 13 10 9 11 8 7 9 6 5 7 4 3 5 2 1 3 0 1 6 5 7 4 3 5 2 1 3 8 7 9 6 5 7 4 3 5 2 1 3 10 9 11 8 7 9 6 5 7 4 3 5 8 7 9 6 5 7 12 11 13 10 9 11 14 13 15 12 11 13 10 9 11 8 7 9 16 15 17 14 13 15 12 11 13 10 9 11 8 7 9 6 5 7 4 3 5 6 5 7 8 7 9 16 15 17 14 13 15 12 11 13 10 9 11 18 17 19 16 15 17 14 13 15 12 11 13 10 9 11 8 7 9 6 5 7 4 3 5 2 1 3
P21-1mebddez821zh E21-21xtgasiaex5l ) 19 17 15 13 11 9 7 5 3 1 2 1 3 4 3 5 6 5 7 8 7 9 6 5 7 10 9 11 8 7 9 18 17 19 16 15 17 14 13 15 12 11 13 10 9 11 8 7 9 6 5 7 4 3 5 2 1 3 0 1 6 5 7 4 3 5 2 1 3 14 13 15 12 11 13 10 9 11 8 7 9 6 5 7 4 3 5 16 15 17 14 13 15 12 11 13 10 9 11 8 7 9 6 5 7 4 3 5 2 1 3 12 11 13 10 9 11 8 7 9 10 9 11 14 13 15 12 11 13 18 17 19 16 15 17 14 13 15 12 11 13 10 9 11 8 7 9 6 5 7 4 3 5 2 1 3 6 5 7 8 7 9 10 9 11 8 7 9 16 15 17 14 13 15 12 11 13 10 9 11 18 17 19 16 15 17 14 13 15 12 11 13 10 9 11 8 7 9 6 5 7 4 3 5 8 7 9 6 5 7
P21-1tvpktktnl2it E21-1x59pu47hmw9h ) 19 17 15 13 11 9 7 5 3 1 2 1 3 4 3 5 6 5 7 8 7 9 6 5 7 12 11 13 10 9 11 14 13 15 12 11 13 10 9 11 8 7 9 14 13 15 16 15 17 18 17 19 16 15 17 14 13 15 12 11 13 10 9 11 8 7 9 6 5 7 4 3 5 2 1 3 0 1 6 5 7 4 3 5 2 1 3 8 7 9 10 9 11 12 11 13 14 13 15 12 11 13 10 9 11 8 7 9 6 5 7 4 3 5 2 1 3 6 5 7 4 3 5 8 7 9 10 9 11 8 7 9 6 5 7 16 15 17 14 13 15 12 11 13 10 9 11 8 7 9 6 5 7 4 3 5 14 13 15 12 11 13 10 9 11 16 15 17 14 13 15 12 11 13 18 17 19 16 15 17 14 13 15 12 11 13 10 9 11 8 7 9 6 5 7 4 3 5 2 1 3 8 7 9 10 9 11 12 11 13
P21-1tvpktktnl2it E21-1hktzo7i3bls5 ) 19 17 15 13 11 9 7 5 3 1 2 1 3 4 3 5 6 5 7 8 7 9 6 5 7 14 13 15 12 11 13 10 9 11 8 7 9 12 11 13 10 9 11 14 13 15 16 15 17 18 17 19 16 15 17 14 13 15 12 11 13 10 9 11 8 7 9 6 5 7 4 3 5 2 1 3 0 1 6 5 7 4 3 5 2 1 3 8 7 9 6 5 7 4 3 5 14 13 15 12 11 13 10 9 11 8 7 9 6 5 7 4 3 5 2 1 3 12 11 13 10 9 11 8 7 9 10 9 11 14 13 15 12 11 13 16 15 17 14 13 15 12 11 13 10 9 11 8 7 9 6 5 7 4 3 5 6 5 7 8 7 9 10 9 11 16 15 17 14 13 15 12 11 13 18 17 19 16 15 17 14 13 15 12 11 13 10 9 11 8 7 9 6 5 7 4 3 5 2 1 3 10 9 11 8 7 9 12 11 13
P21-2fktyhffn7rs9 E21-3v700zxlbecml ) 19 17 15 13 11 9 7 5 3 1 2 1 3 4 3 5 6 5 7 8 7 9 10 9 11 8 7 9 6 5 7 4 3 5 2 1 3 6 5 7 4 3 5 12 11 13 10 9 11 8 7 9 14 13 15 12 11 13 10 9 11 12 11 13 16 15 17 14 13 15 18 17 19 16 15 17 14 13 15 12 11 13 10 9 11 8 7 9 6 5 7 4 3 5 2 1 3 0 1 8 7 9 6 5 7 10 9 11 12 11 13 10 9 11 8 7 9 6 5 7 4 3 5 2 1 3 4 3 5 6 5 7 8 7 9 10 9 11 12 11 13 14 13 15 16 15 17 14 13 15 12 11 13 10 9 11 18 17 19 16 15 17 14 13 15 12 11 13 10 9 11 8 7 9 6 5 7 4 3 5 2 1 3 8 7 9 6 5 7 4 3 5 10 9 11 12 11 13 10 9 11 8 7 9 6 5 7 14 13 15
P21-2205uo174nktl E21-m3iyd8wmg4hx ) 19 17 15 13 11 9 7 5 3 1 2 1 3 4 3 5 6 5 7 8 7 9 10 9 11 8 7 9 6 5 7 4 3 5 2 1 3 6 5 7 12 11 13 10 9 11 8 7 9 10 9 11 14 13 15 12 11 13 16 15 17 14 13 15 12 11 13 10 9 11 8 7 9 6 5 7 4 3 5 18 17 19 16 15 17 14 13 15 12 11 13 10 9 11 8 7 9 6 5 7 4 3 5 2 1 3 0 1 2 1 3 4 3 5 6 5 7 8 7 9 10 9 11 8 7 9 6 5 7 4 3 5 12 11 13 10 9 11 8 7 9 14 13 15 12 11 13 16 15 17 14 13 15 12 11 13 10 9 11 18 17 19 16 15 17 14 13 15 12 11 13 10 9 11 8 7 9 6 5 7 4 3 5 2 1 3 8 7 9 6 5 7 4 3 5 10 9 11 8 7 9 6 5 7 12 11 13 14 13 15
P21-2205uo174nktl E21-1jfvru90qgh29 ) 19 17 15 13 11 9 7 5 3 1 2 1 3 4 3 5 6 5 7 8 7 9 10 9 11 8 7 9 6 5 7 4 3 5 2 1 3 18 17 19 16 15 17 14 13 15 12 11 13 10 9 11 8 7 9 6 5 7 4 3 5 2 1 3 0 1 14 13 15 12 11 13 10 9 11 8 7 9 6 5 7 10 9 11 12 11 13 16 15 17 14 13 15 12 11 13 10 9 11 8 7 9 6 5 7 4 3 5 2 1 3 4 3 5 6 5 7 8 7 9 10 9 11 18 17 19 16 15 17 14 13 15 12 11 13 10 9 11 8 7 9 6 5 7 4 3 5 2 1 3 8 7 9 6 5 7 14 13 15 12 11 13 10 9 11 8 7 9 16 15 17 14 13 15 12 11 13 10 9 11 18 17 19 16 15 17 14 13 15 12 11 13 10 9 11 8 7 9 6 5 7 4 3 5 8 7 9 6 5 7
P21-1j8e0cikbv3zt E21-1p1f78y9gcv55 ) 19 17 15 13 11 9 7 5 3 1 2 1 3 4 3 5 6 5 7 8 7 9 10 9 11 8 7 9 6 5 7 4 3 5 6 5 7 12 11 13 10 9 11 8 7 9 14 13 15 12 11 13 10 9 11 12 11 13 16 15 17 14 13 15 18 17 19 16 15 17 14 13 15 12 11 13 10 9 11 8 7 9 6 5 7 4 3 5 2 1 3 0 1 2 1 3 4 3 5 6 5 7 8 7 9 6 5 7 4 3 5 10 9 11 12 11 13 10 9 11 8 7 9 6 5 7 4 3 5 2 1 3 8 7 9 14 13 15 12 11 13 10 9 11 12 11 13 16 15 17 14 13 15 18 17 19 16 15 17 14 13 15 12 11 13 10 9 11 8 7 9 6 5 7 4 3 5 2 1 3 12 11 13 10 9 11 8 7 9 6 5 7 4 3 5 8 7 9 6 5 7 10 9 11 12 11 13 14 13 15
P21-1mebddez821zh E21-ql21lb1l0i65 ) 19 17 15 13 11 9 7 5 3 1 2 1 3 4 3 5 6 5 7 8 7 9 10 9 11 8 7 9 6 5 7 4 3 5 12 11 13 10 9 11 8 7 9 6 5 7 14 13 15 12 11 13 16 15 17 14 13 15 12 11 13 10 9 11 8 7 9 10 9 11 12 11 13 18 17 19 16 15 17 14 13 15 12 11 13 10 9 11 8 7 9 6 5 7 4 3 5 2 1 3 0 1 6 5 7 4 3 5 2 1 3 4 3 5 6 5 7 8 7 9 6 5 7 10 9 11 8 7 9 12 11 13 14 13 15 16 15 17 18 17 19 16 15 17 14 13 15 12 11 13 10 9 11 8 7 9 6 5 7 4 3 5 2 1 3 4 3 5 12 11 13 10 9 11 8 7 9 6 5 7 14 13 15 12 11 13 10 9 11 8 7 9 6 5 7 4 3 5 10 9 11 12 11 13 16 15 17 14 13 15
P21-1tvpktktnl2it E21-3pxlsq8z4k0bt ) 19 17 15 13 11 9 7 5 3 1 2 1 3 4 3 5 6 5 7 8 7 9 10 9 11 8 7 9 6 5 7 4 3 5 12 11 13 10 9 11 8 7 9 14 13 15 12 11 13 16 15 17 14 13 15 12 11 13 10 9 11 18 17 19 16 15 17 14 13 15 12 11 13 10 9 11 8 7 9 6 5 7 4 3 5 2 1 3 0 1 8 7 9 6 5 7 4 3 5 2 1 3 6 5 7 4 3 5 10 9 11 8 7 9 6 5 7 8 7 9 12 11 13 10 9 11 14 13 15 12 11 13 10 9 11 8 7 9 14 13 15 16 15 17 18 17 19 16 15 17 14 13 15 12 11 13 10 9 11 8 7 9 6 5 7 4 3 5 2 1 3 4 3 5 6 5 7 8 7 9 14 13 15 12 11 13 10 9 11 8 7 9 6 5 7 4 3 5 12 11 13 10 9 11 16 15 17 14 13 15
P21-2205uo174nktl E21-3m3tplrovevqp ) 19 17 15 13 11 9 7 5 3 1 2 1 3 4 3 5 6 5 7 8 7 9 10 9 11 8 7 9 6 5 7 4 3 5 12 11 13 10 9 11 8 7 9 14 13 15 12 11 13 16 15 17 14 13 15 12 11 13 10 9 11 18 17 19 16 15 17 14 13 15 12 11 13 10 9 11 8 7 9 6 5 7 4 3 5 2 1 3 0 1 8 7 9 6 5 7 4 3 5 2 1 3 10 9 11 8 7 9 6 5 7 4 3 5 6 5 7 8 7 9 12 11 13 10 9 11 14 13 15 12 11 13 14 13 15 16 15 17 18 17 19 16 15 17 14 13 15 12 11 13 10 9 11 8 7 9 6 5 7 4 3 5 2 1 3 10 9 11 8 7 9 12 11 13 14 13 15 12 11 13 10 9 11 8 7 9 6 5 7 4 3 5 6 5 7 8 7 9 10 9 11 12 11 13 16 15 17 14 13 15
P21-cnujdxs9gsz1 E21-nfko8p9xv9a1 ) 19 17 15 13 11 9 7 5 3 1 2 1 3 4 3 5 6 5 7 8 7 9 10 9 11 8 7 9 6 5 7 4 3 5 12 11 13 10 9 11 14 13 15 12 11 13 10 9 11 8 7 9 6 5 7 16 15 17 14 13 15 12 11 13 10 9 11 8 7 9 18 17 19 16 15 17 14 13 15 12 11 13 10 9 11 8 7 9 6 5 7 4 3 5 2 1 3 0 1 6 5 7 4 3 5 2 1 3 4 3 5 8 7 9 6 5 7 8 7 9 10 9 11 12 11 13 14 13 15 12 11 13 10 9 11 16 15 17 14 13 15 18 17 19 16 15 17 14 13 15 12 11 13 10 9 11 8 7 9 6 5 7 4 3 5 2 1 3 8 7 9 10 9 11 12 11 13 10 9 11 8 7 9 6 5 7 4 3 5 6 5 7 8 7 9 10 9 11 14 13 15 12 11 13 16 15 17 14 13 15
P21-2167vfh3ce7zh E21-3tox5nekrwtsp ) 19 17 15 13 11 9 7 5 3 1 2 1 3 4 3 5 6 5 7 8 7 9 10 9 11 8 7 9 6 5 7 4 3 5 12 11 13 14 13 15 12 11 13 10 9 11 8 7 9 6 5 7 16 15 17 14 13 15 12 11 13 10 9 11 8 7 9 10 9 11 14 13 15 12 11 13 18 17 19 16 15 17 14 13 15 12 11 13 10 9 11 8 7 9 6 5 7 4 3 5 2 1 3 0 1 6 5 7 4 3 5 2 1 3 4 3 5 8 7 9 6 5 7 8 7 9 10 9 11 12 11 13 14 13 15 16 15 17 18 17 19 16 15 17 14 13 15 12 11 13 10 9 11 8 7 9 6 5 7 4 3 5 2 1 3 8 7 9 10 9 11 12 11 13 14 13 15 12 11 13 10 9 11 8 7 9 6 5 7 4 3 5 6 5 7 8 7 9 10 9 11 12 11 13 16 15 17 14 13 15
P21-2205uo174nktl E21-2qyee4xwrp6yl ) 19 17 15 13 11 9 7 5 3 1 2 1 3 4 3 5 6 5 7 8 7 9 10 9 11 8 7 9 6 5 7 4 3 5 18 17 19 16 15 17 14 13 15 12 11 13 10 9 11 8 7 9 6 5 7 4 3 5 2 1 3 0 1 14 13 15 12 11 13 16 15 17 14 13 15 12 11 13 10 9 11 8 7 9 6 5 7 4 3 5 2 1 3 6 5 7 10 9 11 8 7 9 12 11 13 10 9 11 14 13 15 12 11 13 18 17 19 16 15 17 14 13 15 12 11 13 10 9 11 8 7 9 6 5 7 4 3 5 2 1 3 6 5 7 4 3 5 8 7 9 6 5 7 10 9 11 8 7 9 12 11 13 10 9 11 14 13 15 16 15 17 18 17 19 16 15 17 14 13 15 12 11 13 10 9 11 8 7 9 6 5 7 4 3 5 14 13 15 12 11 13 10 9 11 8 7 9 6 5 7
P21-cnujdxs9gsz1 E21-yli4786x0eyp ) 19 17 15 13 11 9 7 5 3 1 2 1 3 4 3 5 6 5 7 8 7 9 10 9 11 8 7 9 6 5 7 12 11 13 10 9 11 14 13 15 12 11 13 16 15 17 14 13 15 18 17 19 16 15 17 14 13 15 12 11 13 10 9 11 8 7 9 6 5 7 4 3 5 2 1 3 0 1 12 11 13 10 9 11 8 7 9 6 5 7 4 3 5 2 1 3 8 7 9 6 5 7 4 3 5 10 9 11 8 7 9 6 5 7 4 3 5 12 11 13 14 13 15 16 15 17 14 13 15 12 11 13 10 9 11 8 7 9 6 5 7 12 11 13 10 9 11 8 7 9 14 13 15 12 11 13 10 9 11 14 13 15 16 15 17 18 17 19 16 15 17 14 13 15 12 11 13 10 9 11 8 7 9 6 5 7 4 3 5 2 1 3 4 3 5 6 5 7 8 7 9 10 9 11 12 11 13 14 13 15
P21-2wyxe08jij93p E21-6g6w3okavg4h ) 19 17 15 13 11 9 7 5 3 1 2 1 3 4 3 5 6 5 7 8 7 9 10 9 11 8 7 9 6 5 7 12 11 13 10 9 11 18 17 19 16 15 17 14 13 15 12 11 13 10 9 11 8 7 9 6 5 7 4 3 5 2 1 3 0 1 16 15 17 14 13 15 12 11 13 10 9 11 8 7 9 6 5 7 4 3 5 2 1 3 4 3 5 8 7 9 6 5 7 18 17 19 16 15 17 14 13 15 12 11 13 10 9 11 8 7 9 6 5 7 4 3 5 2 1 3 14 13 15 12 11 13 10 9 11 8 7 9 6 5 7 4 3 5 12 11 13 10 9 11 8 7 9 14 13 15 16 15 17 14 13 15 12 11 13 10 9 11 18 17 19 16 15 17 14 13 15 12 11 13 10 9 11 8 7 9 6 5 7 4 3 5 8 7 9 6 5 7 10 9 11 12 11 13 16 15 17 14 13 15
P21-1mebddez821zh E21-v6e93kqlfyxt ) 19 17 15 13 11 9 7 5 3 1 2 1 3 4 3 5 6 5 7 8 7 9 10 9 11 8 7 9 6 5 7 12 11 13 10 9 11 18 17 19 16 15 17 14 13 15 12 11 13 10 9 11 8 7 9 6 5 7 4 3 5 2 1 3 0 1 16 15 17 14 13 15 12 11 13 10 9 11 8 7 9 6 5 7 4 3 5 2 1 3 8 7 9 6 5 7 4 3 5 18 17 19 16 15 17 14 13 15 12 11 13 10 9 11 8 7 9 6 5 7 4 3 5 2 1 3 14 13 15 12 11 13 10 9 11 8 7 9 6 5 7 4 3 5 10 9 11 12 11 13 14 13 15 16 15 17 14 13 15 12 11 13 10 9 11 8 7 9 6 5 7 10 9 11 8 7 9 18 17 19 16 15 17 14 13 15 12 11 13 10 9 11 8 7 9 6 5 7 4 3 5 12 11 13 16 15 17 14 13 15
P21-2167vfh3ce7zh E21-3cbbr41h9sp69 ) 19 17 15 13 11 9 7 5 3 1 2 1 3 4 3 5 6 5 7 8 7 9 10 9 11 8 7 9 6 5 7 14 13 15 12 11 13 10 9 11 18 17 19 16 15 17 14 13 15 12 11 13 10 9 11 8 7 9 6 5 7 4 3 5 2 1 3 0 1 16 15 17 14 13 15 12 11 13 10 9 11 8 7 9 6 5 7 4 3 5 2 1 3 8 7 9 6 5 7 4 3 5 18 17 19 16 15 17 14 13 15 12 11 13 10 9 11 8 7 9 6 5 7 4 3 5 2 1 3 12 11 13 10 9 11 8 7 9 6 5 7 14 13 15 12 11 13 10 9 11 8 7 9 16 15 17 14 13 15 12 11 13 10 9 11 14 13 15 16 15 17 18 17 19 16 15 17 14 13 15 12 11 13 10 9 11 8 7 9 6 5 7 4 3 5 6 5 7 8 7 9 10 9 11 12 11 13 14 13 15
P21-nxsre83j2gnp E21-3231c594p4sd5 ) 19 17 15 13 11 9 7 5 3 1 2 1 3 4 3 5 6 5 7 8 7 9 10 9 11 8 7 9 12 11 13 10 9 11 14 13 15 12 11 13 16 15 17 14 13 15 18 17 19 16 15 17 14 13 15 12 11 13 10 9 11 8 7 9 6 5 7 4 3 5 2 1 3 0 1 6 5 7 4 3 5 8 7 9 10 9 11 8 7 9 6 5 7 12 11 13 10 9 11 8 7 9 6 5 7 4 3 5 2 1 3 4 3 5 6 5 7 8 7 9 14 13 15 12 11 13 10 9 11 12 11 13 14 13 15 16 15 17 18 17 19 16 15 17 14 13 15 12 11 13 10 9 11 8 7 9 6 5 7 4 3 5 2 1 3 8 7 9 12 11 13 10 9 11 14 13 15 12 11 13 10 9 11 8 7 9 6 5 7 4 3 5 6 5 7 8 7 9 10 9 11 12 11 13 16 15 17 14 13 15
P21-3eys1dy0eo195 E21-34fb7ops9d9tt ) 19 17 15 13 11 9 7 5 3 1 2 1 3 4 3 5 6 5 7 8 7 9 10 9 11 8 7 9 12 11 13 10 9 11 14 13 15 12 11 13 16 15 17 14 13 15 18 17 19 16 15 17 14 13 15 12 11 13 10 9 11 8 7 9 6 5 7 4 3 5 2 1 3 0 1 6 5 7 8 7 9 10 9 11 8 7 9 6 5 7 4 3 5 2 1 3 6 5 7 4 3 5 12 11 13 10 9 11 8 7 9 6 5 7 4 3 5 2 1 3 14 13 15 16 15 17 14 13 15 12 11 13 10 9 11 8 7 9 6 5 7 4 3 5 12 11 13 10 9 11 8 7 9 6 5 7 14 13 15 12 11 13 10 9 11 8 7 9 14 13 15 16 15 17 18 17 19 16 15 17 14 13 15 12 11 13 10 9 11 8 7 9 6 5 7 4 3 5 2 1 3 12 11 13 10 9 11 14 13 15
P21-3iun234a3wtx9 E21-2s3ar585mr5wp ) 19 17 15 13 11 9 7 5 3 1 2 1 3 4 3 5 6 5 7 8 7 9 10 9 11 8 7 9 12 11 13 10 9 11 18 17 19 16 15 17 14 13 15 12 11 13 10 9 11 8 7 9 6 5 7 4 3 5 2 1 3 0 1 6 5 7 8 7 9 16 15 17 14 13 15 12 11 13 10 9 11 8 7 9 6 5 7 4 3 5 2 1 3 4 3 5 6 5 7 18 17 19 16 15 17 14 13 15 12 11 13 10 9 11 8 7 9 6 5 7 4 3 5 2 1 3 14 13 15 12 11 13 10 9 11 8 7 9 6 5 7 4 3 5 12 11 13 10 9 11 8 7 9 14 13 15 16 15 17 18 17 19 16 15 17 14 13 15 12 11 13 10 9 11 8 7 9 6 5 7 4 3 5 14 13 15 12 11 13 10 9 11 8 7 9 6 5 7 10 9 11 12 11 13 16 15 17 14 13 15
P21-2wyxe08jij93p E21-1szykmhoxth5 ) 19 17 15 13 11 9 7 5 3 1 2 1 3 4 3 5 6 5 7 8 7 9 10 9 11 8 7 9 12 11 13 10 9 11 18 17 19 16 15 17 14 13 15 12 11 13 10 9 11 8 7 9 6 5 7 4 3 5 2 1 3 0 1 6 5 7 8 7 9 16 15 17 14 13 15 12 11 13 10 9 11 8 7 9 6 5 7 4 3 5 2 1 3 6 5 7 4 3 5 18 17 19 16 15 17 14 13 15 12 11 13 10 9 11 8 7 9 6 5 7 4 3 5 2 1 3 14 13 15 12 11 13 10 9 11 8 7 9 6 5 7 4 3 5 12 11 13 10 9 11 8 7 9 16 15 17 14 13 15 12 11 13 10 9 11 8 7 9 6 5 7 14 13 15 16 15 17 18 17 19 16 15 17 14 13 15 12 11 13 10 9 11 8 7 9 6 5 7 4 3 5 10 9 11 12 11 13 14 13 15
P21-1mebddez821zh E21-33c89uvb02jl ) 19 17 15 13 11 9 7 5 3 1 2 1 3 4 3 5 6 5 7 8 7 9 10 9 11 8 7 9 12 11 13 10 9 11 18 17 19 16 15 17 14 13 15 12 11 13 10 9 11 8 7 9 6 5 7 4 3 5 2 1 3 0 1 8 7 9 6 5 7 4 3 5 16 15 17 14 13 15 12 11 13 10 9 11 8 7 9 6 5 7 4 3 5 2 1 3 18 17 19 16 15 17 14 13 15 12 11 13 10 9 11 8 7 9 6 5 7 4 3 5 2 1 3 6 5 7 12 11 13 10 9 11 8 7 9 14 13 15 12 11 13 10 9 11 8 7 9 6 5 7 4 3 5 16 15 17 14 13 15 12 11 13 10 9 11 8 7 9 6 5 7 14 13 15 16 15 17 18 17 19 16 15 17 14 13 15 12 11 13 10 9 11 8 7 9 6 5 7 4 3 5 10 9 11 12 11 13 14 13 15
P21-2wdhca8g2cjbp E21-1am0kxbgc4i7h ) 19 17 15 13 11 9 7 5 3 1 2 1 3 4 3 5 6 5 7 8 7 9 10 9 11 8 7 9 12 11 13 10 9 11 18 17 19 16 15 17 14 13 15 12 11 13 10 9 11 8 7 9 6 5 7 4 3 5 2 1 3 0 1 8 7 9 6 5 7 16 15 17 14 13 15 12 11 13 10 9 11 8 7 9 6 5 7 4 3 5 2 1 3 4 3 5 6 5 7 18 17 19 16 15 17 14 13 15 12 11 13 10 9 11 8 7 9 6 5 7 4 3 5 2 1 3 14 13 15 12 11 13 10 9 11 8 7 9 6 5 7 4 3 5 12 11 13 10 9 11 8 7 9 14 13 15 16 15 17 14 13 15 12 11 13 10 9 11 8 7 9 6 5 7 18 17 19 16 15 17 14 13 15 12 11 13 10 9 11 8 7 9 6 5 7 4 3 5 10 9 11 12 11 13 16 15 17 14 13 15
P21-1mebddez821zh E21-37o2m9s1y67jp ) 19 17 15 13 11 9 7 5 3 1 2 1 3 4 3 5 6 5 7 8 7 9 10 9 11 8 7 9 14 13 15 12 11 13 10 9 11 18 17 19 16 15 17 14 13 15 12 11 13 10 9 11 8 7 9 6 5 7 4 3 5 2 1 3 0 1 8 7 9 6 5 7 16 15 17 14 13 15 12 11 13 10 9 11 8 7 9 6 5 7 4 3 5 2 1 3 4 3 5 6 5 7 8 7 9 12 11 13 10 9 11 18 17 19 16 15 17 14 13 15 12 11 13 10 9 11 8 7 9 6 5 7 4 3 5 2 1 3 8 7 9 6 5 7 14 13 15 12 11 13 10 9 11 8 7 9 16 15 17 14 13 15 12 11 13 10 9 11 18 17 19 16 15 17 14 13 15 12 11 13 10 9 11 8 7 9 6 5 7 4 3 5 6 5 7 8 7 9 10 9 11 12 11 13 16 15 17 14 13 15
P21-3ip8x8zug58f5 E21-8zpusltgy01 ) 19 17 15 13 11 9 7 5 3 1 2 1 3 4 3 5 6 5 7 8 7 9 10 9 11 12 11 13 10 9 11 8 7 9 6 5 7 4 3 5 2 1 3 6 5 7 4 3 5 14 13 15 12 11 13 10 9 11 8 7 9 16 15 17 14 13 15 12 11 13 10 9 11 8 7 9 6 5 7 18 17 19 16 15 17 14 13 15 12 11 13 10 9 11 8 7 9 6 5 7 4 3 5 2 1 3 0 1 4 3 5 2 1 3 6 5 7 4 3 5 14 13 15 12 11 13 10 9 11 8 7 9 6 5 7 8 7 9 10 9 11 12 11 13 14 13 15 16 15 17 18 17 19 16 15 17 14 13 15 12 11 13 10 9 11 8 7 9 6 5 7 4 3 5 2 1 3 14 13 15 12 11 13 10 9 11 8 7 9 6 5 7 4 3 5 10 9 11 8 7 9 16 15 17 14 13 15 12 11 13
P21-2dihiygjvcrad E21-a5r6lf0roft1 ) 19 17 15 13 11 9 7 5 3 1 2 1 3 4 3 5 6 5 7 8 7 9 10 9 11 12 11 13 10 9 11 8 7 9 6 5 7 4 3 5 2 1 3 6 5 7 8 7 9 10 9 11 14 13 15 12 11 13 16 15 17 14 13 15 18 17 19 16 15 17 14 13 15 12 11 13 10 9 11 8 7 9 6 5 7 4 3 5 2 1 3 0 1 12 11 13 10 9 11 8 7 9 6 5 7 4 3 5 2 1 3 4 3 5 6 5 7 8 7 9 10 9 11 8 7 9 6 5 7 4 3 5 12 11 13 14 13 15 12 11 13 10 9 11 8 7 9 6 5 7 16 15 17 14 13 15 12 11 13 10 9 11 8 7 9 14 13 15 12 11 13 10 9 11 18 17 19 16 15 17 14 13 15 12 11 13 10 9 11 8 7 9 6 5 7 4 3 5 2 1 3 6 5 7 4 3 5 8 7 9
P21-2fktyhffn7rs9 E21-ei941wzrahzh ) 19 17 15 13 11 9 7 5 3 1 2 1 3 4 3 5 6 5 7 8 7 9 10 9 11 12 11 13 10 9 11 8 7 9 6 5 7 4 3 5 2 1 3 6 5 7 14 13 15 12 11 13 10 9 11 8 7 9 16 15 17 14 13 15 12 11 13 10 9 11 8 7 9 6 5 7 4 3 5 6 5 7 8 7 9 14 13 15 12 11 13 10 9 11 18 17 19 16 15 17 14 13 15 12 11 13 10 9 11 8 7 9 6 5 7 4 3 5 2 1 3 0 1 2 1 3 4 3 5 6 5 7 8 7 9 6 5 7 16 15 17 14 13 15 12 11 13 10 9 11 8 7 9 12 11 13 10 9 11 14 13 15 16 15 17 18 17 19 16 15 17 14 13 15 12 11 13 10 9 11 8 7 9 6 5 7 4 3 5 2 1 3 6 5 7 4 3 5 8 7 9 10 9 11 12 11 13 14 13 15
P21-cnujdxs9gsz1 E21-2cs62zclj2xtx ) 19 17 15 13 11 9 7 5 3 1 2 1 3 4 3 5 6 5 7 8 7 9 10 9 11 12 11 13 10 9 11 8 7 9 6 5 7 4 3 5 2 1 3 8 7 9 6 5 7 4 3 5 14 13 15 12 11 13 10 9 11 8 7 9 10 9 11 12 11 13 16 15 17 14 13 15 12 11 13 10 9 11 18 17 19 16 15 17 14 13 15 12 11 13 10 9 11 8 7 9 6 5 7 4 3 5 2 1 3 0 1 8 7 9 6 5 7 4 3 5 2 1 3 6 5 7 4 3 5 10 9 11 8 7 9 6 5 7 8 7 9 10 9 11 12 11 13 14 13 15 12 11 13 10 9 11 8 7 9 6 5 7 16 15 17 14 13 15 12 11 13 10 9 11 8 7 9 18 17 19 16 15 17 14 13 15 12 11 13 10 9 11 8 7 9 6 5 7 4 3 5 2 1 3 6 5 7 4 3 5
P21-2205uo174nktl E21-zo2o3wbl4vn1 ) 19 17 15 13 11 9 7 5 3 1 2 1 3 4 3 5 6 5 7 8 7 9 10 9 11 12 11 13 10 9 11 8 7 9 6 5 7 4 3 5 2 1 3 14 13 15 12 11 13 16 15 17 14 13 15 12 11 13 10 9 11 8 7 9 6 5 7 4 3 5 8 7 9 6 5 7 10 9 11 8 7 9 12 11 13 14 13 15 12 11 13 10 9 11 18 17 19 16 15 17 14 13 15 12 11 13 10 9 11 8 7 9 6 5 7 4 3 5 2 1 3 0 1 2 1 3 6 5 7 4 3 5 8 7 9 6 5 7 8 7 9 10 9 11 12 11 13 14 13 15 16 15 17 14 13 15 12 11 13 10 9 11 8 7 9 18 17 19 16 15 17 14 13 15 12 11 13 10 9 11 8 7 9 6 5 7 4 3 5 2 1 3 6 5 7 4 3 5 8 7 9 10 9 11 12 11 13 14 13 15
P21-3gsrh3sjait1t E21-3kq5039854dc9 ) 19 17 15 13 11 9 7 5 3 1 2 1 3 4 3 5 6 5 7 8 7 9 10 9 11 12 11 13 10 9 11 8 7 9 6 5 7 4 3 5 6 5 7 8 7 9 10 9 11 14 13 15 12 11 13 10 9 11 16 15 17 14 13 15 12 11 13 18 17 19 16 15 17 14 13 15 12 11 13 10 9 11 8 7 9 6 5 7 4 3 5 2 1 3 0 1 2 1 3 6 5 7 4 3 5 10 9 11 8 7 9 6 5 7 4 3 5 2 1 3 8 7 9 6 5 7 4 3 5 10 9 11 12 11 13 14 13 15 12 11 13 10 9 11 8 7 9 6 5 7 10 9 11 8 7 9 12 11 13 16 15 17 14 13 15 18 17 19 16 15 17 14 13 15 12 11 13 10 9 11 8 7 9 6 5 7 4 3 5 2 1 3 12 11 13 10 9 11 8 7 9 6 5 7 4 3 5 14 13 15
P21-2wyxe08jij93p E21-17zx3ltjtve21 ) 19 17 15 13 11 9 7 5 3 1 2 1 3 4 3 5 6 5 7 8 7 9 10 9 11 12 11 13 10 9 11 8 7 9 6 5 7 4 3 5 6 5 7 14 13 15 12 11 13 10 9 11 8 7 9 16 15 17 14 13 15 18 17 19 16 15 17 14 13 15 12 11 13 10 9 11 8 7 9 6 5 7 4 3 5 2 1 3 0 1 6 5 7 4 3 5 2 1 3 12 11 13 10 9 11 8 7 9 6 5 7 4 3 5 2 1 3 14 13 15 16 15 17 14 13 15 12 11 13 10 9 11 8 7 9 6 5 7 4 3 5 8 7 9 10 9 11 12 11 13 10 9 11 8 7 9 6 5 7 14 13 15 12 11 13 16 15 17 14 13 15 18 17 19 16 15 17 14 13 15 12 11 13 10 9 11 8 7 9 6 5 7 4 3 5 2 1 3 10 9 11 8 7 9 12 11 13 14 13 15
P21-3gsrh3sjait1t E21-3ephshcnolu21 ) 19 17 15 13 11 9 7 5 3 1 2 1 3 4 3 5 6 5 7 8 7 9 10 9 11 12 11 13 10 9 11 8 7 9 6 5 7 4 3 5 14 13 15 12 11 13 10 9 11 8 7 9 6 5 7 8 7 9 16 15 17 14 13 15 12 11 13 10 9 11 18 17 19 16 15 17 14 13 15 12 11 13 10 9 11 8 7 9 6 5 7 4 3 5 2 1 3 0 1 2 1 3 4 3 5 6 5 7 8 7 9 6 5 7 4 3 5 2 1 3 14 13 15 12 11 13 10 9 11 8 7 9 6 5 7 8 7 9 12 11 13 10 9 11 16 15 17 14 13 15 12 11 13 10 9 11 8 7 9 16 15 17 14 13 15 18 17 19 16 15 17 14 13 15 12 11 13 10 9 11 8 7 9 6 5 7 4 3 5 2 1 3 6 5 7 4 3 5 8 7 9 10 9 11 12 11 13 14 13 15
P21-3gsrh3sjait1t E21-oj9n92owbc9l ) 19 17 15 13 11 9 7 5 3 1 2 1 3 4 3 5 6 5 7 8 7 9 10 9 11 12 11 13 10 9 11 8 7 9 6 5 7 4 3 5 14 13 15 12 11 13 10 9 11 8 7 9 6 5 7 8 7 9 16 15 17 14 13 15 12 11 13 10 9 11 18 17 19 16 15 17 14 13 15 12 11 13 10 9 11 8 7 9 6 5 7 4 3 5 2 1 3 0 1 4 3 5 2 1 3 8 7 9 6 5 7 4 3 5 2 1 3 6 5 7 8 7 9 10 9 11 14 13 15 12 11 13 16 15 17 14 13 15 12 11 13 10 9 11 8 7 9 6 5 7 4 3 5 10 9 11 8 7 9 6 5 7 12 11 13 10 9 11 8 7 9 16 15 17 14 13 15 18 17 19 16 15 17 14 13 15 12 11 13 10 9 11 8 7 9 6 5 7 4 3 5 2 1 3 12 11 13 14 13 15
P21-3eys1dy0eo195 E21-1xggdwnj2b6t5 ) 19 17 15 13 11 9 7 5 3 1 2 1 3 4 3 5 6 5 7 8 7 9 10 9 11 12 11 13 10 9 11 8 7 9 6 5 7 4 3 5 14 13 15 12 11 13 10 9 11 8 7 9 6 5 7 12 11 13 16 15 17 14 13 15 18 17 19 16 15 17 14 13 15 12 11 13 10 9 11 8 7 9 6 5 7 4 3 5 2 1 3 0 1 4 3 5 2 1 3 6 5 7 12 11 13 10 9 11 8 7 9 6 5 7 4 3 5 2 1 3 14 13 15 12 11 13 10 9 11 8 7 9 6 5 7 8 7 9 10 9 11 12 11 13 14 13 15 16 15 17 14 13 15 12 11 13 10 9 11 8 7 9 6 5 7 4 3 5 18 17 19 16 15 17 14 13 15 12 11 13 10 9 11 8 7 9 6 5 7 4 3 5 2 1 3 8 7 9 10 9 11 12 11 13 16 15 17 14 13 15
P21-3eys1dy0eo195 E21-kbxm1dik4und ) 19 17 15 13 11 9 7 5 3 1 2 1 3 4 3 5 6 5 7 8 7 9 10 9 11 12 11 13 10 9 11 8 7 9 6 5 7 4 3 5 18 17 19 16 15 17 14 13 15 12 11 13 10 9 11 8 7 9 6 5 7 4 3 5 2 1 3 0 1 16 15 17 14 13 15 12 11 13 10 9 11 8 7 9 6 5 7 4 3 5 2 1 3 6 5 7 14 13 15 12 11 13 10 9 11 8 7 9 18 17 19 16 15 17 14 13 15 12 11 13 10 9 11 8 7 9 6 5 7 4 3 5 2 1 3 6 5 7 4 3 5 8 7 9 10 9 11 12 11 13 14 13 15 16 15 17 14 13 15 12 11 13 10 9 11 8 7 9 6 5 7 18 17 19 16 15 17 14 13 15 12 11 13 10 9 11 8 7 9 6 5 7 4 3 5 10 9 11 8 7 9 12 11 13 16 15 17 14 13 15
P21-1mebddez821zh E21-x4qjs6qaczlh ) 19 17 15 13 11 9 7 5 3 1 2 1 3 4 3 5 6 5 7 8 7 9 10 9 11 12 11 13 10 9 11 8 7 9 6 5 7 18 17 19 16 15 17 14 13 15 12 11 13 10 9 11 8 7 9 6 5 7 4 3 5 2 1 3 0 1 16 15 17 14 13 15 12 11 13 10 9 11 8 7 9 6 5 7 4 3 5 2 1 3 4 3 5 8 7 9 6 5 7 18 17 19 16 15 17 14 13 15 12 11 13 10 9 11 8 7 9 6 5 7 4 3 5 2 1 3 14 13 15 12 11 13 10 9 11 8 7 9 6 5 7 4 3 5 12 11 13 10 9 11 14 13 15 16 15 17 14 13 15 12 11 13 10 9 11 8 7 9 6 5 7 8 7 9 10 9 11 18 17 19 16 15 17 14 13 15 12 11 13 10 9 11 8 7 9 6 5 7 4 3 5 16 15 17 14 13 15 12 11 13
P21-1tvpktktnl2it E21-1m0xu7lb3jaa9 ) 19 17 15 13 11 9 7 5 3 1 2 1 3 4 3 5 6 5 7 8 7 9 10 9 11 12 11 13 10 9 11 8 7 9 18 17 19 16 15 17 14 13 15 12 11 13 10 9 11 8 7 9 6 5 7 4 3 5 2 1 3 0 1 6 5 7 4 3 5 8 7 9 16 15 17 14 13 15 12 11 13 10 9 11 8 7 9 6 5 7 4 3 5 2 1 3 12 11 13 14 13 15 18 17 19 16 15 17 14 13 15 12 11 13 10 9 11 8 7 9 6 5 7 4 3 5 2 1 3 6 5 7 10 9 11 8 7 9 12 11 13 10 9 11 8 7 9 6 5 7 4 3 5 12 11 13 14 13 15 16 15 17 14 13 15 12 11 13 10 9 11 8 7 9 6 5 7 18 17 19 16 15 17 14 13 15 12 11 13 10 9 11 8 7 9 6 5 7 4 3 5 10 9 11 12 11 13 14 13 15
P21-2wyxe08jij93p E21-29mxai3inaksp ) 19 17 15 13 11 9 7 5 3 1 2 1 3 4 3 5 6 5 7 8 7 9 10 9 11 12 11 13 10 9 11 8 7 9 18 17 19 16 15 17 14 13 15 12 11 13 10 9 11 8 7 9 6 5 7 4 3 5 2 1 3 0 1 6 5 7 8 7 9 16 15 17 14 13 15 12 11 13 10 9 11 8 7 9 6 5 7 4 3 5 2 1 3 4 3 5 6 5 7 18 17 19 16 15 17 14 13 15 12 11 13 10 9 11 8 7 9 6 5 7 4 3 5 2 1 3 14 13 15 12 11 13 10 9 11 8 7 9 6 5 7 4 3 5 12 11 13 10 9 11 8 7 9 16 15 17 14 13 15 12 11 13 10 9 11 8 7 9 6 5 7 16 15 17 14 13 15 18 17 19 16 15 17 14 13 15 12 11 13 10 9 11 8 7 9 6 5 7 4 3 5 10 9 11 12 11 13 14 13 15
P21-1tvpktktnl2it E21-12hobazscsgtd ) 19 17 15 13 11 9 7 5 3 1 2 1 3 4 3 5 6 5 7 8 7 9 10 9 11 12 11 13 18 17 19 16 15 17 14 13 15 12 11 13 10 9 11 8 7 9 6 5 7 4 3 5 2 1 3 0 1 2 1 3 8 7 9 6 5 7 4 3 5 16 15 17 14 13 15 12 11 13 10 9 11 8 7 9 6 5 7 4 3 5 2 1 3 10 9 11 8 7 9 6 5 7 12 11 13 10 9 11 14 13 15 12 11 13 18 17 19 16 15 17 14 13 15 12 11 13 10 9 11 8 7 9 6 5 7 4 3 5 2 1 3 10 9 11 8 7 9 6 5 7 4 3 5 8 7 9 16 15 17 14 13 15 12 11 13 10 9 11 14 13 15 12 11 13 18 17 19 16 15 17 14 13 15 12 11 13 10 9 11 8 7 9 6 5 7 4 3 5 8 7 9 6 5 7 10 9 11 12 11 13
P21-1mebddez821zh E21-ry7o6emqn78d ) 19 17 15 13 11 9 7 5 3 1 2 1 3 4 3 5 6 5 7 8 7 9 10 9 11 12 11 13 18 17 19 16 15 17 14 13 15 12 11 13 10 9 11 8 7 9 6 5 7 4 3 5 2 1 3 0 1 8 7 9 6 5 7 16 15 17 14 13 15 12 11 13 10 9 11 8 7 9 6 5 7 4 3 5 2 1 3 4 3 5 6 5 7 10 9 11 8 7 9 12 11 13 14 13 15 12 11 13 10 9 11 18 17 19 16 15 17 14 13 15 12 11 13 10 9 11 8 7 9 6 5 7 4 3 5 2 1 3 8 7 9 6 5 7 4 3 5 6 5 7 10 9 11 8 7 9 14 13 15 12 11 13 10 9 11 16 15 17 14 13 15 12 11 13 18 17 19 16 15 17 14 13 15 12 11 13 10 9 11 8 7 9 6 5 7 4 3 5 10 9 11 8 7 9 6 5 7 12 11 13
P21-2205uo174nktl E21-2k7w97mrmapi9 ) 19 17 15 13 11 9 7 5 3 1 2 1 3 4 3 5 6 5 7 8 7 9 10 9 11 12 11 13 18 17 19 16 15 17 14 13 15 12 11 13 10 9 11 8 7 9 6 5 7 4 3 5 2 1 3 0 1 16 15 17 14 13 15 12 11 13 10 9 11 8 7 9 6 5 7 4 3 5 2 1 3 8 7 9 6 5 7 4 3 5 6 5 7 10 9 11 8 7 9 12 11 13 10 9 11 14 13 15 12 11 13 10 9 11 8 7 9 6 5 7 18 17 19 16 15 17 14 13 15 12 11 13 10 9 11 8 7 9 6 5 7 4 3 5 2 1 3 4 3 5 6 5 7 8 7 9 16 15 17 14 13 15 12 11 13 10 9 11 14 13 15 12 11 13 18 17 19 16 15 17 14 13 15 12 11 13 10 9 11 8 7 9 6 5 7 4 3 5 8 7 9 6 5 7 10 9 11 12 11 13
P21-nxsre83j2gnp E21-29l6z9od03ypl ) 19 17 15 13 11 9 7 5 3 1 2 1 3 4 3 5 6 5 7 8 7 9 10 9 11 12 11 13 18 17 19 16 15 17 14 13 15 12 11 13 10 9 11 8 7 9 6 5 7 4 3 5 2 1 3 0 1 16 15 17 14 13 15 12 11 13 10 9 11 8 7 9 6 5 7 4 3 5 2 1 3 8 7 9 6 5 7 4 3 5 10 9 11 12 11 13 18 17 19 16 15 17 14 13 15 12 11 13 10 9 11 8 7 9 6 5 7 4 3 5 2 1 3 8 7 9 10 9 11 12 11 13 14 13 15 12 11 13 10 9 11 8 7 9 6 5 7 4 3 5 6 5 7 8 7 9 16 15 17 18 17 19 16 15 17 14 13 15 12 11 13 10 9 11 8 7 9 6 5 7 4 3 5 14 13 15 12 11 13 10 9 11 8 7 9 6 5 7 16 15 17 14 13 15 12 11 13 10 9 11
P21-3gsrh3sjait1t E21-1g1tx3bpimq11 ) 19 17 15 13 11 9 7 5 3 1 2 1 3 4 3 5 6 5 7 8 7 9 10 9 11 12 11 13 18 17 19 16 15 17 14 13 15 12 11 13 10 9 11 8 7 9 6 5 7 4 3 5 2 1 3 0 1 16 15 17 14 13 15 12 11 13 10 9 11 8 7 9 6 5 7 4 3 5 2 1 3 8 7 9 6 5 7 10 9 11 14 13 15 12 11 13 10 9 11 8 7 9 6 5 7 4 3 5 18 17 19 16 15 17 14 13 15 12 11 13 10 9 11 8 7 9 6 5 7 4 3 5 2 1 3 8 7 9 12 11 13 10 9 11 16 15 17 14 13 15 12 11 13 14 13 15 16 15 17 18 17 19 16 15 17 14 13 15 12 11 13 10 9 11 8 7 9 6 5 7 4 3 5 6 5 7 8 7 9 10 9 11 8 7 9 6 5 7 12 11 13 10 9 11 14 13 15 12 11 13
P21-3eys1dy0eo195 E21-2ubafew230fgd ) 19 17 15 13 11 9 7 5 3 1 2 1 3 4 3 5 6 5 7 8 7 9 10 9 11 12 11 13 18 17 19 16 15 17 14 13 15 12 11 13 10 9 11 8 7 9 6 5 7 4 3 5 2 1 3 0 1 16 15 17 14 13 15 12 11 13 10 9 11 8 7 9 6 5 7 4 3 5 2 1 3 8 7 9 10 9 11 14 13 15 12 11 13 10 9 11 8 7 9 6 5 7 4 3 5 8 7 9 6 5 7 18 17 19 16 15 17 14 13 15 12 11 13 10 9 11 8 7 9 6 5 7 4 3 5 2 1 3 12 11 13 10 9 11 16 15 17 14 13 15 12 11 13 14 13 15 16 15 17 18 17 19 16 15 17 14 13 15 12 11 13 10 9 11 8 7 9 6 5 7 4 3 5 10 9 11 8 7 9 6 5 7 8 7 9 10 9 11 12 11 13 10 9 11 14 13 15 12 11 13
P21-cnujdxs9gsz1 E21-3nnk44nh7ou5t ) 19 17 15 13 11 9 7 5 3 1 2 1 3 4 3 5 6 5 7 8 7 9 10 9 11 12 11 13 18 17 19 16 15 17 14 13 15 12 11 13 10 9 11 8 7 9 6 5 7 4 3 5 2 1 3 0 1 16 15 17 14 13 15 12 11 13 10 9 11 8 7 9 6 5 7 4 3 5 2 1 3 10 9 11 8 7 9 6 5 7 4 3 5 12 11 13 18 17 19 16 15 17 14 13 15 12 11 13 10 9 11 8 7 9 6 5 7 4 3 5 2 1 3 8 7 9 10 9 11 12 11 13 14 13 15 12 11 13 10 9 11 8 7 9 6 5 7 4 3 5 6 5 7 8 7 9 16 15 17 14 13 15 12 11 13 10 9 11 8 7 9 6 5 7 18 17 19 16 15 17 14 13 15 12 11 13 10 9 11 8 7 9 6 5 7 4 3 5 16 15 17 14 13 15 12 11 13 10 9 11
P21-2i6kaiahsqyhd E21-1q6vnrvio1c4p ) 19 17 15 13 11 9 7 5 3 1 2 1 3 4 3 5 6 5 7 8 7 9 10 9 11 14 13 15 12 11 13 10 9 11 8 7 9 6 5 7 4 3 5 2 1 3 6 5 7 8 7 9 16 15 17 14 13 15 12 11 13 10 9 11 8 7 9 12 11 13 10 9 11 16 15 17 14 13 15 18 17 19 16 15 17 14 13 15 12 11 13 10 9 11 8 7 9 6 5 7 4 3 5 2 1 3 0 1 6 5 7 4 3 5 2 1 3 4 3 5 8 7 9 6 5 7 8 7 9 10 9 11 12 11 13 10 9 11 8 7 9 6 5 7 4 3 5 14 13 15 12 11 13 16 15 17 14 13 15 18 17 19 16 15 17 14 13 15 12 11 13 10 9 11 8 7 9 6 5 7 4 3 5 2 1 3 10 9 11 8 7 9 6 5 7 12 11 13 10 9 11 8 7 9 14 13 15 12 11 13
P21-2205uo174nktl E21-2v6sinlgps7ph ) 19 17 15 13 11 9 7 5 3 1 2 1 3 4 3 5 6 5 7 8 7 9 10 9 11 14 13 15 12 11 13 10 9 11 8 7 9 6 5 7 8 7 9 16 15 17 14 13 15 12 11 13 10 9 11 16 15 17 14 13 15 12 11 13 18 17 19 16 15 17 14 13 15 12 11 13 10 9 11 8 7 9 6 5 7 4 3 5 2 1 3 0 1 8 7 9 6 5 7 4 3 5 2 1 3 4 3 5 6 5 7 8 7 9 10 9 11 8 7 9 6 5 7 12 11 13 10 9 11 8 7 9 14 13 15 12 11 13 10 9 11 16 15 17 14 13 15 12 11 13 18 17 19 16 15 17 14 13 15 12 11 13 10 9 11 8 7 9 6 5 7 4 3 5 2 1 3 4 3 5 6 5 7 8 7 9 6 5 7 10 9 11 8 7 9 12 11 13 10 9 11 16 15 17 14 13 15 12 11 13
P21-3eys1dy0eo195 E21-1kilr3z72opy1 ) 19 17 15 13 11 9 7 5 3 1 2 1 3 4 3 5 6 5 7 8 7 9 10 9 11 14 13 15 12 11 13 18 17 19 16 15 17 14 13 15 12 11 13 10 9 11 8 7 9 6 5 7 4 3 5 2 1 3 0 1 2 1 3 10 9 11 8 7 9 6 5 7 4 3 5 16 15 17 14 13 15 12 11 13 10 9 11 8 7 9 6 5 7 4 3 5 2 1 3 18 17 19 16 15 17 14 13 15 12 11 13 10 9 11 8 7 9 6 5 7 4 3 5 2 1 3 12 11 13 10 9 11 8 7 9 6 5 7 14 13 15 12 11 13 10 9 11 8 7 9 14 13 15 16 15 17 18 17 19 16 15 17 14 13 15 12 11 13 10 9 11 8 7 9 6 5 7 4 3 5 6 5 7 8 7 9 14 13 15 12 11 13 10 9 11 8 7 9 16 15 17 14 13 15 12 11 13 10 9 11
P21-cnujdxs9gsz1 E21-2g3f1xzyn7wr5 ) 19 17 15 13 11 9 7 5 3 1 2 1 3 4 3 5 6 5 7 8 7 9 10 9 11 16 15 17 14 13 15 12 11 13 14 13 15 16 15 17 18 17 19 16 15 17 14 13 15 12 11 13 10 9 11 8 7 9 6 5 7 4 3 5 2 1 3 0 1 2 1 3 4 3 5 8 7 9 6 5 7 10 9 11 8 7 9 6 5 7 4 3 5 2 1 3 12 11 13 10 9 11 8 7 9 6 5 7 4 3 5 14 13 15 12 11 13 10 9 11 8 7 9 6 5 7 14 13 15 12 11 13 10 9 11 8 7 9 16 15 17 14 13 15 12 11 13 10 9 11 18 17 19 16 15 17 14 13 15 12 11 13 10 9 11 8 7 9 6 5 7 4 3 5 2 1 3 4 3 5 6 5 7 8 7 9 6 5 7 16 15 17 14 13 15 12 11 13 10 9 11 8 7 9 12 11 13 10 9 11
P21-2dihiygjvcrad E21-xqjabb288lfd ) 19 17 15 13 11 9 7 5 3 1 2 1 3 4 3 5 6 5 7 8 7 9 10 9 11 18 17 19 16 15 17 14 13 15 12 11 13 10 9 11 8 7 9 6 5 7 4 3 5 2 1 3 0 1 2 1 3 14 13 15 12 11 13 10 9 11 8 7 9 6 5 7 4 3 5 6 5 7 8 7 9 10 9 11 16 15 17 14 13 15 12 11 13 10 9 11 8 7 9 6 5 7 4 3 5 2 1 3 18 17 19 16 15 17 14 13 15 12 11 13 10 9 11 8 7 9 6 5 7 4 3 5 2 1 3 12 11 13 16 15 17 14 13 15 18 17 19 16 15 17 14 13 15 12 11 13 10 9 11 8 7 9 6 5 7 4 3 5 10 9 11 8 7 9 6 5 7 12 11 13 10 9 11 8 7 9 6 5 7 14 13 15 12 11 13 10 9 11 8 7 9 16 15 17 14 13 15 12 11 13
P21-2167vfh3ce7zh E21-1m248uf4u9wz5 ) 19 17 15 13 11 9 7 5 3 1 2 1 3 4 3 5 6 5 7 8 7 9 10 9 11 18 17 19 16 15 17 14 13 15 12 11 13 10 9 11 8 7 9 6 5 7 4 3 5 2 1 3 0 1 2 1 3 14 13 15 12 11 13 10 9 11 8 7 9 6 5 7 4 3 5 8 7 9 6 5 7 10 9 11 16 15 17 14 13 15 12 11 13 10 9 11 8 7 9 6 5 7 4 3 5 2 1 3 18 17 19 16 15 17 14 13 15 12 11 13 10 9 11 8 7 9 6 5 7 4 3 5 2 1 3 12 11 13 14 13 15 16 15 17 18 17 19 16 15 17 14 13 15 12 11 13 10 9 11 8 7 9 6 5 7 4 3 5 10 9 11 8 7 9 6 5 7 12 11 13 10 9 11 8 7 9 14 13 15 12 11 13 10 9 11 8 7 9 6 5 7 16 15 17 14 13 15 12 11 13
P21-3mv4wynpgdfj9 E21-1afqle4gk9u1p ) 19 17 15 13 11 9 7 5 3 1 2 1 3 4 3 5 6 5 7 8 7 9 10 9 11 18 17 19 16 15 17 14 13 15 12 11 13 10 9 11 8 7 9 6 5 7 4 3 5 2 1 3 0 1 6 5 7 4 3 5 2 1 3 4 3 5 6 5 7 8 7 9 10 9 11 14 13 15 12 11 13 10 9 11 8 7 9 6 5 7 16 15 17 14 13 15 12 11 13 10 9 11 8 7 9 6 5 7 4 3 5 2 1 3 4 3 5 12 11 13 10 9 11 8 7 9 6 5 7 18 17 19 16 15 17 14 13 15 12 11 13 10 9 11 8 7 9 6 5 7 4 3 5 2 1 3 18 17 19 16 15 17 14 13 15 12 11 13 10 9 11 8 7 9 6 5 7 4 3 5 16 15 17 14 13 15 12 11 13 10 9 11 8 7 9 6 5 7 14 13 15 12 11 13 10 9 11 8 7 9
P21-2fktyhffn7rs9 E21-m24a4xsxdf39 ) 19 17 15 13 11 9 7 5 3 1 2 1 3 4 3 5 6 5 7 8 7 9 10 9 11 18 17 19 16 15 17 14 13 15 12 11 13 10 9 11 8 7 9 6 5 7 4 3 5 2 1 3 0 1 8 7 9 6 5 7 4 3 5 2 1 3 14 13 15 12 11 13 10 9 11 8 7 9 6 5 7 4 3 5 6 5 7 12 11 13 10 9 11 8 7 9 16 15 17 14 13 15 12 11 13 10 9 11 8 7 9 6 5 7 4 3 5 2 1 3 14 13 15 12 11 13 10 9 11 18 17 19 16 15 17 14 13 15 12 11 13 10 9 11 8 7 9 6 5 7 4 3 5 2 1 3 6 5 7 8 7 9 10 9 11 16 15 17 14 13 15 12 11 13 18 17 19 16 15 17 14 13 15 12 11 13 10 9 11 8 7 9 6 5 7 4 3 5 10 9 11 8 7 9 6 5 7 12 11 13
P21-w837vcuob3jt E21-ouh4k848scxh ) 19 17 15 13 11 9 7 5 3 1 2 1 3 4 3 5 6 5 7 8 7 9 12 11 13 10 9 11 8 7 9 6 5 7 4 3 5 14 13 15 12 11 13 10 9 11 18 17 19 16 15 17 14 13 15 12 11 13 10 9 11 8 7 9 6 5 7 4 3 5 2 1 3 0 1 2 1 3 8 7 9 6 5 7 4 3 5 10 9 11 16 15 17 14 13 15 12 11 13 10 9 11 8 7 9 6 5 7 4 3 5 2 1 3 8 7 9 6 5 7 14 13 15 12 11 13 10 9 11 8 7 9 12 11 13 10 9 11 18 17 19 16 15 17 14 13 15 12 11 13 10 9 11 8 7 9 6 5 7 4 3 5 2 1 3 6 5 7 8 7 9 16 15 17 14 13 15 18 17 19 16 15 17 14 13 15 12 11 13 10 9 11 8 7 9 6 5 7 4 3 5 12 11 13 10 9 11 14 13 15
P21-3gsrh3sjait1t E21-jjoznhcv1usp ) 19 17 15 13 11 9 7 5 3 1 2 1 3 4 3 5 6 5 7 8 7 9 12 11 13 10 9 11 8 7 9 14 13 15 12 11 13 10 9 11 14 13 15 16 15 17 18 17 19 16 15 17 14 13 15 12 11 13 10 9 11 8 7 9 6 5 7 4 3 5 2 1 3 0 1 8 7 9 6 5 7 4 3 5 2 1 3 4 3 5 6 5 7 8 7 9 10 9 11 8 7 9 12 11 13 10 9 11 14 13 15 12 11 13 10 9 11 8 7 9 6 5 7 4 3 5 2 1 3 4 3 5 8 7 9 6 5 7 16 15 17 14 13 15 12 11 13 10 9 11 8 7 9 6 5 7 4 3 5 18 17 19 16 15 17 14 13 15 12 11 13 10 9 11 8 7 9 6 5 7 4 3 5 2 1 3 14 13 15 12 11 13 10 9 11 8 7 9 16 15 17 14 13 15 12 11 13 10 9 11
P21-3gsrh3sjait1t E21-2643ff7vativt ) 19 17 15 13 11 9 7 5 3 1 2 1 3 4 3 5 6 5 7 8 7 9 12 11 13 10 9 11 8 7 9 16 15 17 14 13 15 12 11 13 10 9 11 14 13 15 16 15 17 18 17 19 16 15 17 14 13 15 12 11 13 10 9 11 8 7 9 6 5 7 4 3 5 2 1 3 0 1 2 1 3 6 5 7 4 3 5 8 7 9 6 5 7 4 3 5 2 1 3 8 7 9 10 9 11 12 11 13 10 9 11 8 7 9 6 5 7 4 3 5 14 13 15 12 11 13 10 9 11 8 7 9 6 5 7 16 15 17 14 13 15 12 11 13 10 9 11 8 7 9 18 17 19 16 15 17 14 13 15 12 11 13 10 9 11 8 7 9 6 5 7 4 3 5 2 1 3 4 3 5 6 5 7 8 7 9 14 13 15 12 11 13 10 9 11 8 7 9 16 15 17 14 13 15 12 11 13 10 9 11
P21-2fktyhffn7rs9 E21-1dvb3dr3d9bmh ) 19 17 15 13 11 9 7 5 3 1 2 1 3 4 3 5 6 5 7 8 7 9 12 11 13 10 9 11 14 13 15 12 11 13 10 9 11 8 7 9 6 5 7 4 3 5 2 1 3 6 5 7 8 7 9 16 15 17 14 13 15 12 11 13 10 9 11 8 7 9 6 5 7 4 3 5 6 5 7 16 15 17 14 13 15 12 11 13 10 9 11 8 7 9 14 13 15 12 11 13 10 9 11 18 17 19 16 15 17 14 13 15 12 11 13 10 9 11 8 7 9 6 5 7 4 3 5 2 1 3 0 1 2 1 3 4 3 5 6 5 7 4 3 5 8 7 9 6 5 7 10 9 11 8 7 9 12 11 13 10 9 11 14 13 15 16 15 17 14 13 15 12 11 13 18 17 19 16 15 17 14 13 15 12 11 13 10 9 11 8 7 9 6 5 7 4 3 5 2 1 3 8 7 9 10 9 11 12 11 13
P21-1tvpktktnl2it E21-4ctj9vpyo5mx ) 19 17 15 13 11 9 7 5 3 1 2 1 3 4 3 5 6 5 7 8 7 9 12 11 13 10 9 11 14 13 15 12 11 13 10 9 11 8 7 9 6 5 7 4 3 5 2 1 3 8 7 9 6 5 7 14 13 15 16 15 17 18 17 19 16 15 17 14 13 15 12 11 13 10 9 11 8 7 9 6 5 7 4 3 5 2 1 3 0 1 10 9 11 12 11 13 14 13 15 12 11 13 10 9 11 8 7 9 6 5 7 4 3 5 2 1 3 4 3 5 6 5 7 8 7 9 10 9 11 8 7 9 6 5 7 16 15 17 14 13 15 12 11 13 10 9 11 8 7 9 6 5 7 4 3 5 14 13 15 12 11 13 10 9 11 16 15 17 14 13 15 12 11 13 18 17 19 16 15 17 14 13 15 12 11 13 10 9 11 8 7 9 6 5 7 4 3 5 2 1 3 8 7 9 10 9 11 12 11 13
P21-3gsrh3sjait1t E21-187z8kx01titl ) 19 17 15 13 11 9 7 5 3 1 2 1 3 4 3 5 6 5 7 8 7 9 12 11 13 10 9 11 14 13 15 12 11 13 10 9 11 8 7 9 6 5 7 4 3 5 6 5 7 8 7 9 10 9 11 14 13 15 12 11 13 10 9 11 16 15 17 14 13 15 12 11 13 18 17 19 16 15 17 14 13 15 12 11 13 10 9 11 8 7 9 6 5 7 4 3 5 2 1 3 0 1 2 1 3 6 5 7 4 3 5 10 9 11 8 7 9 6 5 7 4 3 5 2 1 3 8 7 9 6 5 7 10 9 11 8 7 9 12 11 13 10 9 11 14 13 15 12 11 13 16 15 17 14 13 15 12 11 13 10 9 11 8 7 9 6 5 7 4 3 5 18 17 19 16 15 17 14 13 15 12 11 13 10 9 11 8 7 9 6 5 7 4 3 5 2 1 3 8 7 9 10 9 11 12 11 13 14 13 15
P21-3eys1dy0eo195 E21-1fhqsmlld4uex ) 19 17 15 13 11 9 7 5 3 1 2 1 3 4 3 5 6 5 7 8 7 9 12 11 13 10 9 11 14 13 15 12 11 13 14 13 15 16 15 17 18 17 19 16 15 17 14 13 15 12 11 13 10 9 11 8 7 9 6 5 7 4 3 5 2 1 3 0 1 8 7 9 6 5 7 4 3 5 2 1 3 10 9 11 8 7 9 6 5 7 4 3 5 10 9 11 12 11 13 14 13 15 12 11 13 10 9 11 8 7 9 6 5 7 4 3 5 2 1 3 10 9 11 8 7 9 12 11 13 10 9 11 16 15 17 14 13 15 12 11 13 14 13 15 16 15 17 18 17 19 16 15 17 14 13 15 12 11 13 10 9 11 8 7 9 6 5 7 4 3 5 2 1 3 6 5 7 8 7 9 10 9 11 8 7 9 6 5 7 4 3 5 12 11 13 10 9 11 8 7 9 14 13 15 12 11 13 10 9 11
P21-w837vcuob3jt E21-ivc3f5p84d5d ) 19 17 15 13 11 9 7 5 3 1 2 1 3 4 3 5 6 5 7 8 7 9 14 13 15 12 11 13 10 9 11 8 7 9 6 5 7 4 3 5 12 11 13 10 9 11 14 13 15 16 15 17 18 17 19 16 15 17 14 13 15 12 11 13 10 9 11 8 7 9 6 5 7 4 3 5 2 1 3 0 1 2 1 3 4 3 5 8 7 9 6 5 7 10 9 11 14 13 15 12 11 13 10 9 11 8 7 9 6 5 7 4 3 5 2 1 3 16 15 17 14 13 15 12 11 13 10 9 11 8 7 9 6 5 7 4 3 5 8 7 9 12 11 13 10 9 11 14 13 15 16 15 17 18 17 19 16 15 17 14 13 15 12 11 13 10 9 11 8 7 9 6 5 7 4 3 5 2 1 3 8 7 9 6 5 7 14 13 15 12 11 13 10 9 11 8 7 9 12 11 13 10 9 11 16 15 17 14 13 15
P21-3ip8x8zug58f5 E21-3ke51b361p2yl ) 19 17 15 13 11 9 7 5 3 1 2 1 3 4 3 5 6 5 7 8 7 9 16 15 17 14 13 15 12 11 13 10 9 11 18 17 19 16 15 17 14 13 15 12 11 13 10 9 11 8 7 9 6 5 7 4 3 5 2 1 3 0 1 8 7 9 6 5 7 4 3 5 2 1 3 4 3 5 10 9 11 8 7 9 6 5 7 14 13 15 12 11 13 10 9 11 8 7 9 6 5 7 12 11 13 10 9 11 8 7 9 16 15 17 14 13 15 12 11 13 10 9 11 18 17 19 16 15 17 14 13 15 12 11 13 10 9 11 8 7 9 6 5 7 4 3 5 2 1 3 4 3 5 6 5 7 8 7 9 6 5 7 4 3 5 16 15 17 14 13 15 18 17 19 16 15 17 14 13 15 12 11 13 10 9 11 8 7 9 6 5 7 12 11 13 10 9 11 8 7 9 14 13 15 12 11 13 10 9 11
P21-2dihiygjvcrad E21-2irg6v2d073cp ) 19 17 15 13 11 9 7 5 3 1 2 1 3 4 3 5 6 5 7 8 7 9 16 15 17 14 13 15 12 11 13 10 9 11 18 17 19 16 15 17 14 13 15 12 11 13 10 9 11 8 7 9 6 5 7 4 3 5 2 1 3 0 1 8 7 9 6 5 7 4 3 5 2 1 3 4 3 5 14 13 15 12 11 13 10 9 11 8 7 9 6 5 7 10 9 11 8 7 9 12 11 13 10 9 11 16 15 17 14 13 15 12 11 13 18 17 19 16 15 17 14 13 15 12 11 13 10 9 11 8 7 9 6 5 7 4 3 5 2 1 3 4 3 5 8 7 9 6 5 7 10 9 11 8 7 9 6 5 7 4 3 5 12 11 13 16 15 17 14 13 15 18 17 19 16 15 17 14 13 15 12 11 13 10 9 11 8 7 9 6 5 7 12 11 13 10 9 11 8 7 9 14 13 15 12 11 13 10 9 11
P21-2wyxe08jij93p E21-2c9r798yv2l0p ) 19 17 15 13 11 9 7 5 3 1 2 1 3 4 3 5 6 5 7 10 9 11 8 7 9 6 5 7 4 3 5 12 11 13 10 9 11 8 7 9 6 5 7 12 11 13 14 13 15 16 15 17 14 13 15 12 11 13 10 9 11 8 7 9 18 17 19 16 15 17 14 13 15 12 11 13 10 9 11 8 7 9 6 5 7 4 3 5 2 1 3 0 1 4 3 5 2 1 3 6 5 7 4 3 5 2 1 3 12 11 13 10 9 11 8 7 9 6 5 7 4 3 5 10 9 11 8 7 9 14 13 15 12 11 13 10 9 11 8 7 9 6 5 7 16 15 17 14 13 15 12 11 13 14 13 15 16 15 17 18 17 19 16 15 17 14 13 15 12 11 13 10 9 11 8 7 9 6 5 7 4 3 5 2 1 3 10 9 11 8 7 9 6 5 7 4 3 5 12 11 13 10 9 11 14 13 15 12 11 13
P21-1j8e0cikbv3zt E21-1xthx9zed500t ) 19 17 15 13 11 9 7 5 3 1 2 1 3 4 3 5 6 5 7 10 9 11 8 7 9 6 5 7 16 15 17 14 13 15 12 11 13 10 9 11 8 7 9 18 17 19 16 15 17 14 13 15 12 11 13 10 9 11 8 7 9 6 5 7 4 3 5 2 1 3 0 1 6 5 7 4 3 5 2 1 3 14 13 15 12 11 13 10 9 11 8 7 9 16 15 17 18 17 19 16 15 17 14 13 15 12 11 13 10 9 11 8 7 9 6 5 7 4 3 5 2 1 3 6 5 7 4 3 5 8 7 9 10 9 11 12 11 13 14 13 15 12 11 13 10 9 11 8 7 9 6 5 7 4 3 5 10 9 11 8 7 9 6 5 7 16 15 17 14 13 15 12 11 13 10 9 11 8 7 9 18 17 19 16 15 17 14 13 15 12 11 13 10 9 11 8 7 9 6 5 7 16 15 17 14 13 15 12 11 13
P21-1j8e0cikbv3zt E21-1dfyacwt1nc1 ) 19 17 15 13 11 9 7 5 3 1 2 1 3 4 3 5 6 5 7 10 9 11 8 7 9 12 11 13 10 9 11 8 7 9 6 5 7 4 3 5 2 1 3 6 5 7 4 3 5 8 7 9 14 13 15 12 11 13 10 9 11 8 7 9 6 5 7 14 13 15 12 11 13 10 9 11 16 15 17 14 13 15 12 11 13 18 17 19 16 15 17 14 13 15 12 11 13 10 9 11 8 7 9 6 5 7 4 3 5 2 1 3 0 1 10 9 11 8 7 9 6 5 7 4 3 5 2 1 3 4 3 5 6 5 7 8 7 9 6 5 7 12 11 13 10 9 11 8 7 9 12 11 13 10 9 11 14 13 15 16 15 17 14 13 15 12 11 13 18 17 19 16 15 17 14 13 15 12 11 13 10 9 11 8 7 9 6 5 7 4 3 5 2 1 3 10 9 11 8 7 9 6 5 7 4 3 5 12 11 13
P21-2fktyhffn7rs9 E21-3ufljjdtu4qud ) 19 17 15 13 11 9 7 5 3 1 2 1 3 4 3 5 6 5 7 10 9 11 8 7 9 12 11 13 10 9 11 8 7 9 6 5 7 4 3 5 2 1 3 6 5 7 4 3 5 14 13 15 12 11 13 10 9 11 8 7 9 6 5 7 14 13 15 12 11 13 10 9 11 8 7 9 12 11 13 16 15 17 14 13 15 18 17 19 16 15 17 14 13 15 12 11 13 10 9 11 8 7 9 6 5 7 4 3 5 2 1 3 0 1 12 11 13 10 9 11 8 7 9 6 5 7 4 3 5 2 1 3 4 3 5 6 5 7 8 7 9 10 9 11 8 7 9 12 11 13 14 13 15 16 15 17 14 13 15 12 11 13 10 9 11 18 17 19 16 15 17 14 13 15 12 11 13 10 9 11 8 7 9 6 5 7 4 3 5 2 1 3 8 7 9 6 5 7 4 3 5 10 9 11 12 11 13 14 13 15
P21-1mebddez821zh E21-fqpi0nfygbq5 ) 19 17 15 13 11 9 7 5 3 1 2 1 3 4 3 5 6 5 7 10 9 11 8 7 9 12 11 13 10 9 11 8 7 9 6 5 7 14 13 15 12 11 13 14 13 15 16 15 17 18 17 19 16 15 17 14 13 15 12 11 13 10 9 11 8 7 9 6 5 7 4 3 5 2 1 3 0 1 14 13 15 12 11 13 10 9 11 8 7 9 6 5 7 4 3 5 2 1 3 4 3 5 6 5 7 8 7 9 10 9 11 8 7 9 6 5 7 12 11 13 10 9 11 8 7 9 14 13 15 12 11 13 16 15 17 14 13 15 12 11 13 10 9 11 18 17 19 16 15 17 14 13 15 12 11 13 10 9 11 8 7 9 6 5 7 4 3 5 2 1 3 4 3 5 6 5 7 8 7 9 6 5 7 4 3 5 10 9 11 8 7 9 14 13 15 12 11 13 10 9 11 16 15 17 14 13 15 12 11 13
P21-1tvpktktnl2it E21-3rivsv1sicnht ) 19 17 15 13 11 9 7 5 3 1 2 1 3 4 3 5 6 5 7 10 9 11 8 7 9 12 11 13 10 9 11 12 11 13 14 13 15 16 15 17 14 13 15 12 11 13 18 17 19 16 15 17 14 13 15 12 11 13 10 9 11 8 7 9 6 5 7 4 3 5 2 1 3 0 1 8 7 9 6 5 7 10 9 11 8 7 9 6 5 7 4 3 5 2 1 3 4 3 5 6 5 7 12 11 13 10 9 11 8 7 9 6 5 7 10 9 11 12 11 13 14 13 15 12 11 13 10 9 11 8 7 9 16 15 17 14 13 15 18 17 19 16 15 17 14 13 15 12 11 13 10 9 11 8 7 9 6 5 7 4 3 5 2 1 3 4 3 5 6 5 7 12 11 13 10 9 11 8 7 9 6 5 7 4 3 5 10 9 11 8 7 9 14 13 15 12 11 13 10 9 11 16 15 17 14 13 15 12 11 13
P21-w837vcuob3jt E21-zaah78najmhp ) 19 17 15 13 11 9 7 5 3 1 2 1 3 4 3 5 6 5 7 10 9 11 8 7 9 18 17 19 16 15 17 14 13 15 12 11 13 10 9 11 8 7 9 6 5 7 4 3 5 2 1 3 0 1 2 1 3 6 5 7 4 3 5 8 7 9 12 11 13 10 9 11 14 13 15 16 15 17 14 13 15 12 11 13 10 9 11 8 7 9 6 5 7 4 3 5 2 1 3 8 7 9 6 5 7 10 9 11 12 11 13 14 13 15 18 17 19 16 15 17 14 13 15 12 11 13 10 9 11 8 7 9 6 5 7 4 3 5 2 1 3 10 9 11 8 7 9 6 5 7 4 3 5 12 11 13 18 17 19 16 15 17 14 13 15 12 11 13 10 9 11 8 7 9 6 5 7 4 3 5 10 9 11 8 7 9 16 15 17 14 13 15 12 11 13 10 9 11 8 7 9 6 5 7 14 13 15 12 11 13
P21-2i6kaiahsqyhd E21-2u2oix42sm0f9 ) 19 17 15 13 11 9 7 5 3 1 2 1 3 4 3 5 6 5 7 10 9 11 8 7 9 18 17 19 16 15 17 14 13 15 12 11 13 10 9 11 8 7 9 6 5 7 4 3 5 2 1 3 0 1 6 5 7 4 3 5 2 1 3 12 11 13 10 9 11 8 7 9 14 13 15 16 15 17 14 13 15 12 11 13 10 9 11 8 7 9 6 5 7 4 3 5 2 1 3 6 5 7 8 7 9 12 11 13 10 9 11 8 7 9 6 5 7 4 3 5 14 13 15 12 11 13 10 9 11 18 17 19 16 15 17 14 13 15 12 11 13 10 9 11 8 7 9 6 5 7 4 3 5 2 1 3 8 7 9 16 15 17 14 13 15 12 11 13 10 9 11 18 17 19 16 15 17 14 13 15 12 11 13 10 9 11 8 7 9 6 5 7 4 3 5 8 7 9 6 5 7 10 9 11 14 13 15 12 11 13
P21-3eys1dy0eo195 E21-38h6y18936bmh ) 19 17 15 13 11 9 7 5 3 1 2 1 3 4 3 5 6 5 7 12 11 13 10 9 11 8 7 9 6 5 7 4 3 5 10 9 11 8 7 9 6 5 7 8 7 9 14 13 15 12 11 13 10 9 11 14 13 15 12 11 13 16 15 17 14 13 15 12 11 13 10 9 11 8 7 9 18 17 19 16 15 17 14 13 15 12 11 13 10 9 11 8 7 9 6 5 7 4 3 5 2 1 3 0 1 2 1 3 4 3 5 6 5 7 4 3 5 2 1 3 8 7 9 6 5 7 4 3 5 10 9 11 8 7 9 6 5 7 12 11 13 10 9 11 8 7 9 14 13 15 12 11 13 16 15 17 14 13 15 18 17 19 16 15 17 14 13 15 12 11 13 10 9 11 8 7 9 6 5 7 4 3 5 2 1 3 12 11 13 10 9 11 8 7 9 6 5 7 4 3 5 10 9 11 14 13 15 12 11 13
P21-3mv4wynpgdfj9 E21-2x53ussbkbs1t ) 19 17 15 13 11 9 7 5 3 1 2 1 3 4 3 5 6 5 7 16 15 17 14 13 15 18 17 19 16 15 17 14 13 15 12 11 13 10 9 11 8 7 9 6 5 7 4 3 5 2 1 3 0 1 2 1 3 4 3 5 6 5 7 10 9 11 8 7 9 12 11 13 10 9 11 8 7 9 6 5 7 4 3 5 2 1 3 14 13 15 12 11 13 10 9 11 8 7 9 6 5 7 4 3 5 16 15 17 14 13 15 12 11 13 10 9 11 8 7 9 6 5 7 18 17 19 16 15 17 14 13 15 12 11 13 10 9 11 8 7 9 6 5 7 4 3 5 2 1 3 4 3 5 14 13 15 12 11 13 10 9 11 8 7 9 6 5 7 18 17 19 16 15 17 14 13 15 12 11 13 10 9 11 8 7 9 6 5 7 16 15 17 14 13 15 12 11 13 10 9 11 8 7 9 12 11 13 10 9 11
P21-nxsre83j2gnp E21-wypkw49n82xx ) 19 17 15 13 11 9 7 5 3 1 2 1 3 4 3 5 6 5 7 16 15 17 14 13 15 18 17 19 16 15 17 14 13 15 12 11 13 10 9 11 8 7 9 6 5 7 4 3 5 2 1 3 0 1 2 1 3 4 3 5 10 9 11 8 7 9 6 5 7 12 11 13 10 9 11 8 7 9 6 5 7 4 3 5 2 1 3 14 13 15 12 11 13 10 9 11 8 7 9 6 5 7 4 3 5 16 15 17 14 13 15 12 11 13 10 9 11 8 7 9 6 5 7 14 13 15 12 11 13 10 9 11 8 7 9 18 17 19 16 15 17 14 13 15 12 11 13 10 9 11 8 7 9 6 5 7 4 3 5 2 1 3 4 3 5 6 5 7 18 17 19 16 15 17 14 13 15 12 11 13 10 9 11 8 7 9 6 5 7 16 15 17 14 13 15 12 11 13 10 9 11 8 7 9 12 11 13 10 9 11
P21-w837vcuob3jt E21-wuim3yeuy9nd ) 19 17 15 13 11 9 7 5 3 1 2 1 3 4 3 5 8 7 9 6 5 7 4 3 5 10 9 11 8 7 9 6 5 7 14 13 15 12 11 13 10 9 11 8 7 9 6 5 7 4 3 5 2 1 3 12 11 13 10 9 11 14 13 15 16 15 17 14 13 15 12 11 13 10 9 11 8 7 9 18 17 19 16 15 17 14 13 15 12 11 13 10 9 11 8 7 9 6 5 7 4 3 5 2 1 3 0 1 6 5 7 4 3 5 2 1 3 8 7 9 16 15 17 14 13 15 12 11 13 10 9 11 8 7 9 6 5 7 4 3 5 6 5 7 12 11 13 10 9 11 8 7 9 10 9 11 14 13 15 12 11 13 14 13 15 16 15 17 18 17 19 16 15 17 14 13 15 12 11 13 10 9 11 8 7 9 6 5 7 4 3 5 2 1 3 6 5 7 10 9 11 8 7 9 12 11 13 14 13 15
