{"event": "best", "n": 13, "harmonic": 5, "phase": 0.16666666666666666, "float_T": 34, "lambda_": -1.9505956436026581, "interval": [-1.9856816590628639, -1.9155096281424522], "current_G": 45, "gain_over_G": -11, "raw_min_abs_det": 0.015802110490319876}
{"event": "best", "n": 13, "harmonic": 5, "phase": 0.16666666666666666, "float_T": 35, "lambda_": -1.284447653312655, "interval": [-1.28515003158175, -1.28374527504356], "current_G": 45, "gain_over_G": -10, "raw_min_abs_det": 0.00042043998237062397}
{"event": "best", "n": 13, "harmonic": 5, "phase": 0.16666666666666666, "float_T": 36, "lambda_": -0.18271973689036303, "interval": [-0.18770727368808682, -0.17773220009263924], "current_G": 45, "gain_over_G": -9, "raw_min_abs_det": 0.002050851371691779}
{"event": "best", "n": 13, "harmonic": 5, "phase": 0.16666666666666666, "float_T": 37, "lambda_": -0.1236558278373171, "interval": [-0.13491739721994683, -0.11239425845468738], "current_G": 45, "gain_over_G": -8, "raw_min_abs_det": 0.005536047997451293}
{"event": "best", "n": 13, "harmonic": 5, "phase": 0.16666666666666666, "float_T": 38, "lambda_": -0.11013847389933293, "interval": [-0.11239425845468738, -0.10788268934397847], "current_G": 45, "gain_over_G": -7, "raw_min_abs_det": 0.0022394287931176565}
{"event": "best", "n": 13, "harmonic": 5, "phase": 0.16666666666666666, "float_T": 39, "lambda_": -0.10418933183510892, "interval": [-0.10788268934397847, -0.10049597432623936], "current_G": 45, "gain_over_G": -6, "raw_min_abs_det": 0.003666578498823056}
{"event": "best", "n": 13, "harmonic": 5, "phase": 0.16666666666666666, "float_T": 40, "lambda_": -0.08636768186890895, "interval": [-0.09018986721019216, -0.08254549652762573], "current_G": 45, "gain_over_G": -5, "raw_min_abs_det": 0.0029157742129509306}
{"event": "best", "n": 13, "harmonic": 5, "phase": 0.16666666666666666, "float_T": 41, "lambda_": -0.06972960907023665, "interval": [-0.07356439508962517, -0.06589482305084814], "current_G": 45, "gain_over_G": -4, "raw_min_abs_det": 0.002069323445341678}
{"event": "best", "n": 13, "harmonic": 5, "phase": 0.16666666666666666, "float_T": 42, "lambda_": -0.06496734202203194, "interval": [-0.06589482305084814, -0.06403986099321575], "current_G": 45, "gain_over_G": -3, "raw_min_abs_det": 0.0005004863969815532}
{"event": "best", "n": 13, "harmonic": 5, "phase": 0.16666666666666666, "float_T": 44, "lambda_": -0.009089486270059021, "interval": [-0.06403986099321575, 0.04586088845309771], "current_G": 45, "gain_over_G": -1, "raw_min_abs_det": 0.012296288446440483}
{"event": "finish", "n": 13, "harmonic": 5, "phase": 0.16666666666666666, "current_G": 45, "best_float": 44, "walls": 223, "events": 223, "wins": [], "seconds": 0.015058517456054688, "scope": "Finite floating wall sweep plus exact rational point replays for improvements; no exact harmonic or universal theorem"}
{"event": "best", "n": 18, "harmonic": 5, "phase": 0.16666666666666666, "float_T": 61, "lambda_": -1.8816532488950877, "interval": [-1.8922122744004113, -1.8710942233897643], "current_G": 91, "gain_over_G": -30, "raw_min_abs_det": 0.0032028307558178426}
{"event": "best", "n": 18, "harmonic": 5, "phase": 0.16666666666666666, "float_T": 62, "lambda_": -1.8227346265022013, "interval": [-1.8710942233897643, -1.7743750296146383], "current_G": 91, "gain_over_G": -29, "raw_min_abs_det": 0.005749648195906405}
{"event": "best", "n": 18, "harmonic": 5, "phase": 0.16666666666666666, "float_T": 63, "lambda_": -1.7236399784670402, "interval": [-1.7683167243967386, -1.678963232537342], "current_G": 91, "gain_over_G": -28, "raw_min_abs_det": 0.00325364176717835}
{"event": "best", "n": 18, "harmonic": 5, "phase": 0.16666666666666666, "float_T": 64, "lambda_": -1.6312655475967335, "interval": [-1.6545522825149548, -1.6079788126785122], "current_G": 91, "gain_over_G": -27, "raw_min_abs_det": 0.0009269048759935686}
{"event": "best", "n": 18, "harmonic": 5, "phase": 0.16666666666666666, "float_T": 65, "lambda_": -0.9182317233724997, "interval": [-0.9213318967531151, -0.9151315499918844], "current_G": 91, "gain_over_G": -26, "raw_min_abs_det": 0.0006779306477260327}
{"event": "best", "n": 18, "harmonic": 5, "phase": 0.16666666666666666, "float_T": 66, "lambda_": -0.25645276401001726, "interval": [-0.2566566256377183, -0.25624890238231623], "current_G": 91, "gain_over_G": -25, "raw_min_abs_det": 0.00015449528688608188}
{"event": "best", "n": 18, "harmonic": 5, "phase": 0.16666666666666666, "float_T": 67, "lambda_": -0.2287384281915616, "interval": [-0.22975879489151993, -0.22771806149160326], "current_G": 91, "gain_over_G": -24, "raw_min_abs_det": 4.5976091750617176e-05}
{"event": "best", "n": 18, "harmonic": 5, "phase": 0.16666666666666666, "float_T": 68, "lambda_": -0.20800120303015213, "interval": [-0.20884898563613827, -0.20715342042416596], "current_G": 91, "gain_over_G": -23, "raw_min_abs_det": 1.4594871510716177e-05}
{"event": "best", "n": 18, "harmonic": 5, "phase": 0.16666666666666666, "float_T": 69, "lambda_": -0.20531697581862862, "interval": [-0.20715342042416596, -0.20348053121309126], "current_G": 91, "gain_over_G": -22, "raw_min_abs_det": 6.0804773649700966e-05}
{"event": "best", "n": 18, "harmonic": 5, "phase": 0.16666666666666666, "float_T": 70, "lambda_": -0.19626910230229477, "interval": [-0.19934536581334664, -0.1931928387912429], "current_G": 91, "gain_over_G": -21, "raw_min_abs_det": 0.00021656705337057313}
{"event": "best", "n": 18, "harmonic": 5, "phase": 0.16666666666666666, "float_T": 71, "lambda_": -0.19243404461626018, "interval": [-0.1931928387912429, -0.19167525044127745], "current_G": 91, "gain_over_G": -20, "raw_min_abs_det": 0.00028258890115164664}
{"event": "best", "n": 18, "harmonic": 5, "phase": 0.16666666666666666, "float_T": 72, "lambda_": -0.18909012317602475, "interval": [-0.19167525044127745, -0.18650499591077205], "current_G": 91, "gain_over_G": -19, "raw_min_abs_det": 0.00034015566817135415}
{"event": "best", "n": 18, "harmonic": 5, "phase": 0.16666666666666666, "float_T": 73, "lambda_": -0.1729000911202259, "interval": [-0.1755711177186571, -0.17022906452179468], "current_G": 91, "gain_over_G": -18, "raw_min_abs_det": 0.0006188726835244874}
{"event": "best", "n": 18, "harmonic": 5, "phase": 0.16666666666666666, "float_T": 74, "lambda_": -0.16655957198016136, "interval": [-0.16710079949986173, -0.16601834446046096], "current_G": 91, "gain_over_G": -17, "raw_min_abs_det": 9.957480946743216e-05}
{"event": "best", "n": 18, "harmonic": 5, "phase": 0.16666666666666666, "float_T": 76, "lambda_": -0.16414353167327195, "interval": [-0.1644253915138046, -0.16386167183273934], "current_G": 91, "gain_over_G": -15, "raw_min_abs_det": 5.2700223632847626e-05}
{"event": "best", "n": 18, "harmonic": 5, "phase": 0.16666666666666666, "float_T": 77, "lambda_": -0.14259019742552892, "interval": [-0.1540788834612857, -0.1311015113897721], "current_G": 91, "gain_over_G": -14, "raw_min_abs_det": 0.0011406680127209398}
{"event": "best", "n": 18, "harmonic": 5, "phase": 0.16666666666666666, "float_T": 78, "lambda_": -0.12993927780040193, "interval": [-0.1311015113897721, -0.12877704421103175], "current_G": 91, "gain_over_G": -13, "raw_min_abs_det": 0.0005056132834283661}
{"event": "best", "n": 18, "harmonic": 5, "phase": 0.16666666666666666, "float_T": 79, "lambda_": -0.12143246679483814, "interval": [-0.12877704421103175, -0.11408788937864453], "current_G": 91, "gain_over_G": -12, "raw_min_abs_det": 0.0015049056814733946}
{"event": "best", "n": 18, "harmonic": 5, "phase": 0.16666666666666666, "float_T": 80, "lambda_": -0.1045230976562607, "interval": [-0.10664455571344532, -0.10240163959907608], "current_G": 91, "gain_over_G": -11, "raw_min_abs_det": 0.001796006334119764}
{"event": "best", "n": 18, "harmonic": 5, "phase": 0.16666666666666666, "float_T": 81, "lambda_": -0.08527700162921095, "interval": [-0.0880857842941172, -0.0824682189643047], "current_G": 91, "gain_over_G": -10, "raw_min_abs_det": 0.0019010345030109274}
{"event": "best", "n": 18, "harmonic": 5, "phase": 0.16666666666666666, "float_T": 82, "lambda_": -0.07334563571249031, "interval": [-0.0737420989649503, -0.07294917246003033], "current_G": 91, "gain_over_G": -9, "raw_min_abs_det": 0.0003011972133682081}
{"event": "best", "n": 18, "harmonic": 5, "phase": 0.16666666666666666, "float_T": 83, "lambda_": -0.06846745763228687, "interval": [-0.07294917246003033, -0.0639857428045434], "current_G": 91, "gain_over_G": -8, "raw_min_abs_det": 0.002416716678577021}
{"event": "best", "n": 18, "harmonic": 5, "phase": 0.16666666666666666, "float_T": 84, "lambda_": -0.060656162519071355, "interval": [-0.06207719092301867, -0.05923513411512404], "current_G": 91, "gain_over_G": -7, "raw_min_abs_det": 0.001592315767041344}
{"event": "best", "n": 18, "harmonic": 5, "phase": 0.16666666666666666, "float_T": 85, "lambda_": -0.05354992204377361, "interval": [-0.05448677436321345, -0.05261306972433378], "current_G": 91, "gain_over_G": -6, "raw_min_abs_det": 0.0005307930011186068}
{"event": "best", "n": 18, "harmonic": 5, "phase": 0.16666666666666666, "float_T": 86, "lambda_": -0.048214337978647326, "interval": [-0.04831550272675938, -0.048113173230535274], "current_G": 91, "gain_over_G": -5, "raw_min_abs_det": 6.241520406001164e-05}
{"event": "best", "n": 18, "harmonic": 5, "phase": 0.16666666666666666, "float_T": 87, "lambda_": -0.046703596136814504, "interval": [-0.048113173230535274, -0.045294019043093735], "current_G": 91, "gain_over_G": -4, "raw_min_abs_det": 0.0006054965961326646}
{"event": "best", "n": 18, "harmonic": 5, "phase": 0.16666666666666666, "float_T": 88, "lambda_": -0.042256215920293036, "interval": [-0.043880422778744745, -0.040632009061841334], "current_G": 91, "gain_over_G": -3, "raw_min_abs_det": 0.00034180403830407716}
{"event": "best", "n": 18, "harmonic": 5, "phase": 0.16666666666666666, "float_T": 90, "lambda_": -0.039609902623700684, "interval": [-0.040632009061841334, -0.03858779618556003], "current_G": 91, "gain_over_G": -1, "raw_min_abs_det": 9.523449697571148e-05}
{"event": "best", "n": 18, "harmonic": 5, "phase": 0.16666666666666666, "float_T": 91, "lambda_": -0.0030088857515359474, "interval": [-0.03858779618556003, 0.03257002468248814], "current_G": 91, "gain_over_G": 0, "raw_min_abs_det": 0.003315055567296911}
{"event": "finish", "n": 18, "harmonic": 5, "phase": 0.16666666666666666, "current_G": 91, "best_float": 91, "walls": 655, "events": 655, "wins": [], "seconds": 0.04857468605041504, "scope": "Finite floating wall sweep plus exact rational point replays for improvements; no exact harmonic or universal theorem"}
{"event": "best", "n": 19, "harmonic": 5, "phase": 0.16666666666666666, "float_T": 72, "lambda_": -1.93686467830463, "interval": [-1.9545216222302928, -1.919207734378967], "current_G": 103, "gain_over_G": -31, "raw_min_abs_det": 0.006832453200508182}
{"event": "best", "n": 19, "harmonic": 5, "phase": 0.16666666666666666, "float_T": 73, "lambda_": -1.8424137773485498, "interval": [-1.8610156944754757, -1.823811860221624], "current_G": 103, "gain_over_G": -30, "raw_min_abs_det": 0.00514817187942207}
{"event": "best", "n": 19, "harmonic": 5, "phase": 0.16666666666666666, "float_T": 74, "lambda_": -1.8223192463775217, "interval": [-1.823811860221624, -1.8208266325334197], "current_G": 103, "gain_over_G": -29, "raw_min_abs_det": 0.00036773103763088066}
{"event": "best", "n": 19, "harmonic": 5, "phase": 0.16666666666666666, "float_T": 75, "lambda_": -0.24748008404158522, "interval": [-0.2493745057937539, -0.24558566228941653], "current_G": 103, "gain_over_G": -28, "raw_min_abs_det": 0.0005281959366239194}
{"event": "best", "n": 19, "harmonic": 5, "phase": 0.16666666666666666, "float_T": 76, "lambda_": -0.22552164220648863, "interval": [-0.22639160819099938, -0.2246516762219779], "current_G": 103, "gain_over_G": -27, "raw_min_abs_det": 3.228713156927694e-05}
{"event": "best", "n": 19, "harmonic": 5, "phase": 0.16666666666666666, "float_T": 77, "lambda_": -0.20521297903494706, "interval": [-0.20724196940214037, -0.20318398866775375], "current_G": 103, "gain_over_G": -26, "raw_min_abs_det": 3.7776529693273834e-05}
{"event": "best", "n": 19, "harmonic": 5, "phase": 0.16666666666666666, "float_T": 78, "lambda_": -0.20127511722316532, "interval": [-0.20318398866775375, -0.19936624577857687], "current_G": 103, "gain_over_G": -25, "raw_min_abs_det": 9.280867770865807e-05}
{"event": "best", "n": 19, "harmonic": 5, "phase": 0.16666666666666666, "float_T": 79, "lambda_": -0.1986628833707424, "interval": [-0.19936624577857687, -0.19795952096290792], "current_G": 103, "gain_over_G": -24, "raw_min_abs_det": 8.667785967082786e-05}
{"event": "best", "n": 19, "harmonic": 5, "phase": 0.16666666666666666, "float_T": 80, "lambda_": -0.19049841198201486, "interval": [-0.19231492278844858, -0.18868190117558115], "current_G": 103, "gain_over_G": -23, "raw_min_abs_det": 0.00024341458169816832}
{"event": "best", "n": 19, "harmonic": 5, "phase": 0.16666666666666666, "float_T": 81, "lambda_": -0.18671519558170913, "interval": [-0.18868190117558115, -0.18474848998783713], "current_G": 103, "gain_over_G": -22, "raw_min_abs_det": 0.0002962855393059097}
{"event": "best", "n": 19, "harmonic": 5, "phase": 0.16666666666666666, "float_T": 82, "lambda_": -0.16903979377866984, "interval": [-0.17125999195949612, -0.1668195955978436], "current_G": 103, "gain_over_G": -21, "raw_min_abs_det": 0.0005433016548399713}
{"event": "best", "n": 19, "harmonic": 5, "phase": 0.16666666666666666, "float_T": 83, "lambda_": -0.15991969427348385, "interval": [-0.16076863176998202, -0.1590707567769857], "current_G": 103, "gain_over_G": -20, "raw_min_abs_det": 0.0002521532052435077}
{"event": "best", "n": 19, "harmonic": 5, "phase": 0.16666666666666666, "float_T": 84, "lambda_": -0.15812621430172397, "interval": [-0.1590707567769857, -0.1571816718264622], "current_G": 103, "gain_over_G": -19, "raw_min_abs_det": 0.00025047615824681096}
{"event": "best", "n": 19, "harmonic": 5, "phase": 0.16666666666666666, "float_T": 85, "lambda_": -0.1544420206463748, "interval": [-0.1571816718264622, -0.1517023694662874], "current_G": 103, "gain_over_G": -18, "raw_min_abs_det": 0.0004510708979260612}
{"event": "best", "n": 19, "harmonic": 5, "phase": 0.16666666666666666, "float_T": 86, "lambda_": -0.1475246127008224, "interval": [-0.1517023694662874, -0.14334685593535743], "current_G": 103, "gain_over_G": -17, "raw_min_abs_det": 0.00025174072917766646}
{"event": "best", "n": 19, "harmonic": 5, "phase": 0.16666666666666666, "float_T": 87, "lambda_": -0.13902591077384316, "interval": [-0.14334685593535743, -0.1347049656123289], "current_G": 103, "gain_over_G": -16, "raw_min_abs_det": 0.0002603688885595649}
{"event": "best", "n": 19, "harmonic": 5, "phase": 0.16666666666666666, "float_T": 88, "lambda_": -0.13366442659632993, "interval": [-0.1347049656123289, -0.13262388758033097], "current_G": 103, "gain_over_G": -15, "raw_min_abs_det": 0.0003786820540850125}
{"event": "best", "n": 19, "harmonic": 5, "phase": 0.16666666666666666, "float_T": 89, "lambda_": -0.12503208102204877, "interval": [-0.13262388758033097, -0.11744027446376656], "current_G": 103, "gain_over_G": -14, "raw_min_abs_det": 0.0011036005804631937}
{"event": "best", "n": 19, "harmonic": 5, "phase": 0.16666666666666666, "float_T": 90, "lambda_": -0.10770037111162137, "interval": [-0.11033452623669952, -0.1050662159865432], "current_G": 103, "gain_over_G": -13, "raw_min_abs_det": 0.0014005283298064743}
{"event": "best", "n": 19, "harmonic": 5, "phase": 0.16666666666666666, "float_T": 91, "lambda_": -0.08809999561101177, "interval": [-0.09163044259831467, -0.08456954862370887], "current_G": 103, "gain_over_G": -12, "raw_min_abs_det": 0.00167444621145469}
{"event": "best", "n": 19, "harmonic": 5, "phase": 0.16666666666666666, "float_T": 92, "lambda_": -0.07617506148205726, "interval": [-0.07671024302986862, -0.0756398799342459], "current_G": 103, "gain_over_G": -11, "raw_min_abs_det": 0.00036644771430318496}
{"event": "best", "n": 19, "harmonic": 5, "phase": 0.16666666666666666, "float_T": 93, "lambda_": -0.0755282848668571, "interval": [-0.0756398799342459, -0.0754166897994683], "current_G": 103, "gain_over_G": -10, "raw_min_abs_det": 6.167715563393933e-05}
{"event": "best", "n": 19, "harmonic": 5, "phase": 0.16666666666666666, "float_T": 94, "lambda_": -0.06204466080647007, "interval": [-0.06411846626544315, -0.05997085534749699], "current_G": 103, "gain_over_G": -9, "raw_min_abs_det": 0.002038573016835185}
{"event": "best", "n": 19, "harmonic": 5, "phase": 0.16666666666666666, "float_T": 95, "lambda_": -0.054432255347516, "interval": [-0.05618685790231097, -0.05267765279272103], "current_G": 103, "gain_over_G": -8, "raw_min_abs_det": 0.00130163978980722}
{"event": "best", "n": 19, "harmonic": 5, "phase": 0.16666666666666666, "float_T": 96, "lambda_": -0.04916071067949711, "interval": [-0.04941284120226343, -0.04890858015673079], "current_G": 103, "gain_over_G": -7, "raw_min_abs_det": 0.00017086742852722575}
{"event": "best", "n": 19, "harmonic": 5, "phase": 0.16666666666666666, "float_T": 97, "lambda_": -0.04701778560773087, "interval": [-0.04890858015673079, -0.04512699105873096], "current_G": 103, "gain_over_G": -6, "raw_min_abs_det": 0.0015736016197814007}
{"event": "best", "n": 19, "harmonic": 5, "phase": 0.16666666666666666, "float_T": 98, "lambda_": -0.042890209510131956, "interval": [-0.04407982826077461, -0.0417005907594893], "current_G": 103, "gain_over_G": -5, "raw_min_abs_det": 0.0004534092036641603}
{"event": "best", "n": 19, "harmonic": 5, "phase": 0.16666666666666666, "float_T": 99, "lambda_": -0.03937910087053566, "interval": [-0.04056674502755695, -0.03819145671351436], "current_G": 103, "gain_over_G": -4, "raw_min_abs_det": 0.00026128087907604895}
{"event": "best", "n": 19, "harmonic": 5, "phase": 0.16666666666666666, "float_T": 100, "lambda_": -0.03805026243154436, "interval": [-0.03819145671351436, -0.037909068149574364], "current_G": 103, "gain_over_G": -3, "raw_min_abs_det": 3.1062642707860993e-05}
{"event": "best", "n": 19, "harmonic": 5, "phase": 0.16666666666666666, "float_T": 102, "lambda_": -0.0035426617412321355, "interval": [-0.037909068149574364, 0.030823744667110093], "current_G": 103, "gain_over_G": -1, "raw_min_abs_det": 0.0028561463156547653}
{"event": "finish", "n": 19, "harmonic": 5, "phase": 0.16666666666666666, "current_G": 103, "best_float": 102, "walls": 786, "events": 786, "wins": [], "seconds": 0.05568671226501465, "scope": "Finite floating wall sweep plus exact rational point replays for improvements; no exact harmonic or universal theorem"}
{"event": "best", "n": 26, "harmonic": 5, "phase": 0.16666666666666666, "float_T": 134, "lambda_": -1.7784456497260868, "interval": [-1.7831021556680349, -1.7737891437841387], "current_G": 200, "gain_over_G": -66, "raw_min_abs_det": 0.0010752812400764977}
{"event": "best", "n": 26, "harmonic": 5, "phase": 0.16666666666666666, "float_T": 135, "lambda_": -1.7643642550791703, "interval": [-1.7653853275929035, -1.7633431825654369], "current_G": 200, "gain_over_G": -65, "raw_min_abs_det": 0.0006154597983385468}
{"event": "best", "n": 26, "harmonic": 5, "phase": 0.16666666666666666, "float_T": 137, "lambda_": -1.7478470521952918, "interval": [-1.7484457888615594, -1.7472483155290242], "current_G": 200, "gain_over_G": -63, "raw_min_abs_det": 0.0007084793271951995}
{"event": "best", "n": 26, "harmonic": 5, "phase": 0.16666666666666666, "float_T": 138, "lambda_": -1.7469003384821886, "interval": [-1.7472483155290242, -1.7465523614353529], "current_G": 200, "gain_over_G": -62, "raw_min_abs_det": 0.00022540583414643045}
{"event": "best", "n": 26, "harmonic": 5, "phase": 0.16666666666666666, "float_T": 139, "lambda_": -1.6319509768969898, "interval": [-1.6333359876029416, -1.6305659661910379], "current_G": 200, "gain_over_G": -61, "raw_min_abs_det": 0.0005300760994396692}
{"event": "best", "n": 26, "harmonic": 5, "phase": 0.16666666666666666, "float_T": 140, "lambda_": -1.5797774984345603, "interval": [-1.580927593245527, -1.5786274036235939], "current_G": 200, "gain_over_G": -60, "raw_min_abs_det": 5.6854813067899745e-05}
{"event": "best", "n": 26, "harmonic": 5, "phase": 0.16666666666666666, "float_T": 141, "lambda_": -1.5608945095414932, "interval": [-1.568860969961663, -1.5529280491213235], "current_G": 200, "gain_over_G": -59, "raw_min_abs_det": 0.00035195765172322396}
{"event": "best", "n": 26, "harmonic": 5, "phase": 0.16666666666666666, "float_T": 142, "lambda_": -1.546421346850547, "interval": [-1.551791571797983, -1.5410511219031107], "current_G": 200, "gain_over_G": -58, "raw_min_abs_det": 0.00022184525765013736}
{"event": "best", "n": 26, "harmonic": 5, "phase": 0.16666666666666666, "float_T": 145, "lambda_": -1.1814999116886944, "interval": [-1.1821885676237662, -1.1808112557536228], "current_G": 200, "gain_over_G": -55, "raw_min_abs_det": 0.0004029801321887424}
{"event": "best", "n": 26, "harmonic": 5, "phase": 0.16666666666666666, "float_T": 146, "lambda_": -0.2253840251972432, "interval": [-0.22549658668467074, -0.2252714637098157], "current_G": 200, "gain_over_G": -54, "raw_min_abs_det": 1.73504576567729e-05}
{"event": "best", "n": 26, "harmonic": 5, "phase": 0.16666666666666666, "float_T": 147, "lambda_": -0.22505725061235066, "interval": [-0.2252714637098157, -0.22484303751488563], "current_G": 200, "gain_over_G": -53, "raw_min_abs_det": 1.3644959488683106e-05}
{"event": "best", "n": 26, "harmonic": 5, "phase": 0.16666666666666666, "float_T": 148, "lambda_": -0.2241697043236918, "interval": [-0.22484303751488563, -0.22349637113249796], "current_G": 200, "gain_over_G": -52, "raw_min_abs_det": 4.289002038134447e-05}
{"event": "best", "n": 26, "harmonic": 5, "phase": 0.16666666666666666, "float_T": 149, "lambda_": -0.22301813872033677, "interval": [-0.22349637113249796, -0.22253990630817558], "current_G": 200, "gain_over_G": -51, "raw_min_abs_det": 6.80642566121964e-05}
{"event": "best", "n": 26, "harmonic": 5, "phase": 0.16666666666666666, "float_T": 151, "lambda_": -0.21312363630446535, "interval": [-0.21344115300247363, -0.21280611960645707], "current_G": 200, "gain_over_G": -49, "raw_min_abs_det": 3.6750713270504616e-06}
{"event": "best", "n": 26, "harmonic": 5, "phase": 0.16666666666666666, "float_T": 152, "lambda_": -0.20273705660230962, "interval": [-0.20417175304023735, -0.20130236016438188], "current_G": 200, "gain_over_G": -48, "raw_min_abs_det": 5.900872530461166e-06}
{"event": "best", "n": 26, "harmonic": 5, "phase": 0.16666666666666666, "float_T": 153, "lambda_": -0.200703540466315, "interval": [-0.20130236016438188, -0.20010472076824815], "current_G": 200, "gain_over_G": -47, "raw_min_abs_det": 1.4264676321925273e-05}
{"event": "best", "n": 26, "harmonic": 5, "phase": 0.16666666666666666, "float_T": 155, "lambda_": -0.19983187997979152, "interval": [-0.20010472076824815, -0.1995590391913349], "current_G": 200, "gain_over_G": -45, "raw_min_abs_det": 1.0507310746172595e-05}
{"event": "best", "n": 26, "harmonic": 5, "phase": 0.16666666666666666, "float_T": 156, "lambda_": -0.19786492155439545, "interval": [-0.1995590391913349, -0.19617080391745595], "current_G": 200, "gain_over_G": -44, "raw_min_abs_det": 2.5939848796729514e-05}
{"event": "best", "n": 26, "harmonic": 5, "phase": 0.16666666666666666, "float_T": 157, "lambda_": -0.19578591925118818, "interval": [-0.19617080391745595, -0.19540103458492042], "current_G": 200, "gain_over_G": -43, "raw_min_abs_det": 3.4490736118566686e-05}
{"event": "best", "n": 26, "harmonic": 5, "phase": 0.16666666666666666, "float_T": 158, "lambda_": -0.19485356656562097, "interval": [-0.19540103458492042, -0.19430609854632155], "current_G": 200, "gain_over_G": -42, "raw_min_abs_det": 3.832548067185483e-05}
{"event": "best", "n": 26, "harmonic": 5, "phase": 0.16666666666666666, "float_T": 159, "lambda_": -0.1923908171560217, "interval": [-0.19430609854632155, -0.19047553576572185], "current_G": 200, "gain_over_G": -41, "raw_min_abs_det": 4.845471076982892e-05}
{"event": "best", "n": 26, "harmonic": 5, "phase": 0.16666666666666666, "float_T": 160, "lambda_": -0.18051439363077348, "interval": [-0.1811727074593346, -0.17985607980221238], "current_G": 200, "gain_over_G": -40, "raw_min_abs_det": 9.730215994972963e-05}
{"event": "best", "n": 26, "harmonic": 5, "phase": 0.16666666666666666, "float_T": 161, "lambda_": -0.17270349380529876, "interval": [-0.17293364387375643, -0.17247334373684106], "current_G": 200, "gain_over_G": -39, "raw_min_abs_det": 1.923025498774475e-05}
{"event": "best", "n": 26, "harmonic": 5, "phase": 0.16666666666666666, "float_T": 162, "lambda_": -0.16669639215506604, "interval": [-0.16679059303313928, -0.16660219127699283], "current_G": 200, "gain_over_G": -38, "raw_min_abs_det": 4.731132785976144e-05}
{"event": "best", "n": 26, "harmonic": 5, "phase": 0.16666666666666666, "float_T": 163, "lambda_": -0.154664330252312, "interval": [-0.15520283555522077, -0.15412582494940322], "current_G": 200, "gain_over_G": -37, "raw_min_abs_det": 6.265640181115154e-05}
{"event": "best", "n": 26, "harmonic": 5, "phase": 0.16666666666666666, "float_T": 164, "lambda_": -0.1538562429423273, "interval": [-0.15412582494940322, -0.1535866609352514], "current_G": 200, "gain_over_G": -36, "raw_min_abs_det": 3.136652223324071e-05}
{"event": "best", "n": 26, "harmonic": 5, "phase": 0.16666666666666666, "float_T": 165, "lambda_": -0.1531869840497103, "interval": [-0.1535866609352514, -0.1527873071641692], "current_G": 200, "gain_over_G": -35, "raw_min_abs_det": 0.00010923642224163616}
{"event": "best", "n": 26, "harmonic": 5, "phase": 0.16666666666666666, "float_T": 166, "lambda_": -0.15210369843519778, "interval": [-0.1527873071641692, -0.15142008970622634], "current_G": 200, "gain_over_G": -34, "raw_min_abs_det": 0.0002141546776105571}
{"event": "best", "n": 26, "harmonic": 5, "phase": 0.16666666666666666, "float_T": 167, "lambda_": -0.13969054093355449, "interval": [-0.14037108234236628, -0.13900999952474266], "current_G": 200, "gain_over_G": -33, "raw_min_abs_det": 0.00026520970094604}
{"event": "best", "n": 26, "harmonic": 5, "phase": 0.16666666666666666, "float_T": 168, "lambda_": -0.13225661306058623, "interval": [-0.13366018429324059, -0.1308530418279319], "current_G": 200, "gain_over_G": -32, "raw_min_abs_det": 0.0002957852705364883}
{"event": "best", "n": 26, "harmonic": 5, "phase": 0.16666666666666666, "float_T": 169, "lambda_": -0.1302595013738288, "interval": [-0.13050601213335006, -0.13001299061430754], "current_G": 200, "gain_over_G": -31, "raw_min_abs_det": 0.00011962730211942385}
{"event": "best", "n": 26, "harmonic": 5, "phase": 0.16666666666666666, "float_T": 170, "lambda_": -0.12086385249683407, "interval": [-0.12096811504568879, -0.12075958994797936], "current_G": 200, "gain_over_G": -30, "raw_min_abs_det": 4.6143806265726284e-05}
{"event": "best", "n": 26, "harmonic": 5, "phase": 0.16666666666666666, "float_T": 171, "lambda_": -0.118326934381103, "interval": [-0.11998172595102341, -0.11667214281118259], "current_G": 200, "gain_over_G": -29, "raw_min_abs_det": 0.00035307770962321103}
{"event": "best", "n": 26, "harmonic": 5, "phase": 0.16666666666666666, "float_T": 172, "lambda_": -0.11470698073671513, "interval": [-0.1156151702263752, -0.11379879124705507], "current_G": 200, "gain_over_G": -28, "raw_min_abs_det": 0.00018932559056082307}
{"event": "best", "n": 26, "harmonic": 5, "phase": 0.16666666666666666, "float_T": 173, "lambda_": -0.1105646998620606, "interval": [-0.11199611961630924, -0.10913328010781197], "current_G": 200, "gain_over_G": -27, "raw_min_abs_det": 0.0003850035966872184}
{"event": "best", "n": 26, "harmonic": 5, "phase": 0.16666666666666666, "float_T": 174, "lambda_": -0.10539635052434483, "interval": [-0.10594875784038152, -0.10484394320830814], "current_G": 200, "gain_over_G": -26, "raw_min_abs_det": 0.0001706954273627201}
{"event": "best", "n": 26, "harmonic": 5, "phase": 0.16666666666666666, "float_T": 175, "lambda_": -0.10020273346489017, "interval": [-0.10034457671880227, -0.10006089021097807], "current_G": 200, "gain_over_G": -25, "raw_min_abs_det": 3.243198834934277e-05}
{"event": "best", "n": 26, "harmonic": 5, "phase": 0.16666666666666666, "float_T": 176, "lambda_": -0.09942977117249538, "interval": [-0.10006089021097807, -0.09879865213401269], "current_G": 200, "gain_over_G": -24, "raw_min_abs_det": 0.00016882398276633556}
{"event": "best", "n": 26, "harmonic": 5, "phase": 0.16666666666666666, "float_T": 177, "lambda_": -0.09842565405343517, "interval": [-0.09879865213401269, -0.09805265597285766], "current_G": 200, "gain_over_G": -23, "raw_min_abs_det": 9.977677377422459e-05}
{"event": "best", "n": 26, "harmonic": 5, "phase": 0.16666666666666666, "float_T": 178, "lambda_": -0.09626515167820233, "interval": [-0.09659114461634058, -0.09593915874006409], "current_G": 200, "gain_over_G": -22, "raw_min_abs_det": 6.520730764003613e-05}
{"event": "best", "n": 26, "harmonic": 5, "phase": 0.16666666666666666, "float_T": 179, "lambda_": -0.09456400964037953, "interval": [-0.09593915874006409, -0.09318886054069499], "current_G": 200, "gain_over_G": -21, "raw_min_abs_det": 0.00011653687662431739}
{"event": "best", "n": 26, "harmonic": 5, "phase": 0.16666666666666666, "float_T": 181, "lambda_": -0.09148105317962826, "interval": [-0.0925985828005129, -0.09036352355874362], "current_G": 200, "gain_over_G": -19, "raw_min_abs_det": 3.1004366880876214e-05}
{"event": "best", "n": 26, "harmonic": 5, "phase": 0.16666666666666666, "float_T": 182, "lambda_": -0.09021084895461406, "interval": [-0.09036352355874362, -0.0900581743504845], "current_G": 200, "gain_over_G": -18, "raw_min_abs_det": 4.235752996039656e-06}
{"event": "best", "n": 26, "harmonic": 5, "phase": 0.16666666666666666, "float_T": 183, "lambda_": -0.08070689299274578, "interval": [-0.0821469856803203, -0.07926680030517123], "current_G": 200, "gain_over_G": -17, "raw_min_abs_det": 0.00026791031871197706}
{"event": "best", "n": 26, "harmonic": 5, "phase": 0.16666666666666666, "float_T": 184, "lambda_": -0.07133639413229115, "interval": [-0.07237405231157466, -0.07029873595300762], "current_G": 200, "gain_over_G": -16, "raw_min_abs_det": 0.00041433807734654257}
{"event": "best", "n": 26, "harmonic": 5, "phase": 0.16666666666666666, "float_T": 185, "lambda_": -0.06219963975187251, "interval": [-0.06250842019024481, -0.0618908593135002], "current_G": 200, "gain_over_G": -15, "raw_min_abs_det": 0.0001427561014661835}
{"event": "best", "n": 26, "harmonic": 5, "phase": 0.16666666666666666, "float_T": 186, "lambda_": -0.06032294634849645, "interval": [-0.06068588142105285, -0.05996001127594005], "current_G": 200, "gain_over_G": -14, "raw_min_abs_det": 0.0003356200509449861}
{"event": "best", "n": 26, "harmonic": 5, "phase": 0.16666666666666666, "float_T": 187, "lambda_": -0.05280213446400954, "interval": [-0.052930632423689845, -0.05267363650432924], "current_G": 200, "gain_over_G": -13, "raw_min_abs_det": 0.00013023977183665436}
{"event": "best", "n": 26, "harmonic": 5, "phase": 0.16666666666666666, "float_T": 188, "lambda_": -0.04757666379542565, "interval": [-0.04796355424872362, -0.04718977334212767], "current_G": 200, "gain_over_G": -12, "raw_min_abs_det": 0.00021318200141807325}
{"event": "best", "n": 26, "harmonic": 5, "phase": 0.16666666666666666, "float_T": 189, "lambda_": -0.042385050103779125, "interval": [-0.042690048186838525, -0.042080052020719724], "current_G": 200, "gain_over_G": -11, "raw_min_abs_det": 0.00017219404824786108}
{"event": "best", "n": 26, "harmonic": 5, "phase": 0.16666666666666666, "float_T": 190, "lambda_": -0.041474879212691065, "interval": [-0.04165217056730901, -0.04129758785807312], "current_G": 200, "gain_over_G": -10, "raw_min_abs_det": 0.00018931011313939872}
{"event": "best", "n": 26, "harmonic": 5, "phase": 0.16666666666666666, "float_T": 191, "lambda_": -0.037541676268409846, "interval": [-0.03760060261906151, -0.03748274991775819], "current_G": 200, "gain_over_G": -9, "raw_min_abs_det": 6.003343553716983e-05}
{"event": "best", "n": 26, "harmonic": 5, "phase": 0.16666666666666666, "float_T": 192, "lambda_": -0.03490701932392129, "interval": [-0.0349777738435622, -0.03483626480428037], "current_G": 200, "gain_over_G": -8, "raw_min_abs_det": 3.627545781257832e-05}
{"event": "best", "n": 26, "harmonic": 5, "phase": 0.16666666666666666, "float_T": 193, "lambda_": -0.03197064769951737, "interval": [-0.03220462591713767, -0.03173666948189707], "current_G": 200, "gain_over_G": -7, "raw_min_abs_det": 0.00010498097369859155}
{"event": "best", "n": 26, "harmonic": 5, "phase": 0.16666666666666666, "float_T": 194, "lambda_": -0.03156076773568056, "interval": [-0.03173666948189707, -0.03138486598946406], "current_G": 200, "gain_over_G": -6, "raw_min_abs_det": 6.146149172706582e-05}
{"event": "best", "n": 26, "harmonic": 5, "phase": 0.16666666666666666, "float_T": 195, "lambda_": -0.029282535347984008, "interval": [-0.02967098071407242, -0.0288940899818956], "current_G": 200, "gain_over_G": -5, "raw_min_abs_det": 0.00010331767126877615}
{"event": "best", "n": 26, "harmonic": 5, "phase": 0.16666666666666666, "float_T": 196, "lambda_": -0.027579704263165687, "interval": [-0.028247494606877758, -0.026911913919453613], "current_G": 200, "gain_over_G": -4, "raw_min_abs_det": 7.585067100112925e-05}
{"event": "best", "n": 26, "harmonic": 5, "phase": 0.16666666666666666, "float_T": 197, "lambda_": -0.026883805139787706, "interval": [-0.026911913919453613, -0.0268556963601218], "current_G": 200, "gain_over_G": -3, "raw_min_abs_det": 5.010695012838684e-06}
{"event": "best", "n": 26, "harmonic": 5, "phase": 0.16666666666666666, "float_T": 198, "lambda_": -0.026430376245772914, "interval": [-0.0268556963601218, -0.02600505613142403], "current_G": 200, "gain_over_G": -2, "raw_min_abs_det": 3.769472764011581e-05}
{"event": "best", "n": 26, "harmonic": 5, "phase": 0.16666666666666666, "float_T": 199, "lambda_": -0.02564999851779071, "interval": [-0.02600505613142403, -0.02529494090415739], "current_G": 200, "gain_over_G": -1, "raw_min_abs_det": 1.1787373135148946e-05}
{"event": "best", "n": 26, "harmonic": 5, "phase": 0.16666666666666666, "float_T": 200, "lambda_": -0.0011026621103784693, "interval": [-0.02529494090415739, 0.02308961668340045], "current_G": 200, "gain_over_G": 0, "raw_min_abs_det": 0.0008031468871030058}
{"event": "finish", "n": 26, "harmonic": 5, "phase": 0.16666666666666666, "current_G": 200, "best_float": 200, "walls": 2113, "events": 2113, "wins": [], "seconds": 0.2059156894683838, "scope": "Finite floating wall sweep plus exact rational point replays for improvements; no exact harmonic or universal theorem"}
{"event": "best", "n": 31, "harmonic": 5, "phase": 0.16666666666666666, "float_T": 186, "lambda_": -1.9959286637951341, "interval": [-1.9972677687756197, -1.9945895588146487], "current_G": 291, "gain_over_G": -105, "raw_min_abs_det": 0.0009186904452809716}
{"event": "best", "n": 31, "harmonic": 5, "phase": 0.16666666666666666, "float_T": 188, "lambda_": -1.9878026147050205, "interval": [-1.9945895588146487, -1.9810156705953923], "current_G": 291, "gain_over_G": -103, "raw_min_abs_det": 0.0008820845510613667}
{"event": "best", "n": 31, "harmonic": 5, "phase": 0.16666666666666666, "float_T": 189, "lambda_": -1.9512613571372097, "interval": [-1.9523793236746347, -1.9501433905997847], "current_G": 291, "gain_over_G": -102, "raw_min_abs_det": 0.0007174749856569441}
{"event": "best", "n": 31, "harmonic": 5, "phase": 0.16666666666666666, "float_T": 192, "lambda_": -1.9497262215550488, "interval": [-1.9501433905997847, -1.949309052510313], "current_G": 291, "gain_over_G": -99, "raw_min_abs_det": 0.0003554178241478301}
{"event": "best", "n": 31, "harmonic": 5, "phase": 0.16666666666666666, "float_T": 193, "lambda_": -1.9410740232278396, "interval": [-1.949309052510313, -1.9328389939453665], "current_G": 291, "gain_over_G": -98, "raw_min_abs_det": 0.0006715834997293134}
{"event": "best", "n": 31, "harmonic": 5, "phase": 0.16666666666666666, "float_T": 195, "lambda_": -1.925307525266903, "interval": [-1.9264384148238978, -1.9241766357099082], "current_G": 291, "gain_over_G": -96, "raw_min_abs_det": 0.00010442918771935705}
{"event": "best", "n": 31, "harmonic": 5, "phase": 0.16666666666666666, "float_T": 196, "lambda_": -1.6939261024312144, "interval": [-1.6946862319008662, -1.6931659729615627], "current_G": 291, "gain_over_G": -95, "raw_min_abs_det": 0.00023767756351045222}
{"event": "best", "n": 31, "harmonic": 5, "phase": 0.16666666666666666, "float_T": 197, "lambda_": -1.6791323939074965, "interval": [-1.6802853428539086, -1.677979444961084], "current_G": 291, "gain_over_G": -94, "raw_min_abs_det": 0.000470753155358483}
{"event": "best", "n": 31, "harmonic": 5, "phase": 0.16666666666666666, "float_T": 198, "lambda_": -1.6729398200489736, "interval": [-1.6767734826921605, -1.6691061574057864], "current_G": 291, "gain_over_G": -93, "raw_min_abs_det": 0.0004529401461200429}
{"event": "best", "n": 31, "harmonic": 5, "phase": 0.16666666666666666, "float_T": 200, "lambda_": -1.667229938940551, "interval": [-1.6678868791453623, -1.6665729987357396], "current_G": 291, "gain_over_G": -91, "raw_min_abs_det": 0.00023533313655477173}
{"event": "best", "n": 31, "harmonic": 5, "phase": 0.16666666666666666, "float_T": 201, "lambda_": -1.6665596892050054, "interval": [-1.6665729987357396, -1.666546379674271], "current_G": 291, "gain_over_G": -90, "raw_min_abs_det": 4.767821471185485e-06}
{"event": "best", "n": 31, "harmonic": 5, "phase": 0.16666666666666666, "float_T": 202, "lambda_": -1.659541225911884, "interval": [-1.661475371621981, -1.657607080201787], "current_G": 291, "gain_over_G": -89, "raw_min_abs_det": 0.00030764242845361667}
{"event": "best", "n": 31, "harmonic": 5, "phase": 0.16666666666666666, "float_T": 203, "lambda_": -1.475857140107272, "interval": [-1.481924081526142, -1.469790198688402], "current_G": 291, "gain_over_G": -88, "raw_min_abs_det": 0.00011397042753527424}
{"event": "best", "n": 31, "harmonic": 5, "phase": 0.16666666666666666, "float_T": 204, "lambda_": -1.3351796413850594, "interval": [-1.3383811450362317, -1.331978137733887], "current_G": 291, "gain_over_G": -87, "raw_min_abs_det": 0.0005186308549487632}
{"event": "best", "n": 31, "harmonic": 5, "phase": 0.16666666666666666, "float_T": 207, "lambda_": -0.2597093064112013, "interval": [-0.26014705517394454, -0.2592715576484581], "current_G": 291, "gain_over_G": -84, "raw_min_abs_det": 2.251763903833668e-05}
{"event": "best", "n": 31, "harmonic": 5, "phase": 0.16666666666666666, "float_T": 208, "lambda_": -0.25902449605857497, "interval": [-0.2592715576484581, -0.25877743446869184], "current_G": 291, "gain_over_G": -83, "raw_min_abs_det": 5.969965879908806e-06}
{"event": "best", "n": 31, "harmonic": 5, "phase": 0.16666666666666666, "float_T": 209, "lambda_": -0.25874832316012486, "interval": [-0.25877743446869184, -0.25871921185155794], "current_G": 291, "gain_over_G": -82, "raw_min_abs_det": 7.034420807638248e-07}
{"event": "best", "n": 31, "harmonic": 5, "phase": 0.16666666666666666, "float_T": 210, "lambda_": -0.25863875260956504, "interval": [-0.25871921185155794, -0.2585582933675722], "current_G": 291, "gain_over_G": -81, "raw_min_abs_det": 3.35109139199246e-06}
{"event": "best", "n": 31, "harmonic": 5, "phase": 0.16666666666666666, "float_T": 211, "lambda_": -0.23699558480584815, "interval": [-0.23716924388089, -0.2368219257308063], "current_G": 291, "gain_over_G": -80, "raw_min_abs_det": 1.094575240902923e-05}
{"event": "best", "n": 31, "harmonic": 5, "phase": 0.16666666666666666, "float_T": 212, "lambda_": -0.23656216050465273, "interval": [-0.2368219257308063, -0.2363023952784992], "current_G": 291, "gain_over_G": -79, "raw_min_abs_det": 1.637303348107043e-05}
{"event": "best", "n": 31, "harmonic": 5, "phase": 0.16666666666666666, "float_T": 213, "lambda_": -0.23374112247141804, "interval": [-0.23389795021427848, -0.2335842947285576], "current_G": 291, "gain_over_G": -78, "raw_min_abs_det": 2.9923608436534938e-05}
{"event": "best", "n": 31, "harmonic": 5, "phase": 0.16666666666666666, "float_T": 214, "lambda_": -0.2172528596635495, "interval": [-0.21746727529107482, -0.2170384440360242], "current_G": 291, "gain_over_G": -77, "raw_min_abs_det": 7.146879315187912e-06}
{"event": "best", "n": 31, "harmonic": 5, "phase": 0.16666666666666666, "float_T": 215, "lambda_": -0.21692041360670794, "interval": [-0.2170384440360242, -0.21680238317739164], "current_G": 291, "gain_over_G": -76, "raw_min_abs_det": 3.934177949522881e-06}
{"event": "best", "n": 31, "harmonic": 5, "phase": 0.16666666666666666, "float_T": 216, "lambda_": -0.21595937342888544, "interval": [-0.21600097275978347, -0.21591777409798737], "current_G": 291, "gain_over_G": -75, "raw_min_abs_det": 1.6446637872660763e-05}
{"event": "best", "n": 31, "harmonic": 5, "phase": 0.16666666666666666, "float_T": 217, "lambda_": -0.21571678942092604, "interval": [-0.21591777409798737, -0.2155158047438647], "current_G": 291, "gain_over_G": -74, "raw_min_abs_det": 1.4941196214868224e-05}
{"event": "best", "n": 31, "harmonic": 5, "phase": 0.16666666666666666, "float_T": 218, "lambda_": -0.20906382916968252, "interval": [-0.20930814193629402, -0.20881951640307103], "current_G": 291, "gain_over_G": -73, "raw_min_abs_det": 1.441702936506124e-06}
{"event": "best", "n": 31, "harmonic": 5, "phase": 0.16666666666666666, "float_T": 219, "lambda_": -0.20345548103948602, "interval": [-0.2035288391192647, -0.20338212295970734], "current_G": 291, "gain_over_G": -72, "raw_min_abs_det": 8.721384912838311e-07}
{"event": "best", "n": 31, "harmonic": 5, "phase": 0.16666666666666666, "float_T": 220, "lambda_": -0.20286433646373464, "interval": [-0.20292146693007043, -0.20280720599739885], "current_G": 291, "gain_over_G": -71, "raw_min_abs_det": 1.1751728936932465e-07}
{"event": "best", "n": 31, "harmonic": 5, "phase": 0.16666666666666666, "float_T": 221, "lambda_": -0.19815149732736814, "interval": [-0.19966480747676466, -0.19663818717797163], "current_G": 291, "gain_over_G": -70, "raw_min_abs_det": 9.811820803089211e-06}
{"event": "best", "n": 31, "harmonic": 5, "phase": 0.16666666666666666, "float_T": 222, "lambda_": -0.1963801340646572, "interval": [-0.19663818717797163, -0.1961220809513428], "current_G": 291, "gain_over_G": -69, "raw_min_abs_det": 1.3455512557654901e-05}
{"event": "best", "n": 31, "harmonic": 5, "phase": 0.16666666666666666, "float_T": 223, "lambda_": -0.19471360114356945, "interval": [-0.1952760585062019, -0.194151143780937], "current_G": 291, "gain_over_G": -68, "raw_min_abs_det": 1.6883568446082015e-05}
{"event": "best", "n": 31, "harmonic": 5, "phase": 0.16666666666666666, "float_T": 224, "lambda_": -0.19408782301064909, "interval": [-0.194151143780937, -0.19402450224036114], "current_G": 291, "gain_over_G": -67, "raw_min_abs_det": 1.8155061039082376e-05}
{"event": "best", "n": 31, "harmonic": 5, "phase": 0.16666666666666666, "float_T": 225, "lambda_": -0.1934761268111404, "interval": [-0.19402450224036114, -0.19292775138191967], "current_G": 291, "gain_over_G": -66, "raw_min_abs_det": 1.9429051417574686e-05}
{"event": "best", "n": 31, "harmonic": 5, "phase": 0.16666666666666666, "float_T": 226, "lambda_": -0.1847408156223338, "interval": [-0.1851276823320939, -0.18435394891257373], "current_G": 291, "gain_over_G": -65, "raw_min_abs_det": 3.739757431869226e-05}
{"event": "best", "n": 31, "harmonic": 5, "phase": 0.16666666666666666, "float_T": 227, "lambda_": -0.18156612252097581, "interval": [-0.18296323626816455, -0.1801690087737871], "current_G": 291, "gain_over_G": -64, "raw_min_abs_det": 4.392791358913146e-05}
{"event": "best", "n": 31, "harmonic": 5, "phase": 0.16666666666666666, "float_T": 228, "lambda_": -0.1796463350661537, "interval": [-0.1797241135358413, -0.17956855659646612], "current_G": 291, "gain_over_G": -63, "raw_min_abs_det": 3.300649234073104e-06}
{"event": "best", "n": 31, "harmonic": 5, "phase": 0.16666666666666666, "float_T": 229, "lambda_": -0.17595854957264329, "interval": [-0.1762474715313772, -0.17566962761390936], "current_G": 291, "gain_over_G": -62, "raw_min_abs_det": 5.546268330299279e-05}
{"event": "best", "n": 31, "harmonic": 5, "phase": 0.16666666666666666, "float_T": 230, "lambda_": -0.17422777737508072, "interval": [-0.17545386575800098, -0.17300168899216045], "current_G": 291, "gain_over_G": -61, "raw_min_abs_det": 5.902287929330526e-05}
{"event": "best", "n": 31, "harmonic": 5, "phase": 0.16666666666666666, "float_T": 231, "lambda_": -0.1698566097165628, "interval": [-0.17083418858031318, -0.16887903085281245], "current_G": 291, "gain_over_G": -60, "raw_min_abs_det": 6.801436505483703e-05}
{"event": "best", "n": 31, "harmonic": 5, "phase": 0.16666666666666666, "float_T": 232, "lambda_": -0.167555365273849, "interval": [-0.16765115697730607, -0.16745957357039196], "current_G": 291, "gain_over_G": -59, "raw_min_abs_det": 3.64531839174842e-05}
{"event": "best", "n": 31, "harmonic": 5, "phase": 0.16666666666666666, "float_T": 233, "lambda_": -0.1651415102486476, "interval": [-0.1652195569398163, -0.16506346355747886], "current_G": 291, "gain_over_G": -58, "raw_min_abs_det": 9.923130025936422e-06}
{"event": "best", "n": 31, "harmonic": 5, "phase": 0.16666666666666666, "float_T": 234, "lambda_": -0.16440332299030863, "interval": [-0.16448330810761402, -0.1643233378730032], "current_G": 291, "gain_over_G": -57, "raw_min_abs_det": 4.705518504772785e-06}
{"event": "best", "n": 31, "harmonic": 5, "phase": 0.16666666666666666, "float_T": 235, "lambda_": -0.16130807866507202, "interval": [-0.16143982927145442, -0.1611763280586896], "current_G": 291, "gain_over_G": -56, "raw_min_abs_det": 2.2949365152274276e-05}
{"event": "best", "n": 31, "harmonic": 5, "phase": 0.16666666666666666, "float_T": 236, "lambda_": -0.1581615743830121, "interval": [-0.158759827069696, -0.15756332169632822], "current_G": 291, "gain_over_G": -55, "raw_min_abs_det": 9.207103638322211e-05}
{"event": "best", "n": 31, "harmonic": 5, "phase": 0.16666666666666666, "float_T": 237, "lambda_": -0.15748907419791536, "interval": [-0.15756332169632822, -0.15741482669950252], "current_G": 291, "gain_over_G": -54, "raw_min_abs_det": 5.672020665120625e-05}
{"event": "best", "n": 31, "harmonic": 5, "phase": 0.16666666666666666, "float_T": 238, "lambda_": -0.15550492818994896, "interval": [-0.15561981795541413, -0.1553900384244838], "current_G": 291, "gain_over_G": -53, "raw_min_abs_det": 1.433155832115604e-05}
{"event": "best", "n": 31, "harmonic": 5, "phase": 0.16666666666666666, "float_T": 239, "lambda_": -0.1539317407890156, "interval": [-0.1553900384244838, -0.15247344315354738], "current_G": 291, "gain_over_G": -52, "raw_min_abs_det": 0.00010077179817165544}
{"event": "best", "n": 31, "harmonic": 5, "phase": 0.16666666666666666, "float_T": 240, "lambda_": -0.15096072659618098, "interval": [-0.1509664272753042, -0.15095502591705778], "current_G": 291, "gain_over_G": -51, "raw_min_abs_det": 6.049893983665899e-07}
{"event": "best", "n": 31, "harmonic": 5, "phase": 0.16666666666666666, "float_T": 242, "lambda_": -0.14691458273006236, "interval": [-0.14726985438060616, -0.14655931107951856], "current_G": 291, "gain_over_G": -49, "raw_min_abs_det": 1.4745592016756834e-05}
{"event": "best", "n": 31, "harmonic": 5, "phase": 0.16666666666666666, "float_T": 243, "lambda_": -0.14599691503484613, "interval": [-0.1465221865947567, -0.1454716434749356], "current_G": 291, "gain_over_G": -48, "raw_min_abs_det": 1.727846973643239e-05}
{"event": "best", "n": 31, "harmonic": 5, "phase": 0.16666666666666666, "float_T": 244, "lambda_": -0.1451287437398903, "interval": [-0.1454716434749356, -0.14478584400484498], "current_G": 291, "gain_over_G": -47, "raw_min_abs_det": 4.892184312761064e-06}
{"event": "best", "n": 31, "harmonic": 5, "phase": 0.16666666666666666, "float_T": 245, "lambda_": -0.1440656327383426, "interval": [-0.14478584400484498, -0.14334542147184026], "current_G": 291, "gain_over_G": -46, "raw_min_abs_det": 1.0275325116221833e-05}
{"event": "best", "n": 31, "harmonic": 5, "phase": 0.16666666666666666, "float_T": 246, "lambda_": -0.13534203608685869, "interval": [-0.13591391365569602, -0.13477015851802138], "current_G": 291, "gain_over_G": -45, "raw_min_abs_det": 0.00013473573825595895}
{"event": "best", "n": 31, "harmonic": 5, "phase": 0.16666666666666666, "float_T": 247, "lambda_": -0.12817682102697192, "interval": [-0.1299956168455403, -0.1263580252084035], "current_G": 291, "gain_over_G": -44, "raw_min_abs_det": 0.00015374963211004216}
{"event": "best", "n": 31, "harmonic": 5, "phase": 0.16666666666666666, "float_T": 248, "lambda_": -0.12549869371115813, "interval": [-0.12567929530936298, -0.1253180921129533], "current_G": 291, "gain_over_G": -43, "raw_min_abs_det": 7.994033323011768e-05}
{"event": "best", "n": 31, "harmonic": 5, "phase": 0.16666666666666666, "float_T": 249, "lambda_": -0.12281111338259046, "interval": [-0.12395688385128133, -0.12166534291389959], "current_G": 291, "gain_over_G": -42, "raw_min_abs_det": 0.0001647868852318673}
{"event": "best", "n": 31, "harmonic": 5, "phase": 0.16666666666666666, "float_T": 250, "lambda_": -0.11408486002388149, "interval": [-0.11476342492199113, -0.11340629512577186], "current_G": 291, "gain_over_G": -41, "raw_min_abs_det": 9.344123333601337e-05}
{"event": "best", "n": 31, "harmonic": 5, "phase": 0.16666666666666666, "float_T": 251, "lambda_": -0.11289566970024484, "interval": [-0.11340629512577186, -0.11238504427471784], "current_G": 291, "gain_over_G": -40, "raw_min_abs_det": 7.031526338437295e-05}
{"event": "best", "n": 31, "harmonic": 5, "phase": 0.16666666666666666, "float_T": 252, "lambda_": -0.10952237912317822, "interval": [-0.11089366986653863, -0.10815108837981782], "current_G": 291, "gain_over_G": -39, "raw_min_abs_det": 0.0001921217930223402}
{"event": "best", "n": 31, "harmonic": 5, "phase": 0.16666666666666666, "float_T": 253, "lambda_": -0.10814037074583438, "interval": [-0.10815108837981782, -0.10812965311185095], "current_G": 291, "gain_over_G": -38, "raw_min_abs_det": 4.626851780292762e-06}
{"event": "best", "n": 31, "harmonic": 5, "phase": 0.16666666666666666, "float_T": 254, "lambda_": -0.10079394600352043, "interval": [-0.10087542602024194, -0.10071246598679892], "current_G": 291, "gain_over_G": -37, "raw_min_abs_det": 3.3216573201592936e-05}
{"event": "best", "n": 31, "harmonic": 5, "phase": 0.16666666666666666, "float_T": 255, "lambda_": -0.09907043592700504, "interval": [-0.09953436718020606, -0.09860650467380402], "current_G": 291, "gain_over_G": -36, "raw_min_abs_det": 0.00013611356928922708}
{"event": "best", "n": 31, "harmonic": 5, "phase": 0.16666666666666666, "float_T": 256, "lambda_": -0.09566634664434787, "interval": [-0.09569564433881557, -0.09563704894988015], "current_G": 291, "gain_over_G": -35, "raw_min_abs_det": 1.0851903504444094e-05}
{"event": "best", "n": 31, "harmonic": 5, "phase": 0.16666666666666666, "float_T": 257, "lambda_": -0.0928871197556633, "interval": [-0.09339676958183624, -0.09237746992949035], "current_G": 291, "gain_over_G": -34, "raw_min_abs_det": 0.0002263404982808599}
{"event": "best", "n": 31, "harmonic": 5, "phase": 0.16666666666666666, "float_T": 258, "lambda_": -0.08866548008177484, "interval": [-0.08909042364027803, -0.08824053652327166], "current_G": 291, "gain_over_G": -33, "raw_min_abs_det": 0.00013799189643421209}
{"event": "best", "n": 31, "harmonic": 5, "phase": 0.16666666666666666, "float_T": 259, "lambda_": -0.08510917029068292, "interval": [-0.08521726923526955, -0.08500107134609629], "current_G": 291, "gain_over_G": -32, "raw_min_abs_det": 2.3603082107626766e-05}
{"event": "best", "n": 31, "harmonic": 5, "phase": 0.16666666666666666, "float_T": 260, "lambda_": -0.08417368660738642, "interval": [-0.0844580000292376, -0.08388937318553522], "current_G": 291, "gain_over_G": -31, "raw_min_abs_det": 7.6760204713016e-05}
{"event": "best", "n": 31, "harmonic": 5, "phase": 0.16666666666666666, "float_T": 261, "lambda_": -0.08358502495894764, "interval": [-0.08373255360948471, -0.08343749630841056], "current_G": 291, "gain_over_G": -30, "raw_min_abs_det": 3.0038434907678907e-05}
{"event": "best", "n": 31, "harmonic": 5, "phase": 0.16666666666666666, "float_T": 262, "lambda_": -0.07943219911227994, "interval": [-0.0800726330273846, -0.0787917651971753], "current_G": 291, "gain_over_G": -29, "raw_min_abs_det": 9.532436469170992e-05}
{"event": "best", "n": 31, "harmonic": 5, "phase": 0.16666666666666666, "float_T": 263, "lambda_": -0.0761605550272332, "interval": [-0.07741437656931865, -0.07490673348514777], "current_G": 291, "gain_over_G": -28, "raw_min_abs_det": 7.638317152398617e-05}
{"event": "best", "n": 31, "harmonic": 5, "phase": 0.16666666666666666, "float_T": 264, "lambda_": -0.07487504909432749, "interval": [-0.07490673348514777, -0.07484336470350722], "current_G": 291, "gain_over_G": -27, "raw_min_abs_det": 3.0599982850428725e-06}
{"event": "best", "n": 31, "harmonic": 5, "phase": 0.16666666666666666, "float_T": 265, "lambda_": -0.0747867425772854, "interval": [-0.07483145506810364, -0.07474203008646715], "current_G": 291, "gain_over_G": -26, "raw_min_abs_det": 5.783352596920935e-06}
{"event": "best", "n": 31, "harmonic": 5, "phase": 0.16666666666666666, "float_T": 266, "lambda_": -0.07357208568003727, "interval": [-0.07396269503103862, -0.07318147632903592], "current_G": 291, "gain_over_G": -25, "raw_min_abs_det": 1.9710173105257165e-05}
{"event": "best", "n": 31, "harmonic": 5, "phase": 0.16666666666666666, "float_T": 267, "lambda_": -0.07299966556701852, "interval": [-0.07318147632903592, -0.07281785480500112], "current_G": 291, "gain_over_G": -24, "raw_min_abs_det": 9.174182805852301e-06}
{"event": "best", "n": 31, "harmonic": 5, "phase": 0.16666666666666666, "float_T": 268, "lambda_": -0.07167143619132617, "interval": [-0.07176784650529115, -0.07157502587736118], "current_G": 291, "gain_over_G": -23, "raw_min_abs_det": 1.676443021767643e-06}
{"event": "best", "n": 31, "harmonic": 5, "phase": 0.16666666666666666, "float_T": 269, "lambda_": -0.06965506794601425, "interval": [-0.07157502587736118, -0.06773511001466731], "current_G": 291, "gain_over_G": -22, "raw_min_abs_det": 3.6738319030122984e-05}
{"event": "best", "n": 31, "harmonic": 5, "phase": 0.16666666666666666, "float_T": 270, "lambda_": -0.06198214000829727, "interval": [-0.0623544859890143, -0.06160979402758023], "current_G": 291, "gain_over_G": -21, "raw_min_abs_det": 0.00017016000358539818}
{"event": "best", "n": 31, "harmonic": 5, "phase": 0.16666666666666666, "float_T": 271, "lambda_": -0.056157619047003365, "interval": [-0.05653901893710184, -0.0557762191569049], "current_G": 291, "gain_over_G": -20, "raw_min_abs_det": 0.0001379093185142552}
{"event": "best", "n": 31, "harmonic": 5, "phase": 0.16666666666666666, "float_T": 272, "lambda_": -0.049412271608691494, "interval": [-0.04993239860760774, -0.04889214460977525], "current_G": 291, "gain_over_G": -19, "raw_min_abs_det": 0.00021077000941356616}
{"event": "best", "n": 31, "harmonic": 5, "phase": 0.16666666666666666, "float_T": 273, "lambda_": -0.048112625539193876, "interval": [-0.04835977317780984, -0.047865477900577914], "current_G": 291, "gain_over_G": -18, "raw_min_abs_det": 0.00020151031872100988}
{"event": "best", "n": 31, "harmonic": 5, "phase": 0.16666666666666666, "float_T": 274, "lambda_": -0.04281644610658865, "interval": [-0.043109199413647346, -0.04252369279952995], "current_G": 291, "gain_over_G": -17, "raw_min_abs_det": 0.00025671755361906384}
{"event": "best", "n": 31, "harmonic": 5, "phase": 0.16666666666666666, "float_T": 275, "lambda_": -0.03955040274359353, "interval": [-0.03987261892414042, -0.03922818656304664], "current_G": 291, "gain_over_G": -16, "raw_min_abs_det": 0.000150365242808332}
{"event": "best", "n": 31, "harmonic": 5, "phase": 0.16666666666666666, "float_T": 276, "lambda_": -0.03602290973515006, "interval": [-0.03607234258058392, -0.03597347688971619], "current_G": 291, "gain_over_G": -15, "raw_min_abs_det": 1.890118653412841e-05}
{"event": "best", "n": 31, "harmonic": 5, "phase": 0.16666666666666666, "float_T": 277, "lambda_": -0.034977725311535035, "interval": [-0.03514367934270664, -0.034811771280363425], "current_G": 291, "gain_over_G": -14, "raw_min_abs_det": 0.00015325943210455634}
{"event": "best", "n": 31, "harmonic": 5, "phase": 0.16666666666666666, "float_T": 278, "lambda_": -0.03209627125233189, "interval": [-0.0321416392600265, -0.03205090324463728], "current_G": 291, "gain_over_G": -13, "raw_min_abs_det": 4.0868595628868604e-05}
{"event": "best", "n": 31, "harmonic": 5, "phase": 0.16666666666666666, "float_T": 279, "lambda_": -0.030093223380573592, "interval": [-0.030271415942058327, -0.029915030819088858], "current_G": 291, "gain_over_G": -12, "raw_min_abs_det": 8.096786888945467e-05}
{"event": "best", "n": 31, "harmonic": 5, "phase": 0.16666666666666666, "float_T": 280, "lambda_": -0.028044692539901658, "interval": [-0.02807794370373024, -0.028011441376073077], "current_G": 291, "gain_over_G": -11, "raw_min_abs_det": 1.3911873214120934e-05}
{"event": "best", "n": 31, "harmonic": 5, "phase": 0.16666666666666666, "float_T": 281, "lambda_": -0.027566532557330516, "interval": [-0.027577173511360544, -0.02755589160330049], "current_G": 291, "gain_over_G": -10, "raw_min_abs_det": 8.105624018622803e-06}
{"event": "best", "n": 31, "harmonic": 5, "phase": 0.16666666666666666, "float_T": 282, "lambda_": -0.025863401966780275, "interval": [-0.025866589397578355, -0.025860214535982192], "current_G": 291, "gain_over_G": -9, "raw_min_abs_det": 9.400586952323237e-07}
{"event": "best", "n": 31, "harmonic": 5, "phase": 0.16666666666666666, "float_T": 283, "lambda_": -0.02470587347155854, "interval": [-0.02475793320475797, -0.024653813738359107], "current_G": 291, "gain_over_G": -8, "raw_min_abs_det": 1.6037397026023165e-05}
{"event": "best", "n": 31, "harmonic": 5, "phase": 0.16666666666666666, "float_T": 284, "lambda_": -0.023430997498464105, "interval": [-0.02353386218554064, -0.023328132811387566], "current_G": 291, "gain_over_G": -7, "raw_min_abs_det": 2.483716788009762e-05}
{"event": "best", "n": 31, "harmonic": 5, "phase": 0.16666666666666666, "float_T": 285, "lambda_": -0.022926901333493677, "interval": [-0.023328132811387566, -0.022525669855599787], "current_G": 291, "gain_over_G": -6, "raw_min_abs_det": 9.691202523874338e-05}
{"event": "best", "n": 31, "harmonic": 5, "phase": 0.16666666666666666, "float_T": 286, "lambda_": -0.02216699768757555, "interval": [-0.022429374623048268, -0.02190462075210283], "current_G": 291, "gain_over_G": -5, "raw_min_abs_det": 2.8983669705248943e-05}
{"event": "best", "n": 31, "harmonic": 5, "phase": 0.16666666666666666, "float_T": 287, "lambda_": -0.021524499876331114, "interval": [-0.021790122264554238, -0.021258877488107994], "current_G": 291, "gain_over_G": -4, "raw_min_abs_det": 1.5432635248390034e-05}
{"event": "best", "n": 31, "harmonic": 5, "phase": 0.16666666666666666, "float_T": 288, "lambda_": -0.021243305982639436, "interval": [-0.021258877488107994, -0.021227734477170877], "current_G": 291, "gain_over_G": -3, "raw_min_abs_det": 9.047029724117573e-07}
{"event": "best", "n": 31, "harmonic": 5, "phase": 0.16666666666666666, "float_T": 290, "lambda_": -0.0011583552997900762, "interval": [-0.021227734477170877, 0.018911023877590725], "current_G": 291, "gain_over_G": -1, "raw_min_abs_det": 0.0004150264385057045}
{"event": "finish", "n": 31, "harmonic": 5, "phase": 0.16666666666666666, "current_G": 291, "best_float": 290, "walls": 3652, "events": 3652, "wins": [], "seconds": 0.6115806102752686, "scope": "Finite floating wall sweep plus exact rational point replays for improvements; no exact harmonic or universal theorem"}
{"event": "best", "n": 61, "harmonic": 5, "phase": 0.16666666666666666, "float_T": 788, "lambda_": -1.9980310440853621, "interval": [-1.9997178208206454, -1.996344267350079], "current_G": 1181, "gain_over_G": -393, "raw_min_abs_det": 0.00021752403061893916}
{"event": "best", "n": 61, "harmonic": 5, "phase": 0.16666666666666666, "float_T": 789, "lambda_": -1.941981996999026, "interval": [-1.9423934966592995, -1.9415704973387524], "current_G": 1181, "gain_over_G": -392, "raw_min_abs_det": 6.202938001728664e-05}
{"event": "best", "n": 61, "harmonic": 5, "phase": 0.16666666666666666, "float_T": 791, "lambda_": -1.9288715452766305, "interval": [-1.9289715651789712, -1.9287715253742896], "current_G": 1181, "gain_over_G": -390, "raw_min_abs_det": 6.0192966431449335e-05}
{"event": "best", "n": 61, "harmonic": 5, "phase": 0.16666666666666666, "float_T": 792, "lambda_": -1.9279034995860065, "interval": [-1.9279087124372496, -1.9278982867347632], "current_G": 1181, "gain_over_G": -389, "raw_min_abs_det": 2.6372107716499116e-06}
{"event": "best", "n": 61, "harmonic": 5, "phase": 0.16666666666666666, "float_T": 793, "lambda_": -1.9273430507319158, "interval": [-1.9278982867347632, -1.9267878147290685], "current_G": 1181, "gain_over_G": -388, "raw_min_abs_det": 0.00010658144638427125}
{"event": "best", "n": 61, "harmonic": 5, "phase": 0.16666666666666666, "float_T": 794, "lambda_": -1.9267614952910477, "interval": [-1.9267878147290685, -1.9267351758530267], "current_G": 1181, "gain_over_G": -387, "raw_min_abs_det": 7.314744236319726e-06}
{"event": "best", "n": 61, "harmonic": 5, "phase": 0.16666666666666666, "float_T": 795, "lambda_": -1.920254287521411, "interval": [-1.9204329579414392, -1.9200756171013829], "current_G": 1181, "gain_over_G": -386, "raw_min_abs_det": 1.8704467805025216e-05}
{"event": "best", "n": 61, "harmonic": 5, "phase": 0.16666666666666666, "float_T": 798, "lambda_": -1.9192652055733814, "interval": [-1.9195274583824373, -1.9190029527643255], "current_G": 1181, "gain_over_G": -383, "raw_min_abs_det": 4.482264106125261e-05}
{"event": "best", "n": 61, "harmonic": 5, "phase": 0.16666666666666666, "float_T": 799, "lambda_": -1.918922904106168, "interval": [-1.9190029527643255, -1.9188428554480104], "current_G": 1181, "gain_over_G": -382, "raw_min_abs_det": 3.493181479530261e-05}
{"event": "best", "n": 61, "harmonic": 5, "phase": 0.16666666666666666, "float_T": 802, "lambda_": -1.9009081470237272, "interval": [-1.9012490997161067, -1.900567194331348], "current_G": 1181, "gain_over_G": -379, "raw_min_abs_det": 5.5315108352452236e-05}
{"event": "best", "n": 61, "harmonic": 5, "phase": 0.16666666666666666, "float_T": 803, "lambda_": -1.8957204596815753, "interval": [-1.895733790238477, -1.8957071291246737], "current_G": 1181, "gain_over_G": -378, "raw_min_abs_det": 3.447685605409423e-07}
{"event": "best", "n": 61, "harmonic": 5, "phase": 0.16666666666666666, "float_T": 804, "lambda_": -1.895673726163045, "interval": [-1.8957071291246737, -1.8956403232014163], "current_G": 1181, "gain_over_G": -377, "raw_min_abs_det": 8.639017171976904e-07}
{"event": "best", "n": 61, "harmonic": 5, "phase": 0.16666666666666666, "float_T": 805, "lambda_": -1.8953516977540725, "interval": [-1.8956403232014163, -1.895063072306729], "current_G": 1181, "gain_over_G": -376, "raw_min_abs_det": 9.19253133367659e-06}
{"event": "best", "n": 61, "harmonic": 5, "phase": 0.16666666666666666, "float_T": 806, "lambda_": -1.8949628065666855, "interval": [-1.895063072306729, -1.8948625408266422], "current_G": 1181, "gain_over_G": -375, "raw_min_abs_det": 1.9250434831044605e-05}
{"event": "best", "n": 61, "harmonic": 5, "phase": 0.16666666666666666, "float_T": 807, "lambda_": -1.8834008744704507, "interval": [-1.8838206216286324, -1.8829811273122687], "current_G": 1181, "gain_over_G": -374, "raw_min_abs_det": 5.895110987361868e-05}
{"event": "best", "n": 61, "harmonic": 5, "phase": 0.16666666666666666, "float_T": 808, "lambda_": -1.8828989793089517, "interval": [-1.8829559754703786, -1.8828419831475247], "current_G": 1181, "gain_over_G": -373, "raw_min_abs_det": 1.4038402935401262e-05}
{"event": "best", "n": 61, "harmonic": 5, "phase": 0.16666666666666666, "float_T": 809, "lambda_": -1.8825752844076171, "interval": [-1.8828419831475247, -1.8823085856677098], "current_G": 1181, "gain_over_G": -372, "raw_min_abs_det": 4.944685678260133e-05}
{"event": "best", "n": 61, "harmonic": 5, "phase": 0.16666666666666666, "float_T": 811, "lambda_": -1.8822884779498295, "interval": [-1.8823085856677098, -1.8822683702319492], "current_G": 1181, "gain_over_G": -370, "raw_min_abs_det": 5.301416036551654e-06}
{"event": "best", "n": 61, "harmonic": 5, "phase": 0.16666666666666666, "float_T": 812, "lambda_": -1.3299030461665553, "interval": [-1.3300194694496348, -1.3297866228834756], "current_G": 1181, "gain_over_G": -369, "raw_min_abs_det": 6.250492593830943e-05}
{"event": "best", "n": 61, "harmonic": 5, "phase": 0.16666666666666666, "float_T": 814, "lambda_": -1.1718291045487743, "interval": [-1.171855418674421, -1.1718027904231276], "current_G": 1181, "gain_over_G": -367, "raw_min_abs_det": 1.709015102296929e-06}
{"event": "best", "n": 61, "harmonic": 5, "phase": 0.16666666666666666, "float_T": 815, "lambda_": -0.27400244079562175, "interval": [-0.2740072797116979, -0.2739976018795456], "current_G": 1181, "gain_over_G": -366, "raw_min_abs_det": 2.984242856419149e-07}
{"event": "best", "n": 61, "harmonic": 5, "phase": 0.16666666666666666, "float_T": 817, "lambda_": -0.27390399880502025, "interval": [-0.2739716525303008, -0.27383634507973964], "current_G": 1181, "gain_over_G": -364, "raw_min_abs_det": 6.55753561541305e-07}
{"event": "best", "n": 61, "harmonic": 5, "phase": 0.16666666666666666, "float_T": 818, "lambda_": -0.2737021061700503, "interval": [-0.27370575399335395, -0.2736984583467467], "current_G": 1181, "gain_over_G": -363, "raw_min_abs_det": 2.558236956952376e-06}
{"event": "best", "n": 61, "harmonic": 5, "phase": 0.16666666666666666, "float_T": 819, "lambda_": -0.2736331919172996, "interval": [-0.2736353794786368, -0.2736310043559624], "current_G": 1181, "gain_over_G": -362, "raw_min_abs_det": 1.414085596306014e-06}
{"event": "best", "n": 61, "harmonic": 5, "phase": 0.16666666666666666, "float_T": 820, "lambda_": -0.2705451269655932, "interval": [-0.27055706602741025, -0.27053318790377606], "current_G": 1181, "gain_over_G": -361, "raw_min_abs_det": 9.96904881478411e-07}
{"event": "best", "n": 61, "harmonic": 5, "phase": 0.16666666666666666, "float_T": 821, "lambda_": -0.2703650813796862, "interval": [-0.27038726238711436, -0.27034290037225805], "current_G": 1181, "gain_over_G": -360, "raw_min_abs_det": 7.205602102169917e-06}
{"event": "best", "n": 61, "harmonic": 5, "phase": 0.16666666666666666, "float_T": 822, "lambda_": -0.2703061247445848, "interval": [-0.27034290037225805, -0.27026934911691153], "current_G": 1181, "gain_over_G": -359, "raw_min_abs_det": 7.732325136712245e-06}
{"event": "best", "n": 61, "harmonic": 5, "phase": 0.16666666666666666, "float_T": 823, "lambda_": -0.2630702095177754, "interval": [-0.26310250854247325, -0.2630379104930775], "current_G": 1181, "gain_over_G": -358, "raw_min_abs_det": 4.891573726460577e-07}
{"event": "best", "n": 61, "harmonic": 5, "phase": 0.16666666666666666, "float_T": 824, "lambda_": -0.2619723928668546, "interval": [-0.262016936137428, -0.2619278495962811], "current_G": 1181, "gain_over_G": -357, "raw_min_abs_det": 3.0793527822241306e-06}
{"event": "best", "n": 61, "harmonic": 5, "phase": 0.16666666666666666, "float_T": 825, "lambda_": -0.26119741881286995, "interval": [-0.26120483245947074, -0.26119000516626917], "current_G": 1181, "gain_over_G": -356, "raw_min_abs_det": 2.4901867237761555e-06}
{"event": "best", "n": 61, "harmonic": 5, "phase": 0.16666666666666666, "float_T": 826, "lambda_": -0.2610282824778215, "interval": [-0.2610446618963411, -0.26101190305930183], "current_G": 1181, "gain_over_G": -355, "raw_min_abs_det": 5.317641323651645e-06}
{"event": "best", "n": 61, "harmonic": 5, "phase": 0.16666666666666666, "float_T": 827, "lambda_": -0.25449075581760117, "interval": [-0.25453757299732976, -0.25444393863787257], "current_G": 1181, "gain_over_G": -354, "raw_min_abs_det": 2.2302239200324564e-06}
{"event": "best", "n": 61, "harmonic": 5, "phase": 0.16666666666666666, "float_T": 828, "lambda_": -0.2531342577584107, "interval": [-0.2531468010112334, -0.25312171450558796], "current_G": 1181, "gain_over_G": -353, "raw_min_abs_det": 2.5083665856420745e-06}
{"event": "best", "n": 61, "harmonic": 5, "phase": 0.16666666666666666, "float_T": 829, "lambda_": -0.25287940910041795, "interval": [-0.252921899130528, -0.25283691907030786], "current_G": 1181, "gain_over_G": -352, "raw_min_abs_det": 4.7932383825666225e-06}
{"event": "best", "n": 61, "harmonic": 5, "phase": 0.16666666666666666, "float_T": 831, "lambda_": -0.2525159423778725, "interval": [-0.2525164260357128, -0.2525154587200322], "current_G": 1181, "gain_over_G": -350, "raw_min_abs_det": 1.4145789049846424e-07}
{"event": "best", "n": 61, "harmonic": 5, "phase": 0.16666666666666666, "float_T": 833, "lambda_": -0.2509766949048883, "interval": [-0.251028110220534, -0.2509252795892425], "current_G": 1181, "gain_over_G": -348, "raw_min_abs_det": 6.343793953113991e-06}
{"event": "best", "n": 61, "harmonic": 5, "phase": 0.16666666666666666, "float_T": 834, "lambda_": -0.24934702309027137, "interval": [-0.2493980113905935, -0.24929603478994924], "current_G": 1181, "gain_over_G": -347, "raw_min_abs_det": 1.2670331334457482e-06}
{"event": "best", "n": 61, "harmonic": 5, "phase": 0.16666666666666666, "float_T": 835, "lambda_": -0.24929202430918335, "interval": [-0.24929603478994924, -0.24928801382841742], "current_G": 1181, "gain_over_G": -346, "raw_min_abs_det": 9.965839181409059e-08}
{"event": "best", "n": 61, "harmonic": 5, "phase": 0.16666666666666666, "float_T": 837, "lambda_": -0.24928642444410948, "interval": [-0.24928801382841742, -0.2492848350598015], "current_G": 1181, "gain_over_G": -344, "raw_min_abs_det": 2.388121691822287e-07}
{"event": "best", "n": 61, "harmonic": 5, "phase": 0.16666666666666666, "float_T": 838, "lambda_": -0.24814965488055926, "interval": [-0.24816566342802956, -0.24813364633308896], "current_G": 1181, "gain_over_G": -343, "raw_min_abs_det": 2.4969496345474823e-06}
{"event": "best", "n": 61, "harmonic": 5, "phase": 0.16666666666666666, "float_T": 839, "lambda_": -0.2478299954387046, "interval": [-0.24783095187868295, -0.24782903899872627], "current_G": 1181, "gain_over_G": -342, "raw_min_abs_det": 9.005117049612488e-09}
{"event": "best", "n": 61, "harmonic": 5, "phase": 0.16666666666666666, "float_T": 840, "lambda_": -0.24351806757464997, "interval": [-0.24353326663946342, -0.24350286850983652], "current_G": 1181, "gain_over_G": -341, "raw_min_abs_det": 3.160640030731854e-06}
{"event": "best", "n": 61, "harmonic": 5, "phase": 0.16666666666666666, "float_T": 841, "lambda_": -0.24089004489382165, "interval": [-0.24094189702672478, -0.2408381927609185], "current_G": 1181, "gain_over_G": -340, "raw_min_abs_det": 1.0183518709475092e-06}
{"event": "best", "n": 61, "harmonic": 5, "phase": 0.16666666666666666, "float_T": 842, "lambda_": -0.2408237562597556, "interval": [-0.2408381927609185, -0.24080931975859268], "current_G": 1181, "gain_over_G": -339, "raw_min_abs_det": 3.1411262050272393e-07}
{"event": "best", "n": 61, "harmonic": 5, "phase": 0.16666666666666666, "float_T": 843, "lambda_": -0.24080576607107362, "interval": [-0.24080931975859268, -0.24080221238355454], "current_G": 1181, "gain_over_G": -338, "raw_min_abs_det": 7.732192769307339e-08}
{"event": "best", "n": 61, "harmonic": 5, "phase": 0.16666666666666666, "float_T": 844, "lambda_": -0.24060352536044813, "interval": [-0.24060563863319406, -0.2406014120877022], "current_G": 1181, "gain_over_G": -337, "raw_min_abs_det": 1.666974837923052e-07}
{"event": "best", "n": 61, "harmonic": 5, "phase": 0.16666666666666666, "float_T": 845, "lambda_": -0.24036762443275894, "interval": [-0.24040702119393198, -0.2403282276715859], "current_G": 1181, "gain_over_G": -336, "raw_min_abs_det": 1.3774887135005465e-06}
{"event": "best", "n": 61, "harmonic": 5, "phase": 0.16666666666666666, "float_T": 846, "lambda_": -0.2389593511065225, "interval": [-0.23901879772962642, -0.23889990448341855], "current_G": 1181, "gain_over_G": -335, "raw_min_abs_det": 2.8256741874607694e-06}
{"event": "best", "n": 61, "harmonic": 5, "phase": 0.16666666666666666, "float_T": 848, "lambda_": -0.23889327011221764, "interval": [-0.23889990448341855, -0.23888663574101673], "current_G": 1181, "gain_over_G": -333, "raw_min_abs_det": 9.452097074688637e-07}
{"event": "best", "n": 61, "harmonic": 5, "phase": 0.16666666666666666, "float_T": 849, "lambda_": -0.23727988813108808, "interval": [-0.23735611663226047, -0.23720365962991571], "current_G": 1181, "gain_over_G": -332, "raw_min_abs_det": 2.0117158078328257e-06}
{"event": "best", "n": 61, "harmonic": 5, "phase": 0.16666666666666666, "float_T": 850, "lambda_": -0.2371805689046072, "interval": [-0.23720365962991571, -0.23715747817929866], "current_G": 1181, "gain_over_G": -331, "raw_min_abs_det": 1.1088401765581984e-06}
{"event": "best", "n": 61, "harmonic": 5, "phase": 0.16666666666666666, "float_T": 851, "lambda_": -0.23640542961144656, "interval": [-0.2364207338754093, -0.2363901253474838], "current_G": 1181, "gain_over_G": -330, "raw_min_abs_det": 1.3785490082492483e-07}
{"event": "best", "n": 61, "harmonic": 5, "phase": 0.16666666666666666, "float_T": 852, "lambda_": -0.23492407104466373, "interval": [-0.23495288349476415, -0.2348952585945633], "current_G": 1181, "gain_over_G": -329, "raw_min_abs_det": 1.313043772736052e-07}
{"event": "best", "n": 61, "harmonic": 5, "phase": 0.16666666666666666, "float_T": 854, "lambda_": -0.23489414145031323, "interval": [-0.2348952585945633, -0.23489302430606315], "current_G": 1181, "gain_over_G": -327, "raw_min_abs_det": 5.091060620385918e-09}
{"event": "best", "n": 61, "harmonic": 5, "phase": 0.16666666666666666, "float_T": 856, "lambda_": -0.22992316607244653, "interval": [-0.22993034438751717, -0.2299159877573759], "current_G": 1181, "gain_over_G": -325, "raw_min_abs_det": 1.0970716074892861e-06}
{"event": "best", "n": 61, "harmonic": 5, "phase": 0.16666666666666666, "float_T": 857, "lambda_": -0.22986246407883637, "interval": [-0.2298640473558455, -0.22986088080182726], "current_G": 1181, "gain_over_G": -324, "raw_min_abs_det": 1.1766705965143842e-07}
{"event": "best", "n": 61, "harmonic": 5, "phase": 0.16666666666666666, "float_T": 859, "lambda_": -0.22847037079249444, "interval": [-0.22848199457538576, -0.22845874700960309], "current_G": 1181, "gain_over_G": -322, "raw_min_abs_det": 1.4337462675493955e-07}
{"event": "best", "n": 61, "harmonic": 5, "phase": 0.16666666666666666, "float_T": 860, "lambda_": -0.22750453358840106, "interval": [-0.22756108858944663, -0.2274479785873555], "current_G": 1181, "gain_over_G": -321, "raw_min_abs_det": 2.0413934829158903e-06}
{"event": "best", "n": 61, "harmonic": 5, "phase": 0.16666666666666666, "float_T": 861, "lambda_": -0.22623865824284584, "interval": [-0.22624230499552245, -0.22623501149016922], "current_G": 1181, "gain_over_G": -320, "raw_min_abs_det": 7.648274157577573e-07}
{"event": "best", "n": 61, "harmonic": 5, "phase": 0.16666666666666666, "float_T": 862, "lambda_": -0.2251772864921045, "interval": [-0.2252254752843009, -0.22512909769990808], "current_G": 1181, "gain_over_G": -319, "raw_min_abs_det": 2.0237546134675016e-06}
{"event": "best", "n": 61, "harmonic": 5, "phase": 0.16666666666666666, "float_T": 863, "lambda_": -0.22483414205767072, "interval": [-0.22483494704684845, -0.22483333706849298], "current_G": 1181, "gain_over_G": -318, "raw_min_abs_det": 6.512309701917074e-09}
{"event": "best", "n": 61, "harmonic": 5, "phase": 0.16666666666666666, "float_T": 864, "lambda_": -0.22479350528543285, "interval": [-0.22483333706849298, -0.2247536735023727], "current_G": 1181, "gain_over_G": -317, "raw_min_abs_det": 3.22236515028565e-07}
{"event": "best", "n": 61, "harmonic": 5, "phase": 0.16666666666666666, "float_T": 865, "lambda_": -0.2246280294965719, "interval": [-0.22464508528447324, -0.22461097370867059], "current_G": 1181, "gain_over_G": -316, "raw_min_abs_det": 1.61231878686649e-06}
{"event": "best", "n": 61, "harmonic": 5, "phase": 0.16666666666666666, "float_T": 866, "lambda_": -0.2222162697697292, "interval": [-0.22223369827990333, -0.22219884125955508], "current_G": 1181, "gain_over_G": -315, "raw_min_abs_det": 9.429963097259964e-07}
{"event": "best", "n": 61, "harmonic": 5, "phase": 0.16666666666666666, "float_T": 867, "lambda_": -0.2200897980445934, "interval": [-0.22010306380627387, -0.22007653228291288], "current_G": 1181, "gain_over_G": -314, "raw_min_abs_det": 1.4805877481295637e-06}
{"event": "best", "n": 61, "harmonic": 5, "phase": 0.16666666666666666, "float_T": 868, "lambda_": -0.21880966201065566, "interval": [-0.2188222210750351, -0.2187971029462762], "current_G": 1181, "gain_over_G": -313, "raw_min_abs_det": 7.325478787190425e-07}
{"event": "best", "n": 61, "harmonic": 5, "phase": 0.16666666666666666, "float_T": 869, "lambda_": -0.21838559568711685, "interval": [-0.21841331841848297, -0.21835787295575076], "current_G": 1181, "gain_over_G": -312, "raw_min_abs_det": 6.469149473124465e-08}
{"event": "best", "n": 61, "harmonic": 5, "phase": 0.16666666666666666, "float_T": 870, "lambda_": -0.21588981286898415, "interval": [-0.21590259501782635, -0.21587703072014194], "current_G": 1181, "gain_over_G": -311, "raw_min_abs_det": 1.3239029257746358e-07}
{"event": "best", "n": 61, "harmonic": 5, "phase": 0.16666666666666666, "float_T": 872, "lambda_": -0.2157610706346578, "interval": [-0.21581104433490034, -0.21571109693441526], "current_G": 1181, "gain_over_G": -309, "raw_min_abs_det": 4.377775199010522e-07}
{"event": "best", "n": 61, "harmonic": 5, "phase": 0.16666666666666666, "float_T": 873, "lambda_": -0.21421181661564204, "interval": [-0.21422180633482185, -0.2142018268964622], "current_G": 1181, "gain_over_G": -308, "raw_min_abs_det": 3.8340688556480484e-07}
{"event": "best", "n": 61, "harmonic": 5, "phase": 0.16666666666666666, "float_T": 876, "lambda_": -0.21341469636926552, "interval": [-0.21344087214301077, -0.21338852059552024], "current_G": 1181, "gain_over_G": -305, "raw_min_abs_det": 8.817457623740491e-07}
{"event": "best", "n": 61, "harmonic": 5, "phase": 0.16666666666666666, "float_T": 877, "lambda_": -0.21320103017420533, "interval": [-0.21324170377125248, -0.21316035657715818], "current_G": 1181, "gain_over_G": -304, "raw_min_abs_det": 1.0056464701291051e-06}
{"event": "best", "n": 61, "harmonic": 5, "phase": 0.16666666666666666, "float_T": 878, "lambda_": -0.2130680615452597, "interval": [-0.213114994394037, -0.21302112869648238], "current_G": 1181, "gain_over_G": -303, "raw_min_abs_det": 7.168577949098623e-07}
{"event": "best", "n": 61, "harmonic": 5, "phase": 0.16666666666666666, "float_T": 879, "lambda_": -0.21113522361265552, "interval": [-0.21115976347815438, -0.21111068374715666], "current_G": 1181, "gain_over_G": -302, "raw_min_abs_det": 5.501228321552407e-07}
{"event": "best", "n": 61, "harmonic": 5, "phase": 0.16666666666666666, "float_T": 880, "lambda_": -0.21099810980316214, "interval": [-0.21100228975735813, -0.21099392984896612], "current_G": 1181, "gain_over_G": -301, "raw_min_abs_det": 2.4317067589792532e-08}
{"event": "best", "n": 61, "harmonic": 5, "phase": 0.16666666666666666, "float_T": 881, "lambda_": -0.2109894715652601, "interval": [-0.21099392984896612, -0.2109850132815541], "current_G": 1181, "gain_over_G": -300, "raw_min_abs_det": 2.593626176957027e-08}
{"event": "best", "n": 61, "harmonic": 5, "phase": 0.16666666666666666, "float_T": 882, "lambda_": -0.2088852421769688, "interval": [-0.20892088338933673, -0.2088496009646009], "current_G": 1181, "gain_over_G": -299, "raw_min_abs_det": 3.368473452790982e-07}
{"event": "best", "n": 61, "harmonic": 5, "phase": 0.16666666666666666, "float_T": 883, "lambda_": -0.2085707999623945, "interval": [-0.20861430228450642, -0.20852729764028258], "current_G": 1181, "gain_over_G": -298, "raw_min_abs_det": 2.2322437948757955e-07}
{"event": "best", "n": 61, "harmonic": 5, "phase": 0.16666666666666666, "float_T": 884, "lambda_": -0.20715668476333465, "interval": [-0.2071987633473965, -0.20711460617927277], "current_G": 1181, "gain_over_G": -297, "raw_min_abs_det": 2.798217342953567e-07}
{"event": "best", "n": 61, "harmonic": 5, "phase": 0.16666666666666666, "float_T": 885, "lambda_": -0.2069600424691969, "interval": [-0.20702088224266985, -0.20689920269572393], "current_G": 1181, "gain_over_G": -296, "raw_min_abs_det": 8.68315701348997e-07}
{"event": "best", "n": 61, "harmonic": 5, "phase": 0.16666666666666666, "float_T": 886, "lambda_": -0.20515935095378815, "interval": [-0.20518489787924554, -0.20513380402833076], "current_G": 1181, "gain_over_G": -295, "raw_min_abs_det": 2.12312646397355e-07}
{"event": "best", "n": 61, "harmonic": 5, "phase": 0.16666666666666666, "float_T": 887, "lambda_": -0.20479392354592757, "interval": [-0.20483008143967504, -0.2047577656521801], "current_G": 1181, "gain_over_G": -294, "raw_min_abs_det": 2.0324449116770633e-07}
{"event": "best", "n": 61, "harmonic": 5, "phase": 0.16666666666666666, "float_T": 888, "lambda_": -0.20465443696877955, "interval": [-0.2047577656521801, -0.20455110828537904], "current_G": 1181, "gain_over_G": -293, "raw_min_abs_det": 4.204191029180595e-07}
{"event": "best", "n": 61, "harmonic": 5, "phase": 0.16666666666666666, "float_T": 889, "lambda_": -0.20426293564017642, "interval": [-0.20431206070870123, -0.2042138105716516], "current_G": 1181, "gain_over_G": -292, "raw_min_abs_det": 1.2033756540330218e-07}
{"event": "best", "n": 61, "harmonic": 5, "phase": 0.16666666666666666, "float_T": 890, "lambda_": -0.2042054354770974, "interval": [-0.2042138105716516, -0.2041970603825432], "current_G": 1181, "gain_over_G": -291, "raw_min_abs_det": 2.0515767589542738e-08}
{"event": "best", "n": 61, "harmonic": 5, "phase": 0.16666666666666666, "float_T": 891, "lambda_": -0.20378172107387538, "interval": [-0.2038244413635773, -0.20373900078417345], "current_G": 1181, "gain_over_G": -290, "raw_min_abs_det": 2.0907200980560016e-07}
{"event": "best", "n": 61, "harmonic": 5, "phase": 0.16666666666666666, "float_T": 892, "lambda_": -0.2029766579713566, "interval": [-0.2030539011425507, -0.2028994148001625], "current_G": 1181, "gain_over_G": -289, "raw_min_abs_det": 8.47908188301202e-08}
{"event": "best", "n": 61, "harmonic": 5, "phase": 0.16666666666666666, "float_T": 894, "lambda_": -0.20228490649082156, "interval": [-0.20233992913622892, -0.2022298838454142], "current_G": 1181, "gain_over_G": -287, "raw_min_abs_det": 2.2813072473736214e-08}
{"event": "best", "n": 61, "harmonic": 5, "phase": 0.16666666666666666, "float_T": 895, "lambda_": -0.20085287975852506, "interval": [-0.20090573750672236, -0.2008000220103278], "current_G": 1181, "gain_over_G": -286, "raw_min_abs_det": 1.4573376301302982e-08}
{"event": "best", "n": 61, "harmonic": 5, "phase": 0.16666666666666666, "float_T": 896, "lambda_": -0.20064960454730935, "interval": [-0.20074863052816044, -0.20055057856645828], "current_G": 1181, "gain_over_G": -285, "raw_min_abs_det": 1.3843199393430162e-08}
{"event": "best", "n": 61, "harmonic": 5, "phase": 0.16666666666666666, "float_T": 897, "lambda_": -0.20045187172143367, "interval": [-0.20055057856645828, -0.20035316487640906], "current_G": 1181, "gain_over_G": -284, "raw_min_abs_det": 4.1484985030869695e-08}
{"event": "best", "n": 61, "harmonic": 5, "phase": 0.16666666666666666, "float_T": 898, "lambda_": -0.2001270854711169, "interval": [-0.20013964863788092, -0.20011452230435287], "current_G": 1181, "gain_over_G": -283, "raw_min_abs_det": 8.688802759340401e-08}
{"event": "best", "n": 61, "harmonic": 5, "phase": 0.16666666666666666, "float_T": 899, "lambda_": -0.1998579511515795, "interval": [-0.19990190090227114, -0.19981400140088787], "current_G": 1181, "gain_over_G": -282, "raw_min_abs_det": 6.072298742591841e-08}
{"event": "best", "n": 61, "harmonic": 5, "phase": 0.16666666666666666, "float_T": 900, "lambda_": -0.19962912406894037, "interval": [-0.1998043772667712, -0.19945387087110955], "current_G": 1181, "gain_over_G": -281, "raw_min_abs_det": 1.5649984987796647e-07}
{"event": "best", "n": 61, "harmonic": 5, "phase": 0.16666666666666666, "float_T": 901, "lambda_": -0.19894567286214845, "interval": [-0.1990711472104209, -0.198820198513876], "current_G": 1181, "gain_over_G": -280, "raw_min_abs_det": 2.5204196165494233e-07}
{"event": "best", "n": 61, "harmonic": 5, "phase": 0.16666666666666666, "float_T": 902, "lambda_": -0.19771773628864459, "interval": [-0.19773325782865264, -0.19770221474863653], "current_G": 1181, "gain_over_G": -279, "raw_min_abs_det": 4.2369964869222863e-07}
{"event": "best", "n": 61, "harmonic": 5, "phase": 0.16666666666666666, "float_T": 903, "lambda_": -0.19770028966375014, "interval": [-0.19770221474863653, -0.19769836457886378], "current_G": 1181, "gain_over_G": -278, "raw_min_abs_det": 3.728091520424637e-07}
{"event": "best", "n": 61, "harmonic": 5, "phase": 0.16666666666666666, "float_T": 904, "lambda_": -0.19742275215342178, "interval": [-0.19743590428214125, -0.19740960002470231], "current_G": 1181, "gain_over_G": -277, "raw_min_abs_det": 3.806710868869273e-07}
{"event": "best", "n": 61, "harmonic": 5, "phase": 0.16666666666666666, "float_T": 905, "lambda_": -0.19550888065925148, "interval": [-0.19559898908596712, -0.19541877223253584], "current_G": 1181, "gain_over_G": -276, "raw_min_abs_det": 7.324835521303124e-07}
{"event": "best", "n": 61, "harmonic": 5, "phase": 0.16666666666666666, "float_T": 906, "lambda_": -0.19518619646907898, "interval": [-0.19522775821691338, -0.19514463472124455], "current_G": 1181, "gain_over_G": -275, "raw_min_abs_det": 7.7759274011586e-07}
{"event": "best", "n": 61, "harmonic": 5, "phase": 0.16666666666666666, "float_T": 907, "lambda_": -0.19473954040230723, "interval": [-0.19482111820294074, -0.1946579626016737], "current_G": 1181, "gain_over_G": -274, "raw_min_abs_det": 8.400324043278532e-07}
{"event": "best", "n": 61, "harmonic": 5, "phase": 0.16666666666666666, "float_T": 908, "lambda_": -0.19460018215822494, "interval": [-0.19461484506012425, -0.19458551925632567], "current_G": 1181, "gain_over_G": -273, "raw_min_abs_det": 8.595137964167653e-07}
{"event": "best", "n": 61, "harmonic": 5, "phase": 0.16666666666666666, "float_T": 909, "lambda_": -0.19457120665489813, "interval": [-0.19458551925632567, -0.19455689405347057], "current_G": 1181, "gain_over_G": -272, "raw_min_abs_det": 8.635643866419831e-07}
{"event": "best", "n": 61, "harmonic": 5, "phase": 0.16666666666666666, "float_T": 910, "lambda_": -0.1943274152658627, "interval": [-0.19444012826648163, -0.19421470226524376], "current_G": 1181, "gain_over_G": -271, "raw_min_abs_det": 6.676201739876705e-07}
{"event": "best", "n": 61, "harmonic": 5, "phase": 0.16666666666666666, "float_T": 911, "lambda_": -0.19402848780604331, "interval": [-0.19409958218119172, -0.19395739343089494], "current_G": 1181, "gain_over_G": -270, "raw_min_abs_det": 2.0832812396259347e-07}
{"event": "best", "n": 61, "harmonic": 5, "phase": 0.16666666666666666, "float_T": 912, "lambda_": -0.1933835717199257, "interval": [-0.19339726787836936, -0.19336987556148202], "current_G": 1181, "gain_over_G": -269, "raw_min_abs_det": 9.736627589358726e-07}
{"event": "best", "n": 61, "harmonic": 5, "phase": 0.16666666666666666, "float_T": 913, "lambda_": -0.1909630085357891, "interval": [-0.1911163000587191, -0.1908097170128591], "current_G": 1181, "gain_over_G": -268, "raw_min_abs_det": 1.36796742900042e-06}
{"event": "best", "n": 61, "harmonic": 5, "phase": 0.16666666666666666, "float_T": 914, "lambda_": -0.1904549379765318, "interval": [-0.19058209805599483, -0.19032777789706873], "current_G": 1181, "gain_over_G": -267, "raw_min_abs_det": 1.438992446852105e-06}
{"event": "best", "n": 61, "harmonic": 5, "phase": 0.16666666666666666, "float_T": 915, "lambda_": -0.19014439329606364, "interval": [-0.1901861927187038, -0.19010259387342346], "current_G": 1181, "gain_over_G": -266, "raw_min_abs_det": 1.4824046089467535e-06}
{"event": "best", "n": 61, "harmonic": 5, "phase": 0.16666666666666666, "float_T": 916, "lambda_": -0.18922000626180713, "interval": [-0.18925181945837075, -0.18918819306524354], "current_G": 1181, "gain_over_G": -265, "raw_min_abs_det": 1.3186050329606252e-06}
{"event": "best", "n": 61, "harmonic": 5, "phase": 0.16666666666666666, "float_T": 917, "lambda_": -0.18902326826733842, "interval": [-0.18905735792024161, -0.18898917861443523], "current_G": 1181, "gain_over_G": -264, "raw_min_abs_det": 3.011487560182144e-07}
{"event": "best", "n": 61, "harmonic": 5, "phase": 0.16666666666666666, "float_T": 918, "lambda_": -0.18887397755933538, "interval": [-0.18888744961060033, -0.18886050550807046], "current_G": 1181, "gain_over_G": -263, "raw_min_abs_det": 5.341740884692858e-08}
{"event": "best", "n": 61, "harmonic": 5, "phase": 0.16666666666666666, "float_T": 919, "lambda_": -0.18873239666040198, "interval": [-0.1887473263577623, -0.18871746696304167], "current_G": 1181, "gain_over_G": -262, "raw_min_abs_det": 5.791647963914945e-07}
{"event": "best", "n": 61, "harmonic": 5, "phase": 0.16666666666666666, "float_T": 920, "lambda_": -0.1886922781001542, "interval": [-0.18871746696304167, -0.18866708923726677], "current_G": 1181, "gain_over_G": -261, "raw_min_abs_det": 7.738655505186562e-07}
{"event": "best", "n": 61, "harmonic": 5, "phase": 0.16666666666666666, "float_T": 921, "lambda_": -0.1868198721249934, "interval": [-0.1868720531685637, -0.1867676910814231], "current_G": 1181, "gain_over_G": -260, "raw_min_abs_det": 1.9471514265319616e-06}
{"event": "best", "n": 61, "harmonic": 5, "phase": 0.16666666666666666, "float_T": 922, "lambda_": -0.1851385641679213, "interval": [-0.18523795318420616, -0.18503917515163645], "current_G": 1181, "gain_over_G": -259, "raw_min_abs_det": 2.1821875361616695e-06}
{"event": "best", "n": 61, "harmonic": 5, "phase": 0.16666666666666666, "float_T": 923, "lambda_": -0.18463055132570952, "interval": [-0.18463785001012603, -0.184623252641293], "current_G": 1181, "gain_over_G": -258, "raw_min_abs_det": 8.768386614323165e-07}
{"event": "best", "n": 61, "harmonic": 5, "phase": 0.16666666666666666, "float_T": 924, "lambda_": -0.18452564488144957, "interval": [-0.18458835873475493, -0.18446293102814423], "current_G": 1181, "gain_over_G": -257, "raw_min_abs_det": 2.2678697361437587e-06}
{"event": "best", "n": 61, "harmonic": 5, "phase": 0.16666666666666666, "float_T": 925, "lambda_": -0.18412783470409003, "interval": [-0.18432878980416983, -0.18392687960401022], "current_G": 1181, "gain_over_G": -256, "raw_min_abs_det": 2.323481057118244e-06}
{"event": "best", "n": 61, "harmonic": 5, "phase": 0.16666666666666666, "float_T": 926, "lambda_": -0.18370448968962744, "interval": [-0.18375484129144132, -0.18365413808781353], "current_G": 1181, "gain_over_G": -255, "raw_min_abs_det": 2.3826619851641056e-06}
{"event": "best", "n": 61, "harmonic": 5, "phase": 0.16666666666666666, "float_T": 927, "lambda_": -0.18323245055216597, "interval": [-0.18326120821665998, -0.18320369288767194], "current_G": 1181, "gain_over_G": -254, "raw_min_abs_det": 5.347053146894168e-07}
{"event": "best", "n": 61, "harmonic": 5, "phase": 0.16666666666666666, "float_T": 928, "lambda_": -0.18235605199575966, "interval": [-0.18239197540156515, -0.1823201285899542], "current_G": 1181, "gain_over_G": -253, "raw_min_abs_det": 2.5711649588826466e-06}
{"event": "best", "n": 61, "harmonic": 5, "phase": 0.16666666666666666, "float_T": 929, "lambda_": -0.1816544633239578, "interval": [-0.1817833941354611, -0.18152553251245446], "current_G": 1181, "gain_over_G": -252, "raw_min_abs_det": 1.4835561796999915e-06}
{"event": "best", "n": 61, "harmonic": 5, "phase": 0.16666666666666666, "float_T": 930, "lambda_": -0.18146226092772533, "interval": [-0.18152553251245446, -0.18139898934299623], "current_G": 1181, "gain_over_G": -251, "raw_min_abs_det": 7.28041260501279e-07}
{"event": "best", "n": 61, "harmonic": 5, "phase": 0.16666666666666666, "float_T": 931, "lambda_": -0.181050074717653, "interval": [-0.18117623202349467, -0.1809239174118113], "current_G": 1181, "gain_over_G": -250, "raw_min_abs_det": 2.753732237779917e-06}
{"event": "best", "n": 61, "harmonic": 5, "phase": 0.16666666666666666, "float_T": 932, "lambda_": -0.17880888430772873, "interval": [-0.17880970592249662, -0.17880806269296087], "current_G": 1181, "gain_over_G": -249, "raw_min_abs_det": 4.744907288606326e-08}
{"event": "best", "n": 61, "harmonic": 5, "phase": 0.16666666666666666, "float_T": 933, "lambda_": -0.17874675016457983, "interval": [-0.17878634382578348, -0.17870715650337618], "current_G": 1181, "gain_over_G": -248, "raw_min_abs_det": 3.017425274674107e-06}
{"event": "best", "n": 61, "harmonic": 5, "phase": 0.16666666666666666, "float_T": 934, "lambda_": -0.1785487178001316, "interval": [-0.1785532592953249, -0.17854417630493832], "current_G": 1181, "gain_over_G": -247, "raw_min_abs_det": 9.35909082976083e-07}
{"event": "best", "n": 61, "harmonic": 5, "phase": 0.16666666666666666, "float_T": 935, "lambda_": -0.1785206223857107, "interval": [-0.17854417630493832, -0.17849706846648306], "current_G": 1181, "gain_over_G": -246, "raw_min_abs_det": 3.1073335117718723e-06}
{"event": "best", "n": 61, "harmonic": 5, "phase": 0.16666666666666666, "float_T": 936, "lambda_": -0.17740956656007964, "interval": [-0.17742293136922033, -0.17739620175093895], "current_G": 1181, "gain_over_G": -245, "raw_min_abs_det": 1.2473924936784106e-06}
{"event": "best", "n": 61, "harmonic": 5, "phase": 0.16666666666666666, "float_T": 937, "lambda_": -0.1770747386451036, "interval": [-0.17713058280106353, -0.17701889448914362], "current_G": 1181, "gain_over_G": -244, "raw_min_abs_det": 1.4052351214252634e-06}
{"event": "best", "n": 61, "harmonic": 5, "phase": 0.16666666666666666, "float_T": 938, "lambda_": -0.1769321443866157, "interval": [-0.17700059781641803, -0.17686369095681337], "current_G": 1181, "gain_over_G": -243, "raw_min_abs_det": 3.1162885748264174e-06}
{"event": "best", "n": 61, "harmonic": 5, "phase": 0.16666666666666666, "float_T": 939, "lambda_": -0.17590395555443597, "interval": [-0.1759065021159383, -0.17590140899293363], "current_G": 1181, "gain_over_G": -242, "raw_min_abs_det": 4.3402618899943124e-08}
{"event": "best", "n": 61, "harmonic": 5, "phase": 0.16666666666666666, "float_T": 940, "lambda_": -0.1752931520293768, "interval": [-0.1752981105803981, -0.17528819347835548], "current_G": 1181, "gain_over_G": -241, "raw_min_abs_det": 8.480249608523033e-08}
{"event": "best", "n": 61, "harmonic": 5, "phase": 0.16666666666666666, "float_T": 941, "lambda_": -0.17503050049408111, "interval": [-0.17507698877549055, -0.17498401221267168], "current_G": 1181, "gain_over_G": -240, "raw_min_abs_det": 1.1962100369810463e-06}
{"event": "best", "n": 61, "harmonic": 5, "phase": 0.16666666666666666, "float_T": 942, "lambda_": -0.17485757241315006, "interval": [-0.17498401221267168, -0.17473113261362844], "current_G": 1181, "gain_over_G": -239, "raw_min_abs_det": 3.6194044927652377e-06}
{"event": "best", "n": 61, "harmonic": 5, "phase": 0.16666666666666666, "float_T": 943, "lambda_": -0.17374392343286202, "interval": [-0.17375997223083084, -0.1737278746348932], "current_G": 1181, "gain_over_G": -238, "raw_min_abs_det": 1.0783757185156041e-07}
{"event": "best", "n": 61, "harmonic": 5, "phase": 0.16666666666666666, "float_T": 944, "lambda_": -0.1735700545619431, "interval": [-0.1737278746348932, -0.173412234488993], "current_G": 1181, "gain_over_G": -237, "raw_min_abs_det": 1.2761242495766979e-06}
{"event": "best", "n": 61, "harmonic": 5, "phase": 0.16666666666666666, "float_T": 946, "lambda_": -0.172625910695895, "interval": [-0.17266498771961422, -0.17258683367217578], "current_G": 1181, "gain_over_G": -235, "raw_min_abs_det": 2.0609077385608764e-07}
{"event": "best", "n": 61, "harmonic": 5, "phase": 0.16666666666666666, "float_T": 947, "lambda_": -0.1717483050547674, "interval": [-0.1718863159453226, -0.17161029416421217], "current_G": 1181, "gain_over_G": -234, "raw_min_abs_det": 2.4458477217945704e-07}
{"event": "best", "n": 61, "harmonic": 5, "phase": 0.16666666666666666, "float_T": 948, "lambda_": -0.17113479467050782, "interval": [-0.1711367110430835, -0.17113287829793214], "current_G": 1181, "gain_over_G": -233, "raw_min_abs_det": 5.435829979472118e-07}
{"event": "best", "n": 61, "harmonic": 5, "phase": 0.16666666666666666, "float_T": 949, "lambda_": -0.17110030705497653, "interval": [-0.17113287829793214, -0.17106773581202095], "current_G": 1181, "gain_over_G": -232, "raw_min_abs_det": 1.3929756166555134e-06}
{"event": "best", "n": 61, "harmonic": 5, "phase": 0.16666666666666666, "float_T": 950, "lambda_": -0.17038540762502963, "interval": [-0.17045166063545647, -0.17031915461460279], "current_G": 1181, "gain_over_G": -231, "raw_min_abs_det": 2.6599300830846217e-06}
{"event": "best", "n": 61, "harmonic": 5, "phase": 0.16666666666666666, "float_T": 951, "lambda_": -0.17008760367702105, "interval": [-0.17013017865339872, -0.1700450287006434], "current_G": 1181, "gain_over_G": -230, "raw_min_abs_det": 3.187702279067075e-06}
{"event": "best", "n": 61, "harmonic": 5, "phase": 0.16666666666666666, "float_T": 952, "lambda_": -0.16867897024433182, "interval": [-0.168719312820404, -0.16863862766825963], "current_G": 1181, "gain_over_G": -229, "raw_min_abs_det": 4.483133597597182e-06}
{"event": "best", "n": 61, "harmonic": 5, "phase": 0.16666666666666666, "float_T": 953, "lambda_": -0.16695876656433833, "interval": [-0.16698463870064717, -0.16693289442802953], "current_G": 1181, "gain_over_G": -228, "raw_min_abs_det": 4.723607080765878e-06}
{"event": "best", "n": 61, "harmonic": 5, "phase": 0.16666666666666666, "float_T": 954, "lambda_": -0.16625752324147147, "interval": [-0.16640561686210856, -0.16610942962083441], "current_G": 1181, "gain_over_G": -227, "raw_min_abs_det": 4.821636416686857e-06}
{"event": "best", "n": 61, "harmonic": 5, "phase": 0.16666666666666666, "float_T": 955, "lambda_": -0.16420807935608334, "interval": [-0.1642193190179407, -0.164196839694226], "current_G": 1181, "gain_over_G": -226, "raw_min_abs_det": 9.59259707300833e-08}
{"event": "best", "n": 61, "harmonic": 5, "phase": 0.16666666666666666, "float_T": 956, "lambda_": -0.16410544355428927, "interval": [-0.1641274149630418, -0.16408347214553673], "current_G": 1181, "gain_over_G": -225, "raw_min_abs_det": 9.7188105226847e-07}
{"event": "best", "n": 61, "harmonic": 5, "phase": 0.16666666666666666, "float_T": 957, "lambda_": -0.1633686360012892, "interval": [-0.1633686389726386, -0.16336863302993984], "current_G": 1181, "gain_over_G": -224, "raw_min_abs_det": 1.91806827365415e-10}
{"event": "best", "n": 61, "harmonic": 5, "phase": 0.16666666666666666, "float_T": 958, "lambda_": -0.16233969622828695, "interval": [-0.16234489485643588, -0.16233449760013802], "current_G": 1181, "gain_over_G": -223, "raw_min_abs_det": 9.677805491627861e-08}
{"event": "best", "n": 61, "harmonic": 5, "phase": 0.16666666666666666, "float_T": 959, "lambda_": -0.16156063893409545, "interval": [-0.16158624988569464, -0.16153502798249622], "current_G": 1181, "gain_over_G": -222, "raw_min_abs_det": 3.4497315301862397e-06}
{"event": "best", "n": 61, "harmonic": 5, "phase": 0.16666666666666666, "float_T": 960, "lambda_": -0.16125972850370796, "interval": [-0.16131329309784156, -0.16120616390957432], "current_G": 1181, "gain_over_G": -221, "raw_min_abs_det": 5.520296187462799e-06}
{"event": "best", "n": 61, "harmonic": 5, "phase": 0.16666666666666666, "float_T": 961, "lambda_": -0.16087114041189754, "interval": [-0.1610694712652467, -0.16067280955854835], "current_G": 1181, "gain_over_G": -220, "raw_min_abs_det": 5.5746183198023156e-06}
{"event": "best", "n": 61, "harmonic": 5, "phase": 0.16666666666666666, "float_T": 962, "lambda_": -0.1599673236819858, "interval": [-0.160046249864321, -0.15988839749965061], "current_G": 1181, "gain_over_G": -219, "raw_min_abs_det": 5.700966123679145e-06}
{"event": "best", "n": 61, "harmonic": 5, "phase": 0.16666666666666666, "float_T": 963, "lambda_": -0.15954121442693525, "interval": [-0.15964314537933996, -0.1594392834745305], "current_G": 1181, "gain_over_G": -218, "raw_min_abs_det": 5.760533474897005e-06}
{"event": "best", "n": 61, "harmonic": 5, "phase": 0.16666666666666666, "float_T": 964, "lambda_": -0.15821929383406702, "interval": [-0.1582560490671577, -0.1581825386009763], "current_G": 1181, "gain_over_G": -217, "raw_min_abs_det": 5.154143183205145e-06}
{"event": "best", "n": 61, "harmonic": 5, "phase": 0.16666666666666666, "float_T": 965, "lambda_": -0.15679894062322455, "interval": [-0.15688966974485843, -0.15670821150159067], "current_G": 1181, "gain_over_G": -216, "raw_min_abs_det": 6.143885830812835e-06}
{"event": "best", "n": 61, "harmonic": 5, "phase": 0.16666666666666666, "float_T": 966, "lambda_": -0.15550035474509952, "interval": [-0.15566172219980073, -0.1553389872903983], "current_G": 1181, "gain_over_G": -215, "raw_min_abs_det": 6.3254198392202515e-06}
{"event": "best", "n": 61, "harmonic": 5, "phase": 0.16666666666666666, "float_T": 967, "lambda_": -0.15406377763323198, "interval": [-0.1541043474895155, -0.15402320777694845], "current_G": 1181, "gain_over_G": -214, "raw_min_abs_det": 6.122800367772824e-06}
{"event": "best", "n": 61, "harmonic": 5, "phase": 0.16666666666666666, "float_T": 968, "lambda_": -0.1539918835302755, "interval": [-0.15402320777694845, -0.15396055928360255], "current_G": 1181, "gain_over_G": -213, "raw_min_abs_det": 4.727453499196038e-06}
{"event": "best", "n": 61, "harmonic": 5, "phase": 0.16666666666666666, "float_T": 969, "lambda_": -0.1518107996518632, "interval": [-0.15181708964220278, -0.15180450966152362], "current_G": 1181, "gain_over_G": -212, "raw_min_abs_det": 1.6954461764112638e-06}
{"event": "best", "n": 61, "harmonic": 5, "phase": 0.16666666666666666, "float_T": 970, "lambda_": -0.15160542260835347, "interval": [-0.15180450966152362, -0.15140633555518335], "current_G": 1181, "gain_over_G": -211, "raw_min_abs_det": 4.99914222925257e-06}
{"event": "best", "n": 61, "harmonic": 5, "phase": 0.16666666666666666, "float_T": 971, "lambda_": -0.1513493878557005, "interval": [-0.15139085489859538, -0.1513079208128056], "current_G": 1181, "gain_over_G": -210, "raw_min_abs_det": 9.66126941894744e-07}
{"event": "best", "n": 61, "harmonic": 5, "phase": 0.16666666666666666, "float_T": 972, "lambda_": -0.15012802665990693, "interval": [-0.15039169375879918, -0.1498643595610147], "current_G": 1181, "gain_over_G": -209, "raw_min_abs_det": 7.076436978874419e-06}
{"event": "best", "n": 61, "harmonic": 5, "phase": 0.16666666666666666, "float_T": 973, "lambda_": -0.1492453723903502, "interval": [-0.14927328867258166, -0.14921745610811876], "current_G": 1181, "gain_over_G": -208, "raw_min_abs_det": 3.6237960873708452e-06}
{"event": "best", "n": 61, "harmonic": 5, "phase": 0.16666666666666666, "float_T": 974, "lambda_": -0.14846262989917364, "interval": [-0.14849983572873396, -0.1484254240696133], "current_G": 1181, "gain_over_G": -207, "raw_min_abs_det": 3.012972801624131e-06}
{"event": "best", "n": 61, "harmonic": 5, "phase": 0.16666666666666666, "float_T": 975, "lambda_": -0.14734853844090867, "interval": [-0.14736725126030917, -0.14732982562150818], "current_G": 1181, "gain_over_G": -206, "raw_min_abs_det": 3.3195465522738166e-06}
{"event": "best", "n": 61, "harmonic": 5, "phase": 0.16666666666666666, "float_T": 976, "lambda_": -0.1458170298062112, "interval": [-0.14584582351206143, -0.14578823610036093], "current_G": 1181, "gain_over_G": -205, "raw_min_abs_det": 3.3577017820619892e-06}
{"event": "best", "n": 61, "harmonic": 5, "phase": 0.16666666666666666, "float_T": 977, "lambda_": -0.14520103598308387, "interval": [-0.1452018513305634, -0.14520022063560434], "current_G": 1181, "gain_over_G": -204, "raw_min_abs_det": 1.813644638429257e-07}
{"event": "best", "n": 61, "harmonic": 5, "phase": 0.16666666666666666, "float_T": 978, "lambda_": -0.14481747726709782, "interval": [-0.14486360541654247, -0.1447713491176532], "current_G": 1181, "gain_over_G": -203, "raw_min_abs_det": 7.818817852070236e-06}
{"event": "best", "n": 61, "harmonic": 5, "phase": 0.16666666666666666, "float_T": 979, "lambda_": -0.14355596431598902, "interval": [-0.14359250617293176, -0.14351942245904628], "current_G": 1181, "gain_over_G": -202, "raw_min_abs_det": 7.995169302159393e-06}
{"event": "best", "n": 61, "harmonic": 5, "phase": 0.16666666666666666, "float_T": 980, "lambda_": -0.14281141497632904, "interval": [-0.142824537789233, -0.14279829216342504], "current_G": 1181, "gain_over_G": -201, "raw_min_abs_det": 1.75172887872466e-07}
{"event": "best", "n": 61, "harmonic": 5, "phase": 0.16666666666666666, "float_T": 981, "lambda_": -0.14177353449278873, "interval": [-0.1417834281307314, -0.14176364085484608], "current_G": 1181, "gain_over_G": -200, "raw_min_abs_det": 1.8812784751479072e-06}
{"event": "best", "n": 61, "harmonic": 5, "phase": 0.16666666666666666, "float_T": 982, "lambda_": -0.14114526828765922, "interval": [-0.14117237246204453, -0.1411181641132739], "current_G": 1181, "gain_over_G": -199, "raw_min_abs_det": 5.059326887296711e-06}
{"event": "best", "n": 61, "harmonic": 5, "phase": 0.16666666666666666, "float_T": 983, "lambda_": -0.1408279039281703, "interval": [-0.140963452451453, -0.14069235540488756], "current_G": 1181, "gain_over_G": -198, "raw_min_abs_det": 8.376534713350582e-06}
{"event": "best", "n": 61, "harmonic": 5, "phase": 0.16666666666666666, "float_T": 984, "lambda_": -0.13975973368515282, "interval": [-0.13976221116610307, -0.13975725620420257], "current_G": 1181, "gain_over_G": -197, "raw_min_abs_det": 2.2162744471761198e-07}
{"event": "best", "n": 61, "harmonic": 5, "phase": 0.16666666666666666, "float_T": 985, "lambda_": -0.13925885829350776, "interval": [-0.13926157445448423, -0.13925614213253132], "current_G": 1181, "gain_over_G": -196, "raw_min_abs_det": 1.0265598002837106e-06}
{"event": "best", "n": 61, "harmonic": 5, "phase": 0.16666666666666666, "float_T": 986, "lambda_": -0.13869802813065835, "interval": [-0.1387347246745238, -0.13866133158679286], "current_G": 1181, "gain_over_G": -195, "raw_min_abs_det": 6.864780018232819e-06}
{"event": "best", "n": 61, "harmonic": 5, "phase": 0.16666666666666666, "float_T": 987, "lambda_": -0.13866014311219574, "interval": [-0.13866133158679286, -0.1386589546375986], "current_G": 1181, "gain_over_G": -194, "raw_min_abs_det": 5.16744208228781e-07}
{"event": "best", "n": 61, "harmonic": 5, "phase": 0.16666666666666666, "float_T": 988, "lambda_": -0.13710232513821868, "interval": [-0.1371067962977351, -0.13709785397870228], "current_G": 1181, "gain_over_G": -193, "raw_min_abs_det": 3.3965208493316745e-07}
{"event": "best", "n": 61, "harmonic": 5, "phase": 0.16666666666666666, "float_T": 989, "lambda_": -0.13633146537599453, "interval": [-0.13640462419645896, -0.1362583065555301], "current_G": 1181, "gain_over_G": -192, "raw_min_abs_det": 9.005108092812146e-06}
{"event": "best", "n": 61, "harmonic": 5, "phase": 0.16666666666666666, "float_T": 990, "lambda_": -0.13533480317996488, "interval": [-0.13546781892640195, -0.13520178743352784], "current_G": 1181, "gain_over_G": -191, "raw_min_abs_det": 9.144435099613293e-06}
{"event": "best", "n": 61, "harmonic": 5, "phase": 0.16666666666666666, "float_T": 991, "lambda_": -0.1340400333259792, "interval": [-0.134104979125181, -0.13397508752677742], "current_G": 1181, "gain_over_G": -190, "raw_min_abs_det": 7.215293730026065e-06}
{"event": "best", "n": 61, "harmonic": 5, "phase": 0.16666666666666666, "float_T": 992, "lambda_": -0.13319389635595558, "interval": [-0.13324242813670456, -0.13314536457520657], "current_G": 1181, "gain_over_G": -189, "raw_min_abs_det": 9.443720194219705e-06}
{"event": "best", "n": 61, "harmonic": 5, "phase": 0.16666666666666666, "float_T": 993, "lambda_": -0.13255045618609448, "interval": [-0.13256732062955906, -0.1325335917426299], "current_G": 1181, "gain_over_G": -188, "raw_min_abs_det": 8.499306740098952e-07}
{"event": "best", "n": 61, "harmonic": 5, "phase": 0.16666666666666666, "float_T": 994, "lambda_": -0.13160582668972165, "interval": [-0.1317145230932435, -0.13149713028619983], "current_G": 1181, "gain_over_G": -187, "raw_min_abs_det": 1.792561269621084e-06}
{"event": "best", "n": 61, "harmonic": 5, "phase": 0.16666666666666666, "float_T": 995, "lambda_": -0.1311560413268349, "interval": [-0.1312276007361279, -0.13108448191754185], "current_G": 1181, "gain_over_G": -186, "raw_min_abs_det": 7.259213423564323e-06}
{"event": "best", "n": 61, "harmonic": 5, "phase": 0.16666666666666666, "float_T": 996, "lambda_": -0.1309241403610981, "interval": [-0.13094907289308916, -0.13089920782910702], "current_G": 1181, "gain_over_G": -185, "raw_min_abs_det": 5.3189828766453395e-06}
{"event": "best", "n": 61, "harmonic": 5, "phase": 0.16666666666666666, "float_T": 997, "lambda_": -0.13059219217318088, "interval": [-0.13068281897460582, -0.13050156537175595], "current_G": 1181, "gain_over_G": -184, "raw_min_abs_det": 3.5186105025314385e-06}
{"event": "best", "n": 61, "harmonic": 5, "phase": 0.16666666666666666, "float_T": 998, "lambda_": -0.13005742150123079, "interval": [-0.13028325689576056, -0.12983158610670104], "current_G": 1181, "gain_over_G": -183, "raw_min_abs_det": 8.208220175522345e-06}
{"event": "best", "n": 61, "harmonic": 5, "phase": 0.16666666666666666, "float_T": 999, "lambda_": -0.12944954059476385, "interval": [-0.1295126577835513, -0.1293864234059764], "current_G": 1181, "gain_over_G": -182, "raw_min_abs_det": 8.566958145243375e-06}
{"event": "best", "n": 61, "harmonic": 5, "phase": 0.16666666666666666, "float_T": 1000, "lambda_": -0.12905029232294163, "interval": [-0.1293098561636689, -0.12879072848221434], "current_G": 1181, "gain_over_G": -181, "raw_min_abs_det": 7.768427636922954e-06}
{"event": "best", "n": 61, "harmonic": 5, "phase": 0.16666666666666666, "float_T": 1001, "lambda_": -0.1287507696938232, "interval": [-0.1287619142377749, -0.1287396251498715], "current_G": 1181, "gain_over_G": -180, "raw_min_abs_det": 5.086229713426732e-07}
{"event": "best", "n": 61, "harmonic": 5, "phase": 0.16666666666666666, "float_T": 1002, "lambda_": -0.12854165483826457, "interval": [-0.12871252327871657, -0.12837078639781255], "current_G": 1181, "gain_over_G": -179, "raw_min_abs_det": 6.089252440928325e-06}
{"event": "best", "n": 61, "harmonic": 5, "phase": 0.16666666666666666, "float_T": 1003, "lambda_": -0.1276754516657513, "interval": [-0.1276871284585511, -0.12766377487295152], "current_G": 1181, "gain_over_G": -178, "raw_min_abs_det": 2.2531280063084816e-07}
{"event": "best", "n": 61, "harmonic": 5, "phase": 0.16666666666666666, "float_T": 1004, "lambda_": -0.12654353861280915, "interval": [-0.12657982516697433, -0.12650725205864397], "current_G": 1181, "gain_over_G": -177, "raw_min_abs_det": 4.26798592039054e-07}
{"event": "best", "n": 61, "harmonic": 5, "phase": 0.16666666666666666, "float_T": 1005, "lambda_": -0.12641502206668934, "interval": [-0.12650725205864397, -0.1263227920747347], "current_G": 1181, "gain_over_G": -176, "raw_min_abs_det": 1.4485118467579342e-06}
{"event": "best", "n": 61, "harmonic": 5, "phase": 0.16666666666666666, "float_T": 1006, "lambda_": -0.1262111231505909, "interval": [-0.12621290798965648, -0.1262093383115253], "current_G": 1181, "gain_over_G": -175, "raw_min_abs_det": 1.966176331608116e-07}
{"event": "best", "n": 61, "harmonic": 5, "phase": 0.16666666666666666, "float_T": 1007, "lambda_": -0.125750674100214, "interval": [-0.12578155908721717, -0.12571978911321086], "current_G": 1181, "gain_over_G": -174, "raw_min_abs_det": 1.8375963975372344e-07}
{"event": "best", "n": 61, "harmonic": 5, "phase": 0.16666666666666666, "float_T": 1008, "lambda_": -0.12523703302257894, "interval": [-0.12530782232962767, -0.12516624371553017], "current_G": 1181, "gain_over_G": -173, "raw_min_abs_det": 1.4158463625476994e-07}
{"event": "best", "n": 61, "harmonic": 5, "phase": 0.16666666666666666, "float_T": 1009, "lambda_": -0.12497987968787053, "interval": [-0.12516624371553017, -0.12479351566021088], "current_G": 1181, "gain_over_G": -172, "raw_min_abs_det": 3.7274390959912565e-07}
{"event": "best", "n": 61, "harmonic": 5, "phase": 0.16666666666666666, "float_T": 1010, "lambda_": -0.12370841477532372, "interval": [-0.12370878245837463, -0.12370804709227282], "current_G": 1181, "gain_over_G": -171, "raw_min_abs_det": 7.769867240228767e-08}
{"event": "best", "n": 61, "harmonic": 5, "phase": 0.16666666666666666, "float_T": 1011, "lambda_": -0.12255060106696347, "interval": [-0.12264039285236102, -0.12246080928156594], "current_G": 1181, "gain_over_G": -170, "raw_min_abs_det": 5.231507813951335e-06}
{"event": "best", "n": 61, "harmonic": 5, "phase": 0.16666666666666666, "float_T": 1012, "lambda_": -0.121836384250858, "interval": [-0.12189149468891053, -0.12178127381280547], "current_G": 1181, "gain_over_G": -169, "raw_min_abs_det": 6.6600022057057996e-06}
{"event": "best", "n": 61, "harmonic": 5, "phase": 0.16666666666666666, "float_T": 1013, "lambda_": -0.11912570902015937, "interval": [-0.11915870348115334, -0.11909271455916538], "current_G": 1181, "gain_over_G": -168, "raw_min_abs_det": 3.990419651682051e-06}
{"event": "best", "n": 61, "harmonic": 5, "phase": 0.16666666666666666, "float_T": 1014, "lambda_": -0.11883248218145143, "interval": [-0.11885377457754369, -0.11881118978535918], "current_G": 1181, "gain_over_G": -167, "raw_min_abs_det": 4.061903315834975e-06}
{"event": "best", "n": 61, "harmonic": 5, "phase": 0.16666666666666666, "float_T": 1015, "lambda_": -0.11765667450511635, "interval": [-0.11766842408665816, -0.11764492492357453], "current_G": 1181, "gain_over_G": -166, "raw_min_abs_det": 5.122931630869437e-07}
{"event": "best", "n": 61, "harmonic": 5, "phase": 0.16666666666666666, "float_T": 1016, "lambda_": -0.11761786989467392, "interval": [-0.11764492492357453, -0.1175908148657733], "current_G": 1181, "gain_over_G": -165, "raw_min_abs_det": 2.2042118544198658e-06}
{"event": "best", "n": 61, "harmonic": 5, "phase": 0.16666666666666666, "float_T": 1017, "lambda_": -0.11687411702241182, "interval": [-0.11690092890389549, -0.11684730514092816], "current_G": 1181, "gain_over_G": -164, "raw_min_abs_det": 4.9582659116132605e-06}
{"event": "best", "n": 61, "harmonic": 5, "phase": 0.16666666666666666, "float_T": 1018, "lambda_": -0.11658685681876642, "interval": [-0.11660180050613121, -0.11657191313140162], "current_G": 1181, "gain_over_G": -163, "raw_min_abs_det": 6.5324312607806245e-06}
{"event": "best", "n": 61, "harmonic": 5, "phase": 0.16666666666666666, "float_T": 1019, "lambda_": -0.11408354822658581, "interval": [-0.11418308173097655, -0.11398401472219508], "current_G": 1181, "gain_over_G": -162, "raw_min_abs_det": 1.2115224756547668e-05}
{"event": "best", "n": 61, "harmonic": 5, "phase": 0.16666666666666666, "float_T": 1020, "lambda_": -0.11323658346472645, "interval": [-0.11327099539622612, -0.11320217153322679], "current_G": 1181, "gain_over_G": -161, "raw_min_abs_det": 7.690853835704697e-06}
{"event": "best", "n": 61, "harmonic": 5, "phase": 0.16666666666666666, "float_T": 1021, "lambda_": -0.11191104021757807, "interval": [-0.11200771249552807, -0.11181436793962807], "current_G": 1181, "gain_over_G": -160, "raw_min_abs_det": 1.2418927494900119e-05}
{"event": "best", "n": 61, "harmonic": 5, "phase": 0.16666666666666666, "float_T": 1022, "lambda_": -0.11022358165047982, "interval": [-0.11025470445898053, -0.1101924588419791], "current_G": 1181, "gain_over_G": -159, "raw_min_abs_det": 7.665855383475438e-07}
{"event": "best", "n": 61, "harmonic": 5, "phase": 0.16666666666666666, "float_T": 1023, "lambda_": -0.11007340075913527, "interval": [-0.1101924588419791, -0.10995434267629142], "current_G": 1181, "gain_over_G": -158, "raw_min_abs_det": 4.46568934635511e-06}
{"event": "best", "n": 61, "harmonic": 5, "phase": 0.16666666666666666, "float_T": 1024, "lambda_": -0.1089270482186303, "interval": [-0.10894051739424844, -0.10891357904301216], "current_G": 1181, "gain_over_G": -157, "raw_min_abs_det": 2.10299376593448e-06}
{"event": "best", "n": 61, "harmonic": 5, "phase": 0.16666666666666666, "float_T": 1025, "lambda_": -0.10826678306507942, "interval": [-0.10845524024959483, -0.10807832588056403], "current_G": 1181, "gain_over_G": -156, "raw_min_abs_det": 1.292837135972612e-05}
{"event": "best", "n": 61, "harmonic": 5, "phase": 0.16666666666666666, "float_T": 1026, "lambda_": -0.10795266349402652, "interval": [-0.10797829447151239, -0.10792703251654064], "current_G": 1181, "gain_over_G": -155, "raw_min_abs_det": 7.581292815979357e-06}
{"event": "best", "n": 61, "harmonic": 5, "phase": 0.16666666666666666, "float_T": 1027, "lambda_": -0.10681174983839939, "interval": [-0.10684708359680642, -0.10677641607999235], "current_G": 1181, "gain_over_G": -154, "raw_min_abs_det": 1.3131775707836374e-05}
{"event": "best", "n": 61, "harmonic": 5, "phase": 0.16666666666666666, "float_T": 1028, "lambda_": -0.10595053382506919, "interval": [-0.10596218925106717, -0.1059388783990712], "current_G": 1181, "gain_over_G": -153, "raw_min_abs_det": 1.673713935950935e-06}
{"event": "best", "n": 61, "harmonic": 5, "phase": 0.16666666666666666, "float_T": 1029, "lambda_": -0.1052204063034542, "interval": [-0.10522467414993932, -0.10521613845696909], "current_G": 1181, "gain_over_G": -152, "raw_min_abs_det": 1.1439446507659212e-06}
{"event": "best", "n": 61, "harmonic": 5, "phase": 0.16666666666666666, "float_T": 1030, "lambda_": -0.10347580100343284, "interval": [-0.10349234086295225, -0.10345926114391343], "current_G": 1181, "gain_over_G": -151, "raw_min_abs_det": 2.1215732160049378e-06}
{"event": "best", "n": 61, "harmonic": 5, "phase": 0.16666666666666666, "float_T": 1031, "lambda_": -0.10236622155065966, "interval": [-0.1023871379180789, -0.10234530518324045], "current_G": 1181, "gain_over_G": -150, "raw_min_abs_det": 9.421134696603606e-06}
{"event": "best", "n": 61, "harmonic": 5, "phase": 0.16666666666666666, "float_T": 1032, "lambda_": -0.10105824025792233, "interval": [-0.10110012735931487, -0.10101635315652979], "current_G": 1181, "gain_over_G": -149, "raw_min_abs_det": 4.7563426275685355e-06}
{"event": "best", "n": 61, "harmonic": 5, "phase": 0.16666666666666666, "float_T": 1033, "lambda_": -0.10037856075819934, "interval": [-0.1003859276153224, -0.1003711939010763], "current_G": 1181, "gain_over_G": -148, "raw_min_abs_det": 1.183638794327417e-06}
{"event": "best", "n": 61, "harmonic": 5, "phase": 0.16666666666666666, "float_T": 1034, "lambda_": -0.1002391188563157, "interval": [-0.10033881084033379, -0.10013942687229763], "current_G": 1181, "gain_over_G": -147, "raw_min_abs_det": 2.9685419770278214e-06}
{"event": "best", "n": 61, "harmonic": 5, "phase": 0.16666666666666666, "float_T": 1035, "lambda_": -0.09985419409145065, "interval": [-0.0998813091737365, -0.09982707900916479], "current_G": 1181, "gain_over_G": -146, "raw_min_abs_det": 4.209108496159783e-06}
{"event": "best", "n": 61, "harmonic": 5, "phase": 0.16666666666666666, "float_T": 1036, "lambda_": -0.09959918048879692, "interval": [-0.09964365147964627, -0.09955470949794756], "current_G": 1181, "gain_over_G": -145, "raw_min_abs_det": 3.6314825628373792e-06}
{"event": "best", "n": 61, "harmonic": 5, "phase": 0.16666666666666666, "float_T": 1037, "lambda_": -0.09815672635358436, "interval": [-0.0982893205148328, -0.0980241321923359], "current_G": 1181, "gain_over_G": -144, "raw_min_abs_det": 1.4341692689474402e-05}
{"event": "best", "n": 61, "harmonic": 5, "phase": 0.16666666666666666, "float_T": 1038, "lambda_": -0.09778827592677239, "interval": [-0.09784384237738507, -0.09773270947615972], "current_G": 1181, "gain_over_G": -143, "raw_min_abs_det": 1.4393199704917367e-05}
{"event": "best", "n": 61, "harmonic": 5, "phase": 0.16666666666666666, "float_T": 1039, "lambda_": -0.09725338545154615, "interval": [-0.09732909048407139, -0.0971776804190209], "current_G": 1181, "gain_over_G": -142, "raw_min_abs_det": 4.835004352061155e-06}
{"event": "best", "n": 61, "harmonic": 5, "phase": 0.16666666666666666, "float_T": 1040, "lambda_": -0.09687654936924242, "interval": [-0.09695181694895012, -0.0968012817895347], "current_G": 1181, "gain_over_G": -141, "raw_min_abs_det": 6.141949580736397e-06}
{"event": "best", "n": 61, "harmonic": 5, "phase": 0.16666666666666666, "float_T": 1041, "lambda_": -0.09556626919236333, "interval": [-0.09564190708763429, -0.09549063129709237], "current_G": 1181, "gain_over_G": -140, "raw_min_abs_det": 1.470382204880729e-05}
{"event": "best", "n": 61, "harmonic": 5, "phase": 0.16666666666666666, "float_T": 1042, "lambda_": -0.0951511780621767, "interval": [-0.09518567893917529, -0.0951166771851781], "current_G": 1181, "gain_over_G": -139, "raw_min_abs_det": 2.3956943204627573e-06}
{"event": "best", "n": 61, "harmonic": 5, "phase": 0.16666666666666666, "float_T": 1043, "lambda_": -0.09464863769330367, "interval": [-0.09471568980070282, -0.09458158558590453], "current_G": 1181, "gain_over_G": -138, "raw_min_abs_det": 8.232547053486222e-06}
{"event": "best", "n": 61, "harmonic": 5, "phase": 0.16666666666666666, "float_T": 1044, "lambda_": -0.09415877046141183, "interval": [-0.09428649144380441, -0.09403104947901925], "current_G": 1181, "gain_over_G": -137, "raw_min_abs_det": 1.2197100076103903e-05}
{"event": "best", "n": 61, "harmonic": 5, "phase": 0.16666666666666666, "float_T": 1045, "lambda_": -0.0931802890997014, "interval": [-0.09323005352329296, -0.09313052467610984], "current_G": 1181, "gain_over_G": -136, "raw_min_abs_det": 4.793234369016713e-06}
{"event": "best", "n": 61, "harmonic": 5, "phase": 0.16666666666666666, "float_T": 1046, "lambda_": -0.09223875428126155, "interval": [-0.09224876467900639, -0.09222874388351672], "current_G": 1181, "gain_over_G": -135, "raw_min_abs_det": 4.2975374916695563e-07}
{"event": "best", "n": 61, "harmonic": 5, "phase": 0.16666666666666666, "float_T": 1047, "lambda_": -0.09218519638262154, "interval": [-0.09222874388351672, -0.09214164888172637], "current_G": 1181, "gain_over_G": -134, "raw_min_abs_det": 2.7290337902491704e-06}
{"event": "best", "n": 61, "harmonic": 5, "phase": 0.16666666666666666, "float_T": 1048, "lambda_": -0.09106758741060858, "interval": [-0.0910720502200722, -0.09106312460114498], "current_G": 1181, "gain_over_G": -133, "raw_min_abs_det": 1.4010777580220762e-07}
{"event": "best", "n": 61, "harmonic": 5, "phase": 0.16666666666666666, "float_T": 1049, "lambda_": -0.09083739405359031, "interval": [-0.09084562388354432, -0.0908291642236363], "current_G": 1181, "gain_over_G": -132, "raw_min_abs_det": 4.1553136153824055e-07}
{"event": "best", "n": 61, "harmonic": 5, "phase": 0.16666666666666666, "float_T": 1050, "lambda_": -0.09042956677331358, "interval": [-0.09063183189991235, -0.09022730164671482], "current_G": 1181, "gain_over_G": -131, "raw_min_abs_det": 1.125422898903849e-05}
{"event": "best", "n": 61, "harmonic": 5, "phase": 0.16666666666666666, "float_T": 1051, "lambda_": -0.0898320401871498, "interval": [-0.08994354395087101, -0.08972053642342857], "current_G": 1181, "gain_over_G": -130, "raw_min_abs_det": 3.5825044736393155e-06}
{"event": "best", "n": 61, "harmonic": 5, "phase": 0.16666666666666666, "float_T": 1052, "lambda_": -0.08914612225642499, "interval": [-0.08929456392357553, -0.08899768058927443], "current_G": 1181, "gain_over_G": -129, "raw_min_abs_det": 1.931827777474542e-06}
{"event": "best", "n": 61, "harmonic": 5, "phase": 0.16666666666666666, "float_T": 1053, "lambda_": -0.08878570039345879, "interval": [-0.08881673089874816, -0.08875466988816942], "current_G": 1181, "gain_over_G": -128, "raw_min_abs_det": 4.309386497902126e-07}
{"event": "best", "n": 61, "harmonic": 5, "phase": 0.16666666666666666, "float_T": 1054, "lambda_": -0.0887072376684854, "interval": [-0.0887202484342148, -0.08869422690275598], "current_G": 1181, "gain_over_G": -127, "raw_min_abs_det": 8.566346799900211e-08}
{"event": "best", "n": 61, "harmonic": 5, "phase": 0.16666666666666666, "float_T": 1056, "lambda_": -0.08868244018232802, "interval": [-0.08869422690275598, -0.08867065346190003], "current_G": 1181, "gain_over_G": -125, "raw_min_abs_det": 7.762706647851478e-08}
{"event": "best", "n": 61, "harmonic": 5, "phase": 0.16666666666666666, "float_T": 1057, "lambda_": -0.08835975803889705, "interval": [-0.08841327133483563, -0.08830624474295846], "current_G": 1181, "gain_over_G": -124, "raw_min_abs_det": 2.202804154765865e-06}
{"event": "best", "n": 61, "harmonic": 5, "phase": 0.16666666666666666, "float_T": 1058, "lambda_": -0.08790665740185125, "interval": [-0.08827398837342006, -0.08753932643028245], "current_G": 1181, "gain_over_G": -123, "raw_min_abs_det": 5.186914407349767e-06}
{"event": "best", "n": 61, "harmonic": 5, "phase": 0.16666666666666666, "float_T": 1059, "lambda_": -0.08509996752007842, "interval": [-0.08516845938727972, -0.08503147565287714], "current_G": 1181, "gain_over_G": -122, "raw_min_abs_det": 1.5123662994703108e-05}
{"event": "best", "n": 61, "harmonic": 5, "phase": 0.16666666666666666, "float_T": 1060, "lambda_": -0.08405257060316229, "interval": [-0.08406772918556861, -0.08403741202075599], "current_G": 1181, "gain_over_G": -121, "raw_min_abs_det": 6.418243308600052e-06}
{"event": "best", "n": 61, "harmonic": 5, "phase": 0.16666666666666666, "float_T": 1061, "lambda_": -0.08381881013922876, "interval": [-0.08383093158764848, -0.08380668869080905], "current_G": 1181, "gain_over_G": -120, "raw_min_abs_det": 2.296304491999912e-06}
{"event": "best", "n": 61, "harmonic": 5, "phase": 0.16666666666666666, "float_T": 1062, "lambda_": -0.0826975955295016, "interval": [-0.08270129965172598, -0.0826938914072772], "current_G": 1181, "gain_over_G": -119, "raw_min_abs_det": 1.575849759923205e-07}
{"event": "best", "n": 61, "harmonic": 5, "phase": 0.16666666666666666, "float_T": 1063, "lambda_": -0.08197116029608786, "interval": [-0.08211149432190251, -0.0818308262702732], "current_G": 1181, "gain_over_G": -118, "raw_min_abs_det": 1.6604331406139607e-05}
{"event": "best", "n": 61, "harmonic": 5, "phase": 0.16666666666666666, "float_T": 1064, "lambda_": -0.08113454015580472, "interval": [-0.08113749224755565, -0.0811315880640538], "current_G": 1181, "gain_over_G": -117, "raw_min_abs_det": 1.2240867581017612e-06}
{"event": "best", "n": 61, "harmonic": 5, "phase": 0.16666666666666666, "float_T": 1065, "lambda_": -0.07919235020754595, "interval": [-0.07936747605635483, -0.07901722435873705], "current_G": 1181, "gain_over_G": -116, "raw_min_abs_det": 1.6992791301225126e-05}
{"event": "best", "n": 61, "harmonic": 5, "phase": 0.16666666666666666, "float_T": 1066, "lambda_": -0.07757886636443531, "interval": [-0.07758862220757039, -0.07756911052130024], "current_G": 1181, "gain_over_G": -115, "raw_min_abs_det": 3.956708411578802e-06}
{"event": "best", "n": 61, "harmonic": 5, "phase": 0.16666666666666666, "float_T": 1067, "lambda_": -0.07660962009295982, "interval": [-0.07679044621956867, -0.07642879396635098], "current_G": 1181, "gain_over_G": -114, "raw_min_abs_det": 1.7353840468810655e-05}
{"event": "best", "n": 61, "harmonic": 5, "phase": 0.16666666666666666, "float_T": 1068, "lambda_": -0.0758837598697057, "interval": [-0.07592720925834887, -0.07584031048106255], "current_G": 1181, "gain_over_G": -113, "raw_min_abs_det": 1.6195776626034414e-05}
{"event": "best", "n": 61, "harmonic": 5, "phase": 0.16666666666666666, "float_T": 1069, "lambda_": -0.07502526779067797, "interval": [-0.0750418530458369, -0.07500868253551907], "current_G": 1181, "gain_over_G": -112, "raw_min_abs_det": 8.334853450892021e-07}
{"event": "best", "n": 61, "harmonic": 5, "phase": 0.16666666666666666, "float_T": 1070, "lambda_": -0.07486158433645572, "interval": [-0.07490325808242015, -0.07481991059049128], "current_G": 1181, "gain_over_G": -111, "raw_min_abs_det": 8.742228024650328e-06}
{"event": "best", "n": 61, "harmonic": 5, "phase": 0.16666666666666666, "float_T": 1071, "lambda_": -0.07361909663780922, "interval": [-0.07362627998181864, -0.0736119132937998], "current_G": 1181, "gain_over_G": -110, "raw_min_abs_det": 2.4961306947061945e-06}
{"event": "best", "n": 61, "harmonic": 5, "phase": 0.16666666666666666, "float_T": 1072, "lambda_": -0.07250131766291934, "interval": [-0.07256461602039004, -0.07243801930544863], "current_G": 1181, "gain_over_G": -109, "raw_min_abs_det": 6.764927379629068e-06}
{"event": "best", "n": 61, "harmonic": 5, "phase": 0.16666666666666666, "float_T": 1073, "lambda_": -0.07200291536902945, "interval": [-0.07223242516437749, -0.07177340557368142], "current_G": 1181, "gain_over_G": -108, "raw_min_abs_det": 1.799782835453441e-05}
{"event": "best", "n": 61, "harmonic": 5, "phase": 0.16666666666666666, "float_T": 1074, "lambda_": -0.07093030980588055, "interval": [-0.0709309416129301, -0.07092967799883099], "current_G": 1181, "gain_over_G": -107, "raw_min_abs_det": 1.3810587764020998e-07}
{"event": "best", "n": 61, "harmonic": 5, "phase": 0.16666666666666666, "float_T": 1075, "lambda_": -0.07006345948238096, "interval": [-0.07023229727969743, -0.06989462168506448], "current_G": 1181, "gain_over_G": -106, "raw_min_abs_det": 1.6809826897120662e-05}
{"event": "best", "n": 61, "harmonic": 5, "phase": 0.16666666666666666, "float_T": 1076, "lambda_": -0.0695599966999835, "interval": [-0.06958392603448628, -0.06953606736548074], "current_G": 1181, "gain_over_G": -105, "raw_min_abs_det": 6.946423902868398e-06}
{"event": "best", "n": 61, "harmonic": 5, "phase": 0.16666666666666666, "float_T": 1077, "lambda_": -0.06952157381728087, "interval": [-0.06953606736548074, -0.069507080269081], "current_G": 1181, "gain_over_G": -104, "raw_min_abs_det": 6.385673425479688e-06}
{"event": "best", "n": 61, "harmonic": 5, "phase": 0.16666666666666666, "float_T": 1078, "lambda_": -0.06778836593899751, "interval": [-0.06782471084517169, -0.06775202103282332], "current_G": 1181, "gain_over_G": -103, "raw_min_abs_det": 9.425486721954812e-06}
{"event": "best", "n": 61, "harmonic": 5, "phase": 0.16666666666666666, "float_T": 1079, "lambda_": -0.06673738840948237, "interval": [-0.06674633421353308, -0.06672844260543165], "current_G": 1181, "gain_over_G": -102, "raw_min_abs_det": 1.1019509597257754e-06}
{"event": "best", "n": 61, "harmonic": 5, "phase": 0.16666666666666666, "float_T": 1080, "lambda_": -0.06593688778778814, "interval": [-0.065969556913541, -0.06590421866203529], "current_G": 1181, "gain_over_G": -101, "raw_min_abs_det": 8.75773382103158e-06}
{"event": "best", "n": 61, "harmonic": 5, "phase": 0.16666666666666666, "float_T": 1081, "lambda_": -0.06581418272745718, "interval": [-0.06586673444979699, -0.06576163100511738], "current_G": 1181, "gain_over_G": -100, "raw_min_abs_det": 6.560400534995001e-06}
{"event": "best", "n": 61, "harmonic": 5, "phase": 0.16666666666666666, "float_T": 1082, "lambda_": -0.06518381708086787, "interval": [-0.06524514770458079, -0.06512248645715496], "current_G": 1181, "gain_over_G": -99, "raw_min_abs_det": 6.569824716826621e-06}
{"event": "best", "n": 61, "harmonic": 5, "phase": 0.16666666666666666, "float_T": 1083, "lambda_": -0.06476616378340111, "interval": [-0.06479099595425529, -0.06474133161254693], "current_G": 1181, "gain_over_G": -98, "raw_min_abs_det": 4.856556556905728e-06}
{"event": "best", "n": 61, "harmonic": 5, "phase": 0.16666666666666666, "float_T": 1084, "lambda_": -0.06381270855481017, "interval": [-0.0638803531280906, -0.06374506398152975], "current_G": 1181, "gain_over_G": -97, "raw_min_abs_det": 1.3848567962527792e-05}
{"event": "best", "n": 61, "harmonic": 5, "phase": 0.16666666666666666, "float_T": 1085, "lambda_": -0.06342091711746814, "interval": [-0.06350309625221019, -0.0633387379827261], "current_G": 1181, "gain_over_G": -96, "raw_min_abs_det": 1.2904320379849193e-05}
{"event": "best", "n": 61, "harmonic": 5, "phase": 0.16666666666666666, "float_T": 1086, "lambda_": -0.06266225707791313, "interval": [-0.06269359936616906, -0.06263091478965721], "current_G": 1181, "gain_over_G": -95, "raw_min_abs_det": 2.3664980732668317e-06}
{"event": "best", "n": 61, "harmonic": 5, "phase": 0.16666666666666666, "float_T": 1087, "lambda_": -0.061933329790030224, "interval": [-0.06194167755976565, -0.0619249820202948], "current_G": 1181, "gain_over_G": -94, "raw_min_abs_det": 5.71223037652141e-07}
{"event": "best", "n": 61, "harmonic": 5, "phase": 0.16666666666666666, "float_T": 1088, "lambda_": -0.06162820816169015, "interval": [-0.06163249609089917, -0.06162392023248114], "current_G": 1181, "gain_over_G": -93, "raw_min_abs_det": 2.598408688127968e-07}
{"event": "best", "n": 61, "harmonic": 5, "phase": 0.16666666666666666, "float_T": 1089, "lambda_": -0.06131895914555967, "interval": [-0.061357750294648204, -0.061280167996471124], "current_G": 1181, "gain_over_G": -92, "raw_min_abs_det": 4.065880551175523e-06}
{"event": "best", "n": 61, "harmonic": 5, "phase": 0.16666666666666666, "float_T": 1090, "lambda_": -0.060753113928353045, "interval": [-0.06076474695112181, -0.06074148090558429], "current_G": 1181, "gain_over_G": -91, "raw_min_abs_det": 9.085686654818764e-07}
{"event": "best", "n": 61, "harmonic": 5, "phase": 0.16666666666666666, "float_T": 1091, "lambda_": -0.060473548808122966, "interval": [-0.060491826806365286, -0.06045527080988065], "current_G": 1181, "gain_over_G": -90, "raw_min_abs_det": 1.4334497853620704e-06}
{"event": "best", "n": 61, "harmonic": 5, "phase": 0.16666666666666666, "float_T": 1092, "lambda_": -0.0598994800113075, "interval": [-0.05991896992854739, -0.05987999009406761], "current_G": 1181, "gain_over_G": -89, "raw_min_abs_det": 6.660555349770857e-07}
{"event": "best", "n": 61, "harmonic": 5, "phase": 0.16666666666666666, "float_T": 1093, "lambda_": -0.059612169327259976, "interval": [-0.05966029831444419, -0.05956404034007575], "current_G": 1181, "gain_over_G": -88, "raw_min_abs_det": 3.7249444385703252e-06}
{"event": "best", "n": 61, "harmonic": 5, "phase": 0.16666666666666666, "float_T": 1094, "lambda_": -0.059209858493707794, "interval": [-0.059260866798523076, -0.05915885018889251], "current_G": 1181, "gain_over_G": -87, "raw_min_abs_det": 1.185506514970059e-06}
{"event": "best", "n": 61, "harmonic": 5, "phase": 0.16666666666666666, "float_T": 1095, "lambda_": -0.05904781185194975, "interval": [-0.05915885018889251, -0.058936773515006986], "current_G": 1181, "gain_over_G": -86, "raw_min_abs_det": 2.364799394453227e-06}
{"event": "best", "n": 61, "harmonic": 5, "phase": 0.16666666666666666, "float_T": 1096, "lambda_": -0.05866215012534616, "interval": [-0.0586887136574187, -0.05863558659327363], "current_G": 1181, "gain_over_G": -85, "raw_min_abs_det": 5.027107533837633e-07}
{"event": "best", "n": 61, "harmonic": 5, "phase": 0.16666666666666666, "float_T": 1098, "lambda_": -0.05828088536934569, "interval": [-0.05833466120925261, -0.05822710952943877], "current_G": 1181, "gain_over_G": -83, "raw_min_abs_det": 3.856575565768872e-07}
{"event": "best", "n": 61, "harmonic": 5, "phase": 0.16666666666666666, "float_T": 1099, "lambda_": -0.057965881171015456, "interval": [-0.05806659869263181, -0.0578651636493991], "current_G": 1181, "gain_over_G": -82, "raw_min_abs_det": 2.427369953892115e-07}
{"event": "best", "n": 61, "harmonic": 5, "phase": 0.16666666666666666, "float_T": 1100, "lambda_": -0.0568543554051226, "interval": [-0.05688001803346716, -0.05682869277677804], "current_G": 1181, "gain_over_G": -81, "raw_min_abs_det": 2.921599822636379e-06}
{"event": "best", "n": 61, "harmonic": 5, "phase": 0.16666666666666666, "float_T": 1101, "lambda_": -0.05625558552645993, "interval": [-0.05640512994588817, -0.05610604110703169], "current_G": 1181, "gain_over_G": -80, "raw_min_abs_det": 4.364681413044914e-06}
{"event": "best", "n": 61, "harmonic": 5, "phase": 0.16666666666666666, "float_T": 1102, "lambda_": -0.05524274054090647, "interval": [-0.05526157905299082, -0.05522390202882212], "current_G": 1181, "gain_over_G": -79, "raw_min_abs_det": 4.545052720487594e-06}
{"event": "best", "n": 61, "harmonic": 5, "phase": 0.16666666666666666, "float_T": 1103, "lambda_": -0.05438226378306314, "interval": [-0.05453608287500605, -0.05422844469112023], "current_G": 1181, "gain_over_G": -78, "raw_min_abs_det": 8.879531303032298e-06}
{"event": "best", "n": 61, "harmonic": 5, "phase": 0.16666666666666666, "float_T": 1104, "lambda_": -0.0527982018964466, "interval": [-0.05283961014391599, -0.05275679364897721], "current_G": 1181, "gain_over_G": -77, "raw_min_abs_det": 9.955948848746829e-06}
{"event": "best", "n": 61, "harmonic": 5, "phase": 0.16666666666666666, "float_T": 1105, "lambda_": -0.051946212448122885, "interval": [-0.05198011726869317, -0.0519123076275526], "current_G": 1181, "gain_over_G": -76, "raw_min_abs_det": 1.4750602911701039e-05}
{"event": "best", "n": 61, "harmonic": 5, "phase": 0.16666666666666666, "float_T": 1106, "lambda_": -0.04980504756496053, "interval": [-0.049828305151232787, -0.04978178997868826], "current_G": 1181, "gain_over_G": -75, "raw_min_abs_det": 4.400275916464913e-06}
{"event": "best", "n": 61, "harmonic": 5, "phase": 0.16666666666666666, "float_T": 1107, "lambda_": -0.04973229930450419, "interval": [-0.04978178997868826, -0.04968280863032013], "current_G": 1181, "gain_over_G": -74, "raw_min_abs_det": 9.363509142885917e-06}
{"event": "best", "n": 61, "harmonic": 5, "phase": 0.16666666666666666, "float_T": 1108, "lambda_": -0.04857143736854953, "interval": [-0.048576229906598, -0.04856664483050108], "current_G": 1181, "gain_over_G": -73, "raw_min_abs_det": 1.1152142735636195e-06}
{"event": "best", "n": 61, "harmonic": 5, "phase": 0.16666666666666666, "float_T": 1109, "lambda_": -0.0470120490871833, "interval": [-0.047070508793252225, -0.04695358938111437], "current_G": 1181, "gain_over_G": -72, "raw_min_abs_det": 5.9713680738999325e-06}
{"event": "best", "n": 61, "harmonic": 5, "phase": 0.16666666666666666, "float_T": 1110, "lambda_": -0.04667732748061715, "interval": [-0.04670658543471208, -0.04664806952652221], "current_G": 1181, "gain_over_G": -71, "raw_min_abs_det": 6.606095779163393e-06}
{"event": "best", "n": 61, "harmonic": 5, "phase": 0.16666666666666666, "float_T": 1111, "lambda_": -0.0460277870265003, "interval": [-0.04604887593040772, -0.046006698122592886], "current_G": 1181, "gain_over_G": -70, "raw_min_abs_det": 9.26101701971202e-06}
{"event": "best", "n": 61, "harmonic": 5, "phase": 0.16666666666666666, "float_T": 1112, "lambda_": -0.044285809007088055, "interval": [-0.044395815319804154, -0.044175802694371956], "current_G": 1181, "gain_over_G": -69, "raw_min_abs_det": 2.187250272462909e-05}
{"event": "best", "n": 61, "harmonic": 5, "phase": 0.16666666666666666, "float_T": 1113, "lambda_": -0.04333446148876971, "interval": [-0.04342902140094333, -0.04323990157659608], "current_G": 1181, "gain_over_G": -68, "raw_min_abs_det": 1.9499169588745036e-05}
{"event": "best", "n": 61, "harmonic": 5, "phase": 0.16666666666666666, "float_T": 1114, "lambda_": -0.04306746291010749, "interval": [-0.04315598656982612, -0.04297893925038886], "current_G": 1181, "gain_over_G": -67, "raw_min_abs_det": 1.0162913631569029e-05}
{"event": "best", "n": 61, "harmonic": 5, "phase": 0.16666666666666666, "float_T": 1115, "lambda_": -0.04199763704463862, "interval": [-0.04199933447046329, -0.04199593961881394], "current_G": 1181, "gain_over_G": -66, "raw_min_abs_det": 3.289762625369175e-07}
{"event": "best", "n": 61, "harmonic": 5, "phase": 0.16666666666666666, "float_T": 1116, "lambda_": -0.04164998932900864, "interval": [-0.04179245114467552, -0.04150752751334175], "current_G": 1181, "gain_over_G": -65, "raw_min_abs_det": 2.224097347397358e-05}
{"event": "best", "n": 61, "harmonic": 5, "phase": 0.16666666666666666, "float_T": 1117, "lambda_": -0.04149548576269549, "interval": [-0.04150752751334175, -0.04148344401204923], "current_G": 1181, "gain_over_G": -64, "raw_min_abs_det": 4.461244827745625e-06}
{"event": "best", "n": 61, "harmonic": 5, "phase": 0.16666666666666666, "float_T": 1118, "lambda_": -0.04015862099489094, "interval": [-0.04025316687585211, -0.04006407511392976], "current_G": 1181, "gain_over_G": -63, "raw_min_abs_det": 1.9862141413777587e-05}
{"event": "best", "n": 61, "harmonic": 5, "phase": 0.16666666666666666, "float_T": 1119, "lambda_": -0.03946721385609624, "interval": [-0.03951115508288186, -0.03942327262931062], "current_G": 1181, "gain_over_G": -62, "raw_min_abs_det": 7.240726509981886e-06}
{"event": "best", "n": 61, "harmonic": 5, "phase": 0.16666666666666666, "float_T": 1120, "lambda_": -0.03844152234465587, "interval": [-0.03844642687774633, -0.03843661781156541], "current_G": 1181, "gain_over_G": -61, "raw_min_abs_det": 7.291761886683498e-07}
{"event": "best", "n": 61, "harmonic": 5, "phase": 0.16666666666666666, "float_T": 1121, "lambda_": -0.038377201726420555, "interval": [-0.03843661781156541, -0.0383177856412757], "current_G": 1181, "gain_over_G": -60, "raw_min_abs_det": 8.8336226328695e-06}
{"event": "best", "n": 61, "harmonic": 5, "phase": 0.16666666666666666, "float_T": 1122, "lambda_": -0.037996877562402415, "interval": [-0.03808317366680897, -0.03791058145799586], "current_G": 1181, "gain_over_G": -59, "raw_min_abs_det": 1.4265001155766902e-05}
{"event": "best", "n": 61, "harmonic": 5, "phase": 0.16666666666666666, "float_T": 1123, "lambda_": -0.037126496450555616, "interval": [-0.037153777591646266, -0.03709921530946496], "current_G": 1181, "gain_over_G": -58, "raw_min_abs_det": 6.651560118725586e-06}
{"event": "best", "n": 61, "harmonic": 5, "phase": 0.16666666666666666, "float_T": 1124, "lambda_": -0.03657937603566112, "interval": [-0.03659280238021865, -0.036565949691103584], "current_G": 1181, "gain_over_G": -57, "raw_min_abs_det": 1.5413686317612696e-06}
{"event": "best", "n": 61, "harmonic": 5, "phase": 0.16666666666666666, "float_T": 1125, "lambda_": -0.03648462831843767, "interval": [-0.036565949691103584, -0.036403306945771756], "current_G": 1181, "gain_over_G": -56, "raw_min_abs_det": 1.0349517478873058e-05}
{"event": "best", "n": 61, "harmonic": 5, "phase": 0.16666666666666666, "float_T": 1126, "lambda_": -0.0358117429406459, "interval": [-0.03581229360699316, -0.03581119227429864], "current_G": 1181, "gain_over_G": -55, "raw_min_abs_det": 5.381098274305843e-08}
{"event": "best", "n": 61, "harmonic": 5, "phase": 0.16666666666666666, "float_T": 1127, "lambda_": -0.03550735470236498, "interval": [-0.035577616749480935, -0.03543709265524901], "current_G": 1181, "gain_over_G": -54, "raw_min_abs_det": 6.05712467135382e-06}
{"event": "best", "n": 61, "harmonic": 5, "phase": 0.16666666666666666, "float_T": 1128, "lambda_": -0.034894432152381236, "interval": [-0.03492158328256168, -0.03486728102220078], "current_G": 1181, "gain_over_G": -53, "raw_min_abs_det": 3.892093453530636e-06}
{"event": "best", "n": 61, "harmonic": 5, "phase": 0.16666666666666666, "float_T": 1129, "lambda_": -0.03446047041234816, "interval": [-0.03451128254034073, -0.034409658284355604], "current_G": 1181, "gain_over_G": -52, "raw_min_abs_det": 3.305184232972949e-06}
{"event": "best", "n": 61, "harmonic": 5, "phase": 0.16666666666666666, "float_T": 1130, "lambda_": -0.03397818589119936, "interval": [-0.033983644958342905, -0.03397272682405582], "current_G": 1181, "gain_over_G": -51, "raw_min_abs_det": 2.7385642515764114e-07}
{"event": "best", "n": 61, "harmonic": 5, "phase": 0.16666666666666666, "float_T": 1131, "lambda_": -0.03385377447066423, "interval": [-0.033855441559759225, -0.033852107381569234], "current_G": 1181, "gain_over_G": -50, "raw_min_abs_det": 1.404108471016012e-07}
{"event": "best", "n": 61, "harmonic": 5, "phase": 0.16666666666666666, "float_T": 1132, "lambda_": -0.033755989494060334, "interval": [-0.033797336715107394, -0.033714642273013275], "current_G": 1181, "gain_over_G": -49, "raw_min_abs_det": 3.284583692576292e-06}
{"event": "best", "n": 61, "harmonic": 5, "phase": 0.16666666666666666, "float_T": 1133, "lambda_": -0.03343406519774654, "interval": [-0.03343997237854327, -0.033428158016949816], "current_G": 1181, "gain_over_G": -48, "raw_min_abs_det": 3.488003139208787e-07}
{"event": "best", "n": 61, "harmonic": 5, "phase": 0.16666666666666666, "float_T": 1134, "lambda_": -0.03314038045212661, "interval": [-0.03316096356477314, -0.03311979733948009], "current_G": 1181, "gain_over_G": -47, "raw_min_abs_det": 5.138480843434748e-07}
{"event": "best", "n": 61, "harmonic": 5, "phase": 0.16666666666666666, "float_T": 1135, "lambda_": -0.03284898604439786, "interval": [-0.03286249967596701, -0.03283547241282871], "current_G": 1181, "gain_over_G": -46, "raw_min_abs_det": 2.0570963820201738e-07}
{"event": "best", "n": 61, "harmonic": 5, "phase": 0.16666666666666666, "float_T": 1136, "lambda_": -0.03282299386954948, "interval": [-0.03283547241282871, -0.032810515326270245], "current_G": 1181, "gain_over_G": -45, "raw_min_abs_det": 2.537040170553454e-07}
{"event": "best", "n": 61, "harmonic": 5, "phase": 0.16666666666666666, "float_T": 1137, "lambda_": -0.03280392888148883, "interval": [-0.032810515326270245, -0.03279734243670741], "current_G": 1181, "gain_over_G": -44, "raw_min_abs_det": 6.413184963954995e-07}
{"event": "best", "n": 61, "harmonic": 5, "phase": 0.16666666666666666, "float_T": 1138, "lambda_": -0.032566104989779715, "interval": [-0.03264480174281589, -0.03248740823674353], "current_G": 1181, "gain_over_G": -43, "raw_min_abs_det": 2.0375996428332796e-07}
{"event": "best", "n": 61, "harmonic": 5, "phase": 0.16666666666666666, "float_T": 1139, "lambda_": -0.032431909206633545, "interval": [-0.03248740823674353, -0.03237641017652356], "current_G": 1181, "gain_over_G": -42, "raw_min_abs_det": 1.436969119649606e-07}
{"event": "best", "n": 61, "harmonic": 5, "phase": 0.16666666666666666, "float_T": 1140, "lambda_": -0.03037726526104944, "interval": [-0.03043917693429619, -0.030315353587802685], "current_G": 1181, "gain_over_G": -41, "raw_min_abs_det": 5.463537449409384e-06}
{"event": "best", "n": 61, "harmonic": 5, "phase": 0.16666666666666666, "float_T": 1141, "lambda_": -0.029061915679388588, "interval": [-0.029115763046942487, -0.02900806831183469], "current_G": 1181, "gain_over_G": -40, "raw_min_abs_det": 8.869212695706465e-06}
{"event": "best", "n": 61, "harmonic": 5, "phase": 0.16666666666666666, "float_T": 1142, "lambda_": -0.027109318762142856, "interval": [-0.02713722790364432, -0.027081409620641397], "current_G": 1181, "gain_over_G": -39, "raw_min_abs_det": 5.434628354563167e-06}
{"event": "best", "n": 61, "harmonic": 5, "phase": 0.16666666666666666, "float_T": 1143, "lambda_": -0.026240922383057988, "interval": [-0.026420632943487118, -0.026061211822628858], "current_G": 1181, "gain_over_G": -38, "raw_min_abs_det": 1.6173268722509762e-05}
{"event": "best", "n": 61, "harmonic": 5, "phase": 0.16666666666666666, "float_T": 1144, "lambda_": -0.024670143085397597, "interval": [-0.02471791951568043, -0.024622366655114764], "current_G": 1181, "gain_over_G": -37, "raw_min_abs_det": 2.007679280243216e-05}
{"event": "best", "n": 61, "harmonic": 5, "phase": 0.16666666666666666, "float_T": 1145, "lambda_": -0.023757952685570335, "interval": [-0.023769542455297457, -0.023746362915843217], "current_G": 1181, "gain_over_G": -36, "raw_min_abs_det": 2.522204002174122e-06}
{"event": "best", "n": 61, "harmonic": 5, "phase": 0.16666666666666666, "float_T": 1146, "lambda_": -0.022329015777559576, "interval": [-0.0223361950214247, -0.022321836533694454], "current_G": 1181, "gain_over_G": -35, "raw_min_abs_det": 1.6316850021350776e-06}
{"event": "best", "n": 61, "harmonic": 5, "phase": 0.16666666666666666, "float_T": 1147, "lambda_": -0.02167040183464228, "interval": [-0.02181209408568125, -0.02152870958360331], "current_G": 1181, "gain_over_G": -34, "raw_min_abs_det": 2.5033992145496377e-05}
{"event": "best", "n": 61, "harmonic": 5, "phase": 0.16666666666666666, "float_T": 1148, "lambda_": -0.020523503276963014, "interval": [-0.02057202196095257, -0.02047498459297346], "current_G": 1181, "gain_over_G": -33, "raw_min_abs_det": 9.870238580551513e-06}
{"event": "best", "n": 61, "harmonic": 5, "phase": 0.16666666666666666, "float_T": 1149, "lambda_": -0.019831082550087795, "interval": [-0.01988014224640737, -0.019782022853768223], "current_G": 1181, "gain_over_G": -32, "raw_min_abs_det": 1.1865101975627387e-05}
{"event": "best", "n": 61, "harmonic": 5, "phase": 0.16666666666666666, "float_T": 1150, "lambda_": -0.018803002230350398, "interval": [-0.018827982054587192, -0.0187780224061136], "current_G": 1181, "gain_over_G": -31, "raw_min_abs_det": 6.1542563430262015e-06}
{"event": "best", "n": 61, "harmonic": 5, "phase": 0.16666666666666666, "float_T": 1151, "lambda_": -0.018440144433961487, "interval": [-0.018442165008292044, -0.01843812385963093], "current_G": 1181, "gain_over_G": -30, "raw_min_abs_det": 9.924970782500958e-07}
{"event": "best", "n": 61, "harmonic": 5, "phase": 0.16666666666666666, "float_T": 1152, "lambda_": -0.017490240788335623, "interval": [-0.017527820501814666, -0.017452661074856584], "current_G": 1181, "gain_over_G": -29, "raw_min_abs_det": 1.856414665372605e-05}
{"event": "best", "n": 61, "harmonic": 5, "phase": 0.16666666666666666, "float_T": 1153, "lambda_": -0.016967297068413982, "interval": [-0.01701516627330243, -0.016919427863525537], "current_G": 1181, "gain_over_G": -28, "raw_min_abs_det": 1.1924446597966036e-05}
{"event": "best", "n": 61, "harmonic": 5, "phase": 0.16666666666666666, "float_T": 1154, "lambda_": -0.016218990514336083, "interval": [-0.01623483307453633, -0.016203147954135834], "current_G": 1181, "gain_over_G": -27, "raw_min_abs_det": 3.1838482113712846e-06}
{"event": "best", "n": 61, "harmonic": 5, "phase": 0.16666666666666666, "float_T": 1155, "lambda_": -0.01590138904965478, "interval": [-0.015950072806181877, -0.01585270529312768], "current_G": 1181, "gain_over_G": -26, "raw_min_abs_det": 2.3671022146198352e-05}
{"event": "best", "n": 61, "harmonic": 5, "phase": 0.16666666666666666, "float_T": 1156, "lambda_": -0.015243138603482372, "interval": [-0.015270249937939703, -0.015216027269025042], "current_G": 1181, "gain_over_G": -25, "raw_min_abs_det": 1.2892333731967867e-05}
{"event": "best", "n": 61, "harmonic": 5, "phase": 0.16666666666666666, "float_T": 1157, "lambda_": -0.014859520246671781, "interval": [-0.014885951824872123, -0.01483308866847144], "current_G": 1181, "gain_over_G": -24, "raw_min_abs_det": 6.247241888513583e-06}
{"event": "best", "n": 61, "harmonic": 5, "phase": 0.16666666666666666, "float_T": 1158, "lambda_": -0.014263661552593895, "interval": [-0.01430417023288847, -0.014223152872299319], "current_G": 1181, "gain_over_G": -23, "raw_min_abs_det": 9.221717443362327e-06}
{"event": "best", "n": 61, "harmonic": 5, "phase": 0.16666666666666666, "float_T": 1159, "lambda_": -0.014046602115635517, "interval": [-0.014095003705334773, -0.013998200525936262], "current_G": 1181, "gain_over_G": -22, "raw_min_abs_det": 2.134564170891591e-05}
{"event": "best", "n": 61, "harmonic": 5, "phase": 0.16666666666666666, "float_T": 1160, "lambda_": -0.013563219074194693, "interval": [-0.013588527289548381, -0.013537910858841007], "current_G": 1181, "gain_over_G": -21, "raw_min_abs_det": 1.0570298700162371e-05}
{"event": "best", "n": 61, "harmonic": 5, "phase": 0.16666666666666666, "float_T": 1161, "lambda_": -0.013291983486246958, "interval": [-0.013298703777434777, -0.01328526319505914], "current_G": 1181, "gain_over_G": -20, "raw_min_abs_det": 1.3723274481483756e-06}
{"event": "best", "n": 61, "harmonic": 5, "phase": 0.16666666666666666, "float_T": 1162, "lambda_": -0.01286074467066394, "interval": [-0.012866080380670034, -0.012855408960657845], "current_G": 1181, "gain_over_G": -19, "raw_min_abs_det": 1.013072958685763e-06}
{"event": "best", "n": 61, "harmonic": 5, "phase": 0.16666666666666666, "float_T": 1163, "lambda_": -0.012691325525048276, "interval": [-0.012715143021734083, -0.01266750802836247], "current_G": 1181, "gain_over_G": -18, "raw_min_abs_det": 8.59206970215895e-06}
{"event": "best", "n": 61, "harmonic": 5, "phase": 0.16666666666666666, "float_T": 1164, "lambda_": -0.0123024105881068, "interval": [-0.012340786210548287, -0.012264034965665315], "current_G": 1181, "gain_over_G": -17, "raw_min_abs_det": 1.2596061669568025e-05}
{"event": "best", "n": 61, "harmonic": 5, "phase": 0.16666666666666666, "float_T": 1165, "lambda_": -0.012104840360558547, "interval": [-0.012122684410749042, -0.012086996310368053], "current_G": 1181, "gain_over_G": -16, "raw_min_abs_det": 2.8063214564436577e-06}
{"event": "best", "n": 61, "harmonic": 5, "phase": 0.16666666666666666, "float_T": 1166, "lambda_": -0.011769307604856595, "interval": [-0.011805907077956332, -0.011732708131756859], "current_G": 1181, "gain_over_G": -15, "raw_min_abs_det": 5.111264568703668e-06}
{"event": "best", "n": 61, "harmonic": 5, "phase": 0.16666666666666666, "float_T": 1167, "lambda_": -0.011677163080305534, "interval": [-0.011701495202756422, -0.011652830957854646], "current_G": 1181, "gain_over_G": -14, "raw_min_abs_det": 6.284422949362229e-06}
{"event": "best", "n": 61, "harmonic": 5, "phase": 0.16666666666666666, "float_T": 1168, "lambda_": -0.01140197669135001, "interval": [-0.011431611667832053, -0.011372341714867966], "current_G": 1181, "gain_over_G": -13, "raw_min_abs_det": 4.6058727770875545e-06}
{"event": "best", "n": 61, "harmonic": 5, "phase": 0.16666666666666666, "float_T": 1169, "lambda_": -0.01125278184873683, "interval": [-0.011269980596452399, -0.011235583101021265], "current_G": 1181, "gain_over_G": -12, "raw_min_abs_det": 1.7817673097283038e-06}
{"event": "best", "n": 61, "harmonic": 5, "phase": 0.16666666666666666, "float_T": 1170, "lambda_": -0.011014169894018697, "interval": [-0.011046914039958715, -0.01098142574807868], "current_G": 1181, "gain_over_G": -11, "raw_min_abs_det": 2.8136750238193405e-06}
{"event": "best", "n": 61, "harmonic": 5, "phase": 0.16666666666666666, "float_T": 1171, "lambda_": -0.010967577643772701, "interval": [-0.01098142574807868, -0.01095372953946672], "current_G": 1181, "gain_over_G": -10, "raw_min_abs_det": 2.1061227299281997e-06}
{"event": "best", "n": 61, "harmonic": 5, "phase": 0.16666666666666666, "float_T": 1172, "lambda_": -0.010784986750334458, "interval": [-0.010798000249607222, -0.010771973251061693], "current_G": 1181, "gain_over_G": -9, "raw_min_abs_det": 1.5542638335933924e-06}
{"event": "best", "n": 61, "harmonic": 5, "phase": 0.16666666666666666, "float_T": 1173, "lambda_": -0.010659199999094838, "interval": [-0.010682870047609955, -0.01063552995057972], "current_G": 1181, "gain_over_G": -8, "raw_min_abs_det": 1.2602260847616956e-06}
{"event": "best", "n": 61, "harmonic": 5, "phase": 0.16666666666666666, "float_T": 1174, "lambda_": -0.01053146525625509, "interval": [-0.01053956205913542, -0.010523368453374763], "current_G": 1181, "gain_over_G": -7, "raw_min_abs_det": 3.1545569355615833e-07}
{"event": "best", "n": 61, "harmonic": 5, "phase": 0.16666666666666666, "float_T": 1175, "lambda_": -0.010457264441283698, "interval": [-0.010508563597189125, -0.01040596528537827], "current_G": 1181, "gain_over_G": -6, "raw_min_abs_det": 1.6375454894501575e-06}
{"event": "best", "n": 61, "harmonic": 5, "phase": 0.16666666666666666, "float_T": 1176, "lambda_": -0.010366709904147117, "interval": [-0.010400880412449423, -0.010332539395844808], "current_G": 1181, "gain_over_G": -5, "raw_min_abs_det": 5.519380508954531e-07}
{"event": "best", "n": 61, "harmonic": 5, "phase": 0.16666666666666666, "float_T": 1177, "lambda_": -0.010291656948484456, "interval": [-0.010326262332064524, -0.010257051564904387], "current_G": 1181, "gain_over_G": -4, "raw_min_abs_det": 2.8303818823757635e-07}
{"event": "best", "n": 61, "harmonic": 5, "phase": 0.16666666666666666, "float_T": 1178, "lambda_": -0.010256165946250421, "interval": [-0.010257051564904387, -0.010255280327596455], "current_G": 1181, "gain_over_G": -3, "raw_min_abs_det": 7.243494316643917e-09}
{"event": "best", "n": 61, "harmonic": 5, "phase": 0.16666666666666666, "float_T": 1180, "lambda_": -0.0002707197627040926, "interval": [-0.010255280327596455, 0.00971384080218827], "current_G": 1181, "gain_over_G": -1, "raw_min_abs_det": 2.802553096522567e-05}
{"event": "finish", "n": 61, "harmonic": 5, "phase": 0.16666666666666666, "current_G": 1181, "best_float": 1180, "walls": 29355, "events": 29355, "wins": [], "seconds": 8.62280559539795, "scope": "Finite floating wall sweep plus exact rational point replays for improvements; no exact harmonic or universal theorem"}
